name,price,rating,sale_count
"<span class=""su-styled-text primary default"">Shop on eBay</span>","<span class=""su-styled-text primary bold large-1 s-card__price"">$20.00</span> <span class=""su-styled-text secondary large"">or Best Offer</span>",,"<span class=""su-styled-text primary default"">Shop on eBay</span> <span class=""su-styled-text secondary default"">Brand New</span> <span class=""su-styled-text primary bold large-1 s-card__price"">$20.00</span> <span class=""su-styled-text secondary large"">or Best Offer</span>"
"<span class=""su-styled-text primary default"">Shop on eBay</span>","<span class=""su-styled-text primary bold large-1 s-card__price"">$20.00</span> <span class=""su-styled-text secondary large"">or Best Offer</span>",,"<span class=""su-styled-text primary default"">Shop on eBay</span> <span class=""su-styled-text secondary default"">Brand New</span> <span class=""su-styled-text primary bold large-1 s-card__price"">$20.00</span> <span class=""su-styled-text secondary large"">or Best Offer</span>"
"<span class=""su-styled-text primary default"">HP Chromebook 11 G7 11.6"" Intel 2.60 GHz 4 GB RAM 32 GB eMMC Bluetooth Webcam SD</span>","<span class=""su-styled-text primary bold large-1 s-card__price"">$75.99</span> <span class=""su-styled-text secondary strikethrough large"">$94.99</span> <span class=""su-styled-text secondary large"">Buy It Now</span> <span class=""su-styled-text secondary large"">+$134.53 delivery</span> <span class=""su-styled-text secondary large"">Located in United States</span> <span class=""su-styled-text primary bold large"">1,064+ sold</span> <span class=""su-styled-text negative bold large"">$5 off $50+ with coupon</span>",,"<span class=""su-styled-text primary default"">HP Chromebook 11 G7 11.6"" Intel 2.60 GHz 4 GB RAM 32 GB eMMC Bluetooth Webcam SD</span> <span class=""su-styled-text secondary default"">💸 Tax Refund Upgrade Sale 💻 1-Year Warranty ✅</span> <span class=""su-styled-text secondary default"">Very Good - Refurbished</span> <span class=""su-styled-text primary bold large-1 s-card__price"">$75.99</span> <span class=""su-styled-text secondary strikethrough large"">$94.99</span> <span class=""su-styled-text secondary large"">Buy It Now</span> <span class=""su-styled-text secondary large"">+$134.53 delivery</span> <span class=""su-styled-text secondary large"">Located in United States</span> <span class=""su-styled-text primary bold large"">1,064+ sold</span> <span class=""su-styled-text negative bold large"">$5 off $50+ with coupon</span> <span class=""su-styled-text primary large"">jetpaltd </span> <span class=""su-styled-text primary large"">99.6% positive (4.2K)</span> <span class=""su-styled-text default"">eBay Refurbished</span>"
"<span class=""su-styled-text primary default"">Dell Latitude 5500 Core i5-8265U 1.60 GHz 8 GB DDR4 512 GB NVMe Windows 11 Pro</span>","<span class=""su-styled-text primary bold large-1 s-card__price"">$189.99</span> <span class=""su-styled-text secondary large"">Buy It Now</span> <span class=""su-styled-text secondary large"">+$250.00 delivery</span> <span class=""su-styled-text secondary large"">Located in United States</span>",,"<span class=""su-styled-text primary default"">Dell Latitude 5500 Core i5-8265U 1.60 GHz 8 GB DDR4 512 GB NVMe Windows 11 Pro</span> <span class=""su-styled-text secondary default"">Pre-Owned · </span> <span class=""su-styled-text secondary default"">Dell</span> <span class=""su-styled-text primary bold large-1 s-card__price"">$189.99</span> <span class=""su-styled-text secondary large"">Buy It Now</span> <span class=""su-styled-text secondary large"">+$250.00 delivery</span> <span class=""su-styled-text secondary large"">Located in United States</span> <span class=""su-styled-text primary large"">harddrivesonly </span> <span class=""su-styled-text primary large"">99.8% positive (32.3K)</span>"
"<span class=""su-styled-text primary default"">Dell Latitude 5420 Core i5-1135G7 2.40 GHz 16 GB DDR4 512 GB NVMe Windows 11 Pro</span>","<span class=""su-styled-text primary bold large-1 s-card__price"">$224.99</span> <span class=""su-styled-text secondary large"">Buy It Now</span> <span class=""su-styled-text secondary large"">+$250.00 delivery</span> <span class=""su-styled-text secondary large"">Located in United States</span>",,"<span class=""su-styled-text primary default"">Dell Latitude 5420 Core i5-1135G7 2.40 GHz 16 GB DDR4 512 GB NVMe Windows 11 Pro</span> <span class=""su-styled-text secondary default"">Pre-Owned · </span> <span class=""su-styled-text secondary default"">Dell</span> <span class=""su-styled-text primary bold large-1 s-card__price"">$224.99</span> <span class=""su-styled-text secondary large"">Buy It Now</span> <span class=""su-styled-text secondary large"">+$250.00 delivery</span> <span class=""su-styled-text secondary large"">Located in United States</span> <span class=""su-styled-text primary large"">harddrivesonly </span> <span class=""su-styled-text primary large"">99.8% positive (32.3K)</span>"
"<span class=""su-styled-text primary default"">Lenovo ThinkPad L15 Gen 4 Core i3-1315U 1.20 GHz 8 GB DDR4 256 GB NVMe Windows</span>","<span class=""su-styled-text primary bold large-1 s-card__price"">$249.99</span> <span class=""su-styled-text secondary large"">Buy It Now</span> <span class=""su-styled-text secondary large"">+$250.00 delivery</span> <span class=""su-styled-text secondary large"">Located in United States</span>",,"<span class=""su-styled-text primary default"">Lenovo ThinkPad L15 Gen 4 Core i3-1315U 1.20 GHz 8 GB DDR4 256 GB NVMe Windows</span> <span class=""su-styled-text secondary default"">Pre-Owned · </span> <span class=""su-styled-text secondary default"">Lenovo</span> <span class=""su-styled-text primary bold large-1 s-card__price"">$249.99</span> <span class=""su-styled-text secondary large"">Buy It Now</span> <span class=""su-styled-text secondary large"">+$250.00 delivery</span> <span class=""su-styled-text secondary large"">Located in United States</span> <span class=""su-styled-text primary large"">harddrivesonly </span> <span class=""su-styled-text primary large"">99.8% positive (32.3K)</span>"
"<span class=""su-styled-text primary default"">NEW Lenovo IdeaPad Pro 5i Touch Laptop Ultra 9 285H RTX 5050 32GB 1TB 83JM0019US</span>","<span class=""su-styled-text primary bold large-1 s-card__price"">$680.68</span> <span class=""su-styled-text secondary large"">Buy It Now</span> <span class=""su-styled-text secondary large"">Free International Shipping</span> <span class=""su-styled-text secondary large"">Located in Australia</span> <span class=""su-styled-text primary bold large"">18 watchers</span>",,"<span class=""su-styled-text primary default"">NEW Lenovo IdeaPad Pro 5i Touch Laptop Ultra 9 285H RTX 5050 32GB 1TB 83JM0019US</span> <span class=""su-styled-text secondary default"">Brand New · </span> <span class=""su-styled-text secondary default"">Lenovo · </span> <span class=""su-styled-text secondary default"">1 TB</span> <span class=""su-styled-text primary bold large-1 s-card__price"">$680.68</span> <span class=""su-styled-text secondary large"">Buy It Now</span> <span class=""su-styled-text secondary large"">Free International Shipping</span> <span class=""su-styled-text secondary large"">Located in Australia</span> <span class=""su-styled-text primary bold large"">18 watchers</span> <span class=""su-styled-text primary large"">went_2252 </span> <span class=""su-styled-text primary large"">0% positive (0)</span>"
"<span class=""su-styled-text primary default"">2026 Lenovo IdeaPad Laptop Notebook 15.6"" Intel Processor Up to 20GB RAM 1TB SSD</span>","<span class=""su-styled-text primary bold large-1 s-card__price"">$289.00</span> <span class=""su-styled-text primary bold default s-card__price""> to </span> <span class=""su-styled-text primary bold large-1 s-card__price"">$579.00</span> <span class=""su-styled-text secondary large"">Buy It Now</span> <span class=""su-styled-text secondary large"">+$210.17 delivery</span> <span class=""su-styled-text secondary large"">Located in United States</span> <span class=""su-styled-text primary bold large"">32+ watchers</span>",,"<span class=""su-styled-text primary default"">2026 Lenovo IdeaPad Laptop Notebook 15.6"" Intel Processor Up to 20GB RAM 1TB SSD</span> <span class=""su-styled-text secondary default"">✅Free Office 365 ✅8GB|12GB|20GB RAM ✅512GB|1TB SSD</span> <span class=""su-styled-text secondary default"">Brand New</span> <span class=""su-styled-text primary bold large-1 s-card__price"">$289.00</span> <span class=""su-styled-text primary bold default s-card__price""> to </span> <span class=""su-styled-text primary bold large-1 s-card__price"">$579.00</span> <span class=""su-styled-text secondary large"">Buy It Now</span> <span class=""su-styled-text secondary large"">+$210.17 delivery</span> <span class=""su-styled-text secondary large"">Located in United States</span> <span class=""su-styled-text primary bold large"">32+ watchers</span> <span class=""su-styled-text primary large"">hellogoodlife1 </span> <span class=""su-styled-text primary large"">97.9% positive (18.9K)</span>"
"<span class=""su-styled-text primary default"">Dell Touchscreen Chromebook 3100 11"" Celeron 1.1GHz/4GB/32GB P30T001 w/Warranty</span>","<span class=""su-styled-text primary bold large-1 s-card__price"">$55.34</span> <span class=""su-styled-text secondary strikethrough large"">$160.00</span> <span class=""su-styled-text secondary large"">Buy It Now</span> <span class=""su-styled-text secondary large"">+$122.23 delivery</span> <span class=""su-styled-text secondary large"">Located in United States</span> <span class=""su-styled-text primary bold large"">1,108 sold</span>","<div class=""x-star-rating""><!--M_fbd99063#s0-2-54-0-9-8-4-4-0-3-0-4[6]-1-0-1-6-1-7-33-1-1-2-1[1]-0--><svg data-marko-key=""@svg s0-2-54-0-9-8-4-4-0-3-0-4[6]-1-0-1-6-1-7-33-1-1-2-1[1]-0"" class=""icon icon--16"" focusable=""false"" aria-hidden=""true""><defs data-marko-key=""@defs s0-2-54-0-9-8-4-4-0-3-0-4[6]-1-0-1-6-1-7-33-1-1-2-1[1]-0""><symbol viewbox=""0 0 16 16"" id=""icon-star-filled-16""><path d=""M8.596 1.928a.625.625 0 0 0-1.19 0L6.055 6.136H1.62a.625.625 0 0 0-.346 1.146l3.56 2.364-1.366 4.035a.625.625 0 0 0 .953.71L8 11.862l3.578 2.528a.625.625 0 0 0 .953-.71l-1.366-4.036 3.55-2.364a.625.625 0 0 0-.346-1.145H9.955l-1.36-4.207Z""></path></symbol></defs><use href=""#icon-star-filled-16""></use></svg><!--M_fbd99063/--><!--M_fbd99063#s0-2-54-0-9-8-4-4-0-3-0-4[6]-1-0-1-6-1-7-33-1-1-2-1[2]-0--><svg data-marko-key=""@svg s0-2-54-0-9-8-4-4-0-3-0-4[6]-1-0-1-6-1-7-33-1-1-2-1[2]-0"" class=""icon icon--16"" focusable=""false"" aria-hidden=""true""><use href=""#icon-star-filled-16""></use></svg><!--M_fbd99063/--><!--M_fbd99063#s0-2-54-0-9-8-4-4-0-3-0-4[6]-1-0-1-6-1-7-33-1-1-2-1[3]-0--><svg data-marko-key=""@svg s0-2-54-0-9-8-4-4-0-3-0-4[6]-1-0-1-6-1-7-33-1-1-2-1[3]-0"" class=""icon icon--16"" focusable=""false"" aria-hidden=""true""><use href=""#icon-star-filled-16""></use></svg><!--M_fbd99063/--><!--M_fbd99063#s0-2-54-0-9-8-4-4-0-3-0-4[6]-1-0-1-6-1-7-33-1-1-2-1[4]-0--><svg data-marko-key=""@svg s0-2-54-0-9-8-4-4-0-3-0-4[6]-1-0-1-6-1-7-33-1-1-2-1[4]-0"" class=""icon icon--16"" focusable=""false"" aria-hidden=""true""><use href=""#icon-star-filled-16""></use></svg><!--M_fbd99063/--><!--M_fbd99063#s0-2-54-0-9-8-4-4-0-3-0-4[6]-1-0-1-6-1-7-33-1-1-2-2-0--><svg data-marko-key=""@svg s0-2-54-0-9-8-4-4-0-3-0-4[6]-1-0-1-6-1-7-33-1-1-2-2-0"" class=""icon icon--16-colored"" focusable=""false"" aria-hidden=""true""><defs data-marko-key=""@defs s0-2-54-0-9-8-4-4-0-3-0-4[6]-1-0-1-6-1-7-33-1-1-2-2-0""><symbol viewbox=""0 0 16 16"" id=""icon-star-half-16-colored""><path fill=""#707070"" fill-rule=""evenodd"" d=""M8 1.495c.272 0 .512.175.596.433l1.359 4.207h4.415a.625.625 0 0 1 .346 1.145l-3.55 2.364 1.366 4.036a.625.625 0 0 1-.953.71l-3.578-2.528-3.58 2.528a.625.625 0 0 1-.953-.71l1.366-4.035-3.56-2.364a.625.625 0 0 1 .346-1.146h4.435l1.35-4.206A.625.625 0 0 1 8 1.495Zm.003 2.663L6.966 7.385H3.69l2.635 1.75-1.058 3.127L8 10.332l2.731 1.93-1.058-3.126 2.63-1.75H9.045L8.003 4.157Z"" clip-rule=""evenodd""></path><path fill=""#191919"" d=""M7.406 1.929A.625.625 0 0 1 8 1.495v10.367L4.42 14.39a.625.625 0 0 1-.952-.71l1.366-4.035-3.56-2.364a.625.625 0 0 1 .346-1.146h4.435l1.35-4.206Z""></path></symbol></defs><use href=""#icon-star-half-16-colored""></use></svg><!--M_fbd99063/--><span class=""clipped"">4.5 out of 5 stars.</span></div>","<span class=""su-styled-text primary default"">Dell Touchscreen Chromebook 3100 11"" Celeron 1.1GHz/4GB/32GB P30T001 w/Warranty</span> <span class=""su-styled-text secondary default"">Good - Refurbished · </span> <span class=""su-styled-text secondary default"">Dell</span> <span class=""su-styled-text primary bold large-1 s-card__price"">$55.34</span> <span class=""su-styled-text secondary strikethrough large"">$160.00</span> <span class=""su-styled-text secondary large"">Buy It Now</span> <span class=""su-styled-text secondary large"">+$122.23 delivery</span> <span class=""su-styled-text secondary large"">Located in United States</span> <span class=""su-styled-text primary bold large"">1,108 sold</span> <span class=""su-styled-text primary large"">tekdeals </span> <span class=""su-styled-text primary large"">99.9% positive (73.3K)</span> <span class=""su-styled-text default"">eBay Refurbished</span>"
"<span class=""su-styled-text primary default"">HP EliteBook 845 G8 14"" FHD AMD Ryzen 5 PRO 5650U 16GB 256GB SSD W11P Laptop SL</span>","<span class=""su-styled-text primary bold large-1 s-card__price"">$278.00</span> <span class=""su-styled-text secondary large"">Buy It Now</span> <span class=""su-styled-text secondary large"">+$188.55 delivery</span> <span class=""su-styled-text secondary large"">Located in United States</span> <span class=""su-styled-text primary bold large"">45 sold</span>",,"<span class=""su-styled-text primary default"">HP EliteBook 845 G8 14"" FHD AMD Ryzen 5 PRO 5650U 16GB 256GB SSD W11P Laptop SL</span> <span class=""su-styled-text secondary default"">Certified - Refurbished · </span> <span class=""su-styled-text secondary default"">HP</span> <span class=""su-styled-text primary bold large-1 s-card__price"">$278.00</span> <span class=""su-styled-text secondary large"">Buy It Now</span> <span class=""su-styled-text secondary large"">+$188.55 delivery</span> <span class=""su-styled-text secondary large"">Located in United States</span> <span class=""su-styled-text primary bold large"">45 sold</span> <span class=""su-styled-text primary large"">prycedin </span> <span class=""su-styled-text primary large"">99.4% positive (78.9K)</span> <span class=""su-styled-text default"">eBay Refurbished</span>"
"<span class=""su-styled-text primary default"">Dell Inspiron 15 5565 Laptop AMD A12-9700P, 2.50GHz, 1TB SSD, 12GB RAM, Win 10</span>","<span class=""su-styled-text primary bold large-1 s-card__price"">$155.00</span> <span class=""su-styled-text secondary large"">or Best Offer</span> <span class=""su-styled-text secondary large"">Free International Shipping</span> <span class=""su-styled-text secondary large"">Located in United States</span>",,"<span class=""su-styled-text primary default"">Dell Inspiron 15 5565 Laptop AMD A12-9700P, 2.50GHz, 1TB SSD, 12GB RAM, Win 10</span> <span class=""su-styled-text secondary default"">Pre-Owned · </span> <span class=""su-styled-text secondary default"">Dell · </span> <span class=""su-styled-text secondary default"">12 GB</span> <span class=""su-styled-text primary bold large-1 s-card__price"">$155.00</span> <span class=""su-styled-text secondary large"">or Best Offer</span> <span class=""su-styled-text secondary large"">Free International Shipping</span> <span class=""su-styled-text secondary large"">Located in United States</span> <span class=""su-styled-text primary large"">benbruene </span> <span class=""su-styled-text primary large"">100% positive (49)</span>"
"<span class=""su-styled-text primary default"">Panasonic Let's Note SZ6 CF-SZ6 i5-7300U 8GB RAM 256GB SSD Laptop touch w/ AC</span>","<span class=""su-styled-text primary bold large-1 s-card__price"">$131.99</span> <span class=""su-styled-text secondary large"">or Best Offer</span> <span class=""su-styled-text secondary large"">Free International Shipping</span> <span class=""su-styled-text secondary large"">Located in Japan</span> <span class=""su-styled-text secondary large"">Free returns</span> <span class=""su-styled-text negative bold large"">Almost gone</span> <span class=""su-styled-text primary bold large"">88 sold</span>",,"<span class=""su-styled-text primary default"">Panasonic Let's Note SZ6 CF-SZ6 i5-7300U 8GB RAM 256GB SSD Laptop touch w/ AC</span> <span class=""su-styled-text secondary default"">Pre-Owned · </span> <span class=""su-styled-text secondary default"">Panasonic · </span> <span class=""su-styled-text secondary default"">256 GB</span> <span class=""su-styled-text primary bold large-1 s-card__price"">$131.99</span> <span class=""su-styled-text secondary large"">or Best Offer</span> <span class=""su-styled-text secondary large"">Free International Shipping</span> <span class=""su-styled-text secondary large"">Located in Japan</span> <span class=""su-styled-text secondary large"">Free returns</span> <span class=""su-styled-text negative bold large"">Almost gone</span> <span class=""su-styled-text primary bold large"">88 sold</span> <span class=""su-styled-text primary large"">nakanoyama-jpshop </span> <span class=""su-styled-text primary large"">99% positive (2.6K)</span>"
"<span class=""su-styled-text primary bold default"">DELL Latitude Laptop: Intel i5! 16GB RAM! 256GB SSD! Zorin Core Edition!</span>","<span class=""su-styled-text primary bold large-1 s-card__price"">$143.00</span> <span class=""su-styled-text secondary strikethrough large"">$243.00</span> <span class=""su-styled-text secondary large"">or Best Offer</span> <span class=""su-styled-text secondary large"">+$157.50 delivery</span> <span class=""su-styled-text secondary large"">Located in United States</span> <span class=""su-styled-text primary bold large"">Last one</span> <span class=""su-styled-text primary bold large"">671 sold</span>",,"<span class=""su-styled-text primary bold default"">DELL Latitude Laptop: Intel i5! 16GB RAM! 256GB SSD! Zorin Core Edition!</span> <span class=""su-styled-text secondary default"">Stop Planned Obsolescence w Zorin OS! 1 Year Warranty!</span> <span class=""su-styled-text secondary default"">Good - Refurbished · </span> <span class=""su-styled-text secondary default"">Dell</span> <span class=""su-styled-text primary bold large-1 s-card__price"">$143.00</span> <span class=""su-styled-text secondary strikethrough large"">$243.00</span> <span class=""su-styled-text secondary large"">or Best Offer</span> <span class=""su-styled-text secondary large"">+$157.50 delivery</span> <span class=""su-styled-text secondary large"">Located in United States</span> <span class=""su-styled-text primary bold large"">Last one</span> <span class=""su-styled-text primary bold large"">671 sold</span> <span class=""su-styled-text primary large"">rinuvo </span> <span class=""su-styled-text primary large"">99.7% positive (12.1K)</span> <span class=""su-styled-text default"">eBay Refurbished</span>"
"<span class=""su-styled-text primary default"">Panasonic let's note CF-SV7RDCVS Intel Core i5 8350U 1.70GHz RAM 8GB SSD 256GB</span>","<span class=""su-styled-text primary bold large-1 s-card__price"">$120.77</span> <span class=""su-styled-text secondary large"">Buy It Now</span> <span class=""su-styled-text secondary large"">Free International Shipping</span> <span class=""su-styled-text secondary large"">Located in Japan</span> <span class=""su-styled-text secondary large"">Free returns</span> <span class=""su-styled-text negative bold large"">Last one</span> <span class=""su-styled-text primary bold large"">8 sold</span>",,"<span class=""su-styled-text primary default"">Panasonic let's note CF-SV7RDCVS Intel Core i5 8350U 1.70GHz RAM 8GB SSD 256GB</span> <span class=""su-styled-text secondary default"">Pre-Owned · </span> <span class=""su-styled-text secondary default"">Panasonic</span> <span class=""su-styled-text primary bold large-1 s-card__price"">$120.77</span> <span class=""su-styled-text secondary large"">Buy It Now</span> <span class=""su-styled-text secondary large"">Free International Shipping</span> <span class=""su-styled-text secondary large"">Located in Japan</span> <span class=""su-styled-text secondary large"">Free returns</span> <span class=""su-styled-text negative bold large"">Last one</span> <span class=""su-styled-text primary bold large"">8 sold</span> <span class=""su-styled-text primary large"">yorozu_japan </span> <span class=""su-styled-text primary large"">99.6% positive (7K)</span>"
"<span class=""su-styled-text primary default"">Dell 15.6"" Light Gaming Laptop Intel Core i7 4.20 GHz 64GB RAM 2TB SSD Win11 Pro</span>","<span class=""su-styled-text primary bold large-1 s-card__price"">$279.99</span> <span class=""su-styled-text primary bold default s-card__price""> to </span> <span class=""su-styled-text primary bold large-1 s-card__price"">$917.00</span> <span class=""su-styled-text secondary large"">Buy It Now</span> <span class=""su-styled-text secondary large"">+$193.61 delivery</span> <span class=""su-styled-text secondary large"">Located in United States</span>",,"<span class=""su-styled-text primary default"">Dell 15.6"" Light Gaming Laptop Intel Core i7 4.20 GHz 64GB RAM 2TB SSD Win11 Pro</span> <span class=""su-styled-text secondary default"">📦 Fast Shipping ✨ Customize RAM+SSD ⚡️ Plug and Play</span> <span class=""su-styled-text secondary default"">Good - Refurbished</span> <span class=""su-styled-text primary bold large-1 s-card__price"">$279.99</span> <span class=""su-styled-text primary bold default s-card__price""> to </span> <span class=""su-styled-text primary bold large-1 s-card__price"">$917.00</span> <span class=""su-styled-text secondary large"">Buy It Now</span> <span class=""su-styled-text secondary large"">+$193.61 delivery</span> <span class=""su-styled-text secondary large"">Located in United States</span> <span class=""su-styled-text primary large"">aaa_pcs </span> <span class=""su-styled-text primary large"">100% positive (7.3K)</span> <span class=""su-styled-text default"">eBay Refurbished</span>"
"<span class=""su-styled-text primary default"">Dell Latitude 5420 Core i5-1145G7 2.60 GHz 16 GB DDR4 256 GB NVMe Windows 11 Pro</span>","<span class=""su-styled-text primary bold large-1 s-card__price"">$214.99</span> <span class=""su-styled-text secondary large"">Buy It Now</span> <span class=""su-styled-text secondary large"">+$250.00 delivery</span> <span class=""su-styled-text secondary large"">Located in United States</span>",,"<span class=""su-styled-text primary default"">Dell Latitude 5420 Core i5-1145G7 2.60 GHz 16 GB DDR4 256 GB NVMe Windows 11 Pro</span> <span class=""su-styled-text secondary default"">Pre-Owned · </span> <span class=""su-styled-text secondary default"">Dell</span> <span class=""su-styled-text primary bold large-1 s-card__price"">$214.99</span> <span class=""su-styled-text secondary large"">Buy It Now</span> <span class=""su-styled-text secondary large"">+$250.00 delivery</span> <span class=""su-styled-text secondary large"">Located in United States</span> <span class=""su-styled-text primary large"">harddrivesonly </span> <span class=""su-styled-text primary large"">99.8% positive (32.3K)</span>"
"<span class=""su-styled-text primary default"">HP ProBook 430 G8 Core i7-1165G7 2.80 GHz 16 GB DDR4 512 GB NVMe Windows 11 Pro</span>","<span class=""su-styled-text primary bold large-1 s-card__price"">$229.99</span> <span class=""su-styled-text secondary large"">Buy It Now</span> <span class=""su-styled-text secondary large"">+$250.00 delivery</span> <span class=""su-styled-text secondary large"">Located in United States</span>",,"<span class=""su-styled-text primary default"">HP ProBook 430 G8 Core i7-1165G7 2.80 GHz 16 GB DDR4 512 GB NVMe Windows 11 Pro</span> <span class=""su-styled-text secondary default"">Pre-Owned · </span> <span class=""su-styled-text secondary default"">HP</span> <span class=""su-styled-text primary bold large-1 s-card__price"">$229.99</span> <span class=""su-styled-text secondary large"">Buy It Now</span> <span class=""su-styled-text secondary large"">+$250.00 delivery</span> <span class=""su-styled-text secondary large"">Located in United States</span> <span class=""su-styled-text primary large"">harddrivesonly </span> <span class=""su-styled-text primary large"">99.8% positive (32.3K)</span>"
"<span class=""su-styled-text primary default"">Acer CB315-4H-C7A1 15.6"" FHD Celeron N4500 1.1GHz Intel UHD Graphics 4GB RAM...</span>","<span class=""su-styled-text primary bold large-1 s-card__price"">$100.00</span> <span class=""su-styled-text secondary large"">Buy It Now</span> <span class=""su-styled-text secondary large"">+$187.82 delivery</span> <span class=""su-styled-text secondary large"">Located in United States</span>",,"<span class=""su-styled-text primary default"">Acer CB315-4H-C7A1 15.6"" FHD Celeron N4500 1.1GHz Intel UHD Graphics 4GB RAM...</span> <span class=""su-styled-text secondary default"">Open Box · </span> <span class=""su-styled-text secondary default"">Acer · </span> <span class=""su-styled-text secondary default"">128 GB</span> <span class=""su-styled-text primary bold large-1 s-card__price"">$100.00</span> <span class=""su-styled-text secondary large"">Buy It Now</span> <span class=""su-styled-text secondary large"">+$187.82 delivery</span> <span class=""su-styled-text secondary large"">Located in United States</span> <span class=""su-styled-text primary large"">justwhatuwant2buy </span> <span class=""su-styled-text primary large"">100% positive (89)</span>"
"<span class=""su-styled-text primary default"">CHEAP FAST Windows 11 Laptop 15.6+7inch Dual Screen 16GB Ram 1TB SSD Notebooks</span>","<span class=""su-styled-text primary bold large-1 s-card__price"">$425.00</span> <span class=""su-styled-text secondary strikethrough large"">$850.00</span> <span class=""su-styled-text secondary large"">Buy It Now</span> <span class=""su-styled-text secondary large"">+$20.00 delivery</span> <span class=""su-styled-text secondary large"">Located in United States</span> <span class=""su-styled-text primary bold large"">33+ watchers</span>",,"<span class=""su-styled-text primary default"">CHEAP FAST Windows 11 Laptop 15.6+7inch Dual Screen 16GB Ram 1TB SSD Notebooks</span> <span class=""su-styled-text secondary default"">Brand New</span> <span class=""su-styled-text primary bold large-1 s-card__price"">$425.00</span> <span class=""su-styled-text secondary strikethrough large"">$850.00</span> <span class=""su-styled-text secondary large"">Buy It Now</span> <span class=""su-styled-text secondary large"">+$20.00 delivery</span> <span class=""su-styled-text secondary large"">Located in United States</span> <span class=""su-styled-text primary bold large"">33+ watchers</span> <span class=""su-styled-text primary large"">lumos-store </span> <span class=""su-styled-text primary large"">81.8% positive (7)</span>"
"<span class=""su-styled-text primary default"">HP Elitebook 840 G7  i7-10510U 1.8GHz 16 GB RAM 512 GB SSD Laptop</span>","<span class=""su-styled-text primary bold large-1 s-card__price"">$249.99</span> <span class=""su-styled-text secondary large"">or Best Offer</span> <span class=""su-styled-text secondary large"">+$204.74 delivery</span> <span class=""su-styled-text secondary large"">Located in United States</span> <span class=""su-styled-text primary bold large"">374 sold</span>",,"<span class=""su-styled-text primary default"">HP Elitebook 840 G7  i7-10510U 1.8GHz 16 GB RAM 512 GB SSD Laptop</span> <span class=""su-styled-text secondary default"">Pre-Owned · </span> <span class=""su-styled-text secondary default"">HP · </span> <span class=""su-styled-text secondary default"">512 GB</span> <span class=""su-styled-text primary bold large-1 s-card__price"">$249.99</span> <span class=""su-styled-text secondary large"">or Best Offer</span> <span class=""su-styled-text secondary large"">+$204.74 delivery</span> <span class=""su-styled-text secondary large"">Located in United States</span> <span class=""su-styled-text primary bold large"">374 sold</span> <span class=""su-styled-text primary large"">luckywolf29 </span> <span class=""su-styled-text primary large"">99.8% positive (53.1K)</span>"
"<span class=""su-styled-text primary default"">Dell 14"" 7490 8GB DDR4 Ram NEW 256GB SSD Core i5-8350u  Windows 11 pro Laptop</span>","<span class=""su-styled-text primary bold large-1 s-card__price"">$209.99</span> <span class=""su-styled-text secondary large"">Buy It Now</span> <span class=""su-styled-text secondary large"">+$80.00 delivery</span> <span class=""su-styled-text secondary large"">Located in United States</span>","<div class=""x-star-rating""><!--M_fbd99063#s0-2-54-0-9-8-4-4-0-3-0-4[42]-1-0-1-6-1-7-33-1-1-2-1[1]-0--><svg data-marko-key=""@svg s0-2-54-0-9-8-4-4-0-3-0-4[42]-1-0-1-6-1-7-33-1-1-2-1[1]-0"" class=""icon icon--16"" focusable=""false"" aria-hidden=""true""><use href=""#icon-star-filled-16""></use></svg><!--M_fbd99063/--><!--M_fbd99063#s0-2-54-0-9-8-4-4-0-3-0-4[42]-1-0-1-6-1-7-33-1-1-2-1[2]-0--><svg data-marko-key=""@svg s0-2-54-0-9-8-4-4-0-3-0-4[42]-1-0-1-6-1-7-33-1-1-2-1[2]-0"" class=""icon icon--16"" focusable=""false"" aria-hidden=""true""><use href=""#icon-star-filled-16""></use></svg><!--M_fbd99063/--><!--M_fbd99063#s0-2-54-0-9-8-4-4-0-3-0-4[42]-1-0-1-6-1-7-33-1-1-2-1[3]-0--><svg data-marko-key=""@svg s0-2-54-0-9-8-4-4-0-3-0-4[42]-1-0-1-6-1-7-33-1-1-2-1[3]-0"" class=""icon icon--16"" focusable=""false"" aria-hidden=""true""><use href=""#icon-star-filled-16""></use></svg><!--M_fbd99063/--><!--M_fbd99063#s0-2-54-0-9-8-4-4-0-3-0-4[42]-1-0-1-6-1-7-33-1-1-2-1[4]-0--><svg data-marko-key=""@svg s0-2-54-0-9-8-4-4-0-3-0-4[42]-1-0-1-6-1-7-33-1-1-2-1[4]-0"" class=""icon icon--16"" focusable=""false"" aria-hidden=""true""><use href=""#icon-star-filled-16""></use></svg><!--M_fbd99063/--><!--M_fbd99063#s0-2-54-0-9-8-4-4-0-3-0-4[42]-1-0-1-6-1-7-33-1-1-2-1[5]-0--><svg data-marko-key=""@svg s0-2-54-0-9-8-4-4-0-3-0-4[42]-1-0-1-6-1-7-33-1-1-2-1[5]-0"" class=""icon icon--16"" focusable=""false"" aria-hidden=""true""><use href=""#icon-star-filled-16""></use></svg><!--M_fbd99063/--><span class=""clipped"">5.0 out of 5 stars.</span></div>","<span class=""su-styled-text primary default"">Dell 14"" 7490 8GB DDR4 Ram NEW 256GB SSD Core i5-8350u  Windows 11 pro Laptop</span> <span class=""su-styled-text secondary default"">Open Box · </span> <span class=""su-styled-text secondary default"">Dell · </span> <span class=""su-styled-text secondary default"">256 GB</span> <span class=""su-styled-text primary bold large-1 s-card__price"">$209.99</span> <span class=""su-styled-text secondary large"">Buy It Now</span> <span class=""su-styled-text secondary large"">+$80.00 delivery</span> <span class=""su-styled-text secondary large"">Located in United States</span> <span class=""su-styled-text primary large"">tech-mz </span> <span class=""su-styled-text primary large"">99.6% positive (254)</span>"
"<span class=""su-styled-text primary default"">Lenovo ThinkPad T14s 14"" Intel i7 4.8GHz 32GB 512GB SSD Win 11 </span>","<span class=""su-styled-text primary bold large-1 s-card__price"">$364.55</span> <span class=""su-styled-text secondary strikethrough large"">$729.11</span> <span class=""su-styled-text secondary large"">Buy It Now</span> <span class=""su-styled-text secondary large"">+$216.04 delivery</span> <span class=""su-styled-text secondary large"">Located in United States</span> <span class=""su-styled-text primary bold large"">Almost gone</span> <span class=""su-styled-text primary bold large"">19 sold</span>",,"<span class=""su-styled-text primary default"">Lenovo ThinkPad T14s 14"" Intel i7 4.8GHz 32GB 512GB SSD Win 11 </span> <span class=""su-styled-text secondary default"">Good - Refurbished · </span> <span class=""su-styled-text secondary default"">Lenovo</span> <span class=""su-styled-text primary bold large-1 s-card__price"">$364.55</span> <span class=""su-styled-text secondary strikethrough large"">$729.11</span> <span class=""su-styled-text secondary large"">Buy It Now</span> <span class=""su-styled-text secondary large"">+$216.04 delivery</span> <span class=""su-styled-text secondary large"">Located in United States</span> <span class=""su-styled-text primary bold large"">Almost gone</span> <span class=""su-styled-text primary bold large"">19 sold</span> <span class=""su-styled-text primary large"">highland-performance-systems </span> <span class=""su-styled-text primary large"">100% positive (12.6K)</span> <span class=""su-styled-text default"">eBay Refurbished</span>"
"<span class=""su-styled-text primary default"">Panasonic Let's note CF-SV1 Core i5-1145G7 RAM 16GB SSD 256GB WUXGA w/AC Japan</span>","<span class=""su-styled-text primary bold large-1 s-card__price"">$282.14</span> <span class=""su-styled-text secondary strikethrough large"">$296.99</span> <span class=""su-styled-text secondary large"">Buy It Now</span> <span class=""su-styled-text secondary large"">Free International Shipping</span> <span class=""su-styled-text secondary large"">Located in Japan</span> <span class=""su-styled-text secondary large"">Free returns</span> <span class=""su-styled-text negative bold large"">Last one</span> <span class=""su-styled-text primary bold large"">5 watchers</span>",,"<span class=""su-styled-text primary default"">Panasonic Let's note CF-SV1 Core i5-1145G7 RAM 16GB SSD 256GB WUXGA w/AC Japan</span> <span class=""su-styled-text secondary default"">Pre-Owned · </span> <span class=""su-styled-text secondary default"">Panasonic · </span> <span class=""su-styled-text secondary default"">256 GB</span> <span class=""su-styled-text primary bold large-1 s-card__price"">$282.14</span> <span class=""su-styled-text secondary strikethrough large"">$296.99</span> <span class=""su-styled-text secondary large"">Buy It Now</span> <span class=""su-styled-text secondary large"">Free International Shipping</span> <span class=""su-styled-text secondary large"">Located in Japan</span> <span class=""su-styled-text secondary large"">Free returns</span> <span class=""su-styled-text negative bold large"">Last one</span> <span class=""su-styled-text primary bold large"">5 watchers</span> <span class=""su-styled-text primary large"">japan.treasure.collection </span> <span class=""su-styled-text primary large"">100% positive (699)</span>"
"<span class=""su-styled-text primary default"">HP Elitebook 840 G8  i7-11651G7  2.8GHz 16 GB RAM 512 GB SSD Laptop</span>","<span class=""su-styled-text primary bold large-1 s-card__price"">$299.99</span> <span class=""su-styled-text secondary large"">or Best Offer</span> <span class=""su-styled-text secondary large"">+$204.74 delivery</span> <span class=""su-styled-text secondary large"">Located in United States</span> <span class=""su-styled-text primary bold large"">352 sold</span>",,"<span class=""su-styled-text primary default"">HP Elitebook 840 G8  i7-11651G7  2.8GHz 16 GB RAM 512 GB SSD Laptop</span> <span class=""su-styled-text secondary default"">Pre-Owned · </span> <span class=""su-styled-text secondary default"">HP · </span> <span class=""su-styled-text secondary default"">512 GB</span> <span class=""su-styled-text primary bold large-1 s-card__price"">$299.99</span> <span class=""su-styled-text secondary large"">or Best Offer</span> <span class=""su-styled-text secondary large"">+$204.74 delivery</span> <span class=""su-styled-text secondary large"">Located in United States</span> <span class=""su-styled-text primary bold large"">352 sold</span> <span class=""su-styled-text primary large"">luckywolf29 </span> <span class=""su-styled-text primary large"">99.8% positive (53.1K)</span>"
"<span class=""su-styled-text primary default"">Lenovo IdeaPad 1 14"" HD Intel N4500 8GB RAM 256GB Storage Office 365 1TB Cloud</span>","<span class=""su-styled-text primary bold large-1 s-card__price"">$229.00</span> <span class=""su-styled-text secondary strikethrough large"">$379.00</span> <span class=""su-styled-text secondary large"">Buy It Now</span> <span class=""su-styled-text secondary large"">+$177.28 delivery</span> <span class=""su-styled-text secondary large"">Located in United States</span>",,"<span class=""su-styled-text primary default"">Lenovo IdeaPad 1 14"" HD Intel N4500 8GB RAM 256GB Storage Office 365 1TB Cloud</span> <span class=""su-styled-text secondary default"">Brand New · </span> <span class=""su-styled-text secondary default"">Lenovo</span> <span class=""su-styled-text primary bold large-1 s-card__price"">$229.00</span> <span class=""su-styled-text secondary strikethrough large"">$379.00</span> <span class=""su-styled-text secondary large"">Buy It Now</span> <span class=""su-styled-text secondary large"">+$177.28 delivery</span> <span class=""su-styled-text secondary large"">Located in United States</span> <span class=""su-styled-text primary large"">themaxmart </span> <span class=""su-styled-text primary large"">99.6% positive (16.7K)</span> <span class=""su-styled-text default"">Lenovo Authorized Seller</span>"
"<span class=""su-styled-text primary default"">Dell Laptop Latitude 5420 Core i5-11th 16GB Ram 256GB SSD Windows 11 Pro</span>","<span class=""su-styled-text primary bold large-1 s-card__price"">$252.99</span> <span class=""su-styled-text secondary large"">Buy It Now</span> <span class=""su-styled-text secondary large"">+$182.79 delivery</span> <span class=""su-styled-text secondary large"">Located in United States</span> <span class=""su-styled-text primary bold large"">10 watchers</span>","<div class=""x-star-rating""><!--M_fbd99063#s0-2-54-0-9-8-4-4-0-3-0-4[42]-1-0-1-6-1-7-33-1-1-2-1[1]-0--><svg data-marko-key=""@svg s0-2-54-0-9-8-4-4-0-3-0-4[42]-1-0-1-6-1-7-33-1-1-2-1[1]-0"" class=""icon icon--16"" focusable=""false"" aria-hidden=""true""><use href=""#icon-star-filled-16""></use></svg><!--M_fbd99063/--><!--M_fbd99063#s0-2-54-0-9-8-4-4-0-3-0-4[42]-1-0-1-6-1-7-33-1-1-2-1[2]-0--><svg data-marko-key=""@svg s0-2-54-0-9-8-4-4-0-3-0-4[42]-1-0-1-6-1-7-33-1-1-2-1[2]-0"" class=""icon icon--16"" focusable=""false"" aria-hidden=""true""><use href=""#icon-star-filled-16""></use></svg><!--M_fbd99063/--><!--M_fbd99063#s0-2-54-0-9-8-4-4-0-3-0-4[42]-1-0-1-6-1-7-33-1-1-2-1[3]-0--><svg data-marko-key=""@svg s0-2-54-0-9-8-4-4-0-3-0-4[42]-1-0-1-6-1-7-33-1-1-2-1[3]-0"" class=""icon icon--16"" focusable=""false"" aria-hidden=""true""><use href=""#icon-star-filled-16""></use></svg><!--M_fbd99063/--><!--M_fbd99063#s0-2-54-0-9-8-4-4-0-3-0-4[42]-1-0-1-6-1-7-33-1-1-2-1[4]-0--><svg data-marko-key=""@svg s0-2-54-0-9-8-4-4-0-3-0-4[42]-1-0-1-6-1-7-33-1-1-2-1[4]-0"" class=""icon icon--16"" focusable=""false"" aria-hidden=""true""><use href=""#icon-star-filled-16""></use></svg><!--M_fbd99063/--><!--M_fbd99063#s0-2-54-0-9-8-4-4-0-3-0-4[42]-1-0-1-6-1-7-33-1-1-2-2-0--><svg data-marko-key=""@svg s0-2-54-0-9-8-4-4-0-3-0-4[42]-1-0-1-6-1-7-33-1-1-2-2-0"" class=""icon icon--16-colored"" focusable=""false"" aria-hidden=""true""><use href=""#icon-star-half-16-colored""></use></svg><!--M_fbd99063/--><span class=""clipped"">4.5 out of 5 stars.</span></div>","<span class=""su-styled-text primary default"">Dell Laptop Latitude 5420 Core i5-11th 16GB Ram 256GB SSD Windows 11 Pro</span> <span class=""su-styled-text secondary default"">Excellent - Refurbished · </span> <span class=""su-styled-text secondary default"">Dell · </span> <span class=""su-styled-text secondary default"">256 GB</span> <span class=""su-styled-text primary bold large-1 s-card__price"">$252.99</span> <span class=""su-styled-text secondary large"">Buy It Now</span> <span class=""su-styled-text secondary large"">+$182.79 delivery</span> <span class=""su-styled-text secondary large"">Located in United States</span> <span class=""su-styled-text primary bold large"">10 watchers</span> <span class=""su-styled-text primary large"">at.services </span> <span class=""su-styled-text primary large"">99.8% positive (1.5K)</span> <span class=""su-styled-text default"">eBay Refurbished</span>"
"<span class=""su-styled-text primary default"">Dell 15.6"" Touchscreen Laptop Windows 11 Intel Core i5 4.40 GHz 32GB RAM 1TB SSD</span>","<span class=""su-styled-text primary bold large-1 s-card__price"">$279.99</span> <span class=""su-styled-text primary bold default s-card__price""> to </span> <span class=""su-styled-text primary bold large-1 s-card__price"">$605.00</span> <span class=""su-styled-text secondary large"">Buy It Now</span> <span class=""su-styled-text secondary large"">+$197.29 delivery</span> <span class=""su-styled-text secondary large"">Located in United States</span>",,"<span class=""su-styled-text primary default"">Dell 15.6"" Touchscreen Laptop Windows 11 Intel Core i5 4.40 GHz 32GB RAM 1TB SSD</span> <span class=""su-styled-text secondary default"">🚩1920x1080 FHD Touchscreen! Pick your RAM &amp; SSD size🚩</span> <span class=""su-styled-text secondary default"">Good - Refurbished</span> <span class=""su-styled-text primary bold large-1 s-card__price"">$279.99</span> <span class=""su-styled-text primary bold default s-card__price""> to </span> <span class=""su-styled-text primary bold large-1 s-card__price"">$605.00</span> <span class=""su-styled-text secondary large"">Buy It Now</span> <span class=""su-styled-text secondary large"">+$197.29 delivery</span> <span class=""su-styled-text secondary large"">Located in United States</span> <span class=""su-styled-text primary large"">aaa_pcs </span> <span class=""su-styled-text primary large"">100% positive (7.3K)</span> <span class=""su-styled-text default"">eBay Refurbished</span>"
"<span class=""su-styled-text primary default"">NIMO15.6"" Laptop Intel Pentium Quad Core N100 8GB Memory 128GB SSD Fingerprint</span>","<span class=""su-styled-text primary bold large-1 s-card__price"">$149.99</span> <span class=""su-styled-text secondary large"">or Best Offer</span> <span class=""su-styled-text secondary large"">+$159.10 delivery</span> <span class=""su-styled-text secondary large"">Located in United States</span> <span class=""su-styled-text primary bold large"">140 sold</span> <span class=""su-styled-text negative bold large"">Take $5 off your order with coupon</span>",,"<span class=""su-styled-text primary default"">NIMO15.6"" Laptop Intel Pentium Quad Core N100 8GB Memory 128GB SSD Fingerprint</span> <span class=""su-styled-text secondary default"">Open Box · </span> <span class=""su-styled-text secondary default"">128 GB</span> <span class=""su-styled-text primary bold large-1 s-card__price"">$149.99</span> <span class=""su-styled-text secondary large"">or Best Offer</span> <span class=""su-styled-text secondary large"">+$159.10 delivery</span> <span class=""su-styled-text secondary large"">Located in United States</span> <span class=""su-styled-text primary bold large"">140 sold</span> <span class=""su-styled-text negative bold large"">Take $5 off your order with coupon</span> <span class=""su-styled-text primary large"">bestptv </span> <span class=""su-styled-text primary large"">99.3% positive (2.8K)</span>"
"<span class=""su-styled-text primary default"">Dell Latitude 14"" Laptop Computer Intel i5 Up To 32GB RAM 1TB SSD Windows 11 Pro</span>","<span class=""su-styled-text primary bold large-1 s-card__price"">$224.17</span> <span class=""su-styled-text primary bold default s-card__price""> to </span> <span class=""su-styled-text primary bold large-1 s-card__price"">$545.25</span> <span class=""su-styled-text secondary strikethrough large"">$361.23</span> <span class=""su-styled-text secondary large"">Buy It Now</span> <span class=""su-styled-text secondary large"">+$195.23 delivery</span> <span class=""su-styled-text secondary large"">Located in United States</span>",,"<span class=""su-styled-text primary default"">Dell Latitude 14"" Laptop Computer Intel i5 Up To 32GB RAM 1TB SSD Windows 11 Pro</span> <span class=""su-styled-text secondary default"">Genuine Windows 11 OS! Great Condition! Fast Shipping!</span> <span class=""su-styled-text secondary default"">Good - Refurbished</span> <span class=""su-styled-text primary bold large-1 s-card__price"">$224.17</span> <span class=""su-styled-text primary bold default s-card__price""> to </span> <span class=""su-styled-text primary bold large-1 s-card__price"">$545.25</span> <span class=""su-styled-text secondary strikethrough large"">$361.23</span> <span class=""su-styled-text secondary large"">Buy It Now</span> <span class=""su-styled-text secondary large"">+$195.23 delivery</span> <span class=""su-styled-text secondary large"">Located in United States</span> <span class=""su-styled-text primary large"">discountcomputerdepot </span> <span class=""su-styled-text primary large"">99.3% positive (154.7K)</span> <span class=""su-styled-text default"">eBay Refurbished</span>"
"<span class=""su-styled-text primary default"">15.6 Student Laptop Intel Pentium Quad Core N100 8GB RAM 256GB SSD WiFi 6 Win 11</span>","<span class=""su-styled-text primary bold large-1 s-card__price"">$179.99</span> <span class=""su-styled-text secondary large"">or Best Offer</span> <span class=""su-styled-text secondary large"">+$166.00 delivery</span> <span class=""su-styled-text secondary large"">Located in United States</span> <span class=""su-styled-text primary bold large"">44 sold</span> <span class=""su-styled-text negative bold large"">Take $5 off your order with coupon</span>",,"<span class=""su-styled-text primary default"">15.6 Student Laptop Intel Pentium Quad Core N100 8GB RAM 256GB SSD WiFi 6 Win 11</span> <span class=""su-styled-text secondary default"">Open Box · </span> <span class=""su-styled-text secondary default"">256 GB</span> <span class=""su-styled-text primary bold large-1 s-card__price"">$179.99</span> <span class=""su-styled-text secondary large"">or Best Offer</span> <span class=""su-styled-text secondary large"">+$166.00 delivery</span> <span class=""su-styled-text secondary large"">Located in United States</span> <span class=""su-styled-text primary bold large"">44 sold</span> <span class=""su-styled-text negative bold large"">Take $5 off your order with coupon</span> <span class=""su-styled-text primary large"">bestptv </span> <span class=""su-styled-text primary large"">99.3% positive (2.8K)</span>"
"<span class=""su-styled-text primary default"">Shop on eBay</span>","<span class=""su-styled-text primary bold large-1 s-card__price"">$20.00</span> <span class=""su-styled-text secondary large"">or Best Offer</span>",,"<span class=""su-styled-text primary default"">Shop on eBay</span> <span class=""su-styled-text secondary default"">Brand New</span> <span class=""su-styled-text primary bold large-1 s-card__price"">$20.00</span> <span class=""su-styled-text secondary large"">or Best Offer</span>"
"<span class=""su-styled-text primary default"">Elitebook 845 G10 R7-7840U 14"" 16GB 256GB 8Y9U5UC#ABA</span>","<span class=""su-styled-text primary bold large-1 s-card__price"">$399.99</span> <span class=""su-styled-text secondary large"">or Best Offer</span> <span class=""su-styled-text secondary large"">+$276.12 delivery</span> <span class=""su-styled-text secondary large"">Located in United States</span> <span class=""su-styled-text primary bold large"">15 watchers</span>",,"<span class=""su-styled-text primary default"">Elitebook 845 G10 R7-7840U 14"" 16GB 256GB 8Y9U5UC#ABA</span> <span class=""su-styled-text secondary default"">Pre-Owned · </span> <span class=""su-styled-text secondary default"">HP</span> <span class=""su-styled-text primary bold large-1 s-card__price"">$399.99</span> <span class=""su-styled-text secondary large"">or Best Offer</span> <span class=""su-styled-text secondary large"">+$276.12 delivery</span> <span class=""su-styled-text secondary large"">Located in United States</span> <span class=""su-styled-text primary bold large"">15 watchers</span> <span class=""su-styled-text primary large"">kingofalldeals </span> <span class=""su-styled-text primary large"">99.7% positive (18.1K)</span>"
"<span class=""su-styled-text primary default"">Dell Plus 16"" FHD+ Touch Intel Ultra 9 288V 3.3 GHz 32GB 1TB SSD W11H Laptop BL</span>","<span class=""su-styled-text primary bold large-1 s-card__price"">$799.00</span> <span class=""su-styled-text secondary strikethrough large"">$1,149.99</span> <span class=""su-styled-text secondary large"">Buy It Now</span> <span class=""su-styled-text secondary large"">+$331.08 delivery</span> <span class=""su-styled-text secondary large"">Located in United States</span> <span class=""su-styled-text primary bold large"">91 sold</span>",,"<span class=""su-styled-text primary default"">Dell Plus 16"" FHD+ Touch Intel Ultra 9 288V 3.3 GHz 32GB 1TB SSD W11H Laptop BL</span> <span class=""su-styled-text secondary default"">Certified - Refurbished · </span> <span class=""su-styled-text secondary default"">Dell</span> <span class=""su-styled-text primary bold large-1 s-card__price"">$799.00</span> <span class=""su-styled-text secondary strikethrough large"">$1,149.99</span> <span class=""su-styled-text secondary large"">Buy It Now</span> <span class=""su-styled-text secondary large"">+$331.08 delivery</span> <span class=""su-styled-text secondary large"">Located in United States</span> <span class=""su-styled-text primary bold large"">91 sold</span> <span class=""su-styled-text primary large"">prycedin </span> <span class=""su-styled-text primary large"">99.4% positive (78.9K)</span> <span class=""su-styled-text default"">eBay Refurbished</span>"
"<span class=""su-styled-text primary default"">Samsung Galaxy Z Flip 7 - 256 GB - Jetblack (Unlocked)</span>","<span class=""su-styled-text primary bold large-1 s-card__price"">$300.00</span> <span class=""su-styled-text secondary large"">or Best Offer</span> <span class=""su-styled-text secondary large"">+$121.56 delivery</span> <span class=""su-styled-text secondary large"">Located in United States</span>","<div class=""x-star-rating""><!--M_fbd99063#s0-2-54-0-9-8-4-4-0-3-0-4[29]-1-0-1-6-1-7-33-1-1-2-1[1]-0--><svg data-marko-key=""@svg s0-2-54-0-9-8-4-4-0-3-0-4[29]-1-0-1-6-1-7-33-1-1-2-1[1]-0"" class=""icon icon--16"" focusable=""false"" aria-hidden=""true""><use href=""#icon-star-filled-16""></use></svg><!--M_fbd99063/--><!--M_fbd99063#s0-2-54-0-9-8-4-4-0-3-0-4[29]-1-0-1-6-1-7-33-1-1-2-1[2]-0--><svg data-marko-key=""@svg s0-2-54-0-9-8-4-4-0-3-0-4[29]-1-0-1-6-1-7-33-1-1-2-1[2]-0"" class=""icon icon--16"" focusable=""false"" aria-hidden=""true""><use href=""#icon-star-filled-16""></use></svg><!--M_fbd99063/--><!--M_fbd99063#s0-2-54-0-9-8-4-4-0-3-0-4[29]-1-0-1-6-1-7-33-1-1-2-1[3]-0--><svg data-marko-key=""@svg s0-2-54-0-9-8-4-4-0-3-0-4[29]-1-0-1-6-1-7-33-1-1-2-1[3]-0"" class=""icon icon--16"" focusable=""false"" aria-hidden=""true""><use href=""#icon-star-filled-16""></use></svg><!--M_fbd99063/--><!--M_fbd99063#s0-2-54-0-9-8-4-4-0-3-0-4[29]-1-0-1-6-1-7-33-1-1-2-1[4]-0--><svg data-marko-key=""@svg s0-2-54-0-9-8-4-4-0-3-0-4[29]-1-0-1-6-1-7-33-1-1-2-1[4]-0"" class=""icon icon--16"" focusable=""false"" aria-hidden=""true""><use href=""#icon-star-filled-16""></use></svg><!--M_fbd99063/--><!--M_fbd99063#s0-2-54-0-9-8-4-4-0-3-0-4[29]-1-0-1-6-1-7-33-1-1-2-1[5]-0--><svg data-marko-key=""@svg s0-2-54-0-9-8-4-4-0-3-0-4[29]-1-0-1-6-1-7-33-1-1-2-1[5]-0"" class=""icon icon--16"" focusable=""false"" aria-hidden=""true""><use href=""#icon-star-filled-16""></use></svg><!--M_fbd99063/--><span class=""clipped"">5.0 out of 5 stars.</span></div>","<span class=""su-styled-text primary default"">Samsung Galaxy Z Flip 7 - 256 GB - Jetblack (Unlocked)</span> <span class=""su-styled-text secondary default"">Open Box · </span> <span class=""su-styled-text secondary default"">Microsoft</span> <span class=""su-styled-text primary bold large-1 s-card__price"">$300.00</span> <span class=""su-styled-text secondary large"">or Best Offer</span> <span class=""su-styled-text secondary large"">+$121.56 delivery</span> <span class=""su-styled-text secondary large"">Located in United States</span> <span class=""su-styled-text primary large"">jordobaldwi_0 </span> <span class=""su-styled-text primary large"">0% positive (34)</span>"
"<span class=""su-styled-text primary default"">HP ProBook 430 G8 Core i7-1165G7 2.80 GHz 16 GB DDR4 512 GB NVMe Windows 11 Pro</span>","<span class=""su-styled-text primary bold large-1 s-card__price"">$229.99</span> <span class=""su-styled-text secondary large"">Buy It Now</span> <span class=""su-styled-text secondary large"">+$250.00 delivery</span> <span class=""su-styled-text secondary large"">Located in United States</span>",,"<span class=""su-styled-text primary default"">HP ProBook 430 G8 Core i7-1165G7 2.80 GHz 16 GB DDR4 512 GB NVMe Windows 11 Pro</span> <span class=""su-styled-text secondary default"">Pre-Owned · </span> <span class=""su-styled-text secondary default"">HP</span> <span class=""su-styled-text primary bold large-1 s-card__price"">$229.99</span> <span class=""su-styled-text secondary large"">Buy It Now</span> <span class=""su-styled-text secondary large"">+$250.00 delivery</span> <span class=""su-styled-text secondary large"">Located in United States</span> <span class=""su-styled-text primary large"">harddrivesonly </span> <span class=""su-styled-text primary large"">99.8% positive (32.3K)</span>"
"<span class=""su-styled-text primary default"">Asus VivoBook Go 15 E1504GA-WS36  i3-N305 8GB Ram 256GB SSD Laptop!</span>","<span class=""su-styled-text primary bold large-1 s-card__price"">$250.00</span> <span class=""su-styled-text secondary large"">or Best Offer</span> <span class=""su-styled-text secondary large"">+$29.60 delivery</span> <span class=""su-styled-text secondary large"">Located in United States</span>",,"<span class=""su-styled-text primary default"">Asus VivoBook Go 15 E1504GA-WS36  i3-N305 8GB Ram 256GB SSD Laptop!</span> <span class=""su-styled-text secondary default"">Pre-Owned · </span> <span class=""su-styled-text secondary default"">ASUS · </span> <span class=""su-styled-text secondary default"">256 GB</span> <span class=""su-styled-text primary bold large-1 s-card__price"">$250.00</span> <span class=""su-styled-text secondary large"">or Best Offer</span> <span class=""su-styled-text secondary large"">+$29.60 delivery</span> <span class=""su-styled-text secondary large"">Located in United States</span> <span class=""su-styled-text primary large"">techandgadgets-0 </span> <span class=""su-styled-text primary large"">100% positive (60)</span>"
"<span class=""su-styled-text primary default"">15.6"" FHD IPS Business Laptop, Intel Core i3-1215U</span>","<span class=""su-styled-text primary bold large-1 s-card__price"">$269.00</span> <span class=""su-styled-text secondary large"">or Best Offer</span> <span class=""su-styled-text secondary large"">+$246.39 delivery</span> <span class=""su-styled-text secondary large"">Located in United States</span>",,"<span class=""su-styled-text primary default"">15.6"" FHD IPS Business Laptop, Intel Core i3-1215U</span> <span class=""su-styled-text secondary default"">Brand New · </span> <span class=""su-styled-text secondary default"">Intel</span> <span class=""su-styled-text primary bold large-1 s-card__price"">$269.00</span> <span class=""su-styled-text secondary large"">or Best Offer</span> <span class=""su-styled-text secondary large"">+$246.39 delivery</span> <span class=""su-styled-text secondary large"">Located in United States</span> <span class=""su-styled-text primary large"">ipri4217 </span> <span class=""su-styled-text primary large"">100% positive (115)</span>"
"<span class=""su-styled-text primary bold default"">Dell Latitude 3189 11.6"" 2-in-1 Touch Laptop Celeron 4GB 64GB SSD Windows 11 !!</span>","<span class=""su-styled-text primary bold large-1 s-card__price"">$85.00</span> <span class=""su-styled-text secondary large"">Buy It Now</span> <span class=""su-styled-text secondary large"">+$90.00 delivery</span> <span class=""su-styled-text secondary large"">Located in United States</span> <span class=""su-styled-text primary bold large"">224 sold</span> <span class=""su-styled-text negative bold large"">Extra 5% off with coupon</span>",,"<span class=""su-styled-text primary bold default"">Dell Latitude 3189 11.6"" 2-in-1 Touch Laptop Celeron 4GB 64GB SSD Windows 11 !!</span> <span class=""su-styled-text secondary default"">Full Touchscreen  /  Complete with Charger / FAST</span> <span class=""su-styled-text secondary default"">Pre-Owned · </span> <span class=""su-styled-text secondary default"">Dell · </span> <span class=""su-styled-text secondary default"">64 GB</span> <span class=""su-styled-text primary bold large-1 s-card__price"">$85.00</span> <span class=""su-styled-text secondary large"">Buy It Now</span> <span class=""su-styled-text secondary large"">+$90.00 delivery</span> <span class=""su-styled-text secondary large"">Located in United States</span> <span class=""su-styled-text primary bold large"">224 sold</span> <span class=""su-styled-text negative bold large"">Extra 5% off with coupon</span> <span class=""su-styled-text primary large"">jcs_computer_store </span> <span class=""su-styled-text primary large"">98.8% positive (78.1K)</span>"
"<span class=""su-styled-text primary default"">15.6"" Lenovo ThinkPad Laptop: Intel i5! 16GB RAM - 512GB SSD! Webcam! Zorin O.S!</span>","<span class=""su-styled-text primary bold large-1 s-card__price"">$161.53</span> <span class=""su-styled-text secondary strikethrough large"">$261.53</span> <span class=""su-styled-text secondary large"">or Best Offer</span> <span class=""su-styled-text secondary large"">+$161.76 delivery</span> <span class=""su-styled-text secondary large"">Located in United States</span> <span class=""su-styled-text primary bold large"">Almost gone</span> <span class=""su-styled-text primary bold large"">189 sold</span> <span class=""su-styled-text negative bold large"">Save up to 5% when you buy more</span>",,"<span class=""su-styled-text primary default"">15.6"" Lenovo ThinkPad Laptop: Intel i5! 16GB RAM - 512GB SSD! Webcam! Zorin O.S!</span> <span class=""su-styled-text secondary default"">Stop Planned Obsolescence w Zorin OS! 1 Year Warranty!</span> <span class=""su-styled-text secondary default"">Good - Refurbished · </span> <span class=""su-styled-text secondary default"">Lenovo</span> <span class=""su-styled-text primary bold large-1 s-card__price"">$161.53</span> <span class=""su-styled-text secondary strikethrough large"">$261.53</span> <span class=""su-styled-text secondary large"">or Best Offer</span> <span class=""su-styled-text secondary large"">+$161.76 delivery</span> <span class=""su-styled-text secondary large"">Located in United States</span> <span class=""su-styled-text primary bold large"">Almost gone</span> <span class=""su-styled-text primary bold large"">189 sold</span> <span class=""su-styled-text negative bold large"">Save up to 5% when you buy more</span> <span class=""su-styled-text primary large"">rinuvo </span> <span class=""su-styled-text primary large"">99.7% positive (12.1K)</span> <span class=""su-styled-text default"">eBay Refurbished</span>"
"<span class=""su-styled-text primary default"">New HP OMEN MAX 16'' 2K 165Hz 3ms Laptop Ryzen AI 7 H 350 16GB 512GB RTX 5070</span>","<span class=""su-styled-text primary bold large-1 s-card__price"">$1,249.49</span> <span class=""su-styled-text secondary large"">Buy It Now</span> <span class=""su-styled-text secondary large"">+$200.00 delivery</span> <span class=""su-styled-text secondary large"">Located in United States</span> <span class=""su-styled-text secondary large"">Free returns</span> <span class=""su-styled-text primary bold large"">46 watchers</span>",,"<span class=""su-styled-text primary default"">New HP OMEN MAX 16'' 2K 165Hz 3ms Laptop Ryzen AI 7 H 350 16GB 512GB RTX 5070</span> <span class=""su-styled-text secondary default"">Brand New · </span> <span class=""su-styled-text secondary default"">HP · </span> <span class=""su-styled-text secondary default"">512 GB</span> <span class=""su-styled-text primary bold large-1 s-card__price"">$1,249.49</span> <span class=""su-styled-text secondary large"">Buy It Now</span> <span class=""su-styled-text secondary large"">+$200.00 delivery</span> <span class=""su-styled-text secondary large"">Located in United States</span> <span class=""su-styled-text secondary large"">Free returns</span> <span class=""su-styled-text primary bold large"">46 watchers</span> <span class=""su-styled-text primary large"">ctwu41 </span> <span class=""su-styled-text primary large"">98.1% positive (4K)</span>"
"<span class=""su-styled-text primary default"">Lenovo Legion Y700 8.8” 13MP Snapdragon 870 WIFI Android 6550mAh</span>","<span class=""su-styled-text primary bold large-1 s-card__price"">$189.53</span> <span class=""su-styled-text primary bold default s-card__price""> to </span> <span class=""su-styled-text primary bold large-1 s-card__price"">$209.38</span> <span class=""su-styled-text secondary strikethrough large"">$220.40</span> <span class=""su-styled-text secondary large"">Buy It Now</span> <span class=""su-styled-text secondary large"">+$15.00 delivery</span> <span class=""su-styled-text secondary large"">Located in China</span> <span class=""su-styled-text primary bold large"">28+ watchers</span>",,"<span class=""su-styled-text primary default"">Lenovo Legion Y700 8.8” 13MP Snapdragon 870 WIFI Android 6550mAh</span> <span class=""su-styled-text secondary default"">Pre-Owned</span> <span class=""su-styled-text primary bold large-1 s-card__price"">$189.53</span> <span class=""su-styled-text primary bold default s-card__price""> to </span> <span class=""su-styled-text primary bold large-1 s-card__price"">$209.38</span> <span class=""su-styled-text secondary strikethrough large"">$220.40</span> <span class=""su-styled-text secondary large"">Buy It Now</span> <span class=""su-styled-text secondary large"">+$15.00 delivery</span> <span class=""su-styled-text secondary large"">Located in China</span> <span class=""su-styled-text primary bold large"">28+ watchers</span> <span class=""su-styled-text primary large"">mobiletech_hub </span> <span class=""su-styled-text primary large"">100% positive (1)</span>"
"<span class=""su-styled-text primary default"">Dell Latitude 14” Business Laptop Intel Core i7 16GB RAM 256GB SSD Win 11 WiFi</span>","<span class=""su-styled-text primary bold large-1 s-card__price"">$258.06</span> <span class=""su-styled-text secondary large"">Buy It Now</span> <span class=""su-styled-text secondary large"">+$183.96 delivery</span> <span class=""su-styled-text secondary large"">Located in United States</span> <span class=""su-styled-text primary bold large"">307 watchers</span>",,"<span class=""su-styled-text primary default"">Dell Latitude 14” Business Laptop Intel Core i7 16GB RAM 256GB SSD Win 11 WiFi</span> <span class=""su-styled-text secondary default"">Good - Refurbished · </span> <span class=""su-styled-text secondary default"">Dell</span> <span class=""su-styled-text primary bold large-1 s-card__price"">$258.06</span> <span class=""su-styled-text secondary large"">Buy It Now</span> <span class=""su-styled-text secondary large"">+$183.96 delivery</span> <span class=""su-styled-text secondary large"">Located in United States</span> <span class=""su-styled-text primary bold large"">307 watchers</span> <span class=""su-styled-text primary large"">discountcomputerdepot </span> <span class=""su-styled-text primary large"">99.3% positive (154.7K)</span> <span class=""su-styled-text default"">eBay Refurbished</span>"
"<span class=""su-styled-text primary default"">HP - 15.6"" Touch-Screen Laptop - Intel Core i5 - 8GB Memory - 512GB SSD - Silver</span>","<span class=""su-styled-text primary bold large-1 s-card__price"">$359.99</span> <span class=""su-styled-text secondary large"">Buy It Now</span> <span class=""su-styled-text secondary large"">+$199.85 delivery</span> <span class=""su-styled-text secondary large"">Located in United States</span> <span class=""su-styled-text primary bold large"">32 sold</span>",,"<span class=""su-styled-text primary default"">HP - 15.6"" Touch-Screen Laptop - Intel Core i5 - 8GB Memory - 512GB SSD - Silver</span> <span class=""su-styled-text secondary default"">Open Box · </span> <span class=""su-styled-text secondary default"">HP · </span> <span class=""su-styled-text secondary default"">512 GB</span> <span class=""su-styled-text primary bold large-1 s-card__price"">$359.99</span> <span class=""su-styled-text secondary large"">Buy It Now</span> <span class=""su-styled-text secondary large"">+$199.85 delivery</span> <span class=""su-styled-text secondary large"">Located in United States</span> <span class=""su-styled-text primary bold large"">32 sold</span> <span class=""su-styled-text primary large"">goodpointselectronics </span> <span class=""su-styled-text primary large"">98.6% positive (9.3K)</span>"
"<span class=""su-styled-text primary default"">HP 14-dq6013dx 14"" Intel N150 4GB DDR4 128GB UFS W11H Laptop, Willow Green</span>","<span class=""su-styled-text primary bold large-1 s-card__price"">$148.00</span> <span class=""su-styled-text secondary strikethrough large"">$469.99</span> <span class=""su-styled-text secondary large"">Buy It Now</span> <span class=""su-styled-text secondary large"">+$158.65 delivery</span> <span class=""su-styled-text secondary large"">Located in United States</span>",,"<span class=""su-styled-text primary default"">HP 14-dq6013dx 14"" Intel N150 4GB DDR4 128GB UFS W11H Laptop, Willow Green</span> <span class=""su-styled-text secondary default"">Certified - Refurbished · </span> <span class=""su-styled-text secondary default"">HP</span> <span class=""su-styled-text primary bold large-1 s-card__price"">$148.00</span> <span class=""su-styled-text secondary strikethrough large"">$469.99</span> <span class=""su-styled-text secondary large"">Buy It Now</span> <span class=""su-styled-text secondary large"">+$158.65 delivery</span> <span class=""su-styled-text secondary large"">Located in United States</span> <span class=""su-styled-text primary large"">prycedin </span> <span class=""su-styled-text primary large"">99.4% positive (78.9K)</span> <span class=""su-styled-text default"">eBay Refurbished</span>"
"<span class=""su-styled-text primary default"">LENOVO LEGION Y540-15IRH | CORE I7-9750H | 1TB | 32GB RAM | 237GB SSD | 2.60 GHZ</span>","<span class=""su-styled-text primary bold large-1 s-card__price"">$910.00</span> <span class=""su-styled-text secondary strikethrough large"">$1,750.00</span> <span class=""su-styled-text secondary large"">Buy It Now</span> <span class=""su-styled-text secondary large"">+$55.00 delivery</span> <span class=""su-styled-text secondary large"">Located in United States</span>",,"<span class=""su-styled-text primary default"">LENOVO LEGION Y540-15IRH | CORE I7-9750H | 1TB | 32GB RAM | 237GB SSD | 2.60 GHZ</span> <span class=""su-styled-text secondary default"">Pre-Owned · </span> <span class=""su-styled-text secondary default"">Lenovo · </span> <span class=""su-styled-text secondary default"">1 TB</span> <span class=""su-styled-text primary bold large-1 s-card__price"">$910.00</span> <span class=""su-styled-text secondary strikethrough large"">$1,750.00</span> <span class=""su-styled-text secondary large"">Buy It Now</span> <span class=""su-styled-text secondary large"">+$55.00 delivery</span> <span class=""su-styled-text secondary large"">Located in United States</span> <span class=""su-styled-text primary large"">aaasalesdirect </span> <span class=""su-styled-text primary large"">99.5% positive (21.4K)</span>"
"<span class=""su-styled-text primary default"">Dell Latitude 5420 Core i7-1185G7 3.00 GHz 16 GB DDR4 256 GB NVMe Windows 11 Pro</span>","<span class=""su-styled-text primary bold large-1 s-card__price"">$224.99</span> <span class=""su-styled-text secondary large"">Buy It Now</span> <span class=""su-styled-text secondary large"">+$250.00 delivery</span> <span class=""su-styled-text secondary large"">Located in United States</span>",,"<span class=""su-styled-text primary default"">Dell Latitude 5420 Core i7-1185G7 3.00 GHz 16 GB DDR4 256 GB NVMe Windows 11 Pro</span> <span class=""su-styled-text secondary default"">Pre-Owned · </span> <span class=""su-styled-text secondary default"">Dell</span> <span class=""su-styled-text primary bold large-1 s-card__price"">$224.99</span> <span class=""su-styled-text secondary large"">Buy It Now</span> <span class=""su-styled-text secondary large"">+$250.00 delivery</span> <span class=""su-styled-text secondary large"">Located in United States</span> <span class=""su-styled-text primary large"">harddrivesonly </span> <span class=""su-styled-text primary large"">99.8% positive (32.3K)</span>"
"<span class=""su-styled-text primary default"">2025 GPD MicroPC 2 Mini Laptop PC 7"" Intel Processor N300 16GB RAM + 512GB SSD</span>","<span class=""su-styled-text primary bold large-1 s-card__price"">$759.00</span> <span class=""su-styled-text secondary large"">Buy It Now</span> <span class=""su-styled-text secondary large"">Free International Shipping</span> <span class=""su-styled-text secondary large"">Located in China</span> <span class=""su-styled-text primary bold large"">103 watchers</span>",,"<span class=""su-styled-text primary default"">2025 GPD MicroPC 2 Mini Laptop PC 7"" Intel Processor N300 16GB RAM + 512GB SSD</span> <span class=""su-styled-text secondary default"">Brand New</span> <span class=""su-styled-text primary bold large-1 s-card__price"">$759.00</span> <span class=""su-styled-text secondary large"">Buy It Now</span> <span class=""su-styled-text secondary large"">Free International Shipping</span> <span class=""su-styled-text secondary large"">Located in China</span> <span class=""su-styled-text primary bold large"">103 watchers</span> <span class=""su-styled-text primary large"">brand_mini_pc_official_store </span> <span class=""su-styled-text primary large"">99.2% positive (310)</span>"
"<span class=""su-styled-text primary default"">Lenovo ThinkPad T480 14"" HD i5 8250u 16GB 256gb NVME WIFI CAM WIN 11 PRO laptop</span>","<span class=""su-styled-text primary bold large-1 s-card__price"">$299.99</span> <span class=""su-styled-text secondary large"">or Best Offer</span> <span class=""su-styled-text secondary large"">+$193.60 delivery</span> <span class=""su-styled-text secondary large"">Located in United States</span> <span class=""su-styled-text primary bold large"">Almost gone</span> <span class=""su-styled-text primary bold large"">1,228 sold</span>",,"<span class=""su-styled-text primary default"">Lenovo ThinkPad T480 14"" HD i5 8250u 16GB 256gb NVME WIFI CAM WIN 11 PRO laptop</span> <span class=""su-styled-text secondary default"">Excellent - Refurbished · </span> <span class=""su-styled-text secondary default"">Lenovo · </span> <span class=""su-styled-text secondary default"">256 GB</span> <span class=""su-styled-text primary bold large-1 s-card__price"">$299.99</span> <span class=""su-styled-text secondary large"">or Best Offer</span> <span class=""su-styled-text secondary large"">+$193.60 delivery</span> <span class=""su-styled-text secondary large"">Located in United States</span> <span class=""su-styled-text primary bold large"">Almost gone</span> <span class=""su-styled-text primary bold large"">1,228 sold</span> <span class=""su-styled-text primary large"">kl0 </span> <span class=""su-styled-text primary large"">99.5% positive (53.8K)</span> <span class=""su-styled-text default"">eBay Refurbished</span>"
"<span class=""su-styled-text primary default"">Lenovo IdeaPad 5i 16"" 2-in-1 Touchscreen Laptop Intel Core Ultra 7 255U 32GB 1TB</span>","<span class=""su-styled-text primary bold large-1 s-card__price"">$656.99</span> <span class=""su-styled-text secondary strikethrough large"">$1,299.99</span> <span class=""su-styled-text secondary large"">Buy It Now</span> <span class=""su-styled-text secondary large"">+$290.90 delivery</span> <span class=""su-styled-text secondary large"">Located in United States</span>",,"<span class=""su-styled-text primary default"">Lenovo IdeaPad 5i 16"" 2-in-1 Touchscreen Laptop Intel Core Ultra 7 255U 32GB 1TB</span> <span class=""su-styled-text secondary default"">Wi-Fi 6 (2x2) &amp; Bluetooth 5.2, Win11Home, Digital Pen I</span> <span class=""su-styled-text secondary default"">Excellent - Refurbished · </span> <span class=""su-styled-text secondary default"">Lenovo</span> <span class=""su-styled-text primary bold large-1 s-card__price"">$656.99</span> <span class=""su-styled-text secondary strikethrough large"">$1,299.99</span> <span class=""su-styled-text secondary large"">Buy It Now</span> <span class=""su-styled-text secondary large"">+$290.90 delivery</span> <span class=""su-styled-text secondary large"">Located in United States</span> <span class=""su-styled-text primary large"">hypermicrosystems </span> <span class=""su-styled-text primary large"">99.5% positive (83.5K)</span> <span class=""su-styled-text default"">eBay Refurbished</span>"
"<span class=""su-styled-text primary default"">Lenovo LOQ 15.6"" FHD 144Hz AMD Ryzen 7 250 NVIDIA RTX 5060 Laptop 16GB RAM 512GB</span>","<span class=""su-styled-text primary bold large-1 s-card__price"">$999.99</span> <span class=""su-styled-text secondary strikethrough large"">$1,149.99</span> <span class=""su-styled-text secondary large"">Buy It Now</span> <span class=""su-styled-text secondary large"">+$377.31 delivery</span> <span class=""su-styled-text secondary large"">Located in United States</span> <span class=""su-styled-text negative bold large"">597 sold</span>",,"<span class=""su-styled-text primary default"">Lenovo LOQ 15.6"" FHD 144Hz AMD Ryzen 7 250 NVIDIA RTX 5060 Laptop 16GB RAM 512GB</span> <span class=""su-styled-text secondary default"">AI-Powered Gaming Laptop</span> <span class=""su-styled-text secondary default"">Brand New · </span> <span class=""su-styled-text secondary default"">Lenovo</span> <span class=""su-styled-text primary bold large-1 s-card__price"">$999.99</span> <span class=""su-styled-text secondary strikethrough large"">$1,149.99</span> <span class=""su-styled-text secondary large"">Buy It Now</span> <span class=""su-styled-text secondary large"">+$377.31 delivery</span> <span class=""su-styled-text secondary large"">Located in United States</span> <span class=""su-styled-text negative bold large"">597 sold</span> <span class=""su-styled-text primary large"">antonline </span> <span class=""su-styled-text primary large"">99.5% positive (347.8K)</span> <span class=""su-styled-text default"">Lenovo Authorized Seller</span>"
"<span class=""su-styled-text primary default"">Asus Vivobook 15.6"" FHD Touchscreen Laptop Core 5-120U 12GB/512GB 90NB13Y2-M0095</span>","<span class=""su-styled-text primary bold large-1 s-card__price"">$309.98</span> <span class=""su-styled-text secondary strikethrough large"">$599.99</span> <span class=""su-styled-text secondary large"">Buy It Now</span> <span class=""su-styled-text secondary large"">+$195.90 delivery</span> <span class=""su-styled-text secondary large"">Located in United States</span> <span class=""su-styled-text primary bold large"">Almost gone</span> <span class=""su-styled-text primary bold large"">96 sold</span>",,"<span class=""su-styled-text primary default"">Asus Vivobook 15.6"" FHD Touchscreen Laptop Core 5-120U 12GB/512GB 90NB13Y2-M0095</span> <span class=""su-styled-text secondary default"">Fingerprint sensor on touchpad, 720p HD camera with shu</span> <span class=""su-styled-text secondary default"">Good - Refurbished · </span> <span class=""su-styled-text secondary default"">ASUS</span> <span class=""su-styled-text primary bold large-1 s-card__price"">$309.98</span> <span class=""su-styled-text secondary strikethrough large"">$599.99</span> <span class=""su-styled-text secondary large"">Buy It Now</span> <span class=""su-styled-text secondary large"">+$195.90 delivery</span> <span class=""su-styled-text secondary large"">Located in United States</span> <span class=""su-styled-text primary bold large"">Almost gone</span> <span class=""su-styled-text primary bold large"">96 sold</span> <span class=""su-styled-text primary large"">hypermicrosystems </span> <span class=""su-styled-text primary large"">99.5% positive (83.5K)</span> <span class=""su-styled-text default"">eBay Refurbished</span>"
"<span class=""su-styled-text primary default"">HP 15-fd0213nr 15.6"" Touch Intel i3-N305 3.8 GHz 8GB DDR4 256GB SSD W11H Laptop</span>","<span class=""su-styled-text primary bold large-1 s-card__price"">$232.00</span> <span class=""su-styled-text secondary strikethrough large"">$499.99</span> <span class=""su-styled-text secondary large"">Buy It Now</span> <span class=""su-styled-text secondary large"">+$193.16 delivery</span> <span class=""su-styled-text secondary large"">Located in United States</span> <span class=""su-styled-text primary bold large"">Last one</span> <span class=""su-styled-text primary bold large"">75 sold</span>",,"<span class=""su-styled-text primary default"">HP 15-fd0213nr 15.6"" Touch Intel i3-N305 3.8 GHz 8GB DDR4 256GB SSD W11H Laptop</span> <span class=""su-styled-text secondary default"">Certified - Refurbished · </span> <span class=""su-styled-text secondary default"">HP</span> <span class=""su-styled-text primary bold large-1 s-card__price"">$232.00</span> <span class=""su-styled-text secondary strikethrough large"">$499.99</span> <span class=""su-styled-text secondary large"">Buy It Now</span> <span class=""su-styled-text secondary large"">+$193.16 delivery</span> <span class=""su-styled-text secondary large"">Located in United States</span> <span class=""su-styled-text primary bold large"">Last one</span> <span class=""su-styled-text primary bold large"">75 sold</span> <span class=""su-styled-text primary large"">prycedin </span> <span class=""su-styled-text primary large"">99.4% positive (78.9K)</span> <span class=""su-styled-text default"">eBay Refurbished</span>"
"<span class=""su-styled-text primary default"">Panasonic Let's Note CF-NX4 Laptop PC i3 4GB HDD500GB Win JP</span>","<span class=""su-styled-text primary bold large-1 s-card__price"">$125.00</span> <span class=""su-styled-text secondary large"">or Best Offer</span> <span class=""su-styled-text secondary large"">Free International Shipping</span> <span class=""su-styled-text secondary large"">Located in Japan</span> <span class=""su-styled-text secondary large"">Free returns</span> <span class=""su-styled-text negative bold large"">Last one</span> <span class=""su-styled-text primary bold large"">43 watchers</span>",,"<span class=""su-styled-text primary default"">Panasonic Let's Note CF-NX4 Laptop PC i3 4GB HDD500GB Win JP</span> <span class=""su-styled-text secondary default"">Pre-Owned · </span> <span class=""su-styled-text secondary default"">Panasonic · </span> <span class=""su-styled-text secondary default"">320 GB</span> <span class=""su-styled-text primary bold large-1 s-card__price"">$125.00</span> <span class=""su-styled-text secondary large"">or Best Offer</span> <span class=""su-styled-text secondary large"">Free International Shipping</span> <span class=""su-styled-text secondary large"">Located in Japan</span> <span class=""su-styled-text secondary large"">Free returns</span> <span class=""su-styled-text negative bold large"">Last one</span> <span class=""su-styled-text primary bold large"">43 watchers</span> <span class=""su-styled-text primary large"">nakanoyama-jpshop </span> <span class=""su-styled-text primary large"">99% positive (2.6K)</span>"
"<span class=""su-styled-text primary default"">Dell 3100 2-in-1 Touchscreen Laptop Windows 11 Installed Thanks Giving Gift Set</span>","<span class=""su-styled-text primary bold large-1 s-card__price"">$90.00</span> <span class=""su-styled-text secondary large"">or Best Offer</span> <span class=""su-styled-text secondary large"">+$71.95 delivery</span> <span class=""su-styled-text secondary large"">Located in United States</span> <span class=""su-styled-text primary bold large"">108 sold</span>",,"<span class=""su-styled-text primary default"">Dell 3100 2-in-1 Touchscreen Laptop Windows 11 Installed Thanks Giving Gift Set</span> <span class=""su-styled-text secondary default"">Refurbished, Come with Charger Adapter. Windows 11 Pro</span> <span class=""su-styled-text secondary default"">Pre-Owned · </span> <span class=""su-styled-text secondary default"">Dell · </span> <span class=""su-styled-text secondary default"">32 GB</span> <span class=""su-styled-text primary bold large-1 s-card__price"">$90.00</span> <span class=""su-styled-text secondary large"">or Best Offer</span> <span class=""su-styled-text secondary large"">+$71.95 delivery</span> <span class=""su-styled-text secondary large"">Located in United States</span> <span class=""su-styled-text primary bold large"">108 sold</span> <span class=""su-styled-text primary large"">yuansheng </span> <span class=""su-styled-text primary large"">97.4% positive (2.4K)</span>"
"<span class=""su-styled-text primary default"">HP EliteBook 845 G8 Gaming Laptop Ryzen 5 PRO 5650U 16GB 256GB Windows 11 Pro</span>","<span class=""su-styled-text primary bold large-1 s-card__price"">$249.99</span> <span class=""su-styled-text secondary strikethrough large"">$299.99</span> <span class=""su-styled-text secondary large"">Buy It Now</span> <span class=""su-styled-text secondary large"">+$153.67 delivery</span> <span class=""su-styled-text secondary large"">Located in United States</span> <span class=""su-styled-text primary bold large"">71 sold</span> <span class=""su-styled-text negative bold large"">Save up to 5% when you buy more</span>",,"<span class=""su-styled-text primary default"">HP EliteBook 845 G8 Gaming Laptop Ryzen 5 PRO 5650U 16GB 256GB Windows 11 Pro</span> <span class=""su-styled-text secondary default"">Excellent - Refurbished · </span> <span class=""su-styled-text secondary default"">HP</span> <span class=""su-styled-text primary bold large-1 s-card__price"">$249.99</span> <span class=""su-styled-text secondary strikethrough large"">$299.99</span> <span class=""su-styled-text secondary large"">Buy It Now</span> <span class=""su-styled-text secondary large"">+$153.67 delivery</span> <span class=""su-styled-text secondary large"">Located in United States</span> <span class=""su-styled-text primary bold large"">71 sold</span> <span class=""su-styled-text negative bold large"">Save up to 5% when you buy more</span> <span class=""su-styled-text primary large"">renew4me </span> <span class=""su-styled-text primary large"">99.2% positive (3.8K)</span> <span class=""su-styled-text default"">eBay Refurbished</span>"
"<span class=""su-styled-text primary default"">Lenovo V14 G5 FHD Intel Core 7 240H AI Laptop 16GB RAM 1TB SSD for Home Business</span>","<span class=""su-styled-text primary bold large-1 s-card__price"">$599.99</span> <span class=""su-styled-text secondary strikethrough large"">$799.99</span> <span class=""su-styled-text secondary large"">Buy It Now</span> <span class=""su-styled-text secondary large"">+$285.31 delivery</span> <span class=""su-styled-text secondary large"">Located in United States</span>",,"<span class=""su-styled-text primary default"">Lenovo V14 G5 FHD Intel Core 7 240H AI Laptop 16GB RAM 1TB SSD for Home Business</span> <span class=""su-styled-text secondary default"">Brand New - Full Warranty</span> <span class=""su-styled-text secondary default"">Brand New · </span> <span class=""su-styled-text secondary default"">Lenovo</span> <span class=""su-styled-text primary bold large-1 s-card__price"">$599.99</span> <span class=""su-styled-text secondary strikethrough large"">$799.99</span> <span class=""su-styled-text secondary large"">Buy It Now</span> <span class=""su-styled-text secondary large"">+$285.31 delivery</span> <span class=""su-styled-text secondary large"">Located in United States</span> <span class=""su-styled-text primary large"">antonline </span> <span class=""su-styled-text primary large"">99.5% positive (347.8K)</span> <span class=""su-styled-text default"">Lenovo Authorized Seller</span>"
"<span class=""su-styled-text primary default"">Dynabook TECRA A40-J 14"" Laptop i7 11th Gen 1TB SSD 32GB RAM Win 11 Pro (CI)</span>","<span class=""su-styled-text primary bold large-1 s-card__price"">$299.95</span> <span class=""su-styled-text secondary large"">Buy It Now</span> <span class=""su-styled-text secondary large"">+$186.04 delivery</span> <span class=""su-styled-text secondary large"">Located in United States</span> <span class=""su-styled-text primary bold large"">5 watchers</span>",,"<span class=""su-styled-text primary default"">Dynabook TECRA A40-J 14"" Laptop i7 11th Gen 1TB SSD 32GB RAM Win 11 Pro (CI)</span> <span class=""su-styled-text secondary default"">Good - Refurbished · </span> <span class=""su-styled-text secondary default"">dynabook</span> <span class=""su-styled-text primary bold large-1 s-card__price"">$299.95</span> <span class=""su-styled-text secondary large"">Buy It Now</span> <span class=""su-styled-text secondary large"">+$186.04 delivery</span> <span class=""su-styled-text secondary large"">Located in United States</span> <span class=""su-styled-text primary bold large"">5 watchers</span> <span class=""su-styled-text primary large"">auditmacstech </span> <span class=""su-styled-text primary large"">99.8% positive (17.7K)</span> <span class=""su-styled-text default"">eBay Refurbished</span>"
"<span class=""su-styled-text primary default"">HP Spectre x360 13-ap0039TU Core i7 16GB RAM 256GB SSD 2-in-1 convertible_947</span>","<span class=""su-styled-text primary bold large-1 s-card__price"">$348.60</span> <span class=""su-styled-text secondary large"">or Best Offer</span> <span class=""su-styled-text secondary large"">Free International Shipping</span> <span class=""su-styled-text secondary large"">Located in Japan</span>",,"<span class=""su-styled-text primary default"">HP Spectre x360 13-ap0039TU Core i7 16GB RAM 256GB SSD 2-in-1 convertible_947</span> <span class=""su-styled-text secondary default"">Pre-Owned · </span> <span class=""su-styled-text secondary default"">HP · </span> <span class=""su-styled-text secondary default"">1 TB</span> <span class=""su-styled-text primary bold large-1 s-card__price"">$348.60</span> <span class=""su-styled-text secondary large"">or Best Offer</span> <span class=""su-styled-text secondary large"">Free International Shipping</span> <span class=""su-styled-text secondary large"">Located in Japan</span> <span class=""su-styled-text primary large"">mellowshop_japan </span> <span class=""su-styled-text primary large"">100% positive (114)</span>"
"<span class=""su-styled-text primary default"">Microsoft Surface Laptop 4 15"" Touchscreen i7-1185G7 32GB 1TB SSD Windows 11 </span>","<span class=""su-styled-text primary bold large-1 s-card__price"">$397.00</span> <span class=""su-styled-text secondary strikethrough large"">$794.00</span> <span class=""su-styled-text secondary large"">Buy It Now</span> <span class=""su-styled-text secondary large"">+$223.51 delivery</span> <span class=""su-styled-text secondary large"">Located in United States</span> <span class=""su-styled-text primary bold large"">Last one</span> <span class=""su-styled-text primary bold large"">8 watchers</span>",,"<span class=""su-styled-text primary default"">Microsoft Surface Laptop 4 15"" Touchscreen i7-1185G7 32GB 1TB SSD Windows 11 </span> <span class=""su-styled-text secondary default"">Good - Refurbished · </span> <span class=""su-styled-text secondary default"">Microsoft</span> <span class=""su-styled-text primary bold large-1 s-card__price"">$397.00</span> <span class=""su-styled-text secondary strikethrough large"">$794.00</span> <span class=""su-styled-text secondary large"">Buy It Now</span> <span class=""su-styled-text secondary large"">+$223.51 delivery</span> <span class=""su-styled-text secondary large"">Located in United States</span> <span class=""su-styled-text primary bold large"">Last one</span> <span class=""su-styled-text primary bold large"">8 watchers</span> <span class=""su-styled-text primary large"">highland-performance-systems </span> <span class=""su-styled-text primary large"">100% positive (12.6K)</span> <span class=""su-styled-text default"">eBay Refurbished</span>"
"<span class=""su-styled-text primary default"">HP 14-dq6013dx 14"" Intel N150 0.8 GHz 4GB 128GB UFS Intel UHD W11H Laptop, GR</span>","<span class=""su-styled-text primary bold large-1 s-card__price"">$139.00</span> <span class=""su-styled-text secondary strikethrough large"">$459.99</span> <span class=""su-styled-text secondary large"">Buy It Now</span> <span class=""su-styled-text secondary large"">+$156.58 delivery</span> <span class=""su-styled-text secondary large"">Located in United States</span>",,"<span class=""su-styled-text primary default"">HP 14-dq6013dx 14"" Intel N150 0.8 GHz 4GB 128GB UFS Intel UHD W11H Laptop, GR</span> <span class=""su-styled-text secondary default"">Very Good - Refurbished · </span> <span class=""su-styled-text secondary default"">HP</span> <span class=""su-styled-text primary bold large-1 s-card__price"">$139.00</span> <span class=""su-styled-text secondary strikethrough large"">$459.99</span> <span class=""su-styled-text secondary large"">Buy It Now</span> <span class=""su-styled-text secondary large"">+$156.58 delivery</span> <span class=""su-styled-text secondary large"">Located in United States</span> <span class=""su-styled-text primary large"">prycedin </span> <span class=""su-styled-text primary large"">99.4% positive (78.9K)</span> <span class=""su-styled-text default"">eBay Refurbished</span>"
"<span class=""su-styled-text primary default"">ASUS Zenbook 14"" WUXGA OLED Touch Laptop Intel Core Ultra 7 255H 16GB RAM 512GB</span>","<span class=""su-styled-text primary bold large-1 s-card__price"">$719.00</span> <span class=""su-styled-text secondary large"">Buy It Now</span> <span class=""su-styled-text secondary large"">+$297.57 delivery</span> <span class=""su-styled-text secondary large"">Located in United States</span> <span class=""su-styled-text primary bold large"">13 sold</span>",,"<span class=""su-styled-text primary default"">ASUS Zenbook 14"" WUXGA OLED Touch Laptop Intel Core Ultra 7 255H 16GB RAM 512GB</span> <span class=""su-styled-text secondary default"">Open Box · </span> <span class=""su-styled-text secondary default"">ASUS · </span> <span class=""su-styled-text secondary default"">512 GB</span> <span class=""su-styled-text primary bold large-1 s-card__price"">$719.00</span> <span class=""su-styled-text secondary large"">Buy It Now</span> <span class=""su-styled-text secondary large"">+$297.57 delivery</span> <span class=""su-styled-text secondary large"">Located in United States</span> <span class=""su-styled-text primary bold large"">13 sold</span> <span class=""su-styled-text primary large"">wenbus6 </span> <span class=""su-styled-text primary large"">99.9% positive (2.8K)</span>"
"<span class=""su-styled-text primary default"">New DELL INSPIRON 15-I3501 I3-1115G4 8GB 256GB SSD 15.6"" TOUCHSCREEN WIN10</span>","<span class=""su-styled-text primary bold large-1 s-card__price"">$359.95</span> <span class=""su-styled-text secondary large"">Buy It Now</span> <span class=""su-styled-text secondary large"">+$49.95 delivery</span> <span class=""su-styled-text secondary large"">Located in United States</span> <span class=""su-styled-text primary bold large"">27 watchers</span> <span class=""su-styled-text negative bold large"">Save up to 5% when you buy more</span>","<div class=""x-star-rating""><!--M_fbd99063#s0-2-54-0-9-8-4-4-0-3-0-4[57]-1-0-1-6-1-7-33-1-1-2-1[1]-0--><svg data-marko-key=""@svg s0-2-54-0-9-8-4-4-0-3-0-4[57]-1-0-1-6-1-7-33-1-1-2-1[1]-0"" class=""icon icon--16"" focusable=""false"" aria-hidden=""true""><use href=""#icon-star-filled-16""></use></svg><!--M_fbd99063/--><!--M_fbd99063#s0-2-54-0-9-8-4-4-0-3-0-4[57]-1-0-1-6-1-7-33-1-1-2-1[2]-0--><svg data-marko-key=""@svg s0-2-54-0-9-8-4-4-0-3-0-4[57]-1-0-1-6-1-7-33-1-1-2-1[2]-0"" class=""icon icon--16"" focusable=""false"" aria-hidden=""true""><use href=""#icon-star-filled-16""></use></svg><!--M_fbd99063/--><!--M_fbd99063#s0-2-54-0-9-8-4-4-0-3-0-4[57]-1-0-1-6-1-7-33-1-1-2-1[3]-0--><svg data-marko-key=""@svg s0-2-54-0-9-8-4-4-0-3-0-4[57]-1-0-1-6-1-7-33-1-1-2-1[3]-0"" class=""icon icon--16"" focusable=""false"" aria-hidden=""true""><use href=""#icon-star-filled-16""></use></svg><!--M_fbd99063/--><!--M_fbd99063#s0-2-54-0-9-8-4-4-0-3-0-4[57]-1-0-1-6-1-7-33-1-1-2-1[4]-0--><svg data-marko-key=""@svg s0-2-54-0-9-8-4-4-0-3-0-4[57]-1-0-1-6-1-7-33-1-1-2-1[4]-0"" class=""icon icon--16"" focusable=""false"" aria-hidden=""true""><use href=""#icon-star-filled-16""></use></svg><!--M_fbd99063/--><!--M_fbd99063#s0-2-54-0-9-8-4-4-0-3-0-4[57]-1-0-1-6-1-7-33-1-1-2-1[5]-0--><svg data-marko-key=""@svg s0-2-54-0-9-8-4-4-0-3-0-4[57]-1-0-1-6-1-7-33-1-1-2-1[5]-0"" class=""icon icon--16"" focusable=""false"" aria-hidden=""true""><use href=""#icon-star-filled-16""></use></svg><!--M_fbd99063/--><span class=""clipped"">5.0 out of 5 stars.</span></div>","<span class=""su-styled-text primary default"">New DELL INSPIRON 15-I3501 I3-1115G4 8GB 256GB SSD 15.6"" TOUCHSCREEN WIN10</span> <span class=""su-styled-text secondary default"">Brand New · </span> <span class=""su-styled-text secondary default"">Dell · </span> <span class=""su-styled-text secondary default"">256 GB</span> <span class=""su-styled-text primary bold large-1 s-card__price"">$359.95</span> <span class=""su-styled-text secondary large"">Buy It Now</span> <span class=""su-styled-text secondary large"">+$49.95 delivery</span> <span class=""su-styled-text secondary large"">Located in United States</span> <span class=""su-styled-text primary bold large"">27 watchers</span> <span class=""su-styled-text negative bold large"">Save up to 5% when you buy more</span> <span class=""su-styled-text primary large"">baiebiz </span> <span class=""su-styled-text primary large"">100% positive (16.2K)</span>"
"<span class=""su-styled-text primary default"">Dell 14"" 7490 16GB DDR4 Ram NEW 256GB SSD Core i5-8350u  Windows 11 pro Laptop</span>","<span class=""su-styled-text primary bold large-1 s-card__price"">$229.99</span> <span class=""su-styled-text secondary large"">Buy It Now</span> <span class=""su-styled-text secondary large"">+$80.00 delivery</span> <span class=""su-styled-text secondary large"">Located in United States</span>","<div class=""x-star-rating""><!--M_fbd99063#s0-2-54-0-9-8-4-4-0-3-0-4[58]-1-0-1-6-1-7-33-1-1-2-1[1]-0--><svg data-marko-key=""@svg s0-2-54-0-9-8-4-4-0-3-0-4[58]-1-0-1-6-1-7-33-1-1-2-1[1]-0"" class=""icon icon--16"" focusable=""false"" aria-hidden=""true""><use href=""#icon-star-filled-16""></use></svg><!--M_fbd99063/--><!--M_fbd99063#s0-2-54-0-9-8-4-4-0-3-0-4[58]-1-0-1-6-1-7-33-1-1-2-1[2]-0--><svg data-marko-key=""@svg s0-2-54-0-9-8-4-4-0-3-0-4[58]-1-0-1-6-1-7-33-1-1-2-1[2]-0"" class=""icon icon--16"" focusable=""false"" aria-hidden=""true""><use href=""#icon-star-filled-16""></use></svg><!--M_fbd99063/--><!--M_fbd99063#s0-2-54-0-9-8-4-4-0-3-0-4[58]-1-0-1-6-1-7-33-1-1-2-1[3]-0--><svg data-marko-key=""@svg s0-2-54-0-9-8-4-4-0-3-0-4[58]-1-0-1-6-1-7-33-1-1-2-1[3]-0"" class=""icon icon--16"" focusable=""false"" aria-hidden=""true""><use href=""#icon-star-filled-16""></use></svg><!--M_fbd99063/--><!--M_fbd99063#s0-2-54-0-9-8-4-4-0-3-0-4[58]-1-0-1-6-1-7-33-1-1-2-1[4]-0--><svg data-marko-key=""@svg s0-2-54-0-9-8-4-4-0-3-0-4[58]-1-0-1-6-1-7-33-1-1-2-1[4]-0"" class=""icon icon--16"" focusable=""false"" aria-hidden=""true""><use href=""#icon-star-filled-16""></use></svg><!--M_fbd99063/--><!--M_fbd99063#s0-2-54-0-9-8-4-4-0-3-0-4[58]-1-0-1-6-1-7-33-1-1-2-1[5]-0--><svg data-marko-key=""@svg s0-2-54-0-9-8-4-4-0-3-0-4[58]-1-0-1-6-1-7-33-1-1-2-1[5]-0"" class=""icon icon--16"" focusable=""false"" aria-hidden=""true""><use href=""#icon-star-filled-16""></use></svg><!--M_fbd99063/--><span class=""clipped"">5.0 out of 5 stars.</span></div>","<span class=""su-styled-text primary default"">Dell 14"" 7490 16GB DDR4 Ram NEW 256GB SSD Core i5-8350u  Windows 11 pro Laptop</span> <span class=""su-styled-text secondary default"">Open Box · </span> <span class=""su-styled-text secondary default"">Dell · </span> <span class=""su-styled-text secondary default"">256 GB</span> <span class=""su-styled-text primary bold large-1 s-card__price"">$229.99</span> <span class=""su-styled-text secondary large"">Buy It Now</span> <span class=""su-styled-text secondary large"">+$80.00 delivery</span> <span class=""su-styled-text secondary large"">Located in United States</span> <span class=""su-styled-text primary large"">tech-mz </span> <span class=""su-styled-text primary large"">99.6% positive (254)</span>"
"<span class=""su-styled-text primary default"">HP ChromeBook 11 G5 Laptop TouchScreen With Windows 11 Pro Birthday Gift Set</span>","<span class=""su-styled-text primary bold large-1 s-card__price"">$90.00</span> <span class=""su-styled-text secondary large"">or Best Offer</span> <span class=""su-styled-text secondary large"">+$71.95 delivery</span> <span class=""su-styled-text secondary large"">Located in United States</span> <span class=""su-styled-text primary bold large"">163 watchers</span> <span class=""su-styled-text negative bold large"">Save up to 10% when you buy more</span>",,"<span class=""su-styled-text primary default"">HP ChromeBook 11 G5 Laptop TouchScreen With Windows 11 Pro Birthday Gift Set</span> <span class=""su-styled-text secondary default"">Refurbished, Come with Charger Adapter. Windows 11 Pro</span> <span class=""su-styled-text secondary default"">Pre-Owned · </span> <span class=""su-styled-text secondary default"">HP · </span> <span class=""su-styled-text secondary default"">16 GB</span> <span class=""su-styled-text primary bold large-1 s-card__price"">$90.00</span> <span class=""su-styled-text secondary large"">or Best Offer</span> <span class=""su-styled-text secondary large"">+$71.95 delivery</span> <span class=""su-styled-text secondary large"">Located in United States</span> <span class=""su-styled-text primary bold large"">163 watchers</span> <span class=""su-styled-text negative bold large"">Save up to 10% when you buy more</span> <span class=""su-styled-text primary large"">yuansheng </span> <span class=""su-styled-text primary large"">97.4% positive (2.4K)</span>"
"<span class=""su-styled-text primary default"">Dell Latitude 5590 15.6"" Laptop Intel Core i5 4GB RAM 128GB SSD Windows 11</span>","<span class=""su-styled-text primary bold large-1 s-card__price"">$125.00</span> <span class=""su-styled-text secondary large"">Buy It Now</span> <span class=""su-styled-text secondary large"">+$90.00 delivery</span> <span class=""su-styled-text secondary large"">Located in United States</span> <span class=""su-styled-text negative bold large"">Last one</span> <span class=""su-styled-text primary bold large"">66 sold</span> <span class=""su-styled-text negative bold large"">Extra 5% off with coupon</span>",,"<span class=""su-styled-text primary default"">Dell Latitude 5590 15.6"" Laptop Intel Core i5 4GB RAM 128GB SSD Windows 11</span> <span class=""su-styled-text secondary default"">Pre-Owned · </span> <span class=""su-styled-text secondary default"">Dell</span> <span class=""su-styled-text primary bold large-1 s-card__price"">$125.00</span> <span class=""su-styled-text secondary large"">Buy It Now</span> <span class=""su-styled-text secondary large"">+$90.00 delivery</span> <span class=""su-styled-text secondary large"">Located in United States</span> <span class=""su-styled-text negative bold large"">Last one</span> <span class=""su-styled-text primary bold large"">66 sold</span> <span class=""su-styled-text negative bold large"">Extra 5% off with coupon</span> <span class=""su-styled-text primary large"">jcs_computer_store </span> <span class=""su-styled-text primary large"">98.8% positive (78.1K)</span>"
"<span class=""su-styled-text primary default"">Shop on eBay</span>","<span class=""su-styled-text primary bold large-1 s-card__price"">$20.00</span> <span class=""su-styled-text secondary large"">or Best Offer</span>",,"<span class=""su-styled-text primary default"">Shop on eBay</span> <span class=""su-styled-text secondary default"">Brand New</span> <span class=""su-styled-text primary bold large-1 s-card__price"">$20.00</span> <span class=""su-styled-text secondary large"">or Best Offer</span>"
"<span class=""su-styled-text primary default"">HP EliteBook 865 G10 Ryzen 5 Pro 7540U 3.20 GHz 16 GB DDR5 512 GB NVMe Windows</span>","<span class=""su-styled-text primary bold large-1 s-card__price"">$499.99</span> <span class=""su-styled-text secondary large"">Buy It Now</span> <span class=""su-styled-text secondary large"">+$250.00 delivery</span> <span class=""su-styled-text secondary large"">Located in United States</span>",,"<span class=""su-styled-text primary default"">HP EliteBook 865 G10 Ryzen 5 Pro 7540U 3.20 GHz 16 GB DDR5 512 GB NVMe Windows</span> <span class=""su-styled-text secondary default"">Pre-Owned · </span> <span class=""su-styled-text secondary default"">HP</span> <span class=""su-styled-text primary bold large-1 s-card__price"">$499.99</span> <span class=""su-styled-text secondary large"">Buy It Now</span> <span class=""su-styled-text secondary large"">+$250.00 delivery</span> <span class=""su-styled-text secondary large"">Located in United States</span> <span class=""su-styled-text primary large"">harddrivesonly </span> <span class=""su-styled-text primary large"">99.8% positive (32.3K)</span>"
"<span class=""su-styled-text primary default"">Dell Latitude 7390 2in1 13.3"" Touchscreen i7-8650U 4GB 128GB SSD Windows 11</span>","<span class=""su-styled-text primary bold large-1 s-card__price"">$160.00</span> <span class=""su-styled-text secondary large"">Buy It Now</span> <span class=""su-styled-text secondary large"">+$90.00 delivery</span> <span class=""su-styled-text secondary large"">Located in United States</span> <span class=""su-styled-text negative bold large"">Extra 5% off with coupon</span>",,"<span class=""su-styled-text primary default"">Dell Latitude 7390 2in1 13.3"" Touchscreen i7-8650U 4GB 128GB SSD Windows 11</span> <span class=""su-styled-text secondary default"">Pre-Owned · </span> <span class=""su-styled-text secondary default"">Dell</span> <span class=""su-styled-text primary bold large-1 s-card__price"">$160.00</span> <span class=""su-styled-text secondary large"">Buy It Now</span> <span class=""su-styled-text secondary large"">+$90.00 delivery</span> <span class=""su-styled-text secondary large"">Located in United States</span> <span class=""su-styled-text negative bold large"">Extra 5% off with coupon</span> <span class=""su-styled-text primary large"">jcs_computer_store </span> <span class=""su-styled-text primary large"">98.8% positive (78.1K)</span>"
"<span class=""su-styled-text primary default"">Dell Latitude 5420 Core i7-1185G7 3.00 GHz 16 GB DDR4 256 GB NVMe Windows 11 Pro</span>","<span class=""su-styled-text primary bold large-1 s-card__price"">$224.99</span> <span class=""su-styled-text secondary large"">Buy It Now</span> <span class=""su-styled-text secondary large"">+$250.00 delivery</span> <span class=""su-styled-text secondary large"">Located in United States</span>",,"<span class=""su-styled-text primary default"">Dell Latitude 5420 Core i7-1185G7 3.00 GHz 16 GB DDR4 256 GB NVMe Windows 11 Pro</span> <span class=""su-styled-text secondary default"">Pre-Owned · </span> <span class=""su-styled-text secondary default"">Dell</span> <span class=""su-styled-text primary bold large-1 s-card__price"">$224.99</span> <span class=""su-styled-text secondary large"">Buy It Now</span> <span class=""su-styled-text secondary large"">+$250.00 delivery</span> <span class=""su-styled-text secondary large"">Located in United States</span> <span class=""su-styled-text primary large"">harddrivesonly </span> <span class=""su-styled-text primary large"">99.8% positive (32.3K)</span>"
"<span class=""su-styled-text primary default"">2025 Acer Aspire 5 14"" Laptop Quad-Core Intel i5 12GB RAM 512GB SSD Office 2024</span>","<span class=""su-styled-text primary bold large-1 s-card__price"">$399.00</span> <span class=""su-styled-text secondary strikethrough large"">$999.00</span> <span class=""su-styled-text secondary large"">or Best Offer</span> <span class=""su-styled-text secondary large"">+$231.57 delivery</span> <span class=""su-styled-text secondary large"">Located in United States</span> <span class=""su-styled-text primary bold large"">46 watchers</span>",,"<span class=""su-styled-text primary default"">2025 Acer Aspire 5 14"" Laptop Quad-Core Intel i5 12GB RAM 512GB SSD Office 2024</span> <span class=""su-styled-text secondary default"">✅Fast Ship✅ Win 11 PRO+ Lifetime Office 2024 ✅ On Sale</span> <span class=""su-styled-text secondary default"">Brand New · </span> <span class=""su-styled-text secondary default"">Acer · </span> <span class=""su-styled-text secondary default"">512 GB</span> <span class=""su-styled-text primary bold large-1 s-card__price"">$399.00</span> <span class=""su-styled-text secondary strikethrough large"">$999.00</span> <span class=""su-styled-text secondary large"">or Best Offer</span> <span class=""su-styled-text secondary large"">+$231.57 delivery</span> <span class=""su-styled-text secondary large"">Located in United States</span> <span class=""su-styled-text primary bold large"">46 watchers</span> <span class=""su-styled-text primary large"">hellogoodlife1 </span> <span class=""su-styled-text primary large"">97.9% positive (18.9K)</span>"
"<span class=""su-styled-text primary default"">2026 Dell Inspiron Laptop 15 Touch 10-Core Intel i5 Upto 64GB RAM 2TB SSD WinPRO</span>","<span class=""su-styled-text primary bold large-1 s-card__price"">$439.00</span> <span class=""su-styled-text primary bold default s-card__price""> to </span> <span class=""su-styled-text primary bold large-1 s-card__price"">$1,289.00</span> <span class=""su-styled-text secondary large"">Buy It Now</span> <span class=""su-styled-text secondary large"">+$233.17 delivery</span> <span class=""su-styled-text secondary large"">Located in United States</span>",,"<span class=""su-styled-text primary default"">2026 Dell Inspiron Laptop 15 Touch 10-Core Intel i5 Upto 64GB RAM 2TB SSD WinPRO</span> <span class=""su-styled-text secondary default"">✅Lifetime MS Office ✅16GB|32GB|64GB RAM ✅512GB|2TB SSD</span> <span class=""su-styled-text secondary default"">Brand New</span> <span class=""su-styled-text primary bold large-1 s-card__price"">$439.00</span> <span class=""su-styled-text primary bold default s-card__price""> to </span> <span class=""su-styled-text primary bold large-1 s-card__price"">$1,289.00</span> <span class=""su-styled-text secondary large"">Buy It Now</span> <span class=""su-styled-text secondary large"">+$233.17 delivery</span> <span class=""su-styled-text secondary large"">Located in United States</span> <span class=""su-styled-text primary large"">hellogoodlife1 </span> <span class=""su-styled-text primary large"">97.9% positive (18.9K)</span>"
"<span class=""su-styled-text primary default"">Panasonic FZ-55 Toughbook MK1 i7 Touchsceen 16GB 512GB SSD Windows 11 Pro 4G GPS</span>","<span class=""su-styled-text primary bold large-1 s-card__price"">$799.95</span> <span class=""su-styled-text secondary large"">Buy It Now</span> <span class=""su-styled-text secondary large"">+$412.41 delivery</span> <span class=""su-styled-text secondary large"">Located in United States</span> <span class=""su-styled-text secondary large"">Free returns</span> <span class=""su-styled-text primary bold large"">38 watchers</span> <span class=""su-styled-text negative bold large"">Save up to 5% when you buy more</span>",,"<span class=""su-styled-text primary default"">Panasonic FZ-55 Toughbook MK1 i7 Touchsceen 16GB 512GB SSD Windows 11 Pro 4G GPS</span> <span class=""su-styled-text secondary default"">Excellent - Refurbished · </span> <span class=""su-styled-text secondary default"">Panasonic · </span> <span class=""su-styled-text secondary default"">512 GB</span> <span class=""su-styled-text primary bold large-1 s-card__price"">$799.95</span> <span class=""su-styled-text secondary large"">Buy It Now</span> <span class=""su-styled-text secondary large"">+$412.41 delivery</span> <span class=""su-styled-text secondary large"">Located in United States</span> <span class=""su-styled-text secondary large"">Free returns</span> <span class=""su-styled-text primary bold large"">38 watchers</span> <span class=""su-styled-text negative bold large"">Save up to 5% when you buy more</span> <span class=""su-styled-text primary large"">custom-rugged-laptops </span> <span class=""su-styled-text primary large"">100% positive (1.7K)</span> <span class=""su-styled-text default"">eBay Refurbished</span>"
"<span class=""su-styled-text primary default"">Dell XPS 13 9310 13.4"" 4K Uhd+ i7-1185G7 16GB RAM 512 SSD Windows 11 Pro Laptop</span>","<span class=""su-styled-text primary bold large-1 s-card__price"">$459.00</span> <span class=""su-styled-text secondary large"">Buy It Now</span> <span class=""su-styled-text secondary large"">+$222.62 delivery</span> <span class=""su-styled-text secondary large"">Located in United States</span> <span class=""su-styled-text primary bold large"">45 watchers</span>",,"<span class=""su-styled-text primary default"">Dell XPS 13 9310 13.4"" 4K Uhd+ i7-1185G7 16GB RAM 512 SSD Windows 11 Pro Laptop</span> <span class=""su-styled-text secondary default"">Good - Refurbished · </span> <span class=""su-styled-text secondary default"">Dell</span> <span class=""su-styled-text primary bold large-1 s-card__price"">$459.00</span> <span class=""su-styled-text secondary large"">Buy It Now</span> <span class=""su-styled-text secondary large"">+$222.62 delivery</span> <span class=""su-styled-text secondary large"">Located in United States</span> <span class=""su-styled-text primary bold large"">45 watchers</span> <span class=""su-styled-text primary large"">vrassets </span> <span class=""su-styled-text primary large"">99.6% positive (81.1K)</span> <span class=""su-styled-text default"">eBay Refurbished</span>"
"<span class=""su-styled-text primary default"">HP EliteBook 850 G5 15.6""  i5 1.60GHZ  16GB  256GB SSD</span>","<span class=""su-styled-text primary bold large-1 s-card__price"">$249.99</span> <span class=""su-styled-text secondary large"">or Best Offer</span> <span class=""su-styled-text secondary large"">+$204.74 delivery</span> <span class=""su-styled-text secondary large"">Located in United States</span> <span class=""su-styled-text primary bold large"">366 sold</span>",,"<span class=""su-styled-text primary default"">HP EliteBook 850 G5 15.6""  i5 1.60GHZ  16GB  256GB SSD</span> <span class=""su-styled-text secondary default"">Pre-Owned · </span> <span class=""su-styled-text secondary default"">HP · </span> <span class=""su-styled-text secondary default"">256 GB</span> <span class=""su-styled-text primary bold large-1 s-card__price"">$249.99</span> <span class=""su-styled-text secondary large"">or Best Offer</span> <span class=""su-styled-text secondary large"">+$204.74 delivery</span> <span class=""su-styled-text secondary large"">Located in United States</span> <span class=""su-styled-text primary bold large"">366 sold</span> <span class=""su-styled-text primary large"">luckywolf29 </span> <span class=""su-styled-text primary large"">99.8% positive (53.1K)</span>"
"<span class=""su-styled-text primary default"">Dell Inspiron 15 3535 Laptop AMD Ryzen 7 7730U 16GB 512GB SSD 15.6"" FHD Touch</span>","<span class=""su-styled-text primary bold large-1 s-card__price"">$374.00</span> <span class=""su-styled-text secondary strikethrough large"">$499.00</span> <span class=""su-styled-text secondary large"">Buy It Now</span> <span class=""su-styled-text secondary large"">+$210.63 delivery</span> <span class=""su-styled-text secondary large"">Located in United States</span> <span class=""su-styled-text primary bold large"">430 sold</span>",,"<span class=""su-styled-text primary default"">Dell Inspiron 15 3535 Laptop AMD Ryzen 7 7730U 16GB 512GB SSD 15.6"" FHD Touch</span> <span class=""su-styled-text secondary default"">Certified - Refurbished · </span> <span class=""su-styled-text secondary default"">Dell</span> <span class=""su-styled-text primary bold large-1 s-card__price"">$374.00</span> <span class=""su-styled-text secondary strikethrough large"">$499.00</span> <span class=""su-styled-text secondary large"">Buy It Now</span> <span class=""su-styled-text secondary large"">+$210.63 delivery</span> <span class=""su-styled-text secondary large"">Located in United States</span> <span class=""su-styled-text primary bold large"">430 sold</span> <span class=""su-styled-text primary large"">new.techies </span> <span class=""su-styled-text primary large"">99.3% positive (21.8K)</span> <span class=""su-styled-text default"">eBay Refurbished</span>"
"<span class=""su-styled-text primary default"">HP Laptop 14"" HD Quad-Core Intel N150 16GB RAM 256GB Storage Webcam Win 11 Blue</span>","<span class=""su-styled-text primary bold large-1 s-card__price"">$253.00</span> <span class=""su-styled-text secondary strikethrough large"">$449.00</span> <span class=""su-styled-text secondary large"">Buy It Now</span> <span class=""su-styled-text secondary large"">+$190.39 delivery</span> <span class=""su-styled-text secondary large"">Located in United States</span>",,"<span class=""su-styled-text primary default"">HP Laptop 14"" HD Quad-Core Intel N150 16GB RAM 256GB Storage Webcam Win 11 Blue</span> <span class=""su-styled-text secondary default"">Certified - Refurbished · </span> <span class=""su-styled-text secondary default"">HP</span> <span class=""su-styled-text primary bold large-1 s-card__price"">$253.00</span> <span class=""su-styled-text secondary strikethrough large"">$449.00</span> <span class=""su-styled-text secondary large"">Buy It Now</span> <span class=""su-styled-text secondary large"">+$190.39 delivery</span> <span class=""su-styled-text secondary large"">Located in United States</span> <span class=""su-styled-text primary large"">themaxmart </span> <span class=""su-styled-text primary large"">99.6% positive (16.7K)</span> <span class=""su-styled-text default"">eBay Refurbished</span>"
"<span class=""su-styled-text primary default"">💥NEW💥 Acer Nitro V  RTX 5050/165Hz Gaming Laptop 16GB RAM/512 SSD Ships Fast</span>","<span class=""su-styled-text primary bold large-1 s-card__price"">$718.95</span> <span class=""su-styled-text secondary large"">Buy It Now</span> <span class=""su-styled-text secondary large"">+$312.67 delivery</span> <span class=""su-styled-text secondary large"">Located in United States</span> <span class=""su-styled-text primary bold large"">138 sold</span>",,"<span class=""su-styled-text primary default"">💥NEW💥 Acer Nitro V  RTX 5050/165Hz Gaming Laptop 16GB RAM/512 SSD Ships Fast</span> <span class=""su-styled-text secondary default"">Brand New · </span> <span class=""su-styled-text secondary default"">Acer · </span> <span class=""su-styled-text secondary default"">512 GB</span> <span class=""su-styled-text primary bold large-1 s-card__price"">$718.95</span> <span class=""su-styled-text secondary large"">Buy It Now</span> <span class=""su-styled-text secondary large"">+$312.67 delivery</span> <span class=""su-styled-text secondary large"">Located in United States</span> <span class=""su-styled-text primary bold large"">138 sold</span> <span class=""su-styled-text primary large"">andymc503 </span> <span class=""su-styled-text primary large"">100% positive (7.2K)</span>"
"<span class=""su-styled-text primary default"">Lenovo IdeaPad Slim 3x 15.3"" Touch Snapdragon X 16GB 1TB SSD GRAY 83N30010US</span>","<span class=""su-styled-text primary bold large-1 s-card__price"">$399.00</span> <span class=""su-styled-text secondary large"">Buy It Now</span> <span class=""su-styled-text secondary large"">+$231.57 delivery</span> <span class=""su-styled-text secondary large"">Located in United States</span> <span class=""su-styled-text primary bold large"">54 watchers</span>",,"<span class=""su-styled-text primary default"">Lenovo IdeaPad Slim 3x 15.3"" Touch Snapdragon X 16GB 1TB SSD GRAY 83N30010US</span> <span class=""su-styled-text secondary default"">Open Box · </span> <span class=""su-styled-text secondary default"">Lenovo</span> <span class=""su-styled-text primary bold large-1 s-card__price"">$399.00</span> <span class=""su-styled-text secondary large"">Buy It Now</span> <span class=""su-styled-text secondary large"">+$231.57 delivery</span> <span class=""su-styled-text secondary large"">Located in United States</span> <span class=""su-styled-text primary bold large"">54 watchers</span> <span class=""su-styled-text primary large"">zacks-silo </span> <span class=""su-styled-text primary large"">99.6% positive (5K)</span>"
"<span class=""su-styled-text primary default"">LENOVO LEGION Y540-15IRH | CORE I7-9750H | 1TB | 32GB RAM | 237GB SSD | 2.60 GHZ</span>","<span class=""su-styled-text primary bold large-1 s-card__price"">$910.00</span> <span class=""su-styled-text secondary strikethrough large"">$1,750.00</span> <span class=""su-styled-text secondary large"">Buy It Now</span> <span class=""su-styled-text secondary large"">+$55.00 delivery</span> <span class=""su-styled-text secondary large"">Located in United States</span>",,"<span class=""su-styled-text primary default"">LENOVO LEGION Y540-15IRH | CORE I7-9750H | 1TB | 32GB RAM | 237GB SSD | 2.60 GHZ</span> <span class=""su-styled-text secondary default"">Pre-Owned · </span> <span class=""su-styled-text secondary default"">Lenovo · </span> <span class=""su-styled-text secondary default"">1 TB</span> <span class=""su-styled-text primary bold large-1 s-card__price"">$910.00</span> <span class=""su-styled-text secondary strikethrough large"">$1,750.00</span> <span class=""su-styled-text secondary large"">Buy It Now</span> <span class=""su-styled-text secondary large"">+$55.00 delivery</span> <span class=""su-styled-text secondary large"">Located in United States</span> <span class=""su-styled-text primary large"">aaasalesdirect </span> <span class=""su-styled-text primary large"">99.5% positive (21.4K)</span>"
"<span class=""su-styled-text primary default"">Dell Latitude 5590 15.6"" Laptop Intel Core i5 4GB RAM 128GB SSD Windows 11</span>","<span class=""su-styled-text primary bold large-1 s-card__price"">$125.00</span> <span class=""su-styled-text secondary large"">Buy It Now</span> <span class=""su-styled-text secondary large"">+$90.00 delivery</span> <span class=""su-styled-text secondary large"">Located in United States</span> <span class=""su-styled-text negative bold large"">Last one</span> <span class=""su-styled-text primary bold large"">66 sold</span> <span class=""su-styled-text negative bold large"">Extra 5% off with coupon</span>",,"<span class=""su-styled-text primary default"">Dell Latitude 5590 15.6"" Laptop Intel Core i5 4GB RAM 128GB SSD Windows 11</span> <span class=""su-styled-text secondary default"">Pre-Owned · </span> <span class=""su-styled-text secondary default"">Dell</span> <span class=""su-styled-text primary bold large-1 s-card__price"">$125.00</span> <span class=""su-styled-text secondary large"">Buy It Now</span> <span class=""su-styled-text secondary large"">+$90.00 delivery</span> <span class=""su-styled-text secondary large"">Located in United States</span> <span class=""su-styled-text negative bold large"">Last one</span> <span class=""su-styled-text primary bold large"">66 sold</span> <span class=""su-styled-text negative bold large"">Extra 5% off with coupon</span> <span class=""su-styled-text primary large"">jcs_computer_store </span> <span class=""su-styled-text primary large"">98.8% positive (78.1K)</span>"
"<span class=""su-styled-text primary default"">Lenovo ThinkPad T14 Gen 1 Core i7-10510U 1.80 GHz 8 GB DDR4 256 GB NVMe Windows</span>","<span class=""su-styled-text primary bold large-1 s-card__price"">$199.99</span> <span class=""su-styled-text secondary large"">Buy It Now</span> <span class=""su-styled-text secondary large"">+$250.00 delivery</span> <span class=""su-styled-text secondary large"">Located in United States</span> <span class=""su-styled-text primary bold large"">11 watchers</span>",,"<span class=""su-styled-text primary default"">Lenovo ThinkPad T14 Gen 1 Core i7-10510U 1.80 GHz 8 GB DDR4 256 GB NVMe Windows</span> <span class=""su-styled-text secondary default"">Pre-Owned · </span> <span class=""su-styled-text secondary default"">Lenovo</span> <span class=""su-styled-text primary bold large-1 s-card__price"">$199.99</span> <span class=""su-styled-text secondary large"">Buy It Now</span> <span class=""su-styled-text secondary large"">+$250.00 delivery</span> <span class=""su-styled-text secondary large"">Located in United States</span> <span class=""su-styled-text primary bold large"">11 watchers</span> <span class=""su-styled-text primary large"">harddrivesonly </span> <span class=""su-styled-text primary large"">99.8% positive (32.3K)</span>"
"<span class=""su-styled-text primary default"">Dell Latitude 5420 Quad Core i5 8GB 256GB SSD Windows 11 **One Year Warranty**</span>","<span class=""su-styled-text primary bold large-1 s-card__price"">$199.91</span> <span class=""su-styled-text secondary large"">Buy It Now</span> <span class=""su-styled-text secondary large"">+$170.59 delivery</span> <span class=""su-styled-text secondary large"">Located in United States</span> <span class=""su-styled-text primary bold large"">61 sold</span> <span class=""su-styled-text negative bold large"">Save up to 5% when you buy more</span>",,"<span class=""su-styled-text primary default"">Dell Latitude 5420 Quad Core i5 8GB 256GB SSD Windows 11 **One Year Warranty**</span> <span class=""su-styled-text secondary default"">Very Good - Refurbished · </span> <span class=""su-styled-text secondary default"">Dell · </span> <span class=""su-styled-text secondary default"">256 GB</span> <span class=""su-styled-text primary bold large-1 s-card__price"">$199.91</span> <span class=""su-styled-text secondary large"">Buy It Now</span> <span class=""su-styled-text secondary large"">+$170.59 delivery</span> <span class=""su-styled-text secondary large"">Located in United States</span> <span class=""su-styled-text primary bold large"">61 sold</span> <span class=""su-styled-text negative bold large"">Save up to 5% when you buy more</span> <span class=""su-styled-text primary large"">rtrcomputers </span> <span class=""su-styled-text primary large"">100% positive (9.2K)</span> <span class=""su-styled-text default"">eBay Refurbished</span>"
"<span class=""su-styled-text primary default"">ASUS ROG Ally 7"" Touch AMD Ryzen Z1 Extreme 16GB 512GB SSD W11H Gaming Console</span>","<span class=""su-styled-text primary bold large-1 s-card__price"">$459.00</span> <span class=""su-styled-text secondary strikethrough large"">$829.99</span> <span class=""su-styled-text secondary large"">Buy It Now</span> <span class=""su-styled-text secondary large"">+$252.88 delivery</span> <span class=""su-styled-text secondary large"">Located in United States</span> <span class=""su-styled-text primary bold large"">152 sold</span>",,"<span class=""su-styled-text primary default"">ASUS ROG Ally 7"" Touch AMD Ryzen Z1 Extreme 16GB 512GB SSD W11H Gaming Console</span> <span class=""su-styled-text secondary default"">Certified - Refurbished · </span> <span class=""su-styled-text secondary default"">ASUS</span> <span class=""su-styled-text primary bold large-1 s-card__price"">$459.00</span> <span class=""su-styled-text secondary strikethrough large"">$829.99</span> <span class=""su-styled-text secondary large"">Buy It Now</span> <span class=""su-styled-text secondary large"">+$252.88 delivery</span> <span class=""su-styled-text secondary large"">Located in United States</span> <span class=""su-styled-text primary bold large"">152 sold</span> <span class=""su-styled-text primary large"">prycedin </span> <span class=""su-styled-text primary large"">99.4% positive (78.9K)</span> <span class=""su-styled-text default"">eBay Refurbished</span>"
"<span class=""su-styled-text primary default"">Dell Latitude Business Laptop 14"" Intel Core i5 16GB RAM 512GB SSD Win 11 Pro</span>","<span class=""su-styled-text primary bold large-1 s-card__price"">$274.34</span> <span class=""su-styled-text secondary large"">or Best Offer</span> <span class=""su-styled-text secondary large"">+$187.70 delivery</span> <span class=""su-styled-text secondary large"">Located in United States</span> <span class=""su-styled-text primary bold large"">Last one</span> <span class=""su-styled-text primary bold large"">726 sold</span>",,"<span class=""su-styled-text primary default"">Dell Latitude Business Laptop 14"" Intel Core i5 16GB RAM 512GB SSD Win 11 Pro</span> <span class=""su-styled-text secondary default"">Good - Refurbished · </span> <span class=""su-styled-text secondary default"">Dell</span> <span class=""su-styled-text primary bold large-1 s-card__price"">$274.34</span> <span class=""su-styled-text secondary large"">or Best Offer</span> <span class=""su-styled-text secondary large"">+$187.70 delivery</span> <span class=""su-styled-text secondary large"">Located in United States</span> <span class=""su-styled-text primary bold large"">Last one</span> <span class=""su-styled-text primary bold large"">726 sold</span> <span class=""su-styled-text primary large"">discountcomputerdepot </span> <span class=""su-styled-text primary large"">99.3% positive (154.7K)</span> <span class=""su-styled-text default"">eBay Refurbished</span>"
"<span class=""su-styled-text primary default"">Dell Latitude 5420 Laptop - 2.6 GHz i5-1145G7 16GB 512GB SSD - 14"" Touchscreen</span>","<span class=""su-styled-text primary bold large-1 s-card__price"">$258.00</span> <span class=""su-styled-text secondary large"">Buy It Now</span> <span class=""su-styled-text secondary large"">+$236.84 delivery</span> <span class=""su-styled-text secondary large"">Located in United States</span> <span class=""su-styled-text primary bold large"">34 sold</span>",,"<span class=""su-styled-text primary default"">Dell Latitude 5420 Laptop - 2.6 GHz i5-1145G7 16GB 512GB SSD - 14"" Touchscreen</span> <span class=""su-styled-text secondary default"">One Year Warranty Included! Quality Refurbished Laptop!</span> <span class=""su-styled-text secondary default"">Very Good - Refurbished · </span> <span class=""su-styled-text secondary default"">Dell · </span> <span class=""su-styled-text secondary default"">512 GB</span> <span class=""su-styled-text primary bold large-1 s-card__price"">$258.00</span> <span class=""su-styled-text secondary large"">Buy It Now</span> <span class=""su-styled-text secondary large"">+$236.84 delivery</span> <span class=""su-styled-text secondary large"">Located in United States</span> <span class=""su-styled-text primary bold large"">34 sold</span> <span class=""su-styled-text primary large"">thelaptopbarn </span> <span class=""su-styled-text primary large"">99.9% positive (55.8K)</span> <span class=""su-styled-text default"">eBay Refurbished</span>"
"<span class=""su-styled-text primary default"">HP 17-g1115NG 17.3"" 1600X900 AMD A10-8700p 10CORE 8gb 256gb NVME AMD r7 2GB</span>","<span class=""su-styled-text primary bold large-1 s-card__price"">$240.90</span> <span class=""su-styled-text secondary large"">or Best Offer</span> <span class=""su-styled-text secondary large"">+$20.55 delivery</span> <span class=""su-styled-text secondary large"">Located in Italy</span>",,"<span class=""su-styled-text primary default"">HP 17-g1115NG 17.3"" 1600X900 AMD A10-8700p 10CORE 8gb 256gb NVME AMD r7 2GB</span> <span class=""su-styled-text secondary default"">Pre-Owned</span> <span class=""su-styled-text primary bold large-1 s-card__price"">$240.90</span> <span class=""su-styled-text secondary large"">or Best Offer</span> <span class=""su-styled-text secondary large"">+$20.55 delivery</span> <span class=""su-styled-text secondary large"">Located in Italy</span> <span class=""su-styled-text primary large"">logicfeed </span> <span class=""su-styled-text primary large"">92.4% positive (2.7K)</span>"
"<span class=""su-styled-text primary bold default"">14"" FHD TouchScreen Dell Laptop PC: Intel i5 Quad Core! 16GB RAM, 256GB NVME SSD</span>","<span class=""su-styled-text primary bold large-1 s-card__price"">$297.59</span> <span class=""su-styled-text secondary strikethrough large"">$397.59</span> <span class=""su-styled-text secondary large"">or Best Offer</span> <span class=""su-styled-text secondary large"">+$193.05 delivery</span> <span class=""su-styled-text secondary large"">Located in United States</span> <span class=""su-styled-text primary bold large"">Last one</span> <span class=""su-styled-text primary bold large"">210 sold</span>",,"<span class=""su-styled-text primary bold default"">14"" FHD TouchScreen Dell Laptop PC: Intel i5 Quad Core! 16GB RAM, 256GB NVME SSD</span> <span class=""su-styled-text secondary default"">Backlit Keyboard! Bluetooth! 1 Year Warranty!</span> <span class=""su-styled-text secondary default"">Excellent - Refurbished · </span> <span class=""su-styled-text secondary default"">Dell</span> <span class=""su-styled-text primary bold large-1 s-card__price"">$297.59</span> <span class=""su-styled-text secondary strikethrough large"">$397.59</span> <span class=""su-styled-text secondary large"">or Best Offer</span> <span class=""su-styled-text secondary large"">+$193.05 delivery</span> <span class=""su-styled-text secondary large"">Located in United States</span> <span class=""su-styled-text primary bold large"">Last one</span> <span class=""su-styled-text primary bold large"">210 sold</span> <span class=""su-styled-text primary large"">rinuvo </span> <span class=""su-styled-text primary large"">99.7% positive (12.1K)</span> <span class=""su-styled-text default"">eBay Refurbished</span>"
"<span class=""su-styled-text primary default"">14"" Lenovo ThinkPad Laptop: Intel i5 (16GB RAM ~ 512GB SSD) Zorin Core Edition!</span>","<span class=""su-styled-text primary bold large-1 s-card__price"">$154.99</span> <span class=""su-styled-text secondary strikethrough large"">$254.99</span> <span class=""su-styled-text secondary large"">or Best Offer</span> <span class=""su-styled-text secondary large"">+$160.25 delivery</span> <span class=""su-styled-text secondary large"">Located in United States</span> <span class=""su-styled-text primary bold large"">Almost gone</span> <span class=""su-styled-text primary bold large"">179 sold</span>",,"<span class=""su-styled-text primary default"">14"" Lenovo ThinkPad Laptop: Intel i5 (16GB RAM ~ 512GB SSD) Zorin Core Edition!</span> <span class=""su-styled-text secondary default"">Stop Planned Obsolescence w Zorin OS!</span> <span class=""su-styled-text secondary default"">Good - Refurbished · </span> <span class=""su-styled-text secondary default"">Lenovo</span> <span class=""su-styled-text primary bold large-1 s-card__price"">$154.99</span> <span class=""su-styled-text secondary strikethrough large"">$254.99</span> <span class=""su-styled-text secondary large"">or Best Offer</span> <span class=""su-styled-text secondary large"">+$160.25 delivery</span> <span class=""su-styled-text secondary large"">Located in United States</span> <span class=""su-styled-text primary bold large"">Almost gone</span> <span class=""su-styled-text primary bold large"">179 sold</span> <span class=""su-styled-text primary large"">rinuvo </span> <span class=""su-styled-text primary large"">99.7% positive (12.1K)</span> <span class=""su-styled-text default"">eBay Refurbished</span>"
"<span class=""su-styled-text primary default"">Dell Latitude 5530 15-In Laptop Intel Core i7-1265U 32GB RAM 512GB SSD</span>","<span class=""su-styled-text primary bold large-1 s-card__price"">$492.99</span> <span class=""su-styled-text secondary strikethrough large"">$1,599.00</span> <span class=""su-styled-text secondary large"">Buy It Now</span> <span class=""su-styled-text secondary large"">+$290.88 delivery</span> <span class=""su-styled-text secondary large"">Located in United States</span> <span class=""su-styled-text primary bold large"">Last one</span> <span class=""su-styled-text primary bold large"">23 sold</span>",,"<span class=""su-styled-text primary default"">Dell Latitude 5530 15-In Laptop Intel Core i7-1265U 32GB RAM 512GB SSD</span> <span class=""su-styled-text secondary default"">🛡️1yr Allstate Warranty 🚚Quick Delivery 🔁Free Return</span> <span class=""su-styled-text secondary default"">Excellent - Refurbished · </span> <span class=""su-styled-text secondary default"">Dell</span> <span class=""su-styled-text primary bold large-1 s-card__price"">$492.99</span> <span class=""su-styled-text secondary strikethrough large"">$1,599.00</span> <span class=""su-styled-text secondary large"">Buy It Now</span> <span class=""su-styled-text secondary large"">+$290.88 delivery</span> <span class=""su-styled-text secondary large"">Located in United States</span> <span class=""su-styled-text primary bold large"">Last one</span> <span class=""su-styled-text primary bold large"">23 sold</span> <span class=""su-styled-text primary large"">focuscamera </span> <span class=""su-styled-text primary large"">99.6% positive (207.3K)</span> <span class=""su-styled-text default"">eBay Refurbished</span>"
"<span class=""su-styled-text primary default"">Lenovo Yoga 11e Touchscreen 2-in-1 Laptop Pentium 4GB RAM 256GB SSD Windows 11</span>","<span class=""su-styled-text primary bold large-1 s-card__price"">$137.16</span> <span class=""su-styled-text secondary large"">Buy It Now</span> <span class=""su-styled-text secondary large"">+$156.15 delivery</span> <span class=""su-styled-text secondary large"">Located in United States</span> <span class=""su-styled-text primary bold large"">1,059 sold</span>",,"<span class=""su-styled-text primary default"">Lenovo Yoga 11e Touchscreen 2-in-1 Laptop Pentium 4GB RAM 256GB SSD Windows 11</span> <span class=""su-styled-text secondary default"">Good - Refurbished · </span> <span class=""su-styled-text secondary default"">Lenovo</span> <span class=""su-styled-text primary bold large-1 s-card__price"">$137.16</span> <span class=""su-styled-text secondary large"">Buy It Now</span> <span class=""su-styled-text secondary large"">+$156.15 delivery</span> <span class=""su-styled-text secondary large"">Located in United States</span> <span class=""su-styled-text primary bold large"">1,059 sold</span> <span class=""su-styled-text primary large"">discountcomputerdepot </span> <span class=""su-styled-text primary large"">99.3% positive (154.7K)</span> <span class=""su-styled-text default"">eBay Refurbished</span>"
"<span class=""su-styled-text primary default"">HP Elitebook 840 G10 14"" 13th Gen i7. 32GB RAM 512GB SSD</span>","<span class=""su-styled-text primary bold large-1 s-card__price"">$499.99</span> <span class=""su-styled-text secondary large"">or Best Offer</span> <span class=""su-styled-text secondary large"">+$204.74 delivery</span> <span class=""su-styled-text secondary large"">Located in United States</span> <span class=""su-styled-text primary bold large"">126 sold</span>",,"<span class=""su-styled-text primary default"">HP Elitebook 840 G10 14"" 13th Gen i7. 32GB RAM 512GB SSD</span> <span class=""su-styled-text secondary default"">Pre-Owned · </span> <span class=""su-styled-text secondary default"">HP · </span> <span class=""su-styled-text secondary default"">512 GB</span> <span class=""su-styled-text primary bold large-1 s-card__price"">$499.99</span> <span class=""su-styled-text secondary large"">or Best Offer</span> <span class=""su-styled-text secondary large"">+$204.74 delivery</span> <span class=""su-styled-text secondary large"">Located in United States</span> <span class=""su-styled-text primary bold large"">126 sold</span> <span class=""su-styled-text primary large"">luckywolf29 </span> <span class=""su-styled-text primary large"">99.8% positive (53.1K)</span>"
"<span class=""su-styled-text primary default"">Dell XPS 13 9310 13.4"" UHD+ i7-1185G7 16GB RAM 512GB SSD Windows 11 Pro Touch</span>","<span class=""su-styled-text primary bold large-1 s-card__price"">$479.00</span> <span class=""su-styled-text secondary large"">Buy It Now</span> <span class=""su-styled-text secondary large"">+$249.97 delivery</span> <span class=""su-styled-text secondary large"">Located in United States</span> <span class=""su-styled-text primary bold large"">65 watchers</span>",,"<span class=""su-styled-text primary default"">Dell XPS 13 9310 13.4"" UHD+ i7-1185G7 16GB RAM 512GB SSD Windows 11 Pro Touch</span> <span class=""su-styled-text secondary default"">Excellent - Refurbished · </span> <span class=""su-styled-text secondary default"">Dell</span> <span class=""su-styled-text primary bold large-1 s-card__price"">$479.00</span> <span class=""su-styled-text secondary large"">Buy It Now</span> <span class=""su-styled-text secondary large"">+$249.97 delivery</span> <span class=""su-styled-text secondary large"">Located in United States</span> <span class=""su-styled-text primary bold large"">65 watchers</span> <span class=""su-styled-text primary large"">vrassets </span> <span class=""su-styled-text primary large"">99.6% positive (81.1K)</span> <span class=""su-styled-text default"">eBay Refurbished</span>"
"<span class=""su-styled-text primary default"">HP Chromebook 11A G8 11.6"" Laptop 4GB RAM 32GB SSD WIFI Webcam Chrome OS</span>","<span class=""su-styled-text primary bold large-1 s-card__price"">$49.99</span> <span class=""su-styled-text secondary large"">Buy It Now</span> <span class=""su-styled-text secondary large"">+$128.55 delivery</span> <span class=""su-styled-text secondary large"">Located in United States</span> <span class=""su-styled-text primary bold large"">2,519 sold</span>",,"<span class=""su-styled-text primary default"">HP Chromebook 11A G8 11.6"" Laptop 4GB RAM 32GB SSD WIFI Webcam Chrome OS</span> <span class=""su-styled-text secondary default"">Very Good - Refurbished · </span> <span class=""su-styled-text secondary default"">HP</span> <span class=""su-styled-text primary bold large-1 s-card__price"">$49.99</span> <span class=""su-styled-text secondary large"">Buy It Now</span> <span class=""su-styled-text secondary large"">+$128.55 delivery</span> <span class=""su-styled-text secondary large"">Located in United States</span> <span class=""su-styled-text primary bold large"">2,519 sold</span> <span class=""su-styled-text primary large"">discountcomputerdepot </span> <span class=""su-styled-text primary large"">99.3% positive (154.7K)</span> <span class=""su-styled-text default"">eBay Refurbished</span>"
"<span class=""su-styled-text primary default"">HP 15.6"" Touch Laptop, 13th Gen Intel i3, 16GB RAM &amp; 512BG SSD Win 11 Pro+Office</span>","<span class=""su-styled-text primary bold large-1 s-card__price"">$409.00</span> <span class=""su-styled-text secondary strikethrough large"">$609.00</span> <span class=""su-styled-text secondary large"">Buy It Now</span> <span class=""su-styled-text secondary large"">+$226.27 delivery</span> <span class=""su-styled-text secondary large"">Located in United States</span> <span class=""su-styled-text negative bold large"">Last one</span> <span class=""su-styled-text primary bold large"">13 sold</span>",,"<span class=""su-styled-text primary default"">HP 15.6"" Touch Laptop, 13th Gen Intel i3, 16GB RAM &amp; 512BG SSD Win 11 Pro+Office</span> <span class=""su-styled-text secondary default"">Open Box · </span> <span class=""su-styled-text secondary default"">HP · </span> <span class=""su-styled-text secondary default"">512 GB</span> <span class=""su-styled-text primary bold large-1 s-card__price"">$409.00</span> <span class=""su-styled-text secondary strikethrough large"">$609.00</span> <span class=""su-styled-text secondary large"">Buy It Now</span> <span class=""su-styled-text secondary large"">+$226.27 delivery</span> <span class=""su-styled-text secondary large"">Located in United States</span> <span class=""su-styled-text negative bold large"">Last one</span> <span class=""su-styled-text primary bold large"">13 sold</span> <span class=""su-styled-text primary large"">hellogoodlife1 </span> <span class=""su-styled-text primary large"">97.9% positive (18.9K)</span>"
"<span class=""su-styled-text primary default"">Lenovo ThinkPad E490s Core i5-8265U 1.60 GHz 16 GB DDR4 No HDD</span>","<span class=""su-styled-text primary bold large-1 s-card__price"">$139.99</span> <span class=""su-styled-text secondary large"">Buy It Now</span> <span class=""su-styled-text secondary large"">+$250.00 delivery</span> <span class=""su-styled-text secondary large"">Located in United States</span>",,"<span class=""su-styled-text primary default"">Lenovo ThinkPad E490s Core i5-8265U 1.60 GHz 16 GB DDR4 No HDD</span> <span class=""su-styled-text secondary default"">Pre-Owned · </span> <span class=""su-styled-text secondary default"">Lenovo</span> <span class=""su-styled-text primary bold large-1 s-card__price"">$139.99</span> <span class=""su-styled-text secondary large"">Buy It Now</span> <span class=""su-styled-text secondary large"">+$250.00 delivery</span> <span class=""su-styled-text secondary large"">Located in United States</span> <span class=""su-styled-text primary large"">harddrivesonly </span> <span class=""su-styled-text primary large"">99.8% positive (32.3K)</span>"
"<span class=""su-styled-text primary default"">HP ProBook 455 G8 Ryzen 7 5800U 1.90 GHz 16 GB DDR4 256 GB NVMe Windows 11 Pro</span>","<span class=""su-styled-text primary bold large-1 s-card__price"">$299.99</span> <span class=""su-styled-text secondary large"">Buy It Now</span> <span class=""su-styled-text secondary large"">+$250.00 delivery</span> <span class=""su-styled-text secondary large"">Located in United States</span>",,"<span class=""su-styled-text primary default"">HP ProBook 455 G8 Ryzen 7 5800U 1.90 GHz 16 GB DDR4 256 GB NVMe Windows 11 Pro</span> <span class=""su-styled-text secondary default"">Pre-Owned · </span> <span class=""su-styled-text secondary default"">HP</span> <span class=""su-styled-text primary bold large-1 s-card__price"">$299.99</span> <span class=""su-styled-text secondary large"">Buy It Now</span> <span class=""su-styled-text secondary large"">+$250.00 delivery</span> <span class=""su-styled-text secondary large"">Located in United States</span> <span class=""su-styled-text primary large"">harddrivesonly </span> <span class=""su-styled-text primary large"">99.8% positive (32.3K)</span>"
"<span class=""su-styled-text primary default"">Dell 16 DC16251 16"" FHD+ Touch Laptop Core 7 150U 32GB DDR5 1TB SSD Win11 Sealed</span>","<span class=""su-styled-text primary bold large-1 s-card__price"">$779.89</span> <span class=""su-styled-text secondary large"">or Best Offer</span> <span class=""su-styled-text secondary large"">+$328.79 delivery</span> <span class=""su-styled-text secondary large"">Located in United States</span>",,"<span class=""su-styled-text primary default"">Dell 16 DC16251 16"" FHD+ Touch Laptop Core 7 150U 32GB DDR5 1TB SSD Win11 Sealed</span> <span class=""su-styled-text secondary default"">Brand New · </span> <span class=""su-styled-text secondary default"">Dell · </span> <span class=""su-styled-text secondary default"">1 TB</span> <span class=""su-styled-text primary bold large-1 s-card__price"">$779.89</span> <span class=""su-styled-text secondary large"">or Best Offer</span> <span class=""su-styled-text secondary large"">+$328.79 delivery</span> <span class=""su-styled-text secondary large"">Located in United States</span> <span class=""su-styled-text primary large"">anchorridge </span> <span class=""su-styled-text primary large"">97.3% positive (323)</span>"
"<span class=""su-styled-text primary default"">Dell Precision M4800 15.6"" Intel i7-4710MQ 2.50GHz 16GB RAM 256GB SSD, WIN 10 PR</span>","<span class=""su-styled-text primary bold large-1 s-card__price"">$245.00</span> <span class=""su-styled-text secondary large"">or Best Offer</span> <span class=""su-styled-text secondary large"">Shipping not specified</span> <span class=""su-styled-text secondary large"">Located in United States</span> <span class=""su-styled-text primary bold large"">2 watchers</span>",,"<span class=""su-styled-text primary default"">Dell Precision M4800 15.6"" Intel i7-4710MQ 2.50GHz 16GB RAM 256GB SSD, WIN 10 PR</span> <span class=""su-styled-text secondary default"">Pre-Owned · </span> <span class=""su-styled-text secondary default"">Dell</span> <span class=""su-styled-text primary bold large-1 s-card__price"">$245.00</span> <span class=""su-styled-text secondary large"">or Best Offer</span> <span class=""su-styled-text secondary large"">Shipping not specified</span> <span class=""su-styled-text secondary large"">Located in United States</span> <span class=""su-styled-text primary bold large"">2 watchers</span> <span class=""su-styled-text primary large"">geeni75 </span> <span class=""su-styled-text primary large"">93.7% positive (296)</span>"
"<span class=""su-styled-text primary default"">Dell Latitude 14"" Laptop PC Intel i5 Quad Core! 16GB RAM 256GB SSD Touchscreen!</span>","<span class=""su-styled-text primary bold large-1 s-card__price"">$199.99</span> <span class=""su-styled-text secondary large"">or Best Offer</span> <span class=""su-styled-text secondary large"">+$163.05 delivery</span> <span class=""su-styled-text secondary large"">Located in United States</span> <span class=""su-styled-text primary bold large"">Last one</span> <span class=""su-styled-text primary bold large"">30 watchers</span> <span class=""su-styled-text negative bold large"">Save up to 5% when you buy more</span>",,"<span class=""su-styled-text primary default"">Dell Latitude 14"" Laptop PC Intel i5 Quad Core! 16GB RAM 256GB SSD Touchscreen!</span> <span class=""su-styled-text secondary default"">Very Good - Refurbished · </span> <span class=""su-styled-text secondary default"">Dell · </span> <span class=""su-styled-text secondary default"">256 GB</span> <span class=""su-styled-text primary bold large-1 s-card__price"">$199.99</span> <span class=""su-styled-text secondary large"">or Best Offer</span> <span class=""su-styled-text secondary large"">+$163.05 delivery</span> <span class=""su-styled-text secondary large"">Located in United States</span> <span class=""su-styled-text primary bold large"">Last one</span> <span class=""su-styled-text primary bold large"">30 watchers</span> <span class=""su-styled-text negative bold large"">Save up to 5% when you buy more</span> <span class=""su-styled-text primary large"">mike_the_tech </span> <span class=""su-styled-text primary large"">99.5% positive (1K)</span> <span class=""su-styled-text default"">eBay Refurbished</span>"
"<span class=""su-styled-text primary default"">HP EliteBook 850 G7 15.6"" Laptop i7-10610U 1.80GHz 16GB RAM 256GB NVMe Win 11</span>","<span class=""su-styled-text primary bold large-1 s-card__price"">$279.99</span> <span class=""su-styled-text secondary large"">Buy It Now</span> <span class=""su-styled-text secondary large"">+$219.23 delivery</span> <span class=""su-styled-text secondary large"">Located in United States</span>",,"<span class=""su-styled-text primary default"">HP EliteBook 850 G7 15.6"" Laptop i7-10610U 1.80GHz 16GB RAM 256GB NVMe Win 11</span> <span class=""su-styled-text secondary default"">Very Good - Refurbished · </span> <span class=""su-styled-text secondary default"">HP</span> <span class=""su-styled-text primary bold large-1 s-card__price"">$279.99</span> <span class=""su-styled-text secondary large"">Buy It Now</span> <span class=""su-styled-text secondary large"">+$219.23 delivery</span> <span class=""su-styled-text secondary large"">Located in United States</span> <span class=""su-styled-text primary large"">proearthtech </span> <span class=""su-styled-text primary large"">99.9% positive (16.2K)</span> <span class=""su-styled-text default"">eBay Refurbished</span>"
"<span class=""su-styled-text primary default"">Panasonic Toughbook CF-33 Core i5 6300U 2.4GHz 8GB 256GB SSD Win 10 Pro</span>","<span class=""su-styled-text primary bold large-1 s-card__price"">$315.00</span> <span class=""su-styled-text secondary large"">or Best Offer</span> <span class=""su-styled-text secondary large"">+$395.83 delivery</span> <span class=""su-styled-text secondary large"">Located in United States</span> <span class=""su-styled-text primary bold large"">42 sold</span> <span class=""su-styled-text negative bold large"">Save up to 7% when you buy more</span>",,"<span class=""su-styled-text primary default"">Panasonic Toughbook CF-33 Core i5 6300U 2.4GHz 8GB 256GB SSD Win 10 Pro</span> <span class=""su-styled-text secondary default"">Very Good - Refurbished · </span> <span class=""su-styled-text secondary default"">Panasonic</span> <span class=""su-styled-text primary bold large-1 s-card__price"">$315.00</span> <span class=""su-styled-text secondary large"">or Best Offer</span> <span class=""su-styled-text secondary large"">+$395.83 delivery</span> <span class=""su-styled-text secondary large"">Located in United States</span> <span class=""su-styled-text primary bold large"">42 sold</span> <span class=""su-styled-text negative bold large"">Save up to 7% when you buy more</span> <span class=""su-styled-text primary large"">pioneer-surplus </span> <span class=""su-styled-text primary large"">99.7% positive (9K)</span> <span class=""su-styled-text default"">eBay Refurbished</span>"
"<span class=""su-styled-text primary default"">Lenovo 13w Gen 3 83M9000DUS 13.3"" Touchscreen Convertible 2 in 1 Notebook -</span>","<span class=""su-styled-text primary bold large-1 s-card__price"">$480.00</span> <span class=""su-styled-text secondary large"">or Best Offer</span> <span class=""su-styled-text secondary large"">+$242.60 delivery</span> <span class=""su-styled-text secondary large"">Located in United States</span>",,"<span class=""su-styled-text primary default"">Lenovo 13w Gen 3 83M9000DUS 13.3"" Touchscreen Convertible 2 in 1 Notebook -</span> <span class=""su-styled-text secondary default"">Brand New · </span> <span class=""su-styled-text secondary default"">Lenovo</span> <span class=""su-styled-text primary bold large-1 s-card__price"">$480.00</span> <span class=""su-styled-text secondary large"">or Best Offer</span> <span class=""su-styled-text secondary large"">+$242.60 delivery</span> <span class=""su-styled-text secondary large"">Located in United States</span> <span class=""su-styled-text primary large"">rockalbumrarities </span> <span class=""su-styled-text primary large"">99.5% positive (5.1K)</span>"
"<span class=""su-styled-text primary default"">HP 14-dq6013dx 14"" Intel N150 4GB DDR4 128GB UFS W11H Laptop, Willow Green</span>","<span class=""su-styled-text primary bold large-1 s-card__price"">$148.00</span> <span class=""su-styled-text secondary strikethrough large"">$469.99</span> <span class=""su-styled-text secondary large"">Buy It Now</span> <span class=""su-styled-text secondary large"">+$158.65 delivery</span> <span class=""su-styled-text secondary large"">Located in United States</span>",,"<span class=""su-styled-text primary default"">HP 14-dq6013dx 14"" Intel N150 4GB DDR4 128GB UFS W11H Laptop, Willow Green</span> <span class=""su-styled-text secondary default"">Certified - Refurbished · </span> <span class=""su-styled-text secondary default"">HP</span> <span class=""su-styled-text primary bold large-1 s-card__price"">$148.00</span> <span class=""su-styled-text secondary strikethrough large"">$469.99</span> <span class=""su-styled-text secondary large"">Buy It Now</span> <span class=""su-styled-text secondary large"">+$158.65 delivery</span> <span class=""su-styled-text secondary large"">Located in United States</span> <span class=""su-styled-text primary large"">prycedin </span> <span class=""su-styled-text primary large"">99.4% positive (78.9K)</span> <span class=""su-styled-text default"">eBay Refurbished</span>"
"<span class=""su-styled-text primary default"">HP ProBook Laptop 14"" HD Intel Core i5 16GB RAM 256GB SSD Windows 11 WiFi HDMI</span>","<span class=""su-styled-text primary bold large-1 s-card__price"">$215.55</span> <span class=""su-styled-text secondary large"">Buy It Now</span> <span class=""su-styled-text secondary large"">+$174.18 delivery</span> <span class=""su-styled-text secondary large"">Located in United States</span> <span class=""su-styled-text primary bold large"">753 sold</span>",,"<span class=""su-styled-text primary default"">HP ProBook Laptop 14"" HD Intel Core i5 16GB RAM 256GB SSD Windows 11 WiFi HDMI</span> <span class=""su-styled-text secondary default"">Good - Refurbished · </span> <span class=""su-styled-text secondary default"">HP</span> <span class=""su-styled-text primary bold large-1 s-card__price"">$215.55</span> <span class=""su-styled-text secondary large"">Buy It Now</span> <span class=""su-styled-text secondary large"">+$174.18 delivery</span> <span class=""su-styled-text secondary large"">Located in United States</span> <span class=""su-styled-text primary bold large"">753 sold</span> <span class=""su-styled-text primary large"">discountcomputerdepot </span> <span class=""su-styled-text primary large"">99.3% positive (154.7K)</span> <span class=""su-styled-text default"">eBay Refurbished</span>"
"<span class=""su-styled-text primary default"">Dell Latitude 5330 Core i7-1265U 1.80 GHz 16 GB DDR4 512 GB NVMe Windows 11 Pro</span>","<span class=""su-styled-text primary bold large-1 s-card__price"">$269.99</span> <span class=""su-styled-text secondary large"">Buy It Now</span> <span class=""su-styled-text secondary large"">+$250.00 delivery</span> <span class=""su-styled-text secondary large"">Located in United States</span>",,"<span class=""su-styled-text primary default"">Dell Latitude 5330 Core i7-1265U 1.80 GHz 16 GB DDR4 512 GB NVMe Windows 11 Pro</span> <span class=""su-styled-text secondary default"">Pre-Owned · </span> <span class=""su-styled-text secondary default"">Dell</span> <span class=""su-styled-text primary bold large-1 s-card__price"">$269.99</span> <span class=""su-styled-text secondary large"">Buy It Now</span> <span class=""su-styled-text secondary large"">+$250.00 delivery</span> <span class=""su-styled-text secondary large"">Located in United States</span> <span class=""su-styled-text primary large"">harddrivesonly </span> <span class=""su-styled-text primary large"">99.8% positive (32.3K)</span>"
"<span class=""su-styled-text primary default"">Lenovo Yoga 7 16IAP7 Intel Evo i7 IPS Touchscreen 16gb RAM Windows 11 Pro</span>","<span class=""su-styled-text primary bold large-1 s-card__price"">$599.99</span> <span class=""su-styled-text secondary large"">or Best Offer</span> <span class=""su-styled-text secondary large"">+$42.95 delivery</span> <span class=""su-styled-text secondary large"">Located in United States</span> <span class=""su-styled-text negative bold large"">Extra 20% off with coupon</span>",,"<span class=""su-styled-text primary default"">Lenovo Yoga 7 16IAP7 Intel Evo i7 IPS Touchscreen 16gb RAM Windows 11 Pro</span> <span class=""su-styled-text secondary default"">Pre-Owned · </span> <span class=""su-styled-text secondary default"">Lenovo</span> <span class=""su-styled-text primary bold large-1 s-card__price"">$599.99</span> <span class=""su-styled-text secondary large"">or Best Offer</span> <span class=""su-styled-text secondary large"">+$42.95 delivery</span> <span class=""su-styled-text secondary large"">Located in United States</span> <span class=""su-styled-text negative bold large"">Extra 20% off with coupon</span> <span class=""su-styled-text primary large"">choesengoods </span> <span class=""su-styled-text primary large"">100% positive (5K)</span>"
"<span class=""su-styled-text primary default"">PANASONIC TOUGHBOOK (LET'S NOTE) CF-QV1 CORE I7-1185G7 16GB SSD 512GB WIN 11 PRO</span>","<span class=""su-styled-text primary bold large-1 s-card__price"">$699.54</span> <span class=""su-styled-text secondary large"">Buy It Now</span> <span class=""su-styled-text secondary large"">Free International Shipping</span> <span class=""su-styled-text secondary large"">Located in Japan</span> <span class=""su-styled-text secondary large"">Free returns</span>",,"<span class=""su-styled-text primary default"">PANASONIC TOUGHBOOK (LET'S NOTE) CF-QV1 CORE I7-1185G7 16GB SSD 512GB WIN 11 PRO</span> <span class=""su-styled-text secondary default"">Pre-Owned · </span> <span class=""su-styled-text secondary default"">Panasonic</span> <span class=""su-styled-text primary bold large-1 s-card__price"">$699.54</span> <span class=""su-styled-text secondary large"">Buy It Now</span> <span class=""su-styled-text secondary large"">Free International Shipping</span> <span class=""su-styled-text secondary large"">Located in Japan</span> <span class=""su-styled-text secondary large"">Free returns</span> <span class=""su-styled-text primary large"">manekineko-japan </span> <span class=""su-styled-text primary large"">98.4% positive (450)</span>"
"<span class=""su-styled-text primary default"">Dell Latitude 7430 14"" FHD Touchscreen i5-1245U 16GB RAM 512GB SSD Windows 11</span>","<span class=""su-styled-text primary bold large-1 s-card__price"">$274.99</span> <span class=""su-styled-text secondary large"">Buy It Now</span> <span class=""su-styled-text secondary large"">+$187.85 delivery</span> <span class=""su-styled-text secondary large"">Located in United States</span> <span class=""su-styled-text secondary large"">Free returns</span> <span class=""su-styled-text primary bold large"">14 watchers</span>",,"<span class=""su-styled-text primary default"">Dell Latitude 7430 14"" FHD Touchscreen i5-1245U 16GB RAM 512GB SSD Windows 11</span> <span class=""su-styled-text secondary default"">Good - Refurbished · </span> <span class=""su-styled-text secondary default"">Dell</span> <span class=""su-styled-text primary bold large-1 s-card__price"">$274.99</span> <span class=""su-styled-text secondary large"">Buy It Now</span> <span class=""su-styled-text secondary large"">+$187.85 delivery</span> <span class=""su-styled-text secondary large"">Located in United States</span> <span class=""su-styled-text secondary large"">Free returns</span> <span class=""su-styled-text primary bold large"">14 watchers</span> <span class=""su-styled-text primary large"">smgusa </span> <span class=""su-styled-text primary large"">99.4% positive (5K)</span> <span class=""su-styled-text default"">eBay Refurbished</span>"
"<span class=""su-styled-text primary default"">14"" Lenovo ThinkPad Laptop PC: 16GB RAM! 256GB SSD! Intel i5! Zorin Core Edition</span>","<span class=""su-styled-text primary bold large-1 s-card__price"">$140.00</span> <span class=""su-styled-text secondary strikethrough large"">$240.00</span> <span class=""su-styled-text secondary large"">or Best Offer</span> <span class=""su-styled-text secondary large"">+$156.81 delivery</span> <span class=""su-styled-text secondary large"">Located in United States</span> <span class=""su-styled-text primary bold large"">Last one</span> <span class=""su-styled-text primary bold large"">388 sold</span>",,"<span class=""su-styled-text primary default"">14"" Lenovo ThinkPad Laptop PC: 16GB RAM! 256GB SSD! Intel i5! Zorin Core Edition</span> <span class=""su-styled-text secondary default"">Stop Planned Obsolescence! Try risk free for 30 days!</span> <span class=""su-styled-text secondary default"">Good - Refurbished · </span> <span class=""su-styled-text secondary default"">Lenovo</span> <span class=""su-styled-text primary bold large-1 s-card__price"">$140.00</span> <span class=""su-styled-text secondary strikethrough large"">$240.00</span> <span class=""su-styled-text secondary large"">or Best Offer</span> <span class=""su-styled-text secondary large"">+$156.81 delivery</span> <span class=""su-styled-text secondary large"">Located in United States</span> <span class=""su-styled-text primary bold large"">Last one</span> <span class=""su-styled-text primary bold large"">388 sold</span> <span class=""su-styled-text primary large"">rinuvo </span> <span class=""su-styled-text primary large"">99.7% positive (12.1K)</span> <span class=""su-styled-text default"">eBay Refurbished</span>"
"<span class=""su-styled-text primary default"">Lenovo ThinkPad T490s 14""  Laptop i5 8th Gen 256GB NVMe 8GB RAM Win 11 Pro Cam</span>","<span class=""su-styled-text primary bold large-1 s-card__price"">$199.99</span> <span class=""su-styled-text secondary large"">or Best Offer</span> <span class=""su-styled-text secondary large"">+$170.60 delivery</span> <span class=""su-styled-text secondary large"">Located in United States</span> <span class=""su-styled-text primary bold large"">226 sold</span>",,"<span class=""su-styled-text primary default"">Lenovo ThinkPad T490s 14""  Laptop i5 8th Gen 256GB NVMe 8GB RAM Win 11 Pro Cam</span> <span class=""su-styled-text secondary default"">Excellent - Refurbished · </span> <span class=""su-styled-text secondary default"">Lenovo · </span> <span class=""su-styled-text secondary default"">256 GB</span> <span class=""su-styled-text primary bold large-1 s-card__price"">$199.99</span> <span class=""su-styled-text secondary large"">or Best Offer</span> <span class=""su-styled-text secondary large"">+$170.60 delivery</span> <span class=""su-styled-text secondary large"">Located in United States</span> <span class=""su-styled-text primary bold large"">226 sold</span> <span class=""su-styled-text primary large"">kl0 </span> <span class=""su-styled-text primary large"">99.5% positive (53.8K)</span> <span class=""su-styled-text default"">eBay Refurbished</span>"
"<span class=""su-styled-text primary default"">Lenovo Legion Y700 8.8” 13MP Snapdragon 870 WIFI Android 6550mAh</span>","<span class=""su-styled-text primary bold large-1 s-card__price"">$189.53</span> <span class=""su-styled-text primary bold default s-card__price""> to </span> <span class=""su-styled-text primary bold large-1 s-card__price"">$209.38</span> <span class=""su-styled-text secondary strikethrough large"">$220.40</span> <span class=""su-styled-text secondary large"">Buy It Now</span> <span class=""su-styled-text secondary large"">+$15.00 delivery</span> <span class=""su-styled-text secondary large"">Located in China</span> <span class=""su-styled-text primary bold large"">28+ watchers</span>",,"<span class=""su-styled-text primary default"">Lenovo Legion Y700 8.8” 13MP Snapdragon 870 WIFI Android 6550mAh</span> <span class=""su-styled-text secondary default"">Pre-Owned</span> <span class=""su-styled-text primary bold large-1 s-card__price"">$189.53</span> <span class=""su-styled-text primary bold default s-card__price""> to </span> <span class=""su-styled-text primary bold large-1 s-card__price"">$209.38</span> <span class=""su-styled-text secondary strikethrough large"">$220.40</span> <span class=""su-styled-text secondary large"">Buy It Now</span> <span class=""su-styled-text secondary large"">+$15.00 delivery</span> <span class=""su-styled-text secondary large"">Located in China</span> <span class=""su-styled-text primary bold large"">28+ watchers</span> <span class=""su-styled-text primary large"">mobiletech_hub </span> <span class=""su-styled-text primary large"">100% positive (1)</span>"
"<span class=""su-styled-text primary bold default"">15.6"" DELL Latitude Laptop: i7-8650U (16GB RAM - 256GB NVME SSD) Windows 11 Pro</span>","<span class=""su-styled-text primary bold large-1 s-card__price"">$324.38</span> <span class=""su-styled-text secondary strikethrough large"">$424.38</span> <span class=""su-styled-text secondary large"">or Best Offer</span> <span class=""su-styled-text secondary large"">+$199.21 delivery</span> <span class=""su-styled-text secondary large"">Located in United States</span> <span class=""su-styled-text primary bold large"">Almost gone</span> <span class=""su-styled-text primary bold large"">633 sold</span>",,"<span class=""su-styled-text primary bold default"">15.6"" DELL Latitude Laptop: i7-8650U (16GB RAM - 256GB NVME SSD) Windows 11 Pro</span> <span class=""su-styled-text secondary default"">Backlit Keyboard! Windows 11 Pro! 1920 x 1080P</span> <span class=""su-styled-text secondary default"">Good - Refurbished · </span> <span class=""su-styled-text secondary default"">Dell</span> <span class=""su-styled-text primary bold large-1 s-card__price"">$324.38</span> <span class=""su-styled-text secondary strikethrough large"">$424.38</span> <span class=""su-styled-text secondary large"">or Best Offer</span> <span class=""su-styled-text secondary large"">+$199.21 delivery</span> <span class=""su-styled-text secondary large"">Located in United States</span> <span class=""su-styled-text primary bold large"">Almost gone</span> <span class=""su-styled-text primary bold large"">633 sold</span> <span class=""su-styled-text primary large"">rinuvo </span> <span class=""su-styled-text primary large"">99.7% positive (12.1K)</span> <span class=""su-styled-text default"">eBay Refurbished</span>"
"<span class=""su-styled-text primary default"">HP 15.6"" Laptop Touchscreen Core i5-1235U 512GB Win11H Natural Silver A08Q4UA#AB</span>","<span class=""su-styled-text primary bold large-1 s-card__price"">$314.99</span> <span class=""su-styled-text secondary strikethrough large"">$579.99</span> <span class=""su-styled-text secondary large"">Buy It Now</span> <span class=""su-styled-text secondary large"">+$197.05 delivery</span> <span class=""su-styled-text secondary large"">Located in United States</span> <span class=""su-styled-text primary bold large"">Last one</span> <span class=""su-styled-text primary bold large"">15 sold</span>",,"<span class=""su-styled-text primary default"">HP 15.6"" Laptop Touchscreen Core i5-1235U 512GB Win11H Natural Silver A08Q4UA#AB</span> <span class=""su-styled-text secondary default"">Good - Refurbished · </span> <span class=""su-styled-text secondary default"">HP</span> <span class=""su-styled-text primary bold large-1 s-card__price"">$314.99</span> <span class=""su-styled-text secondary strikethrough large"">$579.99</span> <span class=""su-styled-text secondary large"">Buy It Now</span> <span class=""su-styled-text secondary large"">+$197.05 delivery</span> <span class=""su-styled-text secondary large"">Located in United States</span> <span class=""su-styled-text primary bold large"">Last one</span> <span class=""su-styled-text primary bold large"">15 sold</span> <span class=""su-styled-text primary large"">hypermicrosystems </span> <span class=""su-styled-text primary large"">99.5% positive (83.5K)</span> <span class=""su-styled-text default"">eBay Refurbished</span>"
"<span class=""su-styled-text primary default"">Lenovo Yoga Book YB1-X91F 10.1 2-in-1 Tablet PC Tested From Japan</span>","<span class=""su-styled-text primary bold large-1 s-card__price"">$141.55</span> <span class=""su-styled-text secondary strikethrough large"">$149.00</span> <span class=""su-styled-text secondary large"">Buy It Now</span> <span class=""su-styled-text secondary large"">Free International Shipping</span> <span class=""su-styled-text secondary large"">Located in Japan</span> <span class=""su-styled-text secondary large"">Free returns</span> <span class=""su-styled-text negative bold large"">Last one</span> <span class=""su-styled-text primary bold large"">41 watchers</span>",,"<span class=""su-styled-text primary default"">Lenovo Yoga Book YB1-X91F 10.1 2-in-1 Tablet PC Tested From Japan</span> <span class=""su-styled-text secondary default"">Pre-Owned · </span> <span class=""su-styled-text secondary default"">Lenovo</span> <span class=""su-styled-text primary bold large-1 s-card__price"">$141.55</span> <span class=""su-styled-text secondary strikethrough large"">$149.00</span> <span class=""su-styled-text secondary large"">Buy It Now</span> <span class=""su-styled-text secondary large"">Free International Shipping</span> <span class=""su-styled-text secondary large"">Located in Japan</span> <span class=""su-styled-text secondary large"">Free returns</span> <span class=""su-styled-text negative bold large"">Last one</span> <span class=""su-styled-text primary bold large"">41 watchers</span> <span class=""su-styled-text primary large"">japan.treasure.collection </span> <span class=""su-styled-text primary large"">100% positive (699)</span>"
"<span class=""su-styled-text primary default"">Lenovo ThinkPad T540p 15.6"" Core i5 4330M 2.8GHz 16GB RAM 512GB SSD Win 10 Pro</span>","<span class=""su-styled-text primary bold large-1 s-card__price"">$236.00</span> <span class=""su-styled-text secondary large"">or Best Offer</span> <span class=""su-styled-text secondary large"">+$186.48 delivery</span> <span class=""su-styled-text secondary large"">Located in United States</span> <span class=""su-styled-text primary bold large"">Almost gone</span> <span class=""su-styled-text primary bold large"">273 sold</span>",,"<span class=""su-styled-text primary default"">Lenovo ThinkPad T540p 15.6"" Core i5 4330M 2.8GHz 16GB RAM 512GB SSD Win 10 Pro</span> <span class=""su-styled-text secondary default"">Very Good - Refurbished · </span> <span class=""su-styled-text secondary default"">Lenovo</span> <span class=""su-styled-text primary bold large-1 s-card__price"">$236.00</span> <span class=""su-styled-text secondary large"">or Best Offer</span> <span class=""su-styled-text secondary large"">+$186.48 delivery</span> <span class=""su-styled-text secondary large"">Located in United States</span> <span class=""su-styled-text primary bold large"">Almost gone</span> <span class=""su-styled-text primary bold large"">273 sold</span> <span class=""su-styled-text primary large"">pioneer-surplus </span> <span class=""su-styled-text primary large"">99.7% positive (9K)</span> <span class=""su-styled-text default"">eBay Refurbished</span>"
"<span class=""su-styled-text primary default"">Lenovo ThinkPad L14 Gen 4 Ryzen 5 PRO 7530U Ram 32GB</span>","<span class=""su-styled-text primary bold large-1 s-card__price"">$100.00</span> <span class=""su-styled-text secondary large"">0 bids</span> <span class=""su-styled-text secondary small""> · </span> <span class=""su-styled-text secondary large"">or Best Offer</span> <span class=""su-styled-text secondary large"">+$93.58 delivery</span> <span class=""su-styled-text secondary large"">Located in United States</span>",,"<span class=""su-styled-text primary default"">Lenovo ThinkPad L14 Gen 4 Ryzen 5 PRO 7530U Ram 32GB</span> <span class=""su-styled-text secondary default"">Pre-Owned · </span> <span class=""su-styled-text secondary default"">Lenovo</span> <span class=""su-styled-text primary bold large-1 s-card__price"">$100.00</span> <span class=""su-styled-text secondary large"">0 bids</span> <span class=""su-styled-text secondary small""> · </span> <span class=""su-styled-text secondary large"">or Best Offer</span> <span class=""su-styled-text secondary large"">+$93.58 delivery</span> <span class=""su-styled-text secondary large"">Located in United States</span> <span class=""su-styled-text primary large"">cuetech </span> <span class=""su-styled-text primary large"">100% positive (67)</span>"
"<span class=""su-styled-text primary default"">CHUWI Laptop 14.1'' HD Intel Celeron N4000 8GB 256GB SSD Webcam Windows 11 H</span>","<span class=""su-styled-text primary bold large-1 s-card__price"">$185.99</span> <span class=""su-styled-text secondary large"">or Best Offer</span> <span class=""su-styled-text secondary large"">+$167.38 delivery</span> <span class=""su-styled-text secondary large"">Located in United States</span> <span class=""su-styled-text secondary large"">Free returns</span> <span class=""su-styled-text negative bold large"">Almost gone</span> <span class=""su-styled-text primary bold large"">79 sold</span>",,"<span class=""su-styled-text primary default"">CHUWI Laptop 14.1'' HD Intel Celeron N4000 8GB 256GB SSD Webcam Windows 11 H</span> <span class=""su-styled-text secondary default"">Brand New · </span> <span class=""su-styled-text secondary default"">Chuwi · </span> <span class=""su-styled-text secondary default"">256 GB</span> <span class=""su-styled-text primary bold large-1 s-card__price"">$185.99</span> <span class=""su-styled-text secondary large"">or Best Offer</span> <span class=""su-styled-text secondary large"">+$167.38 delivery</span> <span class=""su-styled-text secondary large"">Located in United States</span> <span class=""su-styled-text secondary large"">Free returns</span> <span class=""su-styled-text negative bold large"">Almost gone</span> <span class=""su-styled-text primary bold large"">79 sold</span> <span class=""su-styled-text primary large"">chuwi2018 </span> <span class=""su-styled-text primary large"">98.8% positive (4.6K)</span>"
"<span class=""su-styled-text primary default"">Lenovo ThinkPad L14 Gen 3 14"" FHD Touch AMD Ryzen 5 PRO 5675U 16GB 512GB SSD FPR</span>","<span class=""su-styled-text primary bold large-1 s-card__price"">$375.00</span> <span class=""su-styled-text secondary strikethrough large"">$619.00</span> <span class=""su-styled-text secondary large"">Buy It Now</span> <span class=""su-styled-text secondary large"">+$210.86 delivery</span> <span class=""su-styled-text secondary large"">Located in United States</span>",,"<span class=""su-styled-text primary default"">Lenovo ThinkPad L14 Gen 3 14"" FHD Touch AMD Ryzen 5 PRO 5675U 16GB 512GB SSD FPR</span> <span class=""su-styled-text secondary default"">Certified - Refurbished · </span> <span class=""su-styled-text secondary default"">Lenovo</span> <span class=""su-styled-text primary bold large-1 s-card__price"">$375.00</span> <span class=""su-styled-text secondary strikethrough large"">$619.00</span> <span class=""su-styled-text secondary large"">Buy It Now</span> <span class=""su-styled-text secondary large"">+$210.86 delivery</span> <span class=""su-styled-text secondary large"">Located in United States</span> <span class=""su-styled-text primary large"">themaxmart </span> <span class=""su-styled-text primary large"">99.6% positive (16.7K)</span> <span class=""su-styled-text default"">eBay Refurbished</span>"
"<span class=""su-styled-text primary default"">Lenovo IdeaPad 1 14"" HD Intel Celeron N4500 8GB RAM 256GB Storage 2x 128GB WIFI6</span>","<span class=""su-styled-text primary bold large-1 s-card__price"">$187.00</span> <span class=""su-styled-text secondary strikethrough large"">$299.00</span> <span class=""su-styled-text secondary large"">Buy It Now</span> <span class=""su-styled-text secondary large"">+$167.62 delivery</span> <span class=""su-styled-text secondary large"">Located in United States</span>",,"<span class=""su-styled-text primary default"">Lenovo IdeaPad 1 14"" HD Intel Celeron N4500 8GB RAM 256GB Storage 2x 128GB WIFI6</span> <span class=""su-styled-text secondary default"">Certified - Refurbished · </span> <span class=""su-styled-text secondary default"">Lenovo</span> <span class=""su-styled-text primary bold large-1 s-card__price"">$187.00</span> <span class=""su-styled-text secondary strikethrough large"">$299.00</span> <span class=""su-styled-text secondary large"">Buy It Now</span> <span class=""su-styled-text secondary large"">+$167.62 delivery</span> <span class=""su-styled-text secondary large"">Located in United States</span> <span class=""su-styled-text primary large"">themaxmart </span> <span class=""su-styled-text primary large"">99.6% positive (16.7K)</span> <span class=""su-styled-text default"">eBay Refurbished</span>"
"<span class=""su-styled-text primary bold default"">~Clearance~ 15.6"" DELL Latitude Laptop: Intel i5! 8GB RAM~256GB SSD! Windows 10</span>","<span class=""su-styled-text primary bold large-1 s-card__price"">$169.89</span> <span class=""su-styled-text secondary strikethrough large"">$269.89</span> <span class=""su-styled-text secondary large"">or Best Offer</span> <span class=""su-styled-text secondary large"">+$163.68 delivery</span> <span class=""su-styled-text secondary large"">Located in United States</span> <span class=""su-styled-text primary bold large"">Almost gone</span> <span class=""su-styled-text primary bold large"">229 sold</span>",,"<span class=""su-styled-text primary bold default"">~Clearance~ 15.6"" DELL Latitude Laptop: Intel i5! 8GB RAM~256GB SSD! Windows 10</span> <span class=""su-styled-text secondary default"">15.6"" HD Display! Wi-Fi Ready!</span> <span class=""su-styled-text secondary default"">Good - Refurbished · </span> <span class=""su-styled-text secondary default"">Dell</span> <span class=""su-styled-text primary bold large-1 s-card__price"">$169.89</span> <span class=""su-styled-text secondary strikethrough large"">$269.89</span> <span class=""su-styled-text secondary large"">or Best Offer</span> <span class=""su-styled-text secondary large"">+$163.68 delivery</span> <span class=""su-styled-text secondary large"">Located in United States</span> <span class=""su-styled-text primary bold large"">Almost gone</span> <span class=""su-styled-text primary bold large"">229 sold</span> <span class=""su-styled-text primary large"">rinuvo </span> <span class=""su-styled-text primary large"">99.7% positive (12.1K)</span> <span class=""su-styled-text default"">eBay Refurbished</span>"
"<span class=""su-styled-text primary default"">Lenovo ThinkPad P1 Gen 5 16"" 32GB 512GB, Black</span>","<span class=""su-styled-text primary bold large-1 s-card__price"">$670.67</span> <span class=""su-styled-text secondary large"">Buy It Now</span> <span class=""su-styled-text secondary large"">+$294.05 delivery</span> <span class=""su-styled-text secondary large"">Located in United States</span> <span class=""su-styled-text primary bold large"">19 watchers</span>",,"<span class=""su-styled-text primary default"">Lenovo ThinkPad P1 Gen 5 16"" 32GB 512GB, Black</span> <span class=""su-styled-text secondary default"">Very Good - Refurbished · </span> <span class=""su-styled-text secondary default"">Lenovo · </span> <span class=""su-styled-text secondary default"">512 GB</span> <span class=""su-styled-text primary bold large-1 s-card__price"">$670.67</span> <span class=""su-styled-text secondary large"">Buy It Now</span> <span class=""su-styled-text secondary large"">+$294.05 delivery</span> <span class=""su-styled-text secondary large"">Located in United States</span> <span class=""su-styled-text primary bold large"">19 watchers</span> <span class=""su-styled-text primary large"">wisetekmarket-ca </span> <span class=""su-styled-text primary large"">99.2% positive (11.1K)</span> <span class=""su-styled-text default"">eBay Refurbished</span>"
"<span class=""su-styled-text primary default"">Microsoft Surface Go Laptop 12.4"" i5-1035G1 16GB 256GB SSD Win 11 Pro 1943 PLT</span>","<span class=""su-styled-text primary bold large-1 s-card__price"">$219.99</span> <span class=""su-styled-text secondary strikethrough large"">$299.99</span> <span class=""su-styled-text secondary large"">Buy It Now</span> <span class=""su-styled-text secondary large"">+$146.77 delivery</span> <span class=""su-styled-text secondary large"">Located in United States</span>",,"<span class=""su-styled-text primary default"">Microsoft Surface Go Laptop 12.4"" i5-1035G1 16GB 256GB SSD Win 11 Pro 1943 PLT</span> <span class=""su-styled-text secondary default"">Very Good - Refurbished · </span> <span class=""su-styled-text secondary default"">Microsoft · </span> <span class=""su-styled-text secondary default"">256 GB</span> <span class=""su-styled-text primary bold large-1 s-card__price"">$219.99</span> <span class=""su-styled-text secondary strikethrough large"">$299.99</span> <span class=""su-styled-text secondary large"">Buy It Now</span> <span class=""su-styled-text secondary large"">+$146.77 delivery</span> <span class=""su-styled-text secondary large"">Located in United States</span> <span class=""su-styled-text primary large"">reviveit.io </span> <span class=""su-styled-text primary large"">99.9% positive (118.3K)</span> <span class=""su-styled-text default"">eBay Refurbished</span>"
"<span class=""su-styled-text primary default"">Lenovo IdeaPad 5 2-in-1 14"" WUXGA Touch Ryzen AI 5 340 16GB 512GB SSD Cam Pen</span>","<span class=""su-styled-text primary bold large-1 s-card__price"">$529.00</span> <span class=""su-styled-text secondary strikethrough large"">$879.00</span> <span class=""su-styled-text secondary large"">Buy It Now</span> <span class=""su-styled-text secondary large"">+$246.28 delivery</span> <span class=""su-styled-text secondary large"">Located in United States</span> <span class=""su-styled-text negative bold large"">34 watchers</span>",,"<span class=""su-styled-text primary default"">Lenovo IdeaPad 5 2-in-1 14"" WUXGA Touch Ryzen AI 5 340 16GB 512GB SSD Cam Pen</span> <span class=""su-styled-text secondary default"">Brand New · </span> <span class=""su-styled-text secondary default"">Lenovo</span> <span class=""su-styled-text primary bold large-1 s-card__price"">$529.00</span> <span class=""su-styled-text secondary strikethrough large"">$879.00</span> <span class=""su-styled-text secondary large"">Buy It Now</span> <span class=""su-styled-text secondary large"">+$246.28 delivery</span> <span class=""su-styled-text secondary large"">Located in United States</span> <span class=""su-styled-text negative bold large"">34 watchers</span> <span class=""su-styled-text primary large"">themaxmart </span> <span class=""su-styled-text primary large"">99.6% positive (16.7K)</span> <span class=""su-styled-text default"">Lenovo Authorized Seller</span>"
"<span class=""su-styled-text primary default"">Samsung - Galaxy Book4 15.6"" FHD Laptop - Intel Core 7- 16GB Memory - 512GB S...</span>","<span class=""su-styled-text secondary strikethrough large"">$899.99</span> <span class=""su-styled-text secondary large"">Buy It Now</span> <span class=""su-styled-text secondary large"">Free delivery</span> <span class=""su-styled-text secondary large"">Located in United States</span> <span class=""su-styled-text primary bold large"">4,871 sold</span>","<div class=""x-star-rating""><!--M_fbd99063#s0-2-54-0-9-8-4-4-0-3-0-4[6]-1-0-1-6-1-7-33-1-1-2-1[1]-0--><svg data-marko-key=""@svg s0-2-54-0-9-8-4-4-0-3-0-4[6]-1-0-1-6-1-7-33-1-1-2-1[1]-0"" class=""icon icon--16"" focusable=""false"" aria-hidden=""true""><defs data-marko-key=""@defs s0-2-54-0-9-8-4-4-0-3-0-4[6]-1-0-1-6-1-7-33-1-1-2-1[1]-0""><symbol viewbox=""0 0 16 16"" id=""icon-star-filled-16""><path d=""M8.596 1.928a.625.625 0 0 0-1.19 0L6.055 6.136H1.62a.625.625 0 0 0-.346 1.146l3.56 2.364-1.366 4.035a.625.625 0 0 0 .953.71L8 11.862l3.578 2.528a.625.625 0 0 0 .953-.71l-1.366-4.036 3.55-2.364a.625.625 0 0 0-.346-1.145H9.955l-1.36-4.207Z""></path></symbol></defs><use href=""#icon-star-filled-16""></use></svg><!--M_fbd99063/--><!--M_fbd99063#s0-2-54-0-9-8-4-4-0-3-0-4[6]-1-0-1-6-1-7-33-1-1-2-1[2]-0--><svg data-marko-key=""@svg s0-2-54-0-9-8-4-4-0-3-0-4[6]-1-0-1-6-1-7-33-1-1-2-1[2]-0"" class=""icon icon--16"" focusable=""false"" aria-hidden=""true""><use href=""#icon-star-filled-16""></use></svg><!--M_fbd99063/--><!--M_fbd99063#s0-2-54-0-9-8-4-4-0-3-0-4[6]-1-0-1-6-1-7-33-1-1-2-1[3]-0--><svg data-marko-key=""@svg s0-2-54-0-9-8-4-4-0-3-0-4[6]-1-0-1-6-1-7-33-1-1-2-1[3]-0"" class=""icon icon--16"" focusable=""false"" aria-hidden=""true""><use href=""#icon-star-filled-16""></use></svg><!--M_fbd99063/--><!--M_fbd99063#s0-2-54-0-9-8-4-4-0-3-0-4[6]-1-0-1-6-1-7-33-1-1-2-1[4]-0--><svg data-marko-key=""@svg s0-2-54-0-9-8-4-4-0-3-0-4[6]-1-0-1-6-1-7-33-1-1-2-1[4]-0"" class=""icon icon--16"" focusable=""false"" aria-hidden=""true""><use href=""#icon-star-filled-16""></use></svg><!--M_fbd99063/--><!--M_fbd99063#s0-2-54-0-9-8-4-4-0-3-0-4[6]-1-0-1-6-1-7-33-1-1-2-1[5]-0--><svg data-marko-key=""@svg s0-2-54-0-9-8-4-4-0-3-0-4[6]-1-0-1-6-1-7-33-1-1-2-1[5]-0"" class=""icon icon--16"" focusable=""false"" aria-hidden=""true""><use href=""#icon-star-filled-16""></use></svg><!--M_fbd99063/--><span class=""clipped"">5.0 out of 5 stars.</span></div>","<span class=""su-styled-text primary default"">Samsung - Galaxy Book4 15.6"" FHD Laptop - Intel Core 7- 16GB Memory - 512GB S...</span> <span class=""su-styled-text secondary default"">Brand New · </span> <span class=""su-styled-text secondary default"">Samsung</span> <span class=""su-styled-text primary bold large-1 s-card__price"">See price</span> <span class=""su-styled-text secondary strikethrough large"">$899.99</span> <span class=""su-styled-text secondary large"">Buy It Now</span> <span class=""su-styled-text secondary large"">Free delivery</span> <span class=""su-styled-text secondary large"">Located in United States</span> <span class=""su-styled-text primary bold large"">4,871 sold</span> <span class=""su-styled-text primary large"">best_buy </span> <span class=""su-styled-text primary large"">98.5% positive (947K)</span>"
"<span class=""su-styled-text primary bold default"">14"" HP EliteBook Laptop: Intel i5, 16GB RAM - 256GB NVME SSD, Zorin Core Edition</span>","<span class=""su-styled-text primary bold large-1 s-card__price"">$192.44</span> <span class=""su-styled-text secondary strikethrough large"">$292.44</span> <span class=""su-styled-text secondary large"">or Best Offer</span> <span class=""su-styled-text secondary large"">+$168.87 delivery</span> <span class=""su-styled-text secondary large"">Located in United States</span> <span class=""su-styled-text primary bold large"">Last one</span> <span class=""su-styled-text primary bold large"">5 watchers</span>",,"<span class=""su-styled-text primary bold default"">14"" HP EliteBook Laptop: Intel i5, 16GB RAM - 256GB NVME SSD, Zorin Core Edition</span> <span class=""su-styled-text secondary default"">Backlit Keyboard! Rapid delivery! 1 Year warranty!</span> <span class=""su-styled-text secondary default"">Good - Refurbished · </span> <span class=""su-styled-text secondary default"">HP</span> <span class=""su-styled-text primary bold large-1 s-card__price"">$192.44</span> <span class=""su-styled-text secondary strikethrough large"">$292.44</span> <span class=""su-styled-text secondary large"">or Best Offer</span> <span class=""su-styled-text secondary large"">+$168.87 delivery</span> <span class=""su-styled-text secondary large"">Located in United States</span> <span class=""su-styled-text primary bold large"">Last one</span> <span class=""su-styled-text primary bold large"">5 watchers</span> <span class=""su-styled-text primary large"">rinuvo </span> <span class=""su-styled-text primary large"">99.7% positive (12.1K)</span> <span class=""su-styled-text default"">eBay Refurbished</span>"
"<span class=""su-styled-text primary default"">HP 650 G9 15.6"" Laptop 2.5GHz i5 16GB RAM 512GB SSD Win 11 Pro (Grade B No AC)</span>","<span class=""su-styled-text primary bold large-1 s-card__price"">$245.99</span> <span class=""su-styled-text secondary strikethrough large"">$409.99</span> <span class=""su-styled-text secondary large"">or Best Offer</span> <span class=""su-styled-text secondary large"">+$435.17 delivery</span> <span class=""su-styled-text secondary large"">Located in United States</span>",,"<span class=""su-styled-text primary default"">HP 650 G9 15.6"" Laptop 2.5GHz i5 16GB RAM 512GB SSD Win 11 Pro (Grade B No AC)</span> <span class=""su-styled-text secondary default"">Pre-Owned · </span> <span class=""su-styled-text secondary default"">HP</span> <span class=""su-styled-text primary bold large-1 s-card__price"">$245.99</span> <span class=""su-styled-text secondary strikethrough large"">$409.99</span> <span class=""su-styled-text secondary large"">or Best Offer</span> <span class=""su-styled-text secondary large"">+$435.17 delivery</span> <span class=""su-styled-text secondary large"">Located in United States</span> <span class=""su-styled-text primary large"">esourceplus </span> <span class=""su-styled-text primary large"">98.9% positive (188.3K)</span>"
"<span class=""su-styled-text primary default"">Dell Latitude 3190 2-in-1 &amp; 3120 Touchscreen Intel Pentium Silver Black</span>","<span class=""su-styled-text primary bold large-1 s-card__price"">$100.00</span> <span class=""su-styled-text secondary large"">or Best Offer</span> <span class=""su-styled-text secondary large"">Free International Shipping</span> <span class=""su-styled-text secondary large"">Located in United States</span> <span class=""su-styled-text negative bold large"">Last one</span> <span class=""su-styled-text primary bold large"">1 watchers</span>",,"<span class=""su-styled-text primary default"">Dell Latitude 3190 2-in-1 &amp; 3120 Touchscreen Intel Pentium Silver Black</span> <span class=""su-styled-text secondary default"">Pre-Owned · </span> <span class=""su-styled-text secondary default"">Dell</span> <span class=""su-styled-text primary bold large-1 s-card__price"">$100.00</span> <span class=""su-styled-text secondary large"">or Best Offer</span> <span class=""su-styled-text secondary large"">Free International Shipping</span> <span class=""su-styled-text secondary large"">Located in United States</span> <span class=""su-styled-text negative bold large"">Last one</span> <span class=""su-styled-text primary bold large"">1 watchers</span> <span class=""su-styled-text primary large"">el_juwjit </span> <span class=""su-styled-text primary large"">100% positive (1)</span>"
"<span class=""su-styled-text primary default"">Shop on eBay</span>","<span class=""su-styled-text primary bold large-1 s-card__price"">$20.00</span> <span class=""su-styled-text secondary large"">or Best Offer</span>",,"<span class=""su-styled-text primary default"">Shop on eBay</span> <span class=""su-styled-text secondary default"">Brand New</span> <span class=""su-styled-text primary bold large-1 s-card__price"">$20.00</span> <span class=""su-styled-text secondary large"">or Best Offer</span>"
"<span class=""su-styled-text primary default"">Shop on eBay</span>","<span class=""su-styled-text primary bold large-1 s-card__price"">$20.00</span> <span class=""su-styled-text secondary large"">or Best Offer</span>",,"<span class=""su-styled-text primary default"">Shop on eBay</span> <span class=""su-styled-text secondary default"">Brand New</span> <span class=""su-styled-text primary bold large-1 s-card__price"">$20.00</span> <span class=""su-styled-text secondary large"">or Best Offer</span>"
"<span class=""su-styled-text primary default"">Dell Latitude 5410 Laptop 14” Intel Core i7 16GB RAM 256GB SSD Windows 11 Pro</span>","<span class=""su-styled-text primary bold large-1 s-card__price"">$296.09</span> <span class=""su-styled-text secondary large"">Buy It Now</span> <span class=""su-styled-text secondary large"">Free delivery</span> <span class=""su-styled-text secondary large"">Located in United States</span> <span class=""su-styled-text secondary large"">Free returns</span> <span class=""su-styled-text primary bold large"">60 sold</span>",,"<span class=""su-styled-text primary default"">Dell Latitude 5410 Laptop 14” Intel Core i7 16GB RAM 256GB SSD Windows 11 Pro</span> <span class=""su-styled-text secondary default"">Good - Refurbished · </span> <span class=""su-styled-text secondary default"">Dell</span> <span class=""su-styled-text primary bold large-1 s-card__price"">$296.09</span> <span class=""su-styled-text secondary large"">Buy It Now</span> <span class=""su-styled-text secondary large"">Free delivery</span> <span class=""su-styled-text secondary large"">Located in United States</span> <span class=""su-styled-text secondary large"">Free returns</span> <span class=""su-styled-text primary bold large"">60 sold</span> <span class=""su-styled-text primary large"">discountcomputerdepot </span> <span class=""su-styled-text primary large"">99.3% positive (154.7K)</span> <span class=""su-styled-text default"">eBay Refurbished</span>"
"<span class=""su-styled-text primary default"">Lenovo Thinkpad 14"" FHD Gaming Laptop AMD Ryzen 5 PRO 4.0GHz 48GB RAM 4TB SSD</span>","<span class=""su-styled-text primary bold large-1 s-card__price"">$389.99</span> <span class=""su-styled-text primary bold default s-card__price""> to </span> <span class=""su-styled-text primary bold large-1 s-card__price"">$1,088.00</span> <span class=""su-styled-text secondary large"">Buy It Now</span> <span class=""su-styled-text secondary large"">Free delivery</span> <span class=""su-styled-text secondary large"">Located in United States</span> <span class=""su-styled-text secondary large"">Free returns</span>",,"<span class=""su-styled-text primary default"">Lenovo Thinkpad 14"" FHD Gaming Laptop AMD Ryzen 5 PRO 4.0GHz 48GB RAM 4TB SSD</span> <span class=""su-styled-text secondary default"">✨6 CORE AMD! ⚡️ RADEON RX Graphics!📦 Fast Shipping!</span> <span class=""su-styled-text secondary default"">Excellent - Refurbished</span> <span class=""su-styled-text primary bold large-1 s-card__price"">$389.99</span> <span class=""su-styled-text primary bold default s-card__price""> to </span> <span class=""su-styled-text primary bold large-1 s-card__price"">$1,088.00</span> <span class=""su-styled-text secondary large"">Buy It Now</span> <span class=""su-styled-text secondary large"">Free delivery</span> <span class=""su-styled-text secondary large"">Located in United States</span> <span class=""su-styled-text secondary large"">Free returns</span> <span class=""su-styled-text default"">aaa_pcs  100% positive (7.3K)</span> <span class=""su-styled-text default"">eBay Refurbished</span>"
"<span class=""su-styled-text primary default"">2026 HP Laptop Computer 17.3 FHD 6-Core Ryzen 5 Up to 64GB RAM &amp; 2TB SSD Win Pro</span>","<span class=""su-styled-text primary bold large-1 s-card__price"">$549.00</span> <span class=""su-styled-text primary bold default s-card__price""> to </span> <span class=""su-styled-text primary bold large-1 s-card__price"">$1,399.00</span> <span class=""su-styled-text secondary large"">Buy It Now</span> <span class=""su-styled-text secondary large"">Free delivery</span> <span class=""su-styled-text secondary large"">Located in United States</span> <span class=""su-styled-text secondary large"">Free returns</span> <span class=""su-styled-text primary bold large"">11+ watchers</span>",,"<span class=""su-styled-text primary default"">2026 HP Laptop Computer 17.3 FHD 6-Core Ryzen 5 Up to 64GB RAM &amp; 2TB SSD Win Pro</span> <span class=""su-styled-text secondary default"">✅Lifetime Office 2024 ✅12GB|32GB|64GB RAM✅512GB|2TB SSD</span> <span class=""su-styled-text secondary default"">Brand New</span> <span class=""su-styled-text primary bold large-1 s-card__price"">$549.00</span> <span class=""su-styled-text primary bold default s-card__price""> to </span> <span class=""su-styled-text primary bold large-1 s-card__price"">$1,399.00</span> <span class=""su-styled-text secondary large"">Buy It Now</span> <span class=""su-styled-text secondary large"">Free delivery</span> <span class=""su-styled-text secondary large"">Located in United States</span> <span class=""su-styled-text secondary large"">Free returns</span> <span class=""su-styled-text primary bold large"">11+ watchers</span> <span class=""su-styled-text primary large"">hellogoodlife1 </span> <span class=""su-styled-text primary large"">97.9% positive (18.9K)</span>"
"<span class=""su-styled-text primary default"">Lenovo ThinkPad 14"" FHD Laptop Quad-Core i7 4.8GHz 8GB RAM 512GB SSD Windows 11</span>","<span class=""su-styled-text primary bold large-1 s-card__price"">$255.62</span> <span class=""su-styled-text secondary large"">Buy It Now</span> <span class=""su-styled-text secondary large"">Free delivery</span> <span class=""su-styled-text secondary large"">Located in United States</span> <span class=""su-styled-text secondary large"">Free returns</span> <span class=""su-styled-text primary bold large"">190 sold</span>",,"<span class=""su-styled-text primary default"">Lenovo ThinkPad 14"" FHD Laptop Quad-Core i7 4.8GHz 8GB RAM 512GB SSD Windows 11</span> <span class=""su-styled-text secondary default"">Good - Refurbished · </span> <span class=""su-styled-text secondary default"">Lenovo</span> <span class=""su-styled-text primary bold large-1 s-card__price"">$255.62</span> <span class=""su-styled-text secondary large"">Buy It Now</span> <span class=""su-styled-text secondary large"">Free delivery</span> <span class=""su-styled-text secondary large"">Located in United States</span> <span class=""su-styled-text secondary large"">Free returns</span> <span class=""su-styled-text primary bold large"">190 sold</span> <span class=""su-styled-text primary large"">discountcomputerdepot </span> <span class=""su-styled-text primary large"">99.3% positive (154.7K)</span> <span class=""su-styled-text default"">eBay Refurbished</span>"
"<span class=""su-styled-text primary default"">Dell 15 Laptop, 15.6-inch FHD Touchscreen, AMD Ryzen 5-7530U, 8GB RAM, 512GB</span>","<span class=""su-styled-text primary bold large-1 s-card__price"">$250.00</span> <span class=""su-styled-text secondary strikethrough large"">$299.00</span> <span class=""su-styled-text secondary large"">Buy It Now</span> <span class=""su-styled-text secondary large"">Free delivery</span> <span class=""su-styled-text secondary large"">Located in United States</span> <span class=""su-styled-text secondary large"">Free returns</span> <span class=""su-styled-text primary bold large"">Last one</span> <span class=""su-styled-text primary bold large"">7 sold</span> <span class=""su-styled-text negative bold large"">Extra 10% off with coupon</span>",,"<span class=""su-styled-text primary default"">Dell 15 Laptop, 15.6-inch FHD Touchscreen, AMD Ryzen 5-7530U, 8GB RAM, 512GB</span> <span class=""su-styled-text secondary default"">SSD, Black</span> <span class=""su-styled-text secondary default"">Very Good - Refurbished · </span> <span class=""su-styled-text secondary default"">Dell</span> <span class=""su-styled-text primary bold large-1 s-card__price"">$250.00</span> <span class=""su-styled-text secondary strikethrough large"">$299.00</span> <span class=""su-styled-text secondary large"">Buy It Now</span> <span class=""su-styled-text secondary large"">Free delivery</span> <span class=""su-styled-text secondary large"">Located in United States</span> <span class=""su-styled-text secondary large"">Free returns</span> <span class=""su-styled-text primary bold large"">Last one</span> <span class=""su-styled-text primary bold large"">7 sold</span> <span class=""su-styled-text negative bold large"">Extra 10% off with coupon</span> <span class=""su-styled-text primary large"">vipoutlet </span> <span class=""su-styled-text primary large"">95.9% positive (693.2K)</span> <span class=""su-styled-text default"">eBay Refurbished</span>"
"<span class=""su-styled-text primary default"">15.6"" Lenovo ThinkPad Laptop: Intel i5! 16GB RAM - 512GB SSD! Webcam! Zorin O.S!</span>","<span class=""su-styled-text primary bold large-1 s-card__price"">$149.89</span> <span class=""su-styled-text secondary strikethrough large"">$249.89</span> <span class=""su-styled-text secondary large"">or Best Offer</span> <span class=""su-styled-text secondary large"">Free delivery</span> <span class=""su-styled-text secondary large"">Located in United States</span> <span class=""su-styled-text secondary large"">Free returns</span> <span class=""su-styled-text primary bold large"">6 watchers</span>",,"<span class=""su-styled-text primary default"">15.6"" Lenovo ThinkPad Laptop: Intel i5! 16GB RAM - 512GB SSD! Webcam! Zorin O.S!</span> <span class=""su-styled-text secondary default"">Stop Planned Obsolescence w Zorin OS! 1 Year Warranty!</span> <span class=""su-styled-text secondary default"">Good - Refurbished · </span> <span class=""su-styled-text secondary default"">Lenovo</span> <span class=""su-styled-text primary bold large-1 s-card__price"">$149.89</span> <span class=""su-styled-text secondary strikethrough large"">$249.89</span> <span class=""su-styled-text secondary large"">or Best Offer</span> <span class=""su-styled-text secondary large"">Free delivery</span> <span class=""su-styled-text secondary large"">Located in United States</span> <span class=""su-styled-text secondary large"">Free returns</span> <span class=""su-styled-text primary bold large"">6 watchers</span> <span class=""su-styled-text default"">rinuvo  99.7% positive (12.1K)</span> <span class=""su-styled-text default"">eBay Refurbished</span>"
"<span class=""su-styled-text primary default"">ThinkPad X1 Carbon Gen 9, i7‑1185G7, 32GB, 512GB SSD, Win 11 Pro, Black</span>","<span class=""su-styled-text primary bold large-1 s-card__price"">$399.99</span> <span class=""su-styled-text secondary strikethrough large"">$845.00</span> <span class=""su-styled-text secondary large"">Buy It Now</span> <span class=""su-styled-text secondary large"">Free delivery</span> <span class=""su-styled-text secondary large"">Located in United States</span> <span class=""su-styled-text secondary large"">Free returns</span> <span class=""su-styled-text primary bold large"">Last one</span> <span class=""su-styled-text primary bold large"">18 watchers</span>",,"<span class=""su-styled-text primary default"">ThinkPad X1 Carbon Gen 9, i7‑1185G7, 32GB, 512GB SSD, Win 11 Pro, Black</span> <span class=""su-styled-text secondary default"">Excellent - Refurbished · </span> <span class=""su-styled-text secondary default"">Lenovo · </span> <span class=""su-styled-text secondary default"">512 GB</span> <span class=""su-styled-text primary bold large-1 s-card__price"">$399.99</span> <span class=""su-styled-text secondary strikethrough large"">$845.00</span> <span class=""su-styled-text secondary large"">Buy It Now</span> <span class=""su-styled-text secondary large"">Free delivery</span> <span class=""su-styled-text secondary large"">Located in United States</span> <span class=""su-styled-text secondary large"">Free returns</span> <span class=""su-styled-text primary bold large"">Last one</span> <span class=""su-styled-text primary bold large"">18 watchers</span> <span class=""su-styled-text primary large"">ingrammicrorefurbished </span> <span class=""su-styled-text primary large"">99.9% positive (1.3K)</span> <span class=""su-styled-text default"">eBay Refurbished</span>"
"<span class=""su-styled-text primary default"">Lenovo Chromebook N21 11.6"" Intel N2840 @ 2.16GHz 4GB RAM 16GB with Charger</span>","<span class=""su-styled-text primary bold large-1 s-card__price"">$34.99</span> <span class=""su-styled-text secondary large"">Buy It Now</span> <span class=""su-styled-text secondary large"">Free delivery</span> <span class=""su-styled-text secondary large"">Located in United States</span> <span class=""su-styled-text primary bold large"">297 sold</span> <span class=""su-styled-text negative bold large"">Save up to 7% when you buy more</span>",,"<span class=""su-styled-text primary default"">Lenovo Chromebook N21 11.6"" Intel N2840 @ 2.16GHz 4GB RAM 16GB with Charger</span> <span class=""su-styled-text secondary default"">Pre-Owned · </span> <span class=""su-styled-text secondary default"">Lenovo · </span> <span class=""su-styled-text secondary default"">16 GB</span> <span class=""su-styled-text primary bold large-1 s-card__price"">$34.99</span> <span class=""su-styled-text secondary large"">Buy It Now</span> <span class=""su-styled-text secondary large"">Free delivery</span> <span class=""su-styled-text secondary large"">Located in United States</span> <span class=""su-styled-text primary bold large"">297 sold</span> <span class=""su-styled-text negative bold large"">Save up to 7% when you buy more</span> <span class=""su-styled-text primary large"">szirious </span> <span class=""su-styled-text primary large"">99.7% positive (368)</span>"
"<span class=""su-styled-text primary default"">ACEMAGIC 15.6"" FHD Laptop Intel 12th Alder Lake N97 16GB RAM 512GB refurbished</span>","<span class=""su-styled-text primary bold large-1 s-card__price"">$199.99</span> <span class=""su-styled-text secondary strikethrough large"">$299.99</span> <span class=""su-styled-text secondary large"">or Best Offer</span> <span class=""su-styled-text secondary large"">Free delivery</span> <span class=""su-styled-text secondary large"">Located in United States</span> <span class=""su-styled-text secondary large"">Free returns</span> <span class=""su-styled-text negative bold large"">20% off with coupon. Max $350 off</span>",,"<span class=""su-styled-text primary default"">ACEMAGIC 15.6"" FHD Laptop Intel 12th Alder Lake N97 16GB RAM 512GB refurbished</span> <span class=""su-styled-text secondary default"">Certified - Refurbished · </span> <span class=""su-styled-text secondary default"">Acemagic</span> <span class=""su-styled-text primary bold large-1 s-card__price"">$199.99</span> <span class=""su-styled-text secondary strikethrough large"">$299.99</span> <span class=""su-styled-text secondary large"">or Best Offer</span> <span class=""su-styled-text secondary large"">Free delivery</span> <span class=""su-styled-text secondary large"">Located in United States</span> <span class=""su-styled-text secondary large"">Free returns</span> <span class=""su-styled-text negative bold large"">20% off with coupon. Max $350 off</span> <span class=""su-styled-text primary large"">kamrui_outlet_store </span> <span class=""su-styled-text primary large"">99.8% positive (1.7K)</span> <span class=""su-styled-text default"">eBay Refurbished</span>"
"<span class=""su-styled-text primary default"">Acer Aspire Go 15.3"" Laptop 8GB RAM 256GB SSD Intel i5 UHD AG15-51P Refurbished</span>","<span class=""su-styled-text primary bold large-1 s-card__price"">$262.25</span> <span class=""su-styled-text secondary strikethrough large"">$449.99</span> <span class=""su-styled-text secondary large"">Buy It Now</span> <span class=""su-styled-text secondary large"">Free delivery</span> <span class=""su-styled-text secondary large"">Located in United States</span> <span class=""su-styled-text secondary large"">Free returns</span> <span class=""su-styled-text primary bold large"">300 sold</span>",,"<span class=""su-styled-text primary default"">Acer Aspire Go 15.3"" Laptop 8GB RAM 256GB SSD Intel i5 UHD AG15-51P Refurbished</span> <span class=""su-styled-text secondary default"">Certified - Refurbished · </span> <span class=""su-styled-text secondary default"">Acer</span> <span class=""su-styled-text primary bold large-1 s-card__price"">$262.25</span> <span class=""su-styled-text secondary strikethrough large"">$449.99</span> <span class=""su-styled-text secondary large"">Buy It Now</span> <span class=""su-styled-text secondary large"">Free delivery</span> <span class=""su-styled-text secondary large"">Located in United States</span> <span class=""su-styled-text secondary large"">Free returns</span> <span class=""su-styled-text primary bold large"">300 sold</span> <span class=""su-styled-text primary large"">acer </span> <span class=""su-styled-text primary large"">98.9% positive (112.7K)</span> <span class=""su-styled-text default"">eBay Refurbished</span>"
"<span class=""su-styled-text primary default"">HP 14"" Laptop Intel Processor N150 16GB RAM 128GB UFS Microsoft AI Office 365</span>","<span class=""su-styled-text primary bold large-1 s-card__price"">$195.87</span> <span class=""su-styled-text primary bold default s-card__price""> to </span> <span class=""su-styled-text primary bold large-1 s-card__price"">$325.35</span> <span class=""su-styled-text secondary strikethrough large"">$294.99</span> <span class=""su-styled-text secondary large"">Buy It Now</span> <span class=""su-styled-text secondary large"">Free delivery</span> <span class=""su-styled-text secondary large"">Located in United States</span> <span class=""su-styled-text secondary large"">Free returns</span> <span class=""su-styled-text primary bold large"">19+ watchers</span> <span class=""su-styled-text negative bold large"">Save up to 5% when you buy more</span>",,"<span class=""su-styled-text primary default"">HP 14"" Laptop Intel Processor N150 16GB RAM 128GB UFS Microsoft AI Office 365</span> <span class=""su-styled-text secondary default"">Brand New</span> <span class=""su-styled-text primary bold large-1 s-card__price"">$195.87</span> <span class=""su-styled-text primary bold default s-card__price""> to </span> <span class=""su-styled-text primary bold large-1 s-card__price"">$325.35</span> <span class=""su-styled-text secondary strikethrough large"">$294.99</span> <span class=""su-styled-text secondary large"">Buy It Now</span> <span class=""su-styled-text secondary large"">Free delivery</span> <span class=""su-styled-text secondary large"">Located in United States</span> <span class=""su-styled-text secondary large"">Free returns</span> <span class=""su-styled-text primary bold large"">19+ watchers</span> <span class=""su-styled-text negative bold large"">Save up to 5% when you buy more</span> <span class=""su-styled-text primary large"">rockystoneelectronicsllc </span> <span class=""su-styled-text primary large"">98.6% positive (2.3K)</span>"
"<span class=""su-styled-text primary default"">Core Innovations 15.6 Full HD Laptop Intel Celeron N4020 4GB RAM 64GB SSD</span>","<span class=""su-styled-text primary bold large-1 s-card__price"">$132.98</span> <span class=""su-styled-text secondary strikethrough large"">$139.98</span> <span class=""su-styled-text secondary large"">Buy It Now</span> <span class=""su-styled-text secondary large"">Free delivery</span> <span class=""su-styled-text secondary large"">Located in United States</span> <span class=""su-styled-text secondary large"">Free returns</span> <span class=""su-styled-text primary bold large"">Last one</span> <span class=""su-styled-text primary bold large"">5 watchers</span>",,"<span class=""su-styled-text primary default"">Core Innovations 15.6 Full HD Laptop Intel Celeron N4020 4GB RAM 64GB SSD</span> <span class=""su-styled-text secondary default"">Very Good - Refurbished</span> <span class=""su-styled-text primary bold large-1 s-card__price"">$132.98</span> <span class=""su-styled-text secondary strikethrough large"">$139.98</span> <span class=""su-styled-text secondary large"">Buy It Now</span> <span class=""su-styled-text secondary large"">Free delivery</span> <span class=""su-styled-text secondary large"">Located in United States</span> <span class=""su-styled-text secondary large"">Free returns</span> <span class=""su-styled-text primary bold large"">Last one</span> <span class=""su-styled-text primary bold large"">5 watchers</span> <span class=""su-styled-text default"">txs_corp  99% positive (2.2K)</span> <span class=""su-styled-text default"">eBay Refurbished</span>"
"<span class=""su-styled-text primary default"">Dell Latitude 5410 Laptop 14” FHD Core i7 16GB RAM 512GB SSD Windows 11 Pro HDMI</span>","<span class=""su-styled-text primary bold large-1 s-card__price"">$323.26</span> <span class=""su-styled-text secondary large"">Buy It Now</span> <span class=""su-styled-text secondary large"">Free delivery</span> <span class=""su-styled-text secondary large"">Located in United States</span> <span class=""su-styled-text secondary large"">Free returns</span> <span class=""su-styled-text primary bold large"">197 sold</span> <span class=""su-styled-text negative bold large"">Save up to 5% when you buy more</span>",,"<span class=""su-styled-text primary default"">Dell Latitude 5410 Laptop 14” FHD Core i7 16GB RAM 512GB SSD Windows 11 Pro HDMI</span> <span class=""su-styled-text secondary default"">Good - Refurbished · </span> <span class=""su-styled-text secondary default"">Dell</span> <span class=""su-styled-text primary bold large-1 s-card__price"">$323.26</span> <span class=""su-styled-text secondary large"">Buy It Now</span> <span class=""su-styled-text secondary large"">Free delivery</span> <span class=""su-styled-text secondary large"">Located in United States</span> <span class=""su-styled-text secondary large"">Free returns</span> <span class=""su-styled-text primary bold large"">197 sold</span> <span class=""su-styled-text negative bold large"">Save up to 5% when you buy more</span> <span class=""su-styled-text primary large"">discountcomputerdepot </span> <span class=""su-styled-text primary large"">99.3% positive (154.7K)</span> <span class=""su-styled-text default"">eBay Refurbished</span>"
"<span class=""su-styled-text primary default"">2026 HP Laptop 15 AMD Ryzen 7 Upto 4.5 GHz 64GB RAM &amp; 2TB SSD Office Touchscreen</span>","<span class=""su-styled-text primary bold large-1 s-card__price"">$489.00</span> <span class=""su-styled-text primary bold default s-card__price""> to </span> <span class=""su-styled-text primary bold large-1 s-card__price"">$1,329.00</span> <span class=""su-styled-text secondary large"">Buy It Now</span> <span class=""su-styled-text secondary large"">Free delivery</span> <span class=""su-styled-text secondary large"">Located in United States</span> <span class=""su-styled-text secondary large"">Free returns</span>",,"<span class=""su-styled-text primary default"">2026 HP Laptop 15 AMD Ryzen 7 Upto 4.5 GHz 64GB RAM &amp; 2TB SSD Office Touchscreen</span> <span class=""su-styled-text secondary default"">✅Lifetime Office 2024+Win 11 Pro✅Fast Shipping ✅On Sale</span> <span class=""su-styled-text secondary default"">Brand New</span> <span class=""su-styled-text primary bold large-1 s-card__price"">$489.00</span> <span class=""su-styled-text primary bold default s-card__price""> to </span> <span class=""su-styled-text primary bold large-1 s-card__price"">$1,329.00</span> <span class=""su-styled-text secondary large"">Buy It Now</span> <span class=""su-styled-text secondary large"">Free delivery</span> <span class=""su-styled-text secondary large"">Located in United States</span> <span class=""su-styled-text secondary large"">Free returns</span> <span class=""su-styled-text primary large"">hellogoodlife1 </span> <span class=""su-styled-text primary large"">97.9% positive (18.9K)</span>"
"<span class=""su-styled-text primary default"">2026 HP Laptop Computer 15.6"" Touch 13th Gen Intel i5, 16GB RAM 512GB SSD WinPro</span>","<span class=""su-styled-text primary bold large-1 s-card__price"">$559.00</span> <span class=""su-styled-text secondary strikethrough large"">$1,159.00</span> <span class=""su-styled-text secondary large"">or Best Offer</span> <span class=""su-styled-text secondary large"">Free delivery</span> <span class=""su-styled-text secondary large"">Located in United States</span> <span class=""su-styled-text secondary large"">Free returns</span> <span class=""su-styled-text primary bold large"">63 watchers</span>",,"<span class=""su-styled-text primary default"">2026 HP Laptop Computer 15.6"" Touch 13th Gen Intel i5, 16GB RAM 512GB SSD WinPro</span> <span class=""su-styled-text secondary default"">✅Lifetime Office 2024 ✅Touch Screen ✅On Sale Fast Ship</span> <span class=""su-styled-text secondary default"">Brand New · </span> <span class=""su-styled-text secondary default"">HP · </span> <span class=""su-styled-text secondary default"">512 GB</span> <span class=""su-styled-text primary bold large-1 s-card__price"">$559.00</span> <span class=""su-styled-text secondary strikethrough large"">$1,159.00</span> <span class=""su-styled-text secondary large"">or Best Offer</span> <span class=""su-styled-text secondary large"">Free delivery</span> <span class=""su-styled-text secondary large"">Located in United States</span> <span class=""su-styled-text secondary large"">Free returns</span> <span class=""su-styled-text primary bold large"">63 watchers</span> <span class=""su-styled-text primary large"">hellogoodlife1 </span> <span class=""su-styled-text primary large"">97.9% positive (18.9K)</span>"
"<span class=""su-styled-text primary default"">HP - Laptop - 15.6"" - Intel® Core™ i7 - 16GB RAM - 512GB SSD - Free Shipping</span>","<span class=""su-styled-text primary bold large-1 s-card__price"">$499.99</span> <span class=""su-styled-text secondary large"">Buy It Now</span> <span class=""su-styled-text secondary large"">Free delivery</span> <span class=""su-styled-text secondary large"">Located in United States</span> <span class=""su-styled-text negative bold large"">Almost gone</span> <span class=""su-styled-text primary bold large"">23 sold</span>",,"<span class=""su-styled-text primary default"">HP - Laptop - 15.6"" - Intel® Core™ i7 - 16GB RAM - 512GB SSD - Free Shipping</span> <span class=""su-styled-text secondary default"">Brand New · </span> <span class=""su-styled-text secondary default"">HP</span> <span class=""su-styled-text primary bold large-1 s-card__price"">$499.99</span> <span class=""su-styled-text secondary large"">Buy It Now</span> <span class=""su-styled-text secondary large"">Free delivery</span> <span class=""su-styled-text secondary large"">Located in United States</span> <span class=""su-styled-text negative bold large"">Almost gone</span> <span class=""su-styled-text primary bold large"">23 sold</span> <span class=""su-styled-text primary large"">marrsinc </span> <span class=""su-styled-text primary large"">99.8% positive (68.6K)</span>"
"<span class=""su-styled-text primary default"">Microsoft Surface Laptop 3, 13.5"" Touch, Intel i7, 16GB RAM, 256GB SSD - Black</span>","<span class=""su-styled-text primary bold large-1 s-card__price"">$309.99</span> <span class=""su-styled-text secondary large"">Buy It Now</span> <span class=""su-styled-text secondary large"">Free delivery</span> <span class=""su-styled-text secondary large"">Located in United States</span> <span class=""su-styled-text secondary large"">Free returns</span> <span class=""su-styled-text primary bold large"">149 sold</span>",,"<span class=""su-styled-text primary default"">Microsoft Surface Laptop 3, 13.5"" Touch, Intel i7, 16GB RAM, 256GB SSD - Black</span> <span class=""su-styled-text secondary default"">Open Box · </span> <span class=""su-styled-text secondary default"">Microsoft</span> <span class=""su-styled-text primary bold large-1 s-card__price"">$309.99</span> <span class=""su-styled-text secondary large"">Buy It Now</span> <span class=""su-styled-text secondary large"">Free delivery</span> <span class=""su-styled-text secondary large"">Located in United States</span> <span class=""su-styled-text secondary large"">Free returns</span> <span class=""su-styled-text primary bold large"">149 sold</span> <span class=""su-styled-text primary large"">bigdeals </span> <span class=""su-styled-text primary large"">99.3% positive (457.3K)</span>"
"<span class=""su-styled-text primary default"">Panasonic Toughbook CF-54 Touch GPS LTE PC i5-6300U 8GB RAM 256GB SSD Win10 Pro</span>","<span class=""su-styled-text primary bold large-1 s-card__price"">$189.99</span> <span class=""su-styled-text secondary strikethrough large"">$199.99</span> <span class=""su-styled-text secondary large"">Buy It Now</span> <span class=""su-styled-text secondary large"">Free delivery</span> <span class=""su-styled-text secondary large"">Located in United States</span> <span class=""su-styled-text secondary large"">Free returns</span> <span class=""su-styled-text primary bold large"">22 sold</span>",,"<span class=""su-styled-text primary default"">Panasonic Toughbook CF-54 Touch GPS LTE PC i5-6300U 8GB RAM 256GB SSD Win10 Pro</span> <span class=""su-styled-text secondary default"">Good - Refurbished · </span> <span class=""su-styled-text secondary default"">Panasonic</span> <span class=""su-styled-text primary bold large-1 s-card__price"">$189.99</span> <span class=""su-styled-text secondary strikethrough large"">$199.99</span> <span class=""su-styled-text secondary large"">Buy It Now</span> <span class=""su-styled-text secondary large"">Free delivery</span> <span class=""su-styled-text secondary large"">Located in United States</span> <span class=""su-styled-text secondary large"">Free returns</span> <span class=""su-styled-text primary bold large"">22 sold</span> <span class=""su-styled-text default"">titan.deals  100% positive (25.1K)</span> <span class=""su-styled-text default"">eBay Refurbished</span>"
"<span class=""su-styled-text primary default"">Dell Usedc15250Hbtshtsn 15.6"" 13th Gen Intel® Core™ i7-1355U, 10 cores 512 GB SS</span>","<span class=""su-styled-text primary bold large-1 s-card__price"">$599.99</span> <span class=""su-styled-text secondary strikethrough large"">$869.99</span> <span class=""su-styled-text secondary large"">Buy It Now</span> <span class=""su-styled-text secondary large"">Free delivery</span> <span class=""su-styled-text secondary large"">Located in United States</span> <span class=""su-styled-text secondary large"">Free returns</span> <span class=""su-styled-text primary bold large"">127 sold</span>",,"<span class=""su-styled-text primary default"">Dell Usedc15250Hbtshtsn 15.6"" 13th Gen Intel® Core™ i7-1355U, 10 cores 512 GB SS</span> <span class=""su-styled-text secondary default"">Direct from Dell. Buy with Confidence!</span> <span class=""su-styled-text secondary default"">Brand New · </span> <span class=""su-styled-text secondary default"">Dell</span> <span class=""su-styled-text primary bold large-1 s-card__price"">$599.99</span> <span class=""su-styled-text secondary strikethrough large"">$869.99</span> <span class=""su-styled-text secondary large"">Buy It Now</span> <span class=""su-styled-text secondary large"">Free delivery</span> <span class=""su-styled-text secondary large"">Located in United States</span> <span class=""su-styled-text secondary large"">Free returns</span> <span class=""su-styled-text primary bold large"">127 sold</span> <span class=""su-styled-text primary large"">dell </span> <span class=""su-styled-text primary large"">98.4% positive (30.3K)</span> <span class=""su-styled-text default"">Direct from Dell</span>"
"<span class=""su-styled-text primary default"">ASUS VivoBook 15 Thin and Light Laptop 15.6” Intel i3-1005G1 8GB 128GB Win 10 H</span>","<span class=""su-styled-text primary bold large-1 s-card__price"">$359.00</span> <span class=""su-styled-text secondary large"">Buy It Now</span> <span class=""su-styled-text secondary large"">Shipping not specified</span> <span class=""su-styled-text secondary large"">Located in United States</span>","<div class=""x-star-rating""><!--M_fbd99063#s0-2-54-0-9-8-4-4-0-3-0-4[59]-1-0-1-6-1-7-33-1-1-2-1[1]-0--><svg data-marko-key=""@svg s0-2-54-0-9-8-4-4-0-3-0-4[59]-1-0-1-6-1-7-33-1-1-2-1[1]-0"" class=""icon icon--16"" focusable=""false"" aria-hidden=""true""><use href=""#icon-star-filled-16""></use></svg><!--M_fbd99063/--><!--M_fbd99063#s0-2-54-0-9-8-4-4-0-3-0-4[59]-1-0-1-6-1-7-33-1-1-2-1[2]-0--><svg data-marko-key=""@svg s0-2-54-0-9-8-4-4-0-3-0-4[59]-1-0-1-6-1-7-33-1-1-2-1[2]-0"" class=""icon icon--16"" focusable=""false"" aria-hidden=""true""><use href=""#icon-star-filled-16""></use></svg><!--M_fbd99063/--><!--M_fbd99063#s0-2-54-0-9-8-4-4-0-3-0-4[59]-1-0-1-6-1-7-33-1-1-2-1[3]-0--><svg data-marko-key=""@svg s0-2-54-0-9-8-4-4-0-3-0-4[59]-1-0-1-6-1-7-33-1-1-2-1[3]-0"" class=""icon icon--16"" focusable=""false"" aria-hidden=""true""><use href=""#icon-star-filled-16""></use></svg><!--M_fbd99063/--><!--M_fbd99063#s0-2-54-0-9-8-4-4-0-3-0-4[59]-1-0-1-6-1-7-33-1-1-2-1[4]-0--><svg data-marko-key=""@svg s0-2-54-0-9-8-4-4-0-3-0-4[59]-1-0-1-6-1-7-33-1-1-2-1[4]-0"" class=""icon icon--16"" focusable=""false"" aria-hidden=""true""><use href=""#icon-star-filled-16""></use></svg><!--M_fbd99063/--><!--M_fbd99063#s0-2-54-0-9-8-4-4-0-3-0-4[59]-1-0-1-6-1-7-33-1-1-2-1[5]-0--><svg data-marko-key=""@svg s0-2-54-0-9-8-4-4-0-3-0-4[59]-1-0-1-6-1-7-33-1-1-2-1[5]-0"" class=""icon icon--16"" focusable=""false"" aria-hidden=""true""><use href=""#icon-star-filled-16""></use></svg><!--M_fbd99063/--><span class=""clipped"">5.0 out of 5 stars.</span></div>","<span class=""su-styled-text primary default"">ASUS VivoBook 15 Thin and Light Laptop 15.6” Intel i3-1005G1 8GB 128GB Win 10 H</span> <span class=""su-styled-text secondary default"">Brand New · </span> <span class=""su-styled-text secondary default"">ASUS · </span> <span class=""su-styled-text secondary default"">128 GB</span> <span class=""su-styled-text primary bold large-1 s-card__price"">$359.00</span> <span class=""su-styled-text secondary large"">Buy It Now</span> <span class=""su-styled-text secondary large"">Shipping not specified</span> <span class=""su-styled-text secondary large"">Located in United States</span> <span class=""su-styled-text primary large"">beautypurplemagic </span> <span class=""su-styled-text primary large"">99.2% positive (1.5K)</span>"
"<span class=""su-styled-text primary default"">Lenovo ThinkPad T480s 14"" Laptop i5 8th Gen 256gb NVME 16GB RAM Win 11 Pro FHD</span>","<span class=""su-styled-text primary bold large-1 s-card__price"">$299.99</span> <span class=""su-styled-text secondary large"">or Best Offer</span> <span class=""su-styled-text secondary large"">Free delivery</span> <span class=""su-styled-text secondary large"">Located in United States</span> <span class=""su-styled-text secondary large"">Free returns</span> <span class=""su-styled-text primary bold large"">Almost gone</span> <span class=""su-styled-text primary bold large"">1,032 sold</span>",,"<span class=""su-styled-text primary default"">Lenovo ThinkPad T480s 14"" Laptop i5 8th Gen 256gb NVME 16GB RAM Win 11 Pro FHD</span> <span class=""su-styled-text secondary default"">Excellent - Refurbished · </span> <span class=""su-styled-text secondary default"">Lenovo · </span> <span class=""su-styled-text secondary default"">256 GB</span> <span class=""su-styled-text primary bold large-1 s-card__price"">$299.99</span> <span class=""su-styled-text secondary large"">or Best Offer</span> <span class=""su-styled-text secondary large"">Free delivery</span> <span class=""su-styled-text secondary large"">Located in United States</span> <span class=""su-styled-text secondary large"">Free returns</span> <span class=""su-styled-text primary bold large"">Almost gone</span> <span class=""su-styled-text primary bold large"">1,032 sold</span> <span class=""su-styled-text primary large"">kl0 </span> <span class=""su-styled-text primary large"">99.5% positive (53.8K)</span> <span class=""su-styled-text default"">eBay Refurbished</span>"
"<span class=""su-styled-text primary bold default"">14"" HP ProBook Laptop: Intel i5 (8GB RAM - 256GB M.2 SSD) Zorin Core Edition!</span>","<span class=""su-styled-text primary bold large-1 s-card__price"">$157.89</span> <span class=""su-styled-text secondary strikethrough large"">$257.89</span> <span class=""su-styled-text secondary large"">or Best Offer</span> <span class=""su-styled-text secondary large"">Free delivery</span> <span class=""su-styled-text secondary large"">Located in United States</span> <span class=""su-styled-text secondary large"">Free returns</span> <span class=""su-styled-text primary bold large"">Almost gone</span> <span class=""su-styled-text primary bold large"">100 sold</span>",,"<span class=""su-styled-text primary bold default"">14"" HP ProBook Laptop: Intel i5 (8GB RAM - 256GB M.2 SSD) Zorin Core Edition!</span> <span class=""su-styled-text secondary default"">Rapid delivery! 1 Year warranty!</span> <span class=""su-styled-text secondary default"">Good - Refurbished · </span> <span class=""su-styled-text secondary default"">HP</span> <span class=""su-styled-text primary bold large-1 s-card__price"">$157.89</span> <span class=""su-styled-text secondary strikethrough large"">$257.89</span> <span class=""su-styled-text secondary large"">or Best Offer</span> <span class=""su-styled-text secondary large"">Free delivery</span> <span class=""su-styled-text secondary large"">Located in United States</span> <span class=""su-styled-text secondary large"">Free returns</span> <span class=""su-styled-text primary bold large"">Almost gone</span> <span class=""su-styled-text primary bold large"">100 sold</span> <span class=""su-styled-text default"">rinuvo  99.7% positive (12.1K)</span> <span class=""su-styled-text default"">eBay Refurbished</span>"
"<span class=""su-styled-text primary default"">Acer Aspire 5 15.6"" Laptop FHD Intel i5 12GB RAM 512GB SSD UHD Refurbished</span>","<span class=""su-styled-text primary bold large-1 s-card__price"">$306.89</span> <span class=""su-styled-text secondary strikethrough large"">$549.99</span> <span class=""su-styled-text secondary large"">Buy It Now</span> <span class=""su-styled-text secondary large"">Free delivery</span> <span class=""su-styled-text secondary large"">Located in United States</span> <span class=""su-styled-text secondary large"">Free returns</span>",,"<span class=""su-styled-text primary default"">Acer Aspire 5 15.6"" Laptop FHD Intel i5 12GB RAM 512GB SSD UHD Refurbished</span> <span class=""su-styled-text secondary default"">Official Acer Recertified Store (Certified Refurbished)</span> <span class=""su-styled-text secondary default"">Certified - Refurbished · </span> <span class=""su-styled-text secondary default"">Acer</span> <span class=""su-styled-text primary bold large-1 s-card__price"">$306.89</span> <span class=""su-styled-text secondary strikethrough large"">$549.99</span> <span class=""su-styled-text secondary large"">Buy It Now</span> <span class=""su-styled-text secondary large"">Free delivery</span> <span class=""su-styled-text secondary large"">Located in United States</span> <span class=""su-styled-text secondary large"">Free returns</span> <span class=""su-styled-text primary large"">acer </span> <span class=""su-styled-text primary large"">98.9% positive (112.7K)</span> <span class=""su-styled-text default"">eBay Refurbished</span>"
"<span class=""su-styled-text primary default"">HP 14-dq6013dx 14"" Intel N150 4GB DDR4 128GB UFS W11H Laptop, Willow Green</span>","<span class=""su-styled-text primary bold large-1 s-card__price"">$148.00</span> <span class=""su-styled-text secondary strikethrough large"">$469.99</span> <span class=""su-styled-text secondary large"">Buy It Now</span> <span class=""su-styled-text positive bold large"">Free delivery in 2-3 days</span> <span class=""su-styled-text secondary large"">Located in United States</span> <span class=""su-styled-text secondary large"">Free returns</span>",,"<span class=""su-styled-text primary default"">HP 14-dq6013dx 14"" Intel N150 4GB DDR4 128GB UFS W11H Laptop, Willow Green</span> <span class=""su-styled-text secondary default"">Certified - Refurbished · </span> <span class=""su-styled-text secondary default"">HP</span> <span class=""su-styled-text primary bold large-1 s-card__price"">$148.00</span> <span class=""su-styled-text secondary strikethrough large"">$469.99</span> <span class=""su-styled-text secondary large"">Buy It Now</span> <span class=""su-styled-text positive bold large"">Free delivery in 2-3 days</span> <span class=""su-styled-text secondary large"">Located in United States</span> <span class=""su-styled-text secondary large"">Free returns</span> <span class=""su-styled-text default"">prycedin  99.4% positive (78.9K)</span> <span class=""su-styled-text default"">eBay Refurbished</span>"
"<span class=""su-styled-text primary default"">Dell Latitude 5420 14"" Touch Core i5-1145G7 2.6GHz 16GB RAM 256GB SSD WIN 11 PRO</span>","<span class=""su-styled-text primary bold large-1 s-card__price"">$191.00</span> <span class=""su-styled-text secondary large"">Buy It Now</span> <span class=""su-styled-text secondary large"">Free delivery</span> <span class=""su-styled-text secondary large"">Located in United States</span> <span class=""su-styled-text negative bold large"">Almost gone</span> <span class=""su-styled-text primary bold large"">16 sold</span>","<div class=""x-star-rating""><!--M_fbd99063#s0-2-54-0-9-8-4-4-0-3-0-4[25]-1-0-1-6-1-7-33-1-1-2-1[1]-0--><svg data-marko-key=""@svg s0-2-54-0-9-8-4-4-0-3-0-4[25]-1-0-1-6-1-7-33-1-1-2-1[1]-0"" class=""icon icon--16"" focusable=""false"" aria-hidden=""true""><use href=""#icon-star-filled-16""></use></svg><!--M_fbd99063/--><!--M_fbd99063#s0-2-54-0-9-8-4-4-0-3-0-4[25]-1-0-1-6-1-7-33-1-1-2-1[2]-0--><svg data-marko-key=""@svg s0-2-54-0-9-8-4-4-0-3-0-4[25]-1-0-1-6-1-7-33-1-1-2-1[2]-0"" class=""icon icon--16"" focusable=""false"" aria-hidden=""true""><use href=""#icon-star-filled-16""></use></svg><!--M_fbd99063/--><!--M_fbd99063#s0-2-54-0-9-8-4-4-0-3-0-4[25]-1-0-1-6-1-7-33-1-1-2-1[3]-0--><svg data-marko-key=""@svg s0-2-54-0-9-8-4-4-0-3-0-4[25]-1-0-1-6-1-7-33-1-1-2-1[3]-0"" class=""icon icon--16"" focusable=""false"" aria-hidden=""true""><use href=""#icon-star-filled-16""></use></svg><!--M_fbd99063/--><!--M_fbd99063#s0-2-54-0-9-8-4-4-0-3-0-4[25]-1-0-1-6-1-7-33-1-1-2-1[4]-0--><svg data-marko-key=""@svg s0-2-54-0-9-8-4-4-0-3-0-4[25]-1-0-1-6-1-7-33-1-1-2-1[4]-0"" class=""icon icon--16"" focusable=""false"" aria-hidden=""true""><use href=""#icon-star-filled-16""></use></svg><!--M_fbd99063/--><!--M_fbd99063#s0-2-54-0-9-8-4-4-0-3-0-4[25]-1-0-1-6-1-7-33-1-1-2-2-0--><svg data-marko-key=""@svg s0-2-54-0-9-8-4-4-0-3-0-4[25]-1-0-1-6-1-7-33-1-1-2-2-0"" class=""icon icon--16-colored"" focusable=""false"" aria-hidden=""true""><defs data-marko-key=""@defs s0-2-54-0-9-8-4-4-0-3-0-4[25]-1-0-1-6-1-7-33-1-1-2-2-0""><symbol viewbox=""0 0 16 16"" id=""icon-star-half-16-colored""><path fill=""#707070"" fill-rule=""evenodd"" d=""M8 1.495c.272 0 .512.175.596.433l1.359 4.207h4.415a.625.625 0 0 1 .346 1.145l-3.55 2.364 1.366 4.036a.625.625 0 0 1-.953.71l-3.578-2.528-3.58 2.528a.625.625 0 0 1-.953-.71l1.366-4.035-3.56-2.364a.625.625 0 0 1 .346-1.146h4.435l1.35-4.206A.625.625 0 0 1 8 1.495Zm.003 2.663L6.966 7.385H3.69l2.635 1.75-1.058 3.127L8 10.332l2.731 1.93-1.058-3.126 2.63-1.75H9.045L8.003 4.157Z"" clip-rule=""evenodd""></path><path fill=""#191919"" d=""M7.406 1.929A.625.625 0 0 1 8 1.495v10.367L4.42 14.39a.625.625 0 0 1-.952-.71l1.366-4.035-3.56-2.364a.625.625 0 0 1 .346-1.146h4.435l1.35-4.206Z""></path></symbol></defs><use href=""#icon-star-half-16-colored""></use></svg><!--M_fbd99063/--><span class=""clipped"">4.5 out of 5 stars.</span></div>","<span class=""su-styled-text primary default"">Dell Latitude 5420 14"" Touch Core i5-1145G7 2.6GHz 16GB RAM 256GB SSD WIN 11 PRO</span> <span class=""su-styled-text secondary default"">Pre-Owned · </span> <span class=""su-styled-text secondary default"">Dell · </span> <span class=""su-styled-text secondary default"">256 GB</span> <span class=""su-styled-text primary bold large-1 s-card__price"">$191.00</span> <span class=""su-styled-text secondary large"">Buy It Now</span> <span class=""su-styled-text secondary large"">Free delivery</span> <span class=""su-styled-text secondary large"">Located in United States</span> <span class=""su-styled-text negative bold large"">Almost gone</span> <span class=""su-styled-text primary bold large"">16 sold</span> <span class=""su-styled-text primary large"">hawk_line </span> <span class=""su-styled-text primary large"">97.7% positive (42.8K)</span>"
"<span class=""su-styled-text primary default"">HP ProBook x360 11 G5 Laptop Celeron N4020 4GB 64GB 11.6"" Touch W11 Pro 2 in 1 !</span>","<span class=""su-styled-text primary bold large-1 s-card__price"">$79.99</span> <span class=""su-styled-text secondary large"">Buy It Now</span> <span class=""su-styled-text secondary large"">Free delivery</span> <span class=""su-styled-text secondary large"">Located in United States</span> <span class=""su-styled-text secondary large"">Free returns</span> <span class=""su-styled-text primary bold large"">364 sold</span> <span class=""su-styled-text negative bold large"">Extra 5% off with coupon</span>",,"<span class=""su-styled-text primary default"">HP ProBook x360 11 G5 Laptop Celeron N4020 4GB 64GB 11.6"" Touch W11 Pro 2 in 1 !</span> <span class=""su-styled-text secondary default"">FRONT FACING CAMERA - SAME DAY SHIPPING - FAST FAST FAS</span> <span class=""su-styled-text secondary default"">Pre-Owned · </span> <span class=""su-styled-text secondary default"">HP · </span> <span class=""su-styled-text secondary default"">64 GB</span> <span class=""su-styled-text primary bold large-1 s-card__price"">$79.99</span> <span class=""su-styled-text secondary large"">Buy It Now</span> <span class=""su-styled-text secondary large"">Free delivery</span> <span class=""su-styled-text secondary large"">Located in United States</span> <span class=""su-styled-text secondary large"">Free returns</span> <span class=""su-styled-text primary bold large"">364 sold</span> <span class=""su-styled-text negative bold large"">Extra 5% off with coupon</span> <span class=""su-styled-text default"">jcs_computer_store  98.8% positive (78.1K)</span>"
"<span class=""su-styled-text primary default"">Dell Latitude 5520 Laptop - 2.6 GHz i5-1145G7 16GB 512GB 15.6"" Touchscreen - SP</span>","<span class=""su-styled-text primary bold large-1 s-card__price"">$238.00</span> <span class=""su-styled-text secondary large"">Buy It Now</span> <span class=""su-styled-text secondary large"">Free delivery</span> <span class=""su-styled-text secondary large"">Located in United States</span> <span class=""su-styled-text secondary large"">Free returns</span> <span class=""su-styled-text negative bold large"">Almost gone</span> <span class=""su-styled-text primary bold large"">188 sold</span>",,"<span class=""su-styled-text primary default"">Dell Latitude 5520 Laptop - 2.6 GHz i5-1145G7 16GB 512GB 15.6"" Touchscreen - SP</span> <span class=""su-styled-text secondary default"">Pre-Owned · </span> <span class=""su-styled-text secondary default"">Dell</span> <span class=""su-styled-text primary bold large-1 s-card__price"">$238.00</span> <span class=""su-styled-text secondary large"">Buy It Now</span> <span class=""su-styled-text secondary large"">Free delivery</span> <span class=""su-styled-text secondary large"">Located in United States</span> <span class=""su-styled-text secondary large"">Free returns</span> <span class=""su-styled-text negative bold large"">Almost gone</span> <span class=""su-styled-text primary bold large"">188 sold</span> <span class=""su-styled-text default"">thelaptopbarn  99.9% positive (55.8K)</span>"
"<span class=""su-styled-text primary default"">Lenovo IdeaPad Slim 3x 15.3"" Touch Snapdragon X 16GB 1TB SSD GRAY 83N30010US</span>","<span class=""su-styled-text primary bold large-1 s-card__price"">$399.00</span> <span class=""su-styled-text secondary large"">Buy It Now</span> <span class=""su-styled-text positive bold large"">Free delivery in 2-4 days</span> <span class=""su-styled-text secondary large"">Located in United States</span> <span class=""su-styled-text secondary large"">Free returns</span> <span class=""su-styled-text primary bold large"">54 watchers</span>",,"<span class=""su-styled-text primary default"">Lenovo IdeaPad Slim 3x 15.3"" Touch Snapdragon X 16GB 1TB SSD GRAY 83N30010US</span> <span class=""su-styled-text secondary default"">Open Box · </span> <span class=""su-styled-text secondary default"">Lenovo</span> <span class=""su-styled-text primary bold large-1 s-card__price"">$399.00</span> <span class=""su-styled-text secondary large"">Buy It Now</span> <span class=""su-styled-text positive bold large"">Free delivery in 2-4 days</span> <span class=""su-styled-text secondary large"">Located in United States</span> <span class=""su-styled-text secondary large"">Free returns</span> <span class=""su-styled-text primary bold large"">54 watchers</span> <span class=""su-styled-text default"">zacks-silo  99.6% positive (5K)</span>"
"<span class=""su-styled-text primary default"">Acer Aspire 14 AI Laptop 14"" WUXGA IPS Intel Core Ultra 7+ARC 16GB RAM 1TB SSD</span>","<span class=""su-styled-text primary bold large-1 s-card__price"">$1,049.99</span> <span class=""su-styled-text secondary large"">Buy It Now</span> <span class=""su-styled-text secondary large"">Free delivery</span> <span class=""su-styled-text secondary large"">Located in United States</span> <span class=""su-styled-text secondary large"">Free returns</span>",,"<span class=""su-styled-text primary default"">Acer Aspire 14 AI Laptop 14"" WUXGA IPS Intel Core Ultra 7+ARC 16GB RAM 1TB SSD</span> <span class=""su-styled-text secondary default"">Brand New · </span> <span class=""su-styled-text secondary default"">Acer · </span> <span class=""su-styled-text secondary default"">1 TB</span> <span class=""su-styled-text primary bold large-1 s-card__price"">$1,049.99</span> <span class=""su-styled-text secondary large"">Buy It Now</span> <span class=""su-styled-text secondary large"">Free delivery</span> <span class=""su-styled-text secondary large"">Located in United States</span> <span class=""su-styled-text secondary large"">Free returns</span> <span class=""su-styled-text primary large"">acer </span> <span class=""su-styled-text primary large"">98.9% positive (112.7K)</span> <span class=""su-styled-text default"">Direct from Acer</span>"
"<span class=""su-styled-text primary default"">ASUS Vivobook 16.0"" 2880x1800 Ultra 9-285H 32GB 1TB SSD S5606CA-SB92 BRAND NEW</span>","<span class=""su-styled-text primary bold large-1 s-card__price"">$1,279.99</span> <span class=""su-styled-text secondary large"">or Best Offer</span> <span class=""su-styled-text secondary large"">Free delivery</span> <span class=""su-styled-text secondary large"">Located in United States</span> <span class=""su-styled-text secondary large"">Free returns</span>",,"<span class=""su-styled-text primary default"">ASUS Vivobook 16.0"" 2880x1800 Ultra 9-285H 32GB 1TB SSD S5606CA-SB92 BRAND NEW</span> <span class=""su-styled-text secondary default"">Brand New · </span> <span class=""su-styled-text secondary default"">ASUS · </span> <span class=""su-styled-text secondary default"">1 TB</span> <span class=""su-styled-text primary bold large-1 s-card__price"">$1,279.99</span> <span class=""su-styled-text secondary large"">or Best Offer</span> <span class=""su-styled-text secondary large"">Free delivery</span> <span class=""su-styled-text secondary large"">Located in United States</span> <span class=""su-styled-text secondary large"">Free returns</span> <span class=""su-styled-text default"">johnsgoodsfromnyc  100% positive (3K)</span>"
"<span class=""su-styled-text primary default"">2026 HP Touch Laptop 15.6"" 8-Core AMD Ryzen 7 16GB RAM &amp; 512GB SSD Office 2024</span>","<span class=""su-styled-text primary bold large-1 s-card__price"">$549.00</span> <span class=""su-styled-text secondary strikethrough large"">$1,149.00</span> <span class=""su-styled-text secondary large"">or Best Offer</span> <span class=""su-styled-text secondary large"">Free delivery</span> <span class=""su-styled-text secondary large"">Located in United States</span> <span class=""su-styled-text secondary large"">Free returns</span> <span class=""su-styled-text primary bold large"">63 watchers</span>",,"<span class=""su-styled-text primary default"">2026 HP Touch Laptop 15.6"" 8-Core AMD Ryzen 7 16GB RAM &amp; 512GB SSD Office 2024</span> <span class=""su-styled-text secondary default"">✅Lifetime Office 2024+Win 11 Pro ✅Fast Shipping ✅OnSale</span> <span class=""su-styled-text secondary default"">Brand New · </span> <span class=""su-styled-text secondary default"">HP · </span> <span class=""su-styled-text secondary default"">512 GB</span> <span class=""su-styled-text primary bold large-1 s-card__price"">$549.00</span> <span class=""su-styled-text secondary strikethrough large"">$1,149.00</span> <span class=""su-styled-text secondary large"">or Best Offer</span> <span class=""su-styled-text secondary large"">Free delivery</span> <span class=""su-styled-text secondary large"">Located in United States</span> <span class=""su-styled-text secondary large"">Free returns</span> <span class=""su-styled-text primary bold large"">63 watchers</span> <span class=""su-styled-text primary large"">hellogoodlife1 </span> <span class=""su-styled-text primary large"">97.9% positive (18.9K)</span>"
"<span class=""su-styled-text primary default"">2026 HP Victus Gaming Laptop 15.6"" Ryzen 7 NVIDIA RTX 4050, 16GB RAM &amp; 512GB SSD</span>","<span class=""su-styled-text primary bold large-1 s-card__price"">$799.00</span> <span class=""su-styled-text secondary strikethrough large"">$1,399.00</span> <span class=""su-styled-text secondary large"">or Best Offer</span> <span class=""su-styled-text secondary large"">Free delivery</span> <span class=""su-styled-text secondary large"">Located in United States</span> <span class=""su-styled-text secondary large"">Free returns</span> <span class=""su-styled-text negative bold large"">Last one</span> <span class=""su-styled-text primary bold large"">9 sold</span>",,"<span class=""su-styled-text primary default"">2026 HP Victus Gaming Laptop 15.6"" Ryzen 7 NVIDIA RTX 4050, 16GB RAM &amp; 512GB SSD</span> <span class=""su-styled-text secondary default"">✅Win 11 Pro+ Lifetime Office 2024✅High Performance Game</span> <span class=""su-styled-text secondary default"">Brand New · </span> <span class=""su-styled-text secondary default"">HP · </span> <span class=""su-styled-text secondary default"">512 GB</span> <span class=""su-styled-text primary bold large-1 s-card__price"">$799.00</span> <span class=""su-styled-text secondary strikethrough large"">$1,399.00</span> <span class=""su-styled-text secondary large"">or Best Offer</span> <span class=""su-styled-text secondary large"">Free delivery</span> <span class=""su-styled-text secondary large"">Located in United States</span> <span class=""su-styled-text secondary large"">Free returns</span> <span class=""su-styled-text negative bold large"">Last one</span> <span class=""su-styled-text primary bold large"">9 sold</span> <span class=""su-styled-text primary large"">hellogoodlife1 </span> <span class=""su-styled-text primary large"">97.9% positive (18.9K)</span>"
"<span class=""su-styled-text primary default"">Lenovo ThinkPad T14s 14"" Intel i7 4.8GHz 32GB 512GB SSD Win 11 </span>","<span class=""su-styled-text primary bold large-1 s-card__price"">$364.55</span> <span class=""su-styled-text secondary strikethrough large"">$729.11</span> <span class=""su-styled-text secondary large"">Buy It Now</span> <span class=""su-styled-text secondary large"">Free delivery</span> <span class=""su-styled-text secondary large"">Located in United States</span> <span class=""su-styled-text secondary large"">Free returns</span> <span class=""su-styled-text primary bold large"">Almost gone</span> <span class=""su-styled-text primary bold large"">19 sold</span>",,"<span class=""su-styled-text primary default"">Lenovo ThinkPad T14s 14"" Intel i7 4.8GHz 32GB 512GB SSD Win 11 </span> <span class=""su-styled-text secondary default"">Good - Refurbished · </span> <span class=""su-styled-text secondary default"">Lenovo</span> <span class=""su-styled-text primary bold large-1 s-card__price"">$364.55</span> <span class=""su-styled-text secondary strikethrough large"">$729.11</span> <span class=""su-styled-text secondary large"">Buy It Now</span> <span class=""su-styled-text secondary large"">Free delivery</span> <span class=""su-styled-text secondary large"">Located in United States</span> <span class=""su-styled-text secondary large"">Free returns</span> <span class=""su-styled-text primary bold large"">Almost gone</span> <span class=""su-styled-text primary bold large"">19 sold</span> <span class=""su-styled-text primary large"">highland-performance-systems </span> <span class=""su-styled-text primary large"">100% positive (12.6K)</span> <span class=""su-styled-text default"">eBay Refurbished</span>"
"<span class=""su-styled-text primary default"">Acer Swift Go 14"" AI Laptop Qualcomm Snapdragon X+ 16GB RAM 1TB SSD Refurbished</span>","<span class=""su-styled-text primary bold large-1 s-card__price"">$434.30</span> <span class=""su-styled-text secondary strikethrough large"">$1,089.99</span> <span class=""su-styled-text secondary large"">Buy It Now</span> <span class=""su-styled-text secondary large"">Free delivery</span> <span class=""su-styled-text secondary large"">Located in United States</span> <span class=""su-styled-text secondary large"">Free returns</span> <span class=""su-styled-text primary bold large"">95 watchers</span>",,"<span class=""su-styled-text primary default"">Acer Swift Go 14"" AI Laptop Qualcomm Snapdragon X+ 16GB RAM 1TB SSD Refurbished</span> <span class=""su-styled-text secondary default"">Certified - Refurbished · </span> <span class=""su-styled-text secondary default"">Acer</span> <span class=""su-styled-text primary bold large-1 s-card__price"">$434.30</span> <span class=""su-styled-text secondary strikethrough large"">$1,089.99</span> <span class=""su-styled-text secondary large"">Buy It Now</span> <span class=""su-styled-text secondary large"">Free delivery</span> <span class=""su-styled-text secondary large"">Located in United States</span> <span class=""su-styled-text secondary large"">Free returns</span> <span class=""su-styled-text primary bold large"">95 watchers</span> <span class=""su-styled-text primary large"">acer </span> <span class=""su-styled-text primary large"">98.9% positive (112.7K)</span> <span class=""su-styled-text default"">eBay Refurbished</span>"
"<span class=""su-styled-text primary default"">Panasonic ToughPad FZ-M1 7"" i5 8GB 128GB SSD Windows 10 Pro Rugged Laptop Tablet</span>","<span class=""su-styled-text primary bold large-1 s-card__price"">$130.00</span> <span class=""su-styled-text secondary large"">or Best Offer</span> <span class=""su-styled-text secondary large"">Free delivery</span> <span class=""su-styled-text secondary large"">Located in United States</span> <span class=""su-styled-text secondary large"">Free returns</span> <span class=""su-styled-text primary bold large"">125 sold</span>",,"<span class=""su-styled-text primary default"">Panasonic ToughPad FZ-M1 7"" i5 8GB 128GB SSD Windows 10 Pro Rugged Laptop Tablet</span> <span class=""su-styled-text secondary default"">Pre-Owned · </span> <span class=""su-styled-text secondary default"">Panasonic</span> <span class=""su-styled-text primary bold large-1 s-card__price"">$130.00</span> <span class=""su-styled-text secondary large"">or Best Offer</span> <span class=""su-styled-text secondary large"">Free delivery</span> <span class=""su-styled-text secondary large"">Located in United States</span> <span class=""su-styled-text secondary large"">Free returns</span> <span class=""su-styled-text primary bold large"">125 sold</span> <span class=""su-styled-text primary large"">ticktock1-2-3 </span> <span class=""su-styled-text primary large"">98.1% positive (55.9K)</span>"
"<span class=""su-styled-text primary default"">Dell 16 Plus AI Laptop 16"" Touch Intel Ultra 9 32GB 1TB SSD WiFi7 Win11 Ice Blue</span>","<span class=""su-styled-text primary bold large-1 s-card__price"">$599.00</span> <span class=""su-styled-text secondary large"">Buy It Now</span> <span class=""su-styled-text secondary large"">Free delivery</span> <span class=""su-styled-text secondary large"">Located in United States</span>",,"<span class=""su-styled-text primary default"">Dell 16 Plus AI Laptop 16"" Touch Intel Ultra 9 32GB 1TB SSD WiFi7 Win11 Ice Blue</span> <span class=""su-styled-text secondary default"">Brand New · </span> <span class=""su-styled-text secondary default"">Dell · </span> <span class=""su-styled-text secondary default"">1 TB</span> <span class=""su-styled-text primary bold large-1 s-card__price"">$599.00</span> <span class=""su-styled-text secondary large"">Buy It Now</span> <span class=""su-styled-text secondary large"">Free delivery</span> <span class=""su-styled-text secondary large"">Located in United States</span> <span class=""su-styled-text primary large"">ediso_3620 </span> <span class=""su-styled-text primary large"">0% positive (0)</span>"
"<span class=""su-styled-text primary default"">HP - 15.6"" Touch-Screen Laptop - Intel Core i5 - 8GB Memory - 512GB SSD - Silver</span>","<span class=""su-styled-text primary bold large-1 s-card__price"">$359.99</span> <span class=""su-styled-text secondary large"">Buy It Now</span> <span class=""su-styled-text secondary large"">Free delivery</span> <span class=""su-styled-text secondary large"">Located in United States</span> <span class=""su-styled-text secondary large"">Free returns</span> <span class=""su-styled-text primary bold large"">32 sold</span>",,"<span class=""su-styled-text primary default"">HP - 15.6"" Touch-Screen Laptop - Intel Core i5 - 8GB Memory - 512GB SSD - Silver</span> <span class=""su-styled-text secondary default"">Open Box · </span> <span class=""su-styled-text secondary default"">HP · </span> <span class=""su-styled-text secondary default"">512 GB</span> <span class=""su-styled-text primary bold large-1 s-card__price"">$359.99</span> <span class=""su-styled-text secondary large"">Buy It Now</span> <span class=""su-styled-text secondary large"">Free delivery</span> <span class=""su-styled-text secondary large"">Located in United States</span> <span class=""su-styled-text secondary large"">Free returns</span> <span class=""su-styled-text primary bold large"">32 sold</span> <span class=""su-styled-text primary large"">goodpointselectronics </span> <span class=""su-styled-text primary large"">98.6% positive (9.3K)</span>"
"<span class=""su-styled-text primary default"">Gateway 11.6"" 2-in-1 Laptop GWTC116-1 Purple Touchscreen 4GB RAM 64GB Windows</span>","<span class=""su-styled-text primary bold large-1 s-card__price"">$99.99</span> <span class=""su-styled-text secondary large"">Buy It Now</span> <span class=""su-styled-text positive bold large"">Free delivery in 2-4 days</span> <span class=""su-styled-text secondary large"">Located in United States</span> <span class=""su-styled-text secondary large"">Free returns</span> <span class=""su-styled-text primary bold large"">9 watchers</span>",,"<span class=""su-styled-text primary default"">Gateway 11.6"" 2-in-1 Laptop GWTC116-1 Purple Touchscreen 4GB RAM 64GB Windows</span> <span class=""su-styled-text secondary default"">Brand New · </span> <span class=""su-styled-text secondary default"">Gateway · </span> <span class=""su-styled-text secondary default"">64 GB</span> <span class=""su-styled-text primary bold large-1 s-card__price"">$99.99</span> <span class=""su-styled-text secondary large"">Buy It Now</span> <span class=""su-styled-text positive bold large"">Free delivery in 2-4 days</span> <span class=""su-styled-text secondary large"">Located in United States</span> <span class=""su-styled-text secondary large"">Free returns</span> <span class=""su-styled-text primary bold large"">9 watchers</span> <span class=""su-styled-text primary large"">electronicscentralstore </span> <span class=""su-styled-text primary large"">99.4% positive (2.9K)</span>"
"<span class=""su-styled-text primary default"">2026 ASUS Vivobook 16 Laptop 13th Gen Intel i7 16GB RAM+512GB SSD Backlit Office</span>","<span class=""su-styled-text primary bold large-1 s-card__price"">$1,349.00</span> <span class=""su-styled-text secondary large"">Buy It Now</span> <span class=""su-styled-text secondary large"">Free delivery</span> <span class=""su-styled-text secondary large"">Located in United States</span> <span class=""su-styled-text secondary large"">Free returns</span> <span class=""su-styled-text primary bold large"">20 watchers</span>",,"<span class=""su-styled-text primary default"">2026 ASUS Vivobook 16 Laptop 13th Gen Intel i7 16GB RAM+512GB SSD Backlit Office</span> <span class=""su-styled-text secondary default"">✅Lifetime 2024 Office + Win 11 Pro ✅Backlit ✅Fast Ship</span> <span class=""su-styled-text secondary default"">Brand New · </span> <span class=""su-styled-text secondary default"">ASUS · </span> <span class=""su-styled-text secondary default"">512 GB</span> <span class=""su-styled-text primary bold large-1 s-card__price"">$1,349.00</span> <span class=""su-styled-text secondary large"">Buy It Now</span> <span class=""su-styled-text secondary large"">Free delivery</span> <span class=""su-styled-text secondary large"">Located in United States</span> <span class=""su-styled-text secondary large"">Free returns</span> <span class=""su-styled-text primary bold large"">20 watchers</span> <span class=""su-styled-text primary large"">hellogoodlife1 </span> <span class=""su-styled-text primary large"">97.9% positive (18.9K)</span>"
"<span class=""su-styled-text primary default"">Dell Latitude 3300 Laptop 13.3” HD Core i5 16GB RAM 512GB SSD Windows 11 WiFi</span>","<span class=""su-styled-text primary bold large-1 s-card__price"">$228.40</span> <span class=""su-styled-text secondary large"">Buy It Now</span> <span class=""su-styled-text secondary large"">Free delivery</span> <span class=""su-styled-text secondary large"">Located in United States</span> <span class=""su-styled-text secondary large"">Free returns</span> <span class=""su-styled-text primary bold large"">125 sold</span>",,"<span class=""su-styled-text primary default"">Dell Latitude 3300 Laptop 13.3” HD Core i5 16GB RAM 512GB SSD Windows 11 WiFi</span> <span class=""su-styled-text secondary default"">Good - Refurbished · </span> <span class=""su-styled-text secondary default"">Dell</span> <span class=""su-styled-text primary bold large-1 s-card__price"">$228.40</span> <span class=""su-styled-text secondary large"">Buy It Now</span> <span class=""su-styled-text secondary large"">Free delivery</span> <span class=""su-styled-text secondary large"">Located in United States</span> <span class=""su-styled-text secondary large"">Free returns</span> <span class=""su-styled-text primary bold large"">125 sold</span> <span class=""su-styled-text primary large"">discountcomputerdepot </span> <span class=""su-styled-text primary large"">99.3% positive (154.7K)</span> <span class=""su-styled-text default"">eBay Refurbished</span>"
"<span class=""su-styled-text primary default"">Lenovo Thinkpad T470 Laptop Intel Core i5-7200 8GB RAM 256GB Drive Win 11 Pro</span>","<span class=""su-styled-text primary bold large-1 s-card__price"">$129.99</span> <span class=""su-styled-text secondary large"">or Best Offer</span> <span class=""su-styled-text secondary large"">+$9.25 delivery</span> <span class=""su-styled-text secondary large"">Located in United States</span> <span class=""su-styled-text negative bold large"">Save up to 10% when you buy more</span>",,"<span class=""su-styled-text primary default"">Lenovo Thinkpad T470 Laptop Intel Core i5-7200 8GB RAM 256GB Drive Win 11 Pro</span> <span class=""su-styled-text secondary default"">Pre-Owned · </span> <span class=""su-styled-text secondary default"">Lenovo</span> <span class=""su-styled-text primary bold large-1 s-card__price"">$129.99</span> <span class=""su-styled-text secondary large"">or Best Offer</span> <span class=""su-styled-text secondary large"">+$9.25 delivery</span> <span class=""su-styled-text secondary large"">Located in United States</span> <span class=""su-styled-text negative bold large"">Save up to 10% when you buy more</span> <span class=""su-styled-text primary large"">hobby_deals341 </span> <span class=""su-styled-text primary large"">100% positive (1.7K)</span>"
"<span class=""su-styled-text primary default"">Dell 3100 2-in-1 Touchscreen Laptop Windows 11 Installed Thanks Giving Gift Set</span>","<span class=""su-styled-text primary bold large-1 s-card__price"">$90.00</span> <span class=""su-styled-text secondary large"">or Best Offer</span> <span class=""su-styled-text positive bold large"">Free delivery in 2-4 days</span> <span class=""su-styled-text secondary large"">Located in United States</span> <span class=""su-styled-text primary bold large"">108 sold</span>",,"<span class=""su-styled-text primary default"">Dell 3100 2-in-1 Touchscreen Laptop Windows 11 Installed Thanks Giving Gift Set</span> <span class=""su-styled-text secondary default"">Refurbished, Come with Charger Adapter. Windows 11 Pro</span> <span class=""su-styled-text secondary default"">Pre-Owned · </span> <span class=""su-styled-text secondary default"">Dell · </span> <span class=""su-styled-text secondary default"">32 GB</span> <span class=""su-styled-text primary bold large-1 s-card__price"">$90.00</span> <span class=""su-styled-text secondary large"">or Best Offer</span> <span class=""su-styled-text positive bold large"">Free delivery in 2-4 days</span> <span class=""su-styled-text secondary large"">Located in United States</span> <span class=""su-styled-text primary bold large"">108 sold</span> <span class=""su-styled-text primary large"">yuansheng </span> <span class=""su-styled-text primary large"">97.4% positive (2.4K)</span>"
"<span class=""su-styled-text primary default"">HP 17.3"" Touchscreen Laptop AMD Ryzen 5 7430U 64GB RAM 2TB SSD Win11 Pro</span>","<span class=""su-styled-text primary bold large-1 s-card__price"">$469.00</span> <span class=""su-styled-text primary bold default s-card__price""> to </span> <span class=""su-styled-text primary bold large-1 s-card__price"">$859.00</span> <span class=""su-styled-text secondary large"">Buy It Now</span> <span class=""su-styled-text secondary large"">Free delivery</span> <span class=""su-styled-text secondary large"">Located in United States</span> <span class=""su-styled-text primary bold large"">12+ sold</span>",,"<span class=""su-styled-text primary default"">HP 17.3"" Touchscreen Laptop AMD Ryzen 5 7430U 64GB RAM 2TB SSD Win11 Pro</span> <span class=""su-styled-text secondary default"">Pre-Owned</span> <span class=""su-styled-text primary bold large-1 s-card__price"">$469.00</span> <span class=""su-styled-text primary bold default s-card__price""> to </span> <span class=""su-styled-text primary bold large-1 s-card__price"">$859.00</span> <span class=""su-styled-text secondary large"">Buy It Now</span> <span class=""su-styled-text secondary large"">Free delivery</span> <span class=""su-styled-text secondary large"">Located in United States</span> <span class=""su-styled-text primary bold large"">12+ sold</span> <span class=""su-styled-text primary large"">gp1246 </span> <span class=""su-styled-text primary large"">99.7% positive (532)</span>"
"<span class=""su-styled-text primary default"">Dell Latitude 5540 i5-1350P 1.90GHz 16GB RAM 512GB SSD WIN 11 PRO 15"" Laptop</span>","<span class=""su-styled-text primary bold large-1 s-card__price"">$289.99</span> <span class=""su-styled-text secondary large"">Buy It Now</span> <span class=""su-styled-text positive bold large"">Free delivery in 2-3 days</span> <span class=""su-styled-text secondary large"">Located in United States</span> <span class=""su-styled-text primary bold large"">11 watchers</span>",,"<span class=""su-styled-text primary default"">Dell Latitude 5540 i5-1350P 1.90GHz 16GB RAM 512GB SSD WIN 11 PRO 15"" Laptop</span> <span class=""su-styled-text secondary default"">Pre-Owned · </span> <span class=""su-styled-text secondary default"">Dell</span> <span class=""su-styled-text primary bold large-1 s-card__price"">$289.99</span> <span class=""su-styled-text secondary large"">Buy It Now</span> <span class=""su-styled-text positive bold large"">Free delivery in 2-3 days</span> <span class=""su-styled-text secondary large"">Located in United States</span> <span class=""su-styled-text primary bold large"">11 watchers</span> <span class=""su-styled-text primary large"">etechresale </span> <span class=""su-styled-text primary large"">99.6% positive (19.4K)</span>"
"<span class=""su-styled-text primary default"">HP EliteBook 840 G7 14"" 512GB i5-10310U WIN11P, Silver</span>","<span class=""su-styled-text primary bold large-1 s-card__price"">$250.00</span> <span class=""su-styled-text secondary strikethrough large"">$529.99</span> <span class=""su-styled-text secondary large"">Buy It Now</span> <span class=""su-styled-text secondary large"">Free delivery</span> <span class=""su-styled-text secondary large"">Located in United States</span> <span class=""su-styled-text secondary large"">Free returns</span> <span class=""su-styled-text primary bold large"">134 sold</span>",,"<span class=""su-styled-text primary default"">HP EliteBook 840 G7 14"" 512GB i5-10310U WIN11P, Silver</span> <span class=""su-styled-text secondary default"">Excellent - Refurbished · </span> <span class=""su-styled-text secondary default"">HP · </span> <span class=""su-styled-text secondary default"">512 GB</span> <span class=""su-styled-text primary bold large-1 s-card__price"">$250.00</span> <span class=""su-styled-text secondary strikethrough large"">$529.99</span> <span class=""su-styled-text secondary large"">Buy It Now</span> <span class=""su-styled-text secondary large"">Free delivery</span> <span class=""su-styled-text secondary large"">Located in United States</span> <span class=""su-styled-text secondary large"">Free returns</span> <span class=""su-styled-text primary bold large"">134 sold</span> <span class=""su-styled-text primary large"">ingrammicrorefurbished </span> <span class=""su-styled-text primary large"">99.9% positive (1.3K)</span> <span class=""su-styled-text default"">eBay Refurbished</span>"
"<span class=""su-styled-text primary default"">Dell 15.6"" Light Gaming Laptop Intel Core i7 4.20 GHz 64GB RAM 2TB SSD Win11 Pro</span>","<span class=""su-styled-text primary bold large-1 s-card__price"">$279.99</span> <span class=""su-styled-text primary bold default s-card__price""> to </span> <span class=""su-styled-text primary bold large-1 s-card__price"">$917.00</span> <span class=""su-styled-text secondary large"">Buy It Now</span> <span class=""su-styled-text secondary large"">Free delivery</span> <span class=""su-styled-text secondary large"">Located in United States</span> <span class=""su-styled-text secondary large"">Free returns</span> <span class=""su-styled-text primary bold large"">33+ watchers</span>",,"<span class=""su-styled-text primary default"">Dell 15.6"" Light Gaming Laptop Intel Core i7 4.20 GHz 64GB RAM 2TB SSD Win11 Pro</span> <span class=""su-styled-text secondary default"">📦 Fast Shipping ✨ Customize RAM+SSD ⚡️ Plug and Play</span> <span class=""su-styled-text secondary default"">Good - Refurbished</span> <span class=""su-styled-text primary bold large-1 s-card__price"">$279.99</span> <span class=""su-styled-text primary bold default s-card__price""> to </span> <span class=""su-styled-text primary bold large-1 s-card__price"">$917.00</span> <span class=""su-styled-text secondary large"">Buy It Now</span> <span class=""su-styled-text secondary large"">Free delivery</span> <span class=""su-styled-text secondary large"">Located in United States</span> <span class=""su-styled-text secondary large"">Free returns</span> <span class=""su-styled-text primary bold large"">33+ watchers</span> <span class=""su-styled-text primary large"">aaa_pcs </span> <span class=""su-styled-text primary large"">100% positive (7.3K)</span> <span class=""su-styled-text default"">eBay Refurbished</span>"
"<span class=""su-styled-text primary default"">Dell Latitude 5420 i5‑1145G7 16GB 512GB SSD Touch FP Reader Win 11 Pro</span>","<span class=""su-styled-text primary bold large-1 s-card__price"">$260.00</span> <span class=""su-styled-text secondary strikethrough large"">$399.99</span> <span class=""su-styled-text secondary large"">Buy It Now</span> <span class=""su-styled-text secondary large"">Free delivery</span> <span class=""su-styled-text secondary large"">Located in United States</span> <span class=""su-styled-text secondary large"">Free returns</span> <span class=""su-styled-text primary bold large"">Last one</span> <span class=""su-styled-text primary bold large"">8 sold</span>",,"<span class=""su-styled-text primary default"">Dell Latitude 5420 i5‑1145G7 16GB 512GB SSD Touch FP Reader Win 11 Pro</span> <span class=""su-styled-text secondary default"">Excellent - Refurbished · </span> <span class=""su-styled-text secondary default"">Dell · </span> <span class=""su-styled-text secondary default"">512 GB</span> <span class=""su-styled-text primary bold large-1 s-card__price"">$260.00</span> <span class=""su-styled-text secondary strikethrough large"">$399.99</span> <span class=""su-styled-text secondary large"">Buy It Now</span> <span class=""su-styled-text secondary large"">Free delivery</span> <span class=""su-styled-text secondary large"">Located in United States</span> <span class=""su-styled-text secondary large"">Free returns</span> <span class=""su-styled-text primary bold large"">Last one</span> <span class=""su-styled-text primary bold large"">8 sold</span> <span class=""su-styled-text primary large"">ingrammicrorefurbished </span> <span class=""su-styled-text primary large"">99.9% positive (1.3K)</span> <span class=""su-styled-text default"">eBay Refurbished</span>"
"<span class=""su-styled-text primary default"">ACEMAGIC 16""  Laptop CPU Intel 12th N95 16GB RAM 512GB M.2 SSD [Refurbished]</span>","<span class=""su-styled-text primary bold large-1 s-card__price"">$209.99</span> <span class=""su-styled-text secondary strikethrough large"">$309.99</span> <span class=""su-styled-text secondary large"">or Best Offer</span> <span class=""su-styled-text secondary large"">Free delivery</span> <span class=""su-styled-text secondary large"">Located in United States</span> <span class=""su-styled-text secondary large"">Free returns</span> <span class=""su-styled-text primary bold large"">131 sold</span> <span class=""su-styled-text negative bold large"">20% off with coupon. Max $350 off</span>",,"<span class=""su-styled-text primary default"">ACEMAGIC 16""  Laptop CPU Intel 12th N95 16GB RAM 512GB M.2 SSD [Refurbished]</span> <span class=""su-styled-text secondary default"">Certified - Refurbished · </span> <span class=""su-styled-text secondary default"">Acemagic</span> <span class=""su-styled-text primary bold large-1 s-card__price"">$209.99</span> <span class=""su-styled-text secondary strikethrough large"">$309.99</span> <span class=""su-styled-text secondary large"">or Best Offer</span> <span class=""su-styled-text secondary large"">Free delivery</span> <span class=""su-styled-text secondary large"">Located in United States</span> <span class=""su-styled-text secondary large"">Free returns</span> <span class=""su-styled-text primary bold large"">131 sold</span> <span class=""su-styled-text negative bold large"">20% off with coupon. Max $350 off</span> <span class=""su-styled-text primary large"">kamrui_outlet_store </span> <span class=""su-styled-text primary large"">99.8% positive (1.7K)</span> <span class=""su-styled-text default"">eBay Refurbished</span>"
"<span class=""su-styled-text primary default"">Lenovo Laptop Win 11 Touch N4120 4GB RAM 64GB SSD Celeron N4120 11.6</span>","<span class=""su-styled-text primary bold large-1 s-card__price"">$84.99</span> <span class=""su-styled-text secondary large"">or Best Offer</span> <span class=""su-styled-text secondary large"">Free delivery</span> <span class=""su-styled-text secondary large"">Located in United States</span> <span class=""su-styled-text secondary large"">Free returns</span> <span class=""su-styled-text primary bold large"">23 sold</span>",,"<span class=""su-styled-text primary default"">Lenovo Laptop Win 11 Touch N4120 4GB RAM 64GB SSD Celeron N4120 11.6</span> <span class=""su-styled-text secondary default"">Excellent - Refurbished · </span> <span class=""su-styled-text secondary default"">Lenovo · </span> <span class=""su-styled-text secondary default"">64 GB</span> <span class=""su-styled-text primary bold large-1 s-card__price"">$84.99</span> <span class=""su-styled-text secondary large"">or Best Offer</span> <span class=""su-styled-text secondary large"">Free delivery</span> <span class=""su-styled-text secondary large"">Located in United States</span> <span class=""su-styled-text secondary large"">Free returns</span> <span class=""su-styled-text primary bold large"">23 sold</span> <span class=""su-styled-text primary large"">silvadeals305 </span> <span class=""su-styled-text primary large"">98.4% positive (3.6K)</span> <span class=""su-styled-text default"">eBay Refurbished</span>"
"<span class=""su-styled-text primary default"">Lenovo ThinkPad T490s 14""  Laptop i5 8th Gen 256GB NVMe 8GB RAM Win 11 Pro Cam</span>","<span class=""su-styled-text primary bold large-1 s-card__price"">$199.99</span> <span class=""su-styled-text secondary large"">or Best Offer</span> <span class=""su-styled-text secondary large"">Free delivery</span> <span class=""su-styled-text secondary large"">Located in United States</span> <span class=""su-styled-text secondary large"">Free returns</span> <span class=""su-styled-text primary bold large"">226 sold</span>",,"<span class=""su-styled-text primary default"">Lenovo ThinkPad T490s 14""  Laptop i5 8th Gen 256GB NVMe 8GB RAM Win 11 Pro Cam</span> <span class=""su-styled-text secondary default"">Excellent - Refurbished · </span> <span class=""su-styled-text secondary default"">Lenovo · </span> <span class=""su-styled-text secondary default"">256 GB</span> <span class=""su-styled-text primary bold large-1 s-card__price"">$199.99</span> <span class=""su-styled-text secondary large"">or Best Offer</span> <span class=""su-styled-text secondary large"">Free delivery</span> <span class=""su-styled-text secondary large"">Located in United States</span> <span class=""su-styled-text secondary large"">Free returns</span> <span class=""su-styled-text primary bold large"">226 sold</span> <span class=""su-styled-text primary large"">kl0 </span> <span class=""su-styled-text primary large"">99.5% positive (53.8K)</span> <span class=""su-styled-text default"">eBay Refurbished</span>"
"<span class=""su-styled-text primary default"">HP 15.6"" Laptop Intel Core i3-N305 8GB RAM 128GB Storage New - Silver</span>","<span class=""su-styled-text primary bold large-1 s-card__price"">$256.95</span> <span class=""su-styled-text secondary large"">Buy It Now</span> <span class=""su-styled-text secondary large"">Free delivery</span> <span class=""su-styled-text secondary large"">Located in United States</span> <span class=""su-styled-text secondary large"">Free returns</span> <span class=""su-styled-text primary bold large"">57 sold</span> <span class=""su-styled-text negative bold large"">Save up to 5% when you buy more</span>",,"<span class=""su-styled-text primary default"">HP 15.6"" Laptop Intel Core i3-N305 8GB RAM 128GB Storage New - Silver</span> <span class=""su-styled-text secondary default"">Brand New · </span> <span class=""su-styled-text secondary default"">HP</span> <span class=""su-styled-text primary bold large-1 s-card__price"">$256.95</span> <span class=""su-styled-text secondary large"">Buy It Now</span> <span class=""su-styled-text secondary large"">Free delivery</span> <span class=""su-styled-text secondary large"">Located in United States</span> <span class=""su-styled-text secondary large"">Free returns</span> <span class=""su-styled-text primary bold large"">57 sold</span> <span class=""su-styled-text negative bold large"">Save up to 5% when you buy more</span> <span class=""su-styled-text default"">ultimate_us_electronics  100% positive (17.5K)</span>"
"<span class=""su-styled-text primary default"">HP Chromebook x360 14c-ca0053dx 14"" Touch 2.1GHz i3-10110U 8GB RAM 64GB eMMC SSD</span>","<span class=""su-styled-text primary bold large-1 s-card__price"">$89.99</span> <span class=""su-styled-text secondary large"">Buy It Now</span> <span class=""su-styled-text secondary large"">+$11.99 delivery</span> <span class=""su-styled-text secondary large"">Located in United States</span> <span class=""su-styled-text negative bold large"">Last one</span> <span class=""su-styled-text primary bold large"">7 sold</span>","<div class=""x-star-rating""><!--M_fbd99063#s0-2-54-0-9-8-4-4-0-3-0-4[51]-1-0-1-6-1-7-33-1-1-2-1[1]-0--><svg data-marko-key=""@svg s0-2-54-0-9-8-4-4-0-3-0-4[51]-1-0-1-6-1-7-33-1-1-2-1[1]-0"" class=""icon icon--16"" focusable=""false"" aria-hidden=""true""><use href=""#icon-star-filled-16""></use></svg><!--M_fbd99063/--><!--M_fbd99063#s0-2-54-0-9-8-4-4-0-3-0-4[51]-1-0-1-6-1-7-33-1-1-2-1[2]-0--><svg data-marko-key=""@svg s0-2-54-0-9-8-4-4-0-3-0-4[51]-1-0-1-6-1-7-33-1-1-2-1[2]-0"" class=""icon icon--16"" focusable=""false"" aria-hidden=""true""><use href=""#icon-star-filled-16""></use></svg><!--M_fbd99063/--><!--M_fbd99063#s0-2-54-0-9-8-4-4-0-3-0-4[51]-1-0-1-6-1-7-33-1-1-2-1[3]-0--><svg data-marko-key=""@svg s0-2-54-0-9-8-4-4-0-3-0-4[51]-1-0-1-6-1-7-33-1-1-2-1[3]-0"" class=""icon icon--16"" focusable=""false"" aria-hidden=""true""><use href=""#icon-star-filled-16""></use></svg><!--M_fbd99063/--><!--M_fbd99063#s0-2-54-0-9-8-4-4-0-3-0-4[51]-1-0-1-6-1-7-33-1-1-2-1[4]-0--><svg data-marko-key=""@svg s0-2-54-0-9-8-4-4-0-3-0-4[51]-1-0-1-6-1-7-33-1-1-2-1[4]-0"" class=""icon icon--16"" focusable=""false"" aria-hidden=""true""><use href=""#icon-star-filled-16""></use></svg><!--M_fbd99063/--><!--M_fbd99063#s0-2-54-0-9-8-4-4-0-3-0-4[51]-1-0-1-6-1-7-33-1-1-2-2-0--><svg data-marko-key=""@svg s0-2-54-0-9-8-4-4-0-3-0-4[51]-1-0-1-6-1-7-33-1-1-2-2-0"" class=""icon icon--16-colored"" focusable=""false"" aria-hidden=""true""><use href=""#icon-star-half-16-colored""></use></svg><!--M_fbd99063/--><span class=""clipped"">4.5 out of 5 stars.</span></div>","<span class=""su-styled-text primary default"">HP Chromebook x360 14c-ca0053dx 14"" Touch 2.1GHz i3-10110U 8GB RAM 64GB eMMC SSD</span> <span class=""su-styled-text secondary default"">Pre-Owned · </span> <span class=""su-styled-text secondary default"">HP · </span> <span class=""su-styled-text secondary default"">64 GB</span> <span class=""su-styled-text primary bold large-1 s-card__price"">$89.99</span> <span class=""su-styled-text secondary large"">Buy It Now</span> <span class=""su-styled-text secondary large"">+$11.99 delivery</span> <span class=""su-styled-text secondary large"">Located in United States</span> <span class=""su-styled-text negative bold large"">Last one</span> <span class=""su-styled-text primary bold large"">7 sold</span> <span class=""su-styled-text primary large"">techvt </span> <span class=""su-styled-text primary large"">100% positive (295)</span>"
"<span class=""su-styled-text primary default"">Lenovo ThinkPad T14s 14"" Intel i7 4.8GHz 32GB 512GB SSD Win11</span>","<span class=""su-styled-text primary bold large-1 s-card__price"">$369.99</span> <span class=""su-styled-text secondary strikethrough large"">$739.98</span> <span class=""su-styled-text secondary large"">Buy It Now</span> <span class=""su-styled-text secondary large"">Free delivery</span> <span class=""su-styled-text secondary large"">Located in United States</span> <span class=""su-styled-text secondary large"">Free returns</span> <span class=""su-styled-text primary bold large"">Almost gone</span> <span class=""su-styled-text primary bold large"">42 sold</span>",,"<span class=""su-styled-text primary default"">Lenovo ThinkPad T14s 14"" Intel i7 4.8GHz 32GB 512GB SSD Win11</span> <span class=""su-styled-text secondary default"">Good - Refurbished · </span> <span class=""su-styled-text secondary default"">Lenovo</span> <span class=""su-styled-text primary bold large-1 s-card__price"">$369.99</span> <span class=""su-styled-text secondary strikethrough large"">$739.98</span> <span class=""su-styled-text secondary large"">Buy It Now</span> <span class=""su-styled-text secondary large"">Free delivery</span> <span class=""su-styled-text secondary large"">Located in United States</span> <span class=""su-styled-text secondary large"">Free returns</span> <span class=""su-styled-text primary bold large"">Almost gone</span> <span class=""su-styled-text primary bold large"">42 sold</span> <span class=""su-styled-text primary large"">highland-performance-systems </span> <span class=""su-styled-text primary large"">100% positive (12.6K)</span> <span class=""su-styled-text default"">eBay Refurbished</span>"
"<span class=""su-styled-text primary default"">Dell Latitude 5520 Laptop i5-1145G7 up to 64GB RAM &amp; 2TB SSD 15.6"" Touchscreen</span>","<span class=""su-styled-text primary bold large-1 s-card__price"">$268.00</span> <span class=""su-styled-text primary bold default s-card__price""> to </span> <span class=""su-styled-text primary bold large-1 s-card__price"">$499.00</span> <span class=""su-styled-text secondary large"">Buy It Now</span> <span class=""su-styled-text secondary large"">Free delivery</span> <span class=""su-styled-text secondary large"">Located in United States</span> <span class=""su-styled-text secondary large"">Free returns</span> <span class=""su-styled-text primary bold large"">14+ sold</span>",,"<span class=""su-styled-text primary default"">Dell Latitude 5520 Laptop i5-1145G7 up to 64GB RAM &amp; 2TB SSD 15.6"" Touchscreen</span> <span class=""su-styled-text secondary default"">Refurbished!! FHD Touchscreen! Customizable RAM and HD!</span> <span class=""su-styled-text secondary default"">Very Good - Refurbished</span> <span class=""su-styled-text primary bold large-1 s-card__price"">$268.00</span> <span class=""su-styled-text primary bold default s-card__price""> to </span> <span class=""su-styled-text primary bold large-1 s-card__price"">$499.00</span> <span class=""su-styled-text secondary large"">Buy It Now</span> <span class=""su-styled-text secondary large"">Free delivery</span> <span class=""su-styled-text secondary large"">Located in United States</span> <span class=""su-styled-text secondary large"">Free returns</span> <span class=""su-styled-text primary bold large"">14+ sold</span> <span class=""su-styled-text default"">thelaptopbarn  99.9% positive (55.8K)</span> <span class=""su-styled-text default"">eBay Refurbished</span>"
"<span class=""su-styled-text primary default"">HP 14"" Laptop Intel Processor N150 4GB RAM 128GB Storage UFS - Natural Silver</span>","<span class=""su-styled-text primary bold large-1 s-card__price"">$188.95</span> <span class=""su-styled-text secondary large"">Buy It Now</span> <span class=""su-styled-text secondary large"">Free delivery</span> <span class=""su-styled-text secondary large"">Located in United States</span> <span class=""su-styled-text primary bold large"">25 watchers</span> <span class=""su-styled-text negative bold large"">Save up to 5% when you buy more</span>",,"<span class=""su-styled-text primary default"">HP 14"" Laptop Intel Processor N150 4GB RAM 128GB Storage UFS - Natural Silver</span> <span class=""su-styled-text secondary default"">Brand New · </span> <span class=""su-styled-text secondary default"">HP</span> <span class=""su-styled-text primary bold large-1 s-card__price"">$188.95</span> <span class=""su-styled-text secondary large"">Buy It Now</span> <span class=""su-styled-text secondary large"">Free delivery</span> <span class=""su-styled-text secondary large"">Located in United States</span> <span class=""su-styled-text primary bold large"">25 watchers</span> <span class=""su-styled-text negative bold large"">Save up to 5% when you buy more</span> <span class=""su-styled-text primary large"">ultimate_us_electronics </span> <span class=""su-styled-text primary large"">100% positive (17.5K)</span>"
"<span class=""su-styled-text primary default"">Dell Precision 5570 15.6-Inch UHD+ Touch i7-12700H 32GB 1TB NVIDIA RTX Win11 Pro</span>","<span class=""su-styled-text primary bold large-1 s-card__price"">$729.99</span> <span class=""su-styled-text secondary strikethrough large"">$2,299.00</span> <span class=""su-styled-text secondary large"">Buy It Now</span> <span class=""su-styled-text secondary large"">Free delivery</span> <span class=""su-styled-text secondary large"">Located in United States</span> <span class=""su-styled-text secondary large"">Free returns</span> <span class=""su-styled-text primary bold large"">50 watchers</span>",,"<span class=""su-styled-text primary default"">Dell Precision 5570 15.6-Inch UHD+ Touch i7-12700H 32GB 1TB NVIDIA RTX Win11 Pro</span> <span class=""su-styled-text secondary default"">🛡️1yr Allstate Warranty 🚚Quick Delivery 🔁Free Return</span> <span class=""su-styled-text secondary default"">Excellent - Refurbished · </span> <span class=""su-styled-text secondary default"">Dell</span> <span class=""su-styled-text primary bold large-1 s-card__price"">$729.99</span> <span class=""su-styled-text secondary strikethrough large"">$2,299.00</span> <span class=""su-styled-text secondary large"">Buy It Now</span> <span class=""su-styled-text secondary large"">Free delivery</span> <span class=""su-styled-text secondary large"">Located in United States</span> <span class=""su-styled-text secondary large"">Free returns</span> <span class=""su-styled-text primary bold large"">50 watchers</span> <span class=""su-styled-text default"">focuscamera  99.6% positive (207.3K)</span> <span class=""su-styled-text default"">eBay Refurbished</span>"
"<span class=""su-styled-text primary default"">Microsoft Surface Laptop 4 15"" Touchscreen i7-1185G7 32GB 1TB SSD Windows 11 </span>","<span class=""su-styled-text primary bold large-1 s-card__price"">$397.00</span> <span class=""su-styled-text secondary strikethrough large"">$794.00</span> <span class=""su-styled-text secondary large"">Buy It Now</span> <span class=""su-styled-text secondary large"">Free delivery</span> <span class=""su-styled-text secondary large"">Located in United States</span> <span class=""su-styled-text secondary large"">Free returns</span> <span class=""su-styled-text primary bold large"">Last one</span> <span class=""su-styled-text primary bold large"">8 watchers</span>",,"<span class=""su-styled-text primary default"">Microsoft Surface Laptop 4 15"" Touchscreen i7-1185G7 32GB 1TB SSD Windows 11 </span> <span class=""su-styled-text secondary default"">Good - Refurbished · </span> <span class=""su-styled-text secondary default"">Microsoft</span> <span class=""su-styled-text primary bold large-1 s-card__price"">$397.00</span> <span class=""su-styled-text secondary strikethrough large"">$794.00</span> <span class=""su-styled-text secondary large"">Buy It Now</span> <span class=""su-styled-text secondary large"">Free delivery</span> <span class=""su-styled-text secondary large"">Located in United States</span> <span class=""su-styled-text secondary large"">Free returns</span> <span class=""su-styled-text primary bold large"">Last one</span> <span class=""su-styled-text primary bold large"">8 watchers</span> <span class=""su-styled-text primary large"">highland-performance-systems </span> <span class=""su-styled-text primary large"">100% positive (12.6K)</span> <span class=""su-styled-text default"">eBay Refurbished</span>"
"<span class=""su-styled-text primary default"">Shop on eBay</span>","<span class=""su-styled-text primary bold large-1 s-card__price"">$20.00</span> <span class=""su-styled-text secondary large"">or Best Offer</span>",,"<span class=""su-styled-text primary default"">Shop on eBay</span> <span class=""su-styled-text secondary default"">Brand New</span> <span class=""su-styled-text primary bold large-1 s-card__price"">$20.00</span> <span class=""su-styled-text secondary large"">or Best Offer</span>"
"<span class=""su-styled-text primary default"">Dell Latitude 5530 15-In Laptop Intel Core i7-1265U 32GB RAM 512GB SSD</span>","<span class=""su-styled-text primary bold large-1 s-card__price"">$492.99</span> <span class=""su-styled-text secondary strikethrough large"">$1,599.00</span> <span class=""su-styled-text secondary large"">Buy It Now</span> <span class=""su-styled-text secondary large"">Free delivery</span> <span class=""su-styled-text secondary large"">Located in United States</span> <span class=""su-styled-text secondary large"">Free returns</span> <span class=""su-styled-text primary bold large"">Last one</span> <span class=""su-styled-text primary bold large"">23 sold</span>",,"<span class=""su-styled-text primary default"">Dell Latitude 5530 15-In Laptop Intel Core i7-1265U 32GB RAM 512GB SSD</span> <span class=""su-styled-text secondary default"">🛡️1yr Allstate Warranty 🚚Quick Delivery 🔁Free Return</span> <span class=""su-styled-text secondary default"">Excellent - Refurbished · </span> <span class=""su-styled-text secondary default"">Dell</span> <span class=""su-styled-text primary bold large-1 s-card__price"">$492.99</span> <span class=""su-styled-text secondary strikethrough large"">$1,599.00</span> <span class=""su-styled-text secondary large"">Buy It Now</span> <span class=""su-styled-text secondary large"">Free delivery</span> <span class=""su-styled-text secondary large"">Located in United States</span> <span class=""su-styled-text secondary large"">Free returns</span> <span class=""su-styled-text primary bold large"">Last one</span> <span class=""su-styled-text primary bold large"">23 sold</span> <span class=""su-styled-text default"">focuscamera  99.6% positive (207.3K)</span> <span class=""su-styled-text default"">eBay Refurbished</span>"
"<span class=""su-styled-text primary default"">Acer Swift Go 16 Laptop 16"" OLED Intel Core Ultra 5 125H 8GB RAM 512GB SSD</span>","<span class=""su-styled-text primary bold large-1 s-card__price"">$899.99</span> <span class=""su-styled-text secondary large"">Buy It Now</span> <span class=""su-styled-text secondary large"">Free delivery</span> <span class=""su-styled-text secondary large"">Located in United States</span> <span class=""su-styled-text secondary large"">Free returns</span>",,"<span class=""su-styled-text primary default"">Acer Swift Go 16 Laptop 16"" OLED Intel Core Ultra 5 125H 8GB RAM 512GB SSD</span> <span class=""su-styled-text secondary default"">Brand New · </span> <span class=""su-styled-text secondary default"">Acer</span> <span class=""su-styled-text primary bold large-1 s-card__price"">$899.99</span> <span class=""su-styled-text secondary large"">Buy It Now</span> <span class=""su-styled-text secondary large"">Free delivery</span> <span class=""su-styled-text secondary large"">Located in United States</span> <span class=""su-styled-text secondary large"">Free returns</span> <span class=""su-styled-text primary large"">acer </span> <span class=""su-styled-text primary large"">98.9% positive (112.7K)</span> <span class=""su-styled-text default"">Direct from Acer</span>"
"<span class=""su-styled-text primary default"">2026 HP 15 Laptop AMD Ryzen 7 7730U 12GB RAM &amp; 256GB SSD Office 2024 Touchscreen</span>","<span class=""su-styled-text primary bold large-1 s-card__price"">$489.00</span> <span class=""su-styled-text secondary strikethrough large"">$1,089.00</span> <span class=""su-styled-text secondary large"">or Best Offer</span> <span class=""su-styled-text secondary large"">Free delivery</span> <span class=""su-styled-text secondary large"">Located in United States</span> <span class=""su-styled-text secondary large"">Free returns</span> <span class=""su-styled-text primary bold large"">14 watchers</span>",,"<span class=""su-styled-text primary default"">2026 HP 15 Laptop AMD Ryzen 7 7730U 12GB RAM &amp; 256GB SSD Office 2024 Touchscreen</span> <span class=""su-styled-text secondary default"">✅Lifetime Office 2024+Win 11 Pro ✅Fast Shipping ✅OnSale</span> <span class=""su-styled-text secondary default"">Brand New · </span> <span class=""su-styled-text secondary default"">HP · </span> <span class=""su-styled-text secondary default"">256 GB</span> <span class=""su-styled-text primary bold large-1 s-card__price"">$489.00</span> <span class=""su-styled-text secondary strikethrough large"">$1,089.00</span> <span class=""su-styled-text secondary large"">or Best Offer</span> <span class=""su-styled-text secondary large"">Free delivery</span> <span class=""su-styled-text secondary large"">Located in United States</span> <span class=""su-styled-text secondary large"">Free returns</span> <span class=""su-styled-text primary bold large"">14 watchers</span> <span class=""su-styled-text primary large"">hellogoodlife1 </span> <span class=""su-styled-text primary large"">97.9% positive (18.9K)</span>"
"<span class=""su-styled-text primary default"">Shop on eBay</span>","<span class=""su-styled-text primary bold large-1 s-card__price"">$20.00</span> <span class=""su-styled-text secondary large"">or Best Offer</span>",,"<span class=""su-styled-text primary default"">Shop on eBay</span> <span class=""su-styled-text secondary default"">Brand New</span> <span class=""su-styled-text primary bold large-1 s-card__price"">$20.00</span> <span class=""su-styled-text secondary large"">or Best Offer</span>"
"<span class=""su-styled-text primary default"">Shop on eBay</span>","<span class=""su-styled-text primary bold large-1 s-card__price"">$20.00</span> <span class=""su-styled-text secondary large"">or Best Offer</span>",,"<span class=""su-styled-text primary default"">Shop on eBay</span> <span class=""su-styled-text secondary default"">Brand New</span> <span class=""su-styled-text primary bold large-1 s-card__price"">$20.00</span> <span class=""su-styled-text secondary large"">or Best Offer</span>"
"<span class=""su-styled-text primary default"">Shop on eBay</span>","<span class=""su-styled-text primary bold large-1 s-card__price"">$20.00</span> <span class=""su-styled-text secondary large"">or Best Offer</span>",,"<span class=""su-styled-text primary default"">Shop on eBay</span> <span class=""su-styled-text secondary default"">Brand New</span> <span class=""su-styled-text primary bold large-1 s-card__price"">$20.00</span> <span class=""su-styled-text secondary large"">or Best Offer</span>"
"<span class=""su-styled-text primary default"">2026 HP Laptop 17.3"" FHD 6-Core AMD Ryzen 5 Up to 64GB RAM 2TB SSD Win 11 Pro</span>","<span class=""su-styled-text primary bold large-1 s-card__price"">$549.00</span> <span class=""su-styled-text primary bold default s-card__price""> to </span> <span class=""su-styled-text primary bold large-1 s-card__price"">$1,399.00</span> <span class=""su-styled-text secondary large"">Buy It Now</span> <span class=""su-styled-text secondary large"">+$243.04 delivery</span> <span class=""su-styled-text secondary large"">Located in United States</span> <span class=""su-styled-text primary bold large"">22+ watchers</span>",,"<span class=""su-styled-text primary default"">2026 HP Laptop 17.3"" FHD 6-Core AMD Ryzen 5 Up to 64GB RAM 2TB SSD Win 11 Pro</span> <span class=""su-styled-text secondary default"">✅Lifetime MS Office✅12GB|64GB RAM✅256GB|2TB SSD IPS</span> <span class=""su-styled-text secondary default"">Brand New</span> <span class=""su-styled-text primary bold large-1 s-card__price"">$549.00</span> <span class=""su-styled-text primary bold default s-card__price""> to </span> <span class=""su-styled-text primary bold large-1 s-card__price"">$1,399.00</span> <span class=""su-styled-text secondary large"">Buy It Now</span> <span class=""su-styled-text secondary large"">+$243.04 delivery</span> <span class=""su-styled-text secondary large"">Located in United States</span> <span class=""su-styled-text primary bold large"">22+ watchers</span> <span class=""su-styled-text primary large"">hellogoodlife1 </span> <span class=""su-styled-text primary large"">97.9% positive (18.9K)</span>"
"<span class=""su-styled-text primary default"">2026 HP Touch Laptop 15.6"" 8-Core AMD Ryzen 7 16GB RAM &amp; 512GB SSD Office 2024</span>","<span class=""su-styled-text primary bold large-1 s-card__price"">$549.00</span> <span class=""su-styled-text secondary strikethrough large"">$1,149.00</span> <span class=""su-styled-text secondary large"">or Best Offer</span> <span class=""su-styled-text secondary large"">+$196.31 delivery</span> <span class=""su-styled-text secondary large"">Located in United States</span> <span class=""su-styled-text primary bold large"">63 watchers</span>",,"<span class=""su-styled-text primary default"">2026 HP Touch Laptop 15.6"" 8-Core AMD Ryzen 7 16GB RAM &amp; 512GB SSD Office 2024</span> <span class=""su-styled-text secondary default"">✅Lifetime Office 2024+Win 11 Pro ✅Fast Shipping ✅OnSale</span> <span class=""su-styled-text secondary default"">Brand New · </span> <span class=""su-styled-text secondary default"">HP · </span> <span class=""su-styled-text secondary default"">512 GB</span> <span class=""su-styled-text primary bold large-1 s-card__price"">$549.00</span> <span class=""su-styled-text secondary strikethrough large"">$1,149.00</span> <span class=""su-styled-text secondary large"">or Best Offer</span> <span class=""su-styled-text secondary large"">+$196.31 delivery</span> <span class=""su-styled-text secondary large"">Located in United States</span> <span class=""su-styled-text primary bold large"">63 watchers</span> <span class=""su-styled-text primary large"">hellogoodlife1 </span> <span class=""su-styled-text primary large"">97.9% positive (18.9K)</span>"
"<span class=""su-styled-text primary default"">MSI Commercial 14 H A13MG vPro-008US Laptop Intel i7-13700H vPro 32GB 1TB Win11P</span>","<span class=""su-styled-text primary bold large-1 s-card__price"">$799.00</span> <span class=""su-styled-text secondary strikethrough large"">$1,149.00</span> <span class=""su-styled-text secondary large"">or Best Offer</span> <span class=""su-styled-text secondary large"">+$248.54 delivery</span> <span class=""su-styled-text secondary large"">Located in United States</span> <span class=""su-styled-text primary bold large"">Last one</span> <span class=""su-styled-text primary bold large"">29 watchers</span>",,"<span class=""su-styled-text primary default"">MSI Commercial 14 H A13MG vPro-008US Laptop Intel i7-13700H vPro 32GB 1TB Win11P</span> <span class=""su-styled-text secondary default"">2-Year Extended Warranty Serviced by Allstate</span> <span class=""su-styled-text secondary default"">Certified - Refurbished · </span> <span class=""su-styled-text secondary default"">MSI</span> <span class=""su-styled-text primary bold large-1 s-card__price"">$799.00</span> <span class=""su-styled-text secondary strikethrough large"">$1,149.00</span> <span class=""su-styled-text secondary large"">or Best Offer</span> <span class=""su-styled-text secondary large"">+$248.54 delivery</span> <span class=""su-styled-text secondary large"">Located in United States</span> <span class=""su-styled-text primary bold large"">Last one</span> <span class=""su-styled-text primary bold large"">29 watchers</span> <span class=""su-styled-text primary large"">starlit_partner </span> <span class=""su-styled-text primary large"">99.7% positive (14.4K)</span> <span class=""su-styled-text default"">eBay Refurbished</span>"
"<span class=""su-styled-text primary default"">2026 Lenovo IdeaPad Laptop 14"" Intel i3 Upto 40GB RAM &amp; 2TB SSD Office 2024 Pro</span>","<span class=""su-styled-text primary bold large-1 s-card__price"">$329.00</span> <span class=""su-styled-text primary bold default s-card__price""> to </span> <span class=""su-styled-text primary bold large-1 s-card__price"">$959.00</span> <span class=""su-styled-text secondary large"">Buy It Now</span> <span class=""su-styled-text secondary large"">+$157.21 delivery</span> <span class=""su-styled-text secondary large"">Located in United States</span>",,"<span class=""su-styled-text primary default"">2026 Lenovo IdeaPad Laptop 14"" Intel i3 Upto 40GB RAM &amp; 2TB SSD Office 2024 Pro</span> <span class=""su-styled-text secondary default"">✅Lifetime Office 2024+Win 11 Pro ✅Fast Shipping On Sale</span> <span class=""su-styled-text secondary default"">Brand New</span> <span class=""su-styled-text primary bold large-1 s-card__price"">$329.00</span> <span class=""su-styled-text primary bold default s-card__price""> to </span> <span class=""su-styled-text primary bold large-1 s-card__price"">$959.00</span> <span class=""su-styled-text secondary large"">Buy It Now</span> <span class=""su-styled-text secondary large"">+$157.21 delivery</span> <span class=""su-styled-text secondary large"">Located in United States</span> <span class=""su-styled-text primary large"">hellogoodlife1 </span> <span class=""su-styled-text primary large"">97.9% positive (18.9K)</span>"
"<span class=""su-styled-text primary default"">Lenovo LOQ 15.6"" FHD 144Hz AMD Ryzen 7 250 NVIDIA RTX 5060 Laptop 16GB RAM 512GB</span>","<span class=""su-styled-text primary bold large-1 s-card__price"">$999.99</span> <span class=""su-styled-text secondary strikethrough large"">$1,149.99</span> <span class=""su-styled-text secondary large"">Buy It Now</span> <span class=""su-styled-text secondary large"">+$310.69 delivery</span> <span class=""su-styled-text secondary large"">Located in United States</span> <span class=""su-styled-text negative bold large"">597 sold</span>",,"<span class=""su-styled-text primary default"">Lenovo LOQ 15.6"" FHD 144Hz AMD Ryzen 7 250 NVIDIA RTX 5060 Laptop 16GB RAM 512GB</span> <span class=""su-styled-text secondary default"">AI-Powered Gaming Laptop</span> <span class=""su-styled-text secondary default"">Brand New · </span> <span class=""su-styled-text secondary default"">Lenovo</span> <span class=""su-styled-text primary bold large-1 s-card__price"">$999.99</span> <span class=""su-styled-text secondary strikethrough large"">$1,149.99</span> <span class=""su-styled-text secondary large"">Buy It Now</span> <span class=""su-styled-text secondary large"">+$310.69 delivery</span> <span class=""su-styled-text secondary large"">Located in United States</span> <span class=""su-styled-text negative bold large"">597 sold</span> <span class=""su-styled-text primary large"">antonline </span> <span class=""su-styled-text primary large"">99.5% positive (347.8K)</span> <span class=""su-styled-text default"">Lenovo Authorized Seller</span>"
"<span class=""su-styled-text primary default"">Lenovo ThinkPad T14s 14"" Intel i7 4.8GHz 32GB 512GB SSD Win11</span>","<span class=""su-styled-text primary bold large-1 s-card__price"">$369.99</span> <span class=""su-styled-text secondary strikethrough large"">$739.98</span> <span class=""su-styled-text secondary large"">Buy It Now</span> <span class=""su-styled-text secondary large"">+$155.14 delivery</span> <span class=""su-styled-text secondary large"">Located in United States</span> <span class=""su-styled-text primary bold large"">Almost gone</span> <span class=""su-styled-text primary bold large"">42 sold</span>",,"<span class=""su-styled-text primary default"">Lenovo ThinkPad T14s 14"" Intel i7 4.8GHz 32GB 512GB SSD Win11</span> <span class=""su-styled-text secondary default"">Good - Refurbished · </span> <span class=""su-styled-text secondary default"">Lenovo</span> <span class=""su-styled-text primary bold large-1 s-card__price"">$369.99</span> <span class=""su-styled-text secondary strikethrough large"">$739.98</span> <span class=""su-styled-text secondary large"">Buy It Now</span> <span class=""su-styled-text secondary large"">+$155.14 delivery</span> <span class=""su-styled-text secondary large"">Located in United States</span> <span class=""su-styled-text primary bold large"">Almost gone</span> <span class=""su-styled-text primary bold large"">42 sold</span> <span class=""su-styled-text primary large"">highland-performance-systems </span> <span class=""su-styled-text primary large"">100% positive (12.6K)</span> <span class=""su-styled-text default"">eBay Refurbished</span>"
"<span class=""su-styled-text primary default"">HP ChromeBook 11 G5 Laptop TouchScreen With Windows 11 Pro Birthday Gift Set</span>","<span class=""su-styled-text primary bold large-1 s-card__price"">$90.00</span> <span class=""su-styled-text secondary large"">or Best Offer</span> <span class=""su-styled-text secondary large"">+$73.65 delivery</span> <span class=""su-styled-text secondary large"">Located in United States</span> <span class=""su-styled-text primary bold large"">163 watchers</span> <span class=""su-styled-text negative bold large"">Save up to 10% when you buy more</span>",,"<span class=""su-styled-text primary default"">HP ChromeBook 11 G5 Laptop TouchScreen With Windows 11 Pro Birthday Gift Set</span> <span class=""su-styled-text secondary default"">Refurbished, Come with Charger Adapter. Windows 11 Pro</span> <span class=""su-styled-text secondary default"">Pre-Owned · </span> <span class=""su-styled-text secondary default"">HP · </span> <span class=""su-styled-text secondary default"">16 GB</span> <span class=""su-styled-text primary bold large-1 s-card__price"">$90.00</span> <span class=""su-styled-text secondary large"">or Best Offer</span> <span class=""su-styled-text secondary large"">+$73.65 delivery</span> <span class=""su-styled-text secondary large"">Located in United States</span> <span class=""su-styled-text primary bold large"">163 watchers</span> <span class=""su-styled-text negative bold large"">Save up to 10% when you buy more</span> <span class=""su-styled-text primary large"">yuansheng </span> <span class=""su-styled-text primary large"">97.4% positive (2.4K)</span>"
"<span class=""su-styled-text primary default"">MSI Katana 15 HX B14WEK-001US 15.6"" Gaming Laptop i7-14650HX 5050 16GB 512GB</span>","<span class=""su-styled-text primary bold large-1 s-card__price"">$799.00</span> <span class=""su-styled-text secondary strikethrough large"">$1,199.00</span> <span class=""su-styled-text secondary large"">Buy It Now</span> <span class=""su-styled-text secondary large"">+$275.10 delivery</span> <span class=""su-styled-text secondary large"">Located in United States</span> <span class=""su-styled-text primary bold large"">186 sold</span>",,"<span class=""su-styled-text primary default"">MSI Katana 15 HX B14WEK-001US 15.6"" Gaming Laptop i7-14650HX 5050 16GB 512GB</span> <span class=""su-styled-text secondary default"">2-Year Extended Warranty Serviced by Allstate</span> <span class=""su-styled-text secondary default"">Certified - Refurbished · </span> <span class=""su-styled-text secondary default"">MSI</span> <span class=""su-styled-text primary bold large-1 s-card__price"">$799.00</span> <span class=""su-styled-text secondary strikethrough large"">$1,199.00</span> <span class=""su-styled-text secondary large"">Buy It Now</span> <span class=""su-styled-text secondary large"">+$275.10 delivery</span> <span class=""su-styled-text secondary large"">Located in United States</span> <span class=""su-styled-text primary bold large"">186 sold</span> <span class=""su-styled-text primary large"">starlit_partner </span> <span class=""su-styled-text primary large"">99.7% positive (14.4K)</span> <span class=""su-styled-text default"">eBay Refurbished</span>"
"<span class=""su-styled-text primary default"">Dell Latitude 5420 Laptop - 2.6 GHz i5-1145G7 16GB 512GB SSD - 14"" Touchscreen</span>","<span class=""su-styled-text primary bold large-1 s-card__price"">$258.00</span> <span class=""su-styled-text secondary large"">Buy It Now</span> <span class=""su-styled-text secondary large"">+$161.28 delivery</span> <span class=""su-styled-text secondary large"">Located in United States</span> <span class=""su-styled-text primary bold large"">34 sold</span>",,"<span class=""su-styled-text primary default"">Dell Latitude 5420 Laptop - 2.6 GHz i5-1145G7 16GB 512GB SSD - 14"" Touchscreen</span> <span class=""su-styled-text secondary default"">One Year Warranty Included! Quality Refurbished Laptop!</span> <span class=""su-styled-text secondary default"">Very Good - Refurbished · </span> <span class=""su-styled-text secondary default"">Dell · </span> <span class=""su-styled-text secondary default"">512 GB</span> <span class=""su-styled-text primary bold large-1 s-card__price"">$258.00</span> <span class=""su-styled-text secondary large"">Buy It Now</span> <span class=""su-styled-text secondary large"">+$161.28 delivery</span> <span class=""su-styled-text secondary large"">Located in United States</span> <span class=""su-styled-text primary bold large"">34 sold</span> <span class=""su-styled-text default"">thelaptopbarn  99.9% positive (55.8K)</span> <span class=""su-styled-text default"">eBay Refurbished</span>"
"<span class=""su-styled-text primary default"">Dell Inspiron 15 15.6"" FHD Touch  AMD Ryzen 7 7730U, 16GB 512GB SSD,Win11 Laptop</span>","<span class=""su-styled-text primary bold large-1 s-card__price"">$349.99</span> <span class=""su-styled-text secondary large"">Buy It Now</span> <span class=""su-styled-text secondary large"">+$150.54 delivery</span> <span class=""su-styled-text secondary large"">Located in United States</span> <span class=""su-styled-text primary bold large"">37 watchers</span>",,"<span class=""su-styled-text primary default"">Dell Inspiron 15 15.6"" FHD Touch  AMD Ryzen 7 7730U, 16GB 512GB SSD,Win11 Laptop</span> <span class=""su-styled-text secondary default"">Very Good - Refurbished · </span> <span class=""su-styled-text secondary default"">Dell · </span> <span class=""su-styled-text secondary default"">512 GB</span> <span class=""su-styled-text primary bold large-1 s-card__price"">$349.99</span> <span class=""su-styled-text secondary large"">Buy It Now</span> <span class=""su-styled-text secondary large"">+$150.54 delivery</span> <span class=""su-styled-text secondary large"">Located in United States</span> <span class=""su-styled-text primary bold large"">37 watchers</span> <span class=""su-styled-text default"">konronus  100% positive (1.7K)</span> <span class=""su-styled-text default"">eBay Refurbished</span>"
"<span class=""su-styled-text primary default"">Dell 14"" 7490 16GB DDR4 Ram NEW 256GB SSD Core i5-8350u  Windows 11 pro Laptop</span>","<span class=""su-styled-text primary bold large-1 s-card__price"">$229.99</span> <span class=""su-styled-text secondary large"">Buy It Now</span> <span class=""su-styled-text secondary large"">+$80.00 delivery</span> <span class=""su-styled-text secondary large"">Located in United States</span>","<div class=""x-star-rating""><!--M_fbd99063#s0-2-54-0-9-8-4-4-0-3-0-4[10]-1-0-1-6-1-7-33-1-1-2-1[1]-0--><svg data-marko-key=""@svg s0-2-54-0-9-8-4-4-0-3-0-4[10]-1-0-1-6-1-7-33-1-1-2-1[1]-0"" class=""icon icon--16"" focusable=""false"" aria-hidden=""true""><defs data-marko-key=""@defs s0-2-54-0-9-8-4-4-0-3-0-4[10]-1-0-1-6-1-7-33-1-1-2-1[1]-0""><symbol viewbox=""0 0 16 16"" id=""icon-star-filled-16""><path d=""M8.596 1.928a.625.625 0 0 0-1.19 0L6.055 6.136H1.62a.625.625 0 0 0-.346 1.146l3.56 2.364-1.366 4.035a.625.625 0 0 0 .953.71L8 11.862l3.578 2.528a.625.625 0 0 0 .953-.71l-1.366-4.036 3.55-2.364a.625.625 0 0 0-.346-1.145H9.955l-1.36-4.207Z""></path></symbol></defs><use href=""#icon-star-filled-16""></use></svg><!--M_fbd99063/--><!--M_fbd99063#s0-2-54-0-9-8-4-4-0-3-0-4[10]-1-0-1-6-1-7-33-1-1-2-1[2]-0--><svg data-marko-key=""@svg s0-2-54-0-9-8-4-4-0-3-0-4[10]-1-0-1-6-1-7-33-1-1-2-1[2]-0"" class=""icon icon--16"" focusable=""false"" aria-hidden=""true""><use href=""#icon-star-filled-16""></use></svg><!--M_fbd99063/--><!--M_fbd99063#s0-2-54-0-9-8-4-4-0-3-0-4[10]-1-0-1-6-1-7-33-1-1-2-1[3]-0--><svg data-marko-key=""@svg s0-2-54-0-9-8-4-4-0-3-0-4[10]-1-0-1-6-1-7-33-1-1-2-1[3]-0"" class=""icon icon--16"" focusable=""false"" aria-hidden=""true""><use href=""#icon-star-filled-16""></use></svg><!--M_fbd99063/--><!--M_fbd99063#s0-2-54-0-9-8-4-4-0-3-0-4[10]-1-0-1-6-1-7-33-1-1-2-1[4]-0--><svg data-marko-key=""@svg s0-2-54-0-9-8-4-4-0-3-0-4[10]-1-0-1-6-1-7-33-1-1-2-1[4]-0"" class=""icon icon--16"" focusable=""false"" aria-hidden=""true""><use href=""#icon-star-filled-16""></use></svg><!--M_fbd99063/--><!--M_fbd99063#s0-2-54-0-9-8-4-4-0-3-0-4[10]-1-0-1-6-1-7-33-1-1-2-1[5]-0--><svg data-marko-key=""@svg s0-2-54-0-9-8-4-4-0-3-0-4[10]-1-0-1-6-1-7-33-1-1-2-1[5]-0"" class=""icon icon--16"" focusable=""false"" aria-hidden=""true""><use href=""#icon-star-filled-16""></use></svg><!--M_fbd99063/--><span class=""clipped"">5.0 out of 5 stars.</span></div>","<span class=""su-styled-text primary default"">Dell 14"" 7490 16GB DDR4 Ram NEW 256GB SSD Core i5-8350u  Windows 11 pro Laptop</span> <span class=""su-styled-text secondary default"">Open Box · </span> <span class=""su-styled-text secondary default"">Dell · </span> <span class=""su-styled-text secondary default"">256 GB</span> <span class=""su-styled-text primary bold large-1 s-card__price"">$229.99</span> <span class=""su-styled-text secondary large"">Buy It Now</span> <span class=""su-styled-text secondary large"">+$80.00 delivery</span> <span class=""su-styled-text secondary large"">Located in United States</span> <span class=""su-styled-text primary large"">tech-mz </span> <span class=""su-styled-text primary large"">99.6% positive (254)</span>"
"<span class=""su-styled-text primary default"">NEW Lenovo 15.6"" Touch Intel Core i5-1335U 3.4Ghz 8GB RAM 256GB SSD Windows 11</span>","<span class=""su-styled-text primary bold large-1 s-card__price"">$379.99</span> <span class=""su-styled-text secondary strikethrough large"">$599.99</span> <span class=""su-styled-text secondary large"">Buy It Now</span> <span class=""su-styled-text secondary large"">+$152.16 delivery</span> <span class=""su-styled-text secondary large"">Located in United States</span> <span class=""su-styled-text primary bold large"">21 watchers</span>",,"<span class=""su-styled-text primary default"">NEW Lenovo 15.6"" Touch Intel Core i5-1335U 3.4Ghz 8GB RAM 256GB SSD Windows 11</span> <span class=""su-styled-text secondary default"">Fast Shipping 🚚🥇Positive Feedback🌟</span> <span class=""su-styled-text secondary default"">Brand New · </span> <span class=""su-styled-text secondary default"">Lenovo · </span> <span class=""su-styled-text secondary default"">256 GB</span> <span class=""su-styled-text primary bold large-1 s-card__price"">$379.99</span> <span class=""su-styled-text secondary strikethrough large"">$599.99</span> <span class=""su-styled-text secondary large"">Buy It Now</span> <span class=""su-styled-text secondary large"">+$152.16 delivery</span> <span class=""su-styled-text secondary large"">Located in United States</span> <span class=""su-styled-text primary bold large"">21 watchers</span> <span class=""su-styled-text default"">re_tech_deals  99.5% positive (21K)</span>"
"<span class=""su-styled-text primary default"">NANOTE NEXT UMPC-03-SR Windows 10 Home Intel HD Graphics 8GB LPDDR4 64GB</span>","<span class=""su-styled-text primary bold large-1 s-card__price"">$277.00</span> <span class=""su-styled-text secondary large"">or Best Offer</span> <span class=""su-styled-text secondary large"">Free International Shipping</span> <span class=""su-styled-text secondary large"">Located in Japan</span>",,"<span class=""su-styled-text primary default"">NANOTE NEXT UMPC-03-SR Windows 10 Home Intel HD Graphics 8GB LPDDR4 64GB</span> <span class=""su-styled-text secondary default"">Brand New · </span> <span class=""su-styled-text secondary default"">Ultra</span> <span class=""su-styled-text primary bold large-1 s-card__price"">$277.00</span> <span class=""su-styled-text secondary large"">or Best Offer</span> <span class=""su-styled-text secondary large"">Free International Shipping</span> <span class=""su-styled-text secondary large"">Located in Japan</span> <span class=""su-styled-text primary large"">coco.store37 </span> <span class=""su-styled-text primary large"">100% positive (5)</span>"
"<span class=""su-styled-text primary default"">Lenovo Chromebook N21 11.6"" Intel N2840 @ 2.16GHz 4GB RAM 16GB with Charger</span>","<span class=""su-styled-text primary bold large-1 s-card__price"">$34.99</span> <span class=""su-styled-text secondary large"">Buy It Now</span> <span class=""su-styled-text secondary large"">Shipping not specified</span> <span class=""su-styled-text secondary large"">Located in United States</span> <span class=""su-styled-text primary bold large"">297 sold</span> <span class=""su-styled-text negative bold large"">Save up to 7% when you buy more</span>",,"<span class=""su-styled-text primary default"">Lenovo Chromebook N21 11.6"" Intel N2840 @ 2.16GHz 4GB RAM 16GB with Charger</span> <span class=""su-styled-text secondary default"">Pre-Owned · </span> <span class=""su-styled-text secondary default"">Lenovo · </span> <span class=""su-styled-text secondary default"">16 GB</span> <span class=""su-styled-text primary bold large-1 s-card__price"">$34.99</span> <span class=""su-styled-text secondary large"">Buy It Now</span> <span class=""su-styled-text secondary large"">Shipping not specified</span> <span class=""su-styled-text secondary large"">Located in United States</span> <span class=""su-styled-text primary bold large"">297 sold</span> <span class=""su-styled-text negative bold large"">Save up to 7% when you buy more</span> <span class=""su-styled-text primary large"">szirious </span> <span class=""su-styled-text primary large"">99.7% positive (368)</span>"
"<span class=""su-styled-text primary default"">2026 ASUS Vivobook Laptop 16"" Intel Core i7 5.0GHz 16GB RAM 512GB SSD Pro+Office</span>","<span class=""su-styled-text primary bold large-1 s-card__price"">$599.00</span> <span class=""su-styled-text secondary strikethrough large"">$1,199.00</span> <span class=""su-styled-text secondary large"">or Best Offer</span> <span class=""su-styled-text secondary large"">+$207.81 delivery</span> <span class=""su-styled-text secondary large"">Located in United States</span> <span class=""su-styled-text primary bold large"">134 watchers</span>",,"<span class=""su-styled-text primary default"">2026 ASUS Vivobook Laptop 16"" Intel Core i7 5.0GHz 16GB RAM 512GB SSD Pro+Office</span> <span class=""su-styled-text secondary default"">✅Lifetime MS Office 2024 ✅Fast Shipping ✅i7 Performance</span> <span class=""su-styled-text secondary default"">Brand New · </span> <span class=""su-styled-text secondary default"">ASUS · </span> <span class=""su-styled-text secondary default"">512 GB</span> <span class=""su-styled-text primary bold large-1 s-card__price"">$599.00</span> <span class=""su-styled-text secondary strikethrough large"">$1,199.00</span> <span class=""su-styled-text secondary large"">or Best Offer</span> <span class=""su-styled-text secondary large"">+$207.81 delivery</span> <span class=""su-styled-text secondary large"">Located in United States</span> <span class=""su-styled-text primary bold large"">134 watchers</span> <span class=""su-styled-text primary large"">hellogoodlife1 </span> <span class=""su-styled-text primary large"">97.9% positive (18.9K)</span>"
"<span class=""su-styled-text primary default"">2026 Dell Inspiron 15.6 Laptop FHD Touch 8-Core Ryzen 7 Max 64GB RAM 2TB SSD Pro</span>","<span class=""su-styled-text primary bold large-1 s-card__price"">$489.00</span> <span class=""su-styled-text primary bold default s-card__price""> to </span> <span class=""su-styled-text primary bold large-1 s-card__price"">$1,339.00</span> <span class=""su-styled-text secondary large"">Buy It Now</span> <span class=""su-styled-text secondary large"">+$205.51 delivery</span> <span class=""su-styled-text secondary large"">Located in United States</span>",,"<span class=""su-styled-text primary default"">2026 Dell Inspiron 15.6 Laptop FHD Touch 8-Core Ryzen 7 Max 64GB RAM 2TB SSD Pro</span> <span class=""su-styled-text secondary default"">✅Win PRO+Lifetime Office 2024 ✅16GB|64GB RAM ✅Fast Ship</span> <span class=""su-styled-text secondary default"">Brand New</span> <span class=""su-styled-text primary bold large-1 s-card__price"">$489.00</span> <span class=""su-styled-text primary bold default s-card__price""> to </span> <span class=""su-styled-text primary bold large-1 s-card__price"">$1,339.00</span> <span class=""su-styled-text secondary large"">Buy It Now</span> <span class=""su-styled-text secondary large"">+$205.51 delivery</span> <span class=""su-styled-text secondary large"">Located in United States</span> <span class=""su-styled-text primary large"">hellogoodlife1 </span> <span class=""su-styled-text primary large"">97.9% positive (18.9K)</span>"
"<span class=""su-styled-text primary default"">10'' Mini Laptop Windows 11 Notebook 8GB+128GB Intel Celeron Quad-Core with WiFi</span>","<span class=""su-styled-text primary bold large-1 s-card__price"">$194.99</span> <span class=""su-styled-text secondary strikethrough large"">$249.99</span> <span class=""su-styled-text secondary large"">Buy It Now</span> <span class=""su-styled-text secondary large"">+$91.12 delivery</span> <span class=""su-styled-text secondary large"">Located in United States</span> <span class=""su-styled-text secondary large"">Free returns</span> <span class=""su-styled-text primary bold large"">169 sold</span>",,"<span class=""su-styled-text primary default"">10'' Mini Laptop Windows 11 Notebook 8GB+128GB Intel Celeron Quad-Core with WiFi</span> <span class=""su-styled-text secondary default"">Brand New · </span> <span class=""su-styled-text secondary default"">128 GB</span> <span class=""su-styled-text primary bold large-1 s-card__price"">$194.99</span> <span class=""su-styled-text secondary strikethrough large"">$249.99</span> <span class=""su-styled-text secondary large"">Buy It Now</span> <span class=""su-styled-text secondary large"">+$91.12 delivery</span> <span class=""su-styled-text secondary large"">Located in United States</span> <span class=""su-styled-text secondary large"">Free returns</span> <span class=""su-styled-text primary bold large"">169 sold</span> <span class=""su-styled-text primary large"">nbddi-67 </span> <span class=""su-styled-text primary large"">98.5% positive (1.7K)</span>"
"<span class=""su-styled-text primary default"">Asus VioBook UX303F 13.3"" FULLHD M-5Y10C 8gb 256gb ssd m2 win11</span>","<span class=""su-styled-text primary bold large-1 s-card__price"">$137.00</span> <span class=""su-styled-text secondary large"">Buy It Now</span> <span class=""su-styled-text secondary large"">+$20.55 delivery</span> <span class=""su-styled-text secondary large"">Located in Italy</span>",,"<span class=""su-styled-text primary default"">Asus VioBook UX303F 13.3"" FULLHD M-5Y10C 8gb 256gb ssd m2 win11</span> <span class=""su-styled-text secondary default"">Pre-Owned</span> <span class=""su-styled-text primary bold large-1 s-card__price"">$137.00</span> <span class=""su-styled-text secondary large"">Buy It Now</span> <span class=""su-styled-text secondary large"">+$20.55 delivery</span> <span class=""su-styled-text secondary large"">Located in Italy</span> <span class=""su-styled-text primary large"">logicfeed </span> <span class=""su-styled-text primary large"">92.4% positive (2.7K)</span>"
"<span class=""su-styled-text primary default"">2026 HP Laptop Notebook 15.6 Touch Office 2024 AMD Ryzen 5 8GB RAM 512GB SSD Pro</span>","<span class=""su-styled-text primary bold large-1 s-card__price"">$389.00</span> <span class=""su-styled-text secondary strikethrough large"">$789.00</span> <span class=""su-styled-text secondary large"">Buy It Now</span> <span class=""su-styled-text secondary large"">+$159.51 delivery</span> <span class=""su-styled-text secondary large"">Located in United States</span>",,"<span class=""su-styled-text primary default"">2026 HP Laptop Notebook 15.6 Touch Office 2024 AMD Ryzen 5 8GB RAM 512GB SSD Pro</span> <span class=""su-styled-text secondary default"">✅Pro+Lifetime Office 2024 ✅Touchscreen ✅ Al Copilot</span> <span class=""su-styled-text secondary default"">Brand New · </span> <span class=""su-styled-text secondary default"">HP · </span> <span class=""su-styled-text secondary default"">512 GB</span> <span class=""su-styled-text primary bold large-1 s-card__price"">$389.00</span> <span class=""su-styled-text secondary strikethrough large"">$789.00</span> <span class=""su-styled-text secondary large"">Buy It Now</span> <span class=""su-styled-text secondary large"">+$159.51 delivery</span> <span class=""su-styled-text secondary large"">Located in United States</span> <span class=""su-styled-text primary large"">hellogoodlife1 </span> <span class=""su-styled-text primary large"">97.9% positive (18.9K)</span>"
"<span class=""su-styled-text primary default"">Lenovo 300w 2-in-1 Gen 5 11.6"" HD Touch Intel N150 8GB RAM 128GB SSD Grey NEW</span>","<span class=""su-styled-text primary bold large-1 s-card__price"">$289.95</span> <span class=""su-styled-text secondary large"">Buy It Now</span> <span class=""su-styled-text secondary large"">+$124.76 delivery</span> <span class=""su-styled-text secondary large"">Located in United States</span> <span class=""su-styled-text negative bold large"">Last one</span> <span class=""su-styled-text primary bold large"">16 sold</span>",,"<span class=""su-styled-text primary default"">Lenovo 300w 2-in-1 Gen 5 11.6"" HD Touch Intel N150 8GB RAM 128GB SSD Grey NEW</span> <span class=""su-styled-text secondary default"">Brand New · </span> <span class=""su-styled-text secondary default"">Lenovo · </span> <span class=""su-styled-text secondary default"">128 GB</span> <span class=""su-styled-text primary bold large-1 s-card__price"">$289.95</span> <span class=""su-styled-text secondary large"">Buy It Now</span> <span class=""su-styled-text secondary large"">+$124.76 delivery</span> <span class=""su-styled-text secondary large"">Located in United States</span> <span class=""su-styled-text negative bold large"">Last one</span> <span class=""su-styled-text primary bold large"">16 sold</span> <span class=""su-styled-text default"">815_electronics_buyback  99.9% positive (8.5K)</span>"
"<span class=""su-styled-text primary default"">Dell Inspiron 15 3535 Laptop AMD Ryzen 7 7730U 16GB 512GB SSD 15.6"" FHD Touch</span>","<span class=""su-styled-text primary bold large-1 s-card__price"">$374.00</span> <span class=""su-styled-text secondary strikethrough large"">$499.00</span> <span class=""su-styled-text secondary large"">Buy It Now</span> <span class=""su-styled-text secondary large"">+$150.79 delivery</span> <span class=""su-styled-text secondary large"">Located in United States</span> <span class=""su-styled-text primary bold large"">430 sold</span>",,"<span class=""su-styled-text primary default"">Dell Inspiron 15 3535 Laptop AMD Ryzen 7 7730U 16GB 512GB SSD 15.6"" FHD Touch</span> <span class=""su-styled-text secondary default"">Certified - Refurbished · </span> <span class=""su-styled-text secondary default"">Dell</span> <span class=""su-styled-text primary bold large-1 s-card__price"">$374.00</span> <span class=""su-styled-text secondary strikethrough large"">$499.00</span> <span class=""su-styled-text secondary large"">Buy It Now</span> <span class=""su-styled-text secondary large"">+$150.79 delivery</span> <span class=""su-styled-text secondary large"">Located in United States</span> <span class=""su-styled-text primary bold large"">430 sold</span> <span class=""su-styled-text default"">new.techies  99.3% positive (21.8K)</span> <span class=""su-styled-text default"">eBay Refurbished</span>"
"<span class=""su-styled-text primary default"">VAIO VJPG11C11N Sony Core 1.8Ghz RAM 8GB SSD 256GB Used Tested AC100V From Japan</span>","<span class=""su-styled-text primary bold large-1 s-card__price"">$166.00</span> <span class=""su-styled-text secondary large"">or Best Offer</span> <span class=""su-styled-text secondary large"">Free International Shipping</span> <span class=""su-styled-text secondary large"">Located in Japan</span> <span class=""su-styled-text secondary large"">Free returns</span> <span class=""su-styled-text negative bold large"">Last one</span> <span class=""su-styled-text primary bold large"">23 sold</span>",,"<span class=""su-styled-text primary default"">VAIO VJPG11C11N Sony Core 1.8Ghz RAM 8GB SSD 256GB Used Tested AC100V From Japan</span> <span class=""su-styled-text secondary default"">Pre-Owned · </span> <span class=""su-styled-text secondary default"">Sony · </span> <span class=""su-styled-text secondary default"">256 GB</span> <span class=""su-styled-text primary bold large-1 s-card__price"">$166.00</span> <span class=""su-styled-text secondary large"">or Best Offer</span> <span class=""su-styled-text secondary large"">Free International Shipping</span> <span class=""su-styled-text secondary large"">Located in Japan</span> <span class=""su-styled-text secondary large"">Free returns</span> <span class=""su-styled-text negative bold large"">Last one</span> <span class=""su-styled-text primary bold large"">23 sold</span> <span class=""su-styled-text primary large"">nakanoyama-jpshop </span> <span class=""su-styled-text primary large"">99% positive (2.6K)</span>"
"<span class=""su-styled-text primary default"">ASUS Zenbook 14"" WUXGA OLED Touch Laptop Intel Core Ultra 7 255H 16GB RAM 512GB</span>","<span class=""su-styled-text primary bold large-1 s-card__price"">$719.00</span> <span class=""su-styled-text secondary large"">Buy It Now</span> <span class=""su-styled-text secondary large"">+$235.41 delivery</span> <span class=""su-styled-text secondary large"">Located in United States</span> <span class=""su-styled-text primary bold large"">13 sold</span>",,"<span class=""su-styled-text primary default"">ASUS Zenbook 14"" WUXGA OLED Touch Laptop Intel Core Ultra 7 255H 16GB RAM 512GB</span> <span class=""su-styled-text secondary default"">Open Box · </span> <span class=""su-styled-text secondary default"">ASUS · </span> <span class=""su-styled-text secondary default"">512 GB</span> <span class=""su-styled-text primary bold large-1 s-card__price"">$719.00</span> <span class=""su-styled-text secondary large"">Buy It Now</span> <span class=""su-styled-text secondary large"">+$235.41 delivery</span> <span class=""su-styled-text secondary large"">Located in United States</span> <span class=""su-styled-text primary bold large"">13 sold</span> <span class=""su-styled-text default"">wenbus6  99.9% positive (2.8K)</span>"
"<span class=""su-styled-text primary default"">11th Gen HP Elite Dragonfly G2, i7, 16GB, 512GB SSD, Touchscreen</span>","<span class=""su-styled-text primary bold large-1 s-card__price"">$339.99</span> <span class=""su-styled-text secondary strikethrough large"">$1,999.99</span> <span class=""su-styled-text secondary large"">Buy It Now</span> <span class=""su-styled-text secondary large"">+$180.14 delivery</span> <span class=""su-styled-text secondary large"">Located in United States</span>",,"<span class=""su-styled-text primary default"">11th Gen HP Elite Dragonfly G2, i7, 16GB, 512GB SSD, Touchscreen</span> <span class=""su-styled-text secondary default"">Excellent - Refurbished · </span> <span class=""su-styled-text secondary default"">HP · </span> <span class=""su-styled-text secondary default"">512 GB</span> <span class=""su-styled-text primary bold large-1 s-card__price"">$339.99</span> <span class=""su-styled-text secondary strikethrough large"">$1,999.99</span> <span class=""su-styled-text secondary large"">Buy It Now</span> <span class=""su-styled-text secondary large"">+$180.14 delivery</span> <span class=""su-styled-text secondary large"">Located in United States</span> <span class=""su-styled-text primary large"">ingrammicrorefurbished </span> <span class=""su-styled-text primary large"">99.9% positive (1.3K)</span> <span class=""su-styled-text default"">eBay Refurbished</span>"
"<span class=""su-styled-text primary default"">HP EliteBook 840 G9 14 in FHD i7 32GB 512GB SSD W11 Pro Laptop</span>","<span class=""su-styled-text primary bold large-1 s-card__price"">$539.99</span> <span class=""su-styled-text secondary strikethrough large"">$1,799.00</span> <span class=""su-styled-text secondary large"">Buy It Now</span> <span class=""su-styled-text secondary large"">+$226.14 delivery</span> <span class=""su-styled-text secondary large"">Located in United States</span> <span class=""su-styled-text primary bold large"">68 watchers</span>",,"<span class=""su-styled-text primary default"">HP EliteBook 840 G9 14 in FHD i7 32GB 512GB SSD W11 Pro Laptop</span> <span class=""su-styled-text secondary default"">🛡️2yr Allstate Warranty⭐Trusted Seller📦Quick Delivery</span> <span class=""su-styled-text secondary default"">Certified - Refurbished · </span> <span class=""su-styled-text secondary default"">HP</span> <span class=""su-styled-text primary bold large-1 s-card__price"">$539.99</span> <span class=""su-styled-text secondary strikethrough large"">$1,799.00</span> <span class=""su-styled-text secondary large"">Buy It Now</span> <span class=""su-styled-text secondary large"">+$226.14 delivery</span> <span class=""su-styled-text secondary large"">Located in United States</span> <span class=""su-styled-text primary bold large"">68 watchers</span> <span class=""su-styled-text default"">focuscamera  99.6% positive (207.3K)</span> <span class=""su-styled-text default"">eBay Refurbished</span>"
"<span class=""su-styled-text primary bold default"">14"" Dell Laptop PC: TouchScreen! FHD 1080P! Backlit Keyboard! Windows 11 Pro!</span>","<span class=""su-styled-text primary bold large-1 s-card__price"">$244.02</span> <span class=""su-styled-text secondary strikethrough large"">$344.02</span> <span class=""su-styled-text secondary large"">or Best Offer</span> <span class=""su-styled-text secondary large"">+$120.89 delivery</span> <span class=""su-styled-text secondary large"">Located in United States</span> <span class=""su-styled-text primary bold large"">Last one</span> <span class=""su-styled-text primary bold large"">113 sold</span>",,"<span class=""su-styled-text primary bold default"">14"" Dell Laptop PC: TouchScreen! FHD 1080P! Backlit Keyboard! Windows 11 Pro!</span> <span class=""su-styled-text secondary default"">BACKLIT KEYBOARD! FHD 1080P! Windows 11 Pro!</span> <span class=""su-styled-text secondary default"">Excellent - Refurbished · </span> <span class=""su-styled-text secondary default"">Dell</span> <span class=""su-styled-text primary bold large-1 s-card__price"">$244.02</span> <span class=""su-styled-text secondary strikethrough large"">$344.02</span> <span class=""su-styled-text secondary large"">or Best Offer</span> <span class=""su-styled-text secondary large"">+$120.89 delivery</span> <span class=""su-styled-text secondary large"">Located in United States</span> <span class=""su-styled-text primary bold large"">Last one</span> <span class=""su-styled-text primary bold large"">113 sold</span> <span class=""su-styled-text default"">rinuvo  99.7% positive (12.1K)</span> <span class=""su-styled-text default"">eBay Refurbished</span>"
"<span class=""su-styled-text primary default"">Dell Latitude 5320 13.3"" 16GB 512GB, Gray</span>","<span class=""su-styled-text primary bold large-1 s-card__price"">$220.00</span> <span class=""su-styled-text secondary strikethrough large"">$328.49</span> <span class=""su-styled-text secondary large"">Buy It Now</span> <span class=""su-styled-text secondary large"">+$96.87 delivery</span> <span class=""su-styled-text secondary large"">Located in United States</span>",,"<span class=""su-styled-text primary default"">Dell Latitude 5320 13.3"" 16GB 512GB, Gray</span> <span class=""su-styled-text secondary default"">Excellent - Refurbished · </span> <span class=""su-styled-text secondary default"">Dell · </span> <span class=""su-styled-text secondary default"">512 GB</span> <span class=""su-styled-text primary bold large-1 s-card__price"">$220.00</span> <span class=""su-styled-text secondary strikethrough large"">$328.49</span> <span class=""su-styled-text secondary large"">Buy It Now</span> <span class=""su-styled-text secondary large"">+$96.87 delivery</span> <span class=""su-styled-text secondary large"">Located in United States</span> <span class=""su-styled-text primary large"">ingrammicrorefurbished </span> <span class=""su-styled-text primary large"">99.9% positive (1.3K)</span> <span class=""su-styled-text default"">eBay Refurbished</span>"
"<span class=""su-styled-text primary default"">Microsoft Surface Studio/14.4"" Touch/ i7 11370H/32GB/2TB/NVIDIA RTX 3050 Ti 4GB</span>","<span class=""su-styled-text primary bold large-1 s-card__price"">$1,603.00</span> <span class=""su-styled-text secondary large"">Buy It Now</span> <span class=""su-styled-text secondary large"">+$72.90 delivery</span> <span class=""su-styled-text secondary large"">Located in Canada</span> <span class=""su-styled-text primary bold large"">3 watchers</span>",,"<span class=""su-styled-text primary default"">Microsoft Surface Studio/14.4"" Touch/ i7 11370H/32GB/2TB/NVIDIA RTX 3050 Ti 4GB</span> <span class=""su-styled-text secondary default"">Brand New</span> <span class=""su-styled-text primary bold large-1 s-card__price"">$1,603.00</span> <span class=""su-styled-text secondary large"">Buy It Now</span> <span class=""su-styled-text secondary large"">+$72.90 delivery</span> <span class=""su-styled-text secondary large"">Located in Canada</span> <span class=""su-styled-text primary bold large"">3 watchers</span> <span class=""su-styled-text primary large"">techi.pal </span> <span class=""su-styled-text primary large"">100% positive (146)</span>"
"<span class=""su-styled-text primary default"">💥NEW💥 Acer Chromebook 315 15.6 inch Laptop Intel Processor N4500 4GB RAM 64GB </span>","<span class=""su-styled-text primary bold large-1 s-card__price"">$129.99</span> <span class=""su-styled-text secondary large"">Buy It Now</span> <span class=""su-styled-text secondary large"">+$109.66 delivery</span> <span class=""su-styled-text secondary large"">Located in United States</span> <span class=""su-styled-text primary bold large"">27 sold</span>",,"<span class=""su-styled-text primary default"">💥NEW💥 Acer Chromebook 315 15.6 inch Laptop Intel Processor N4500 4GB RAM 64GB </span> <span class=""su-styled-text secondary default"">Brand New · </span> <span class=""su-styled-text secondary default"">Acer · </span> <span class=""su-styled-text secondary default"">64 GB</span> <span class=""su-styled-text primary bold large-1 s-card__price"">$129.99</span> <span class=""su-styled-text secondary large"">Buy It Now</span> <span class=""su-styled-text secondary large"">+$109.66 delivery</span> <span class=""su-styled-text secondary large"">Located in United States</span> <span class=""su-styled-text primary bold large"">27 sold</span> <span class=""su-styled-text primary large"">electronics_wholsale </span> <span class=""su-styled-text primary large"">100% positive (4.6K)</span>"
"<span class=""su-styled-text primary default"">HP Laptop Notebook 15.6 AMD Athlon Upto 3.2GHz, 16GB RAM 1TB SSD Office 2024 Pro</span>","<span class=""su-styled-text primary bold large-1 s-card__price"">$316.00</span> <span class=""su-styled-text primary bold default s-card__price""> to </span> <span class=""su-styled-text primary bold large-1 s-card__price"">$566.00</span> <span class=""su-styled-text secondary large"">Buy It Now</span> <span class=""su-styled-text secondary large"">+$150.31 delivery</span> <span class=""su-styled-text secondary large"">Located in United States</span>",,"<span class=""su-styled-text primary default"">HP Laptop Notebook 15.6 AMD Athlon Upto 3.2GHz, 16GB RAM 1TB SSD Office 2024 Pro</span> <span class=""su-styled-text secondary default"">✅Windows 11 Pro ✅Free Mouse Sleeve ✅Lifetime MS Office</span> <span class=""su-styled-text secondary default"">Brand New</span> <span class=""su-styled-text primary bold large-1 s-card__price"">$316.00</span> <span class=""su-styled-text primary bold default s-card__price""> to </span> <span class=""su-styled-text primary bold large-1 s-card__price"">$566.00</span> <span class=""su-styled-text secondary large"">Buy It Now</span> <span class=""su-styled-text secondary large"">+$150.31 delivery</span> <span class=""su-styled-text secondary large"">Located in United States</span> <span class=""su-styled-text primary large"">hellogoodlife1 </span> <span class=""su-styled-text primary large"">97.9% positive (18.9K)</span>"
"<span class=""su-styled-text primary default"">2025 Acer Aspire 5 14"" Laptop Quad-Core Intel i5 12GB RAM 512GB SSD Office 2024</span>","<span class=""su-styled-text primary bold large-1 s-card__price"">$399.00</span> <span class=""su-styled-text secondary strikethrough large"">$999.00</span> <span class=""su-styled-text secondary large"">or Best Offer</span> <span class=""su-styled-text secondary large"">+$167.14 delivery</span> <span class=""su-styled-text secondary large"">Located in United States</span> <span class=""su-styled-text primary bold large"">46 watchers</span>",,"<span class=""su-styled-text primary default"">2025 Acer Aspire 5 14"" Laptop Quad-Core Intel i5 12GB RAM 512GB SSD Office 2024</span> <span class=""su-styled-text secondary default"">✅Fast Ship✅ Win 11 PRO+ Lifetime Office 2024 ✅ On Sale</span> <span class=""su-styled-text secondary default"">Brand New · </span> <span class=""su-styled-text secondary default"">Acer · </span> <span class=""su-styled-text secondary default"">512 GB</span> <span class=""su-styled-text primary bold large-1 s-card__price"">$399.00</span> <span class=""su-styled-text secondary strikethrough large"">$999.00</span> <span class=""su-styled-text secondary large"">or Best Offer</span> <span class=""su-styled-text secondary large"">+$167.14 delivery</span> <span class=""su-styled-text secondary large"">Located in United States</span> <span class=""su-styled-text primary bold large"">46 watchers</span> <span class=""su-styled-text primary large"">hellogoodlife1 </span> <span class=""su-styled-text primary large"">97.9% positive (18.9K)</span>"
"<span class=""su-styled-text primary default"">2026 Lenovo V15 Business Laptop 15.6"" AMD Ryzen 7 16GB RAM 256GB SSD, Win 11 Pro</span>","<span class=""su-styled-text primary bold large-1 s-card__price"">$529.00</span> <span class=""su-styled-text secondary strikethrough large"">$1,129.00</span> <span class=""su-styled-text secondary large"">Buy It Now</span> <span class=""su-styled-text secondary large"">+$191.71 delivery</span> <span class=""su-styled-text secondary large"">Located in United States</span> <span class=""su-styled-text primary bold large"">48 watchers</span>",,"<span class=""su-styled-text primary default"">2026 Lenovo V15 Business Laptop 15.6"" AMD Ryzen 7 16GB RAM 256GB SSD, Win 11 Pro</span> <span class=""su-styled-text secondary default"">✅Lifetime Office 2024+Win 11 Pro ✅Fast Shipping On Sale</span> <span class=""su-styled-text secondary default"">Brand New · </span> <span class=""su-styled-text secondary default"">Lenovo · </span> <span class=""su-styled-text secondary default"">256 GB</span> <span class=""su-styled-text primary bold large-1 s-card__price"">$529.00</span> <span class=""su-styled-text secondary strikethrough large"">$1,129.00</span> <span class=""su-styled-text secondary large"">Buy It Now</span> <span class=""su-styled-text secondary large"">+$191.71 delivery</span> <span class=""su-styled-text secondary large"">Located in United States</span> <span class=""su-styled-text primary bold large"">48 watchers</span> <span class=""su-styled-text primary large"">hellogoodlife1 </span> <span class=""su-styled-text primary large"">97.9% positive (18.9K)</span>"
"<span class=""su-styled-text primary default"">Acer Chromebook C730E-C555 11.6"" Laptop 2.16GHz Intel 4GB 16GB eMMC with Charger</span>","<span class=""su-styled-text primary bold large-1 s-card__price"">$34.99</span> <span class=""su-styled-text secondary large"">Buy It Now</span> <span class=""su-styled-text secondary large"">Shipping not specified</span> <span class=""su-styled-text secondary large"">Located in United States</span> <span class=""su-styled-text negative bold large"">Last one</span> <span class=""su-styled-text primary bold large"">186 sold</span>",,"<span class=""su-styled-text primary default"">Acer Chromebook C730E-C555 11.6"" Laptop 2.16GHz Intel 4GB 16GB eMMC with Charger</span> <span class=""su-styled-text secondary default"">Pre-Owned · </span> <span class=""su-styled-text secondary default"">Acer · </span> <span class=""su-styled-text secondary default"">16 GB</span> <span class=""su-styled-text primary bold large-1 s-card__price"">$34.99</span> <span class=""su-styled-text secondary large"">Buy It Now</span> <span class=""su-styled-text secondary large"">Shipping not specified</span> <span class=""su-styled-text secondary large"">Located in United States</span> <span class=""su-styled-text negative bold large"">Last one</span> <span class=""su-styled-text primary bold large"">186 sold</span> <span class=""su-styled-text primary large"">szirious </span> <span class=""su-styled-text primary large"">99.7% positive (368)</span>"
"<span class=""su-styled-text primary default"">Dell Latitude 5400  i5 8th Gen 16GB 256GB SSD  Windows 11 Pro</span>","<span class=""su-styled-text primary bold large-1 s-card__price"">$179.99</span> <span class=""su-styled-text secondary strikethrough large"">$189.99</span> <span class=""su-styled-text secondary large"">Buy It Now</span> <span class=""su-styled-text secondary large"">+$87.67 delivery</span> <span class=""su-styled-text secondary large"">Located in United States</span>",,"<span class=""su-styled-text primary default"">Dell Latitude 5400  i5 8th Gen 16GB 256GB SSD  Windows 11 Pro</span> <span class=""su-styled-text secondary default"">Good - Refurbished · </span> <span class=""su-styled-text secondary default"">Dell</span> <span class=""su-styled-text primary bold large-1 s-card__price"">$179.99</span> <span class=""su-styled-text secondary strikethrough large"">$189.99</span> <span class=""su-styled-text secondary large"">Buy It Now</span> <span class=""su-styled-text secondary large"">+$87.67 delivery</span> <span class=""su-styled-text secondary large"">Located in United States</span> <span class=""su-styled-text default"">sunnking  99.6% positive (161.6K)</span> <span class=""su-styled-text default"">eBay Refurbished</span>"
"<span class=""su-styled-text primary default"">Lenovo ThinkPad X13 Gen 1 13.3"" 16GB 512GB, Touch, WIN11P</span>","<span class=""su-styled-text primary bold large-1 s-card__price"">$239.99</span> <span class=""su-styled-text secondary strikethrough large"">$499.99</span> <span class=""su-styled-text secondary large"">Buy It Now</span> <span class=""su-styled-text secondary large"">+$125.24 delivery</span> <span class=""su-styled-text secondary large"">Located in United States</span>",,"<span class=""su-styled-text primary default"">Lenovo ThinkPad X13 Gen 1 13.3"" 16GB 512GB, Touch, WIN11P</span> <span class=""su-styled-text secondary default"">Excellent - Refurbished · </span> <span class=""su-styled-text secondary default"">Lenovo · </span> <span class=""su-styled-text secondary default"">512 GB</span> <span class=""su-styled-text primary bold large-1 s-card__price"">$239.99</span> <span class=""su-styled-text secondary strikethrough large"">$499.99</span> <span class=""su-styled-text secondary large"">Buy It Now</span> <span class=""su-styled-text secondary large"">+$125.24 delivery</span> <span class=""su-styled-text secondary large"">Located in United States</span> <span class=""su-styled-text primary large"">ingrammicrorefurbished </span> <span class=""su-styled-text primary large"">99.9% positive (1.3K)</span> <span class=""su-styled-text default"">eBay Refurbished</span>"
"<span class=""su-styled-text primary default"">Google Pixelbook Go Laptop Touch ChromeBook i5 8th Gen Turbo 3.9GHz 16GB Good</span>","<span class=""su-styled-text primary bold large-1 s-card__price"">$461.73</span> <span class=""su-styled-text secondary large"">($461.73/Unit)</span> <span class=""su-styled-text secondary large"">or Best Offer</span> <span class=""su-styled-text secondary large"">+$44.77 shipping estimate</span> <span class=""su-styled-text secondary large"">Located in United Kingdom</span> <span class=""su-styled-text primary bold large"">298 sold</span>",,"<span class=""su-styled-text primary default"">Google Pixelbook Go Laptop Touch ChromeBook i5 8th Gen Turbo 3.9GHz 16GB Good</span> <span class=""su-styled-text secondary default"">Enjoy Up to 12 Hours Power Updates to 2029 Order Today!</span> <span class=""su-styled-text secondary default"">Good - Refurbished · </span> <span class=""su-styled-text secondary default"">Google · </span> <span class=""su-styled-text secondary default"">128 GB</span> <span class=""su-styled-text primary bold large-1 s-card__price"">$461.73</span> <span class=""su-styled-text secondary large"">($461.73/Unit)</span> <span class=""su-styled-text secondary large"">or Best Offer</span> <span class=""su-styled-text secondary large"">+$44.77 shipping estimate</span> <span class=""su-styled-text secondary large"">Located in United Kingdom</span> <span class=""su-styled-text primary bold large"">298 sold</span> <span class=""su-styled-text secondary large"">Customs services and international tracking provided</span> <span class=""su-styled-text primary large"">snatch-ach </span> <span class=""su-styled-text primary large"">99.6% positive (19.6K)</span> <span class=""su-styled-text default"">eBay Refurbished</span>"
"<span class=""su-styled-text primary default"">Dell Latitude 7420  Laptop 14"" i5 1135G7 16GB RAM 512GB SSD Win 11 - New Battery</span>","<span class=""su-styled-text primary bold large-1 s-card__price"">$362.31</span> <span class=""su-styled-text secondary large"">Buy It Now</span> <span class=""su-styled-text secondary large"">+$55.15 delivery</span> <span class=""su-styled-text secondary large"">Located in Australia</span>",,"<span class=""su-styled-text primary default"">Dell Latitude 7420  Laptop 14"" i5 1135G7 16GB RAM 512GB SSD Win 11 - New Battery</span> <span class=""su-styled-text secondary default"">Good - Refurbished · </span> <span class=""su-styled-text secondary default"">Dell</span> <span class=""su-styled-text primary bold large-1 s-card__price"">$362.31</span> <span class=""su-styled-text secondary large"">Buy It Now</span> <span class=""su-styled-text secondary large"">+$55.15 delivery</span> <span class=""su-styled-text secondary large"">Located in Australia</span> <span class=""su-styled-text primary large"">un-tech </span> <span class=""su-styled-text primary large"">99.7% positive (10.2K)</span> <span class=""su-styled-text default"">eBay Refurbished</span>"
"<span class=""su-styled-text primary default"">Dell 15.6"" 2K Touchscreen Laptop Intel Core i5 1334U 8GB 512GB Carbon Black</span>","<span class=""su-styled-text primary bold large-1 s-card__price"">$473.10</span> <span class=""su-styled-text secondary strikethrough large"">$728.24</span> <span class=""su-styled-text secondary large"">Buy It Now</span> <span class=""su-styled-text secondary large"">+$183.55 delivery</span> <span class=""su-styled-text secondary large"">Located in Canada</span>",,"<span class=""su-styled-text primary default"">Dell 15.6"" 2K Touchscreen Laptop Intel Core i5 1334U 8GB 512GB Carbon Black</span> <span class=""su-styled-text secondary default"">Business users Windows 11 Pro</span> <span class=""su-styled-text secondary default"">Brand New</span> <span class=""su-styled-text primary bold large-1 s-card__price"">$473.10</span> <span class=""su-styled-text secondary strikethrough large"">$728.24</span> <span class=""su-styled-text secondary large"">Buy It Now</span> <span class=""su-styled-text secondary large"">+$183.55 delivery</span> <span class=""su-styled-text secondary large"">Located in Canada</span> <span class=""su-styled-text primary large"">megapcmall </span> <span class=""su-styled-text primary large"">100% positive (412)</span>"
"<span class=""su-styled-text primary default"">NANOTE NEXT UMPC-03-SR Windows 10 Home Intel HD Graphics 8GB LPDDR4 64GB New</span>","<span class=""su-styled-text primary bold large-1 s-card__price"">$268.98</span> <span class=""su-styled-text secondary large"">or Best Offer</span> <span class=""su-styled-text secondary large"">Free International Shipping</span> <span class=""su-styled-text secondary large"">Located in Japan</span> <span class=""su-styled-text secondary large"">Free returns</span> <span class=""su-styled-text negative bold large"">Last one</span> <span class=""su-styled-text primary bold large"">8 sold</span>",,"<span class=""su-styled-text primary default"">NANOTE NEXT UMPC-03-SR Windows 10 Home Intel HD Graphics 8GB LPDDR4 64GB New</span> <span class=""su-styled-text secondary default"">Brand New · </span> <span class=""su-styled-text secondary default"">Ultra</span> <span class=""su-styled-text primary bold large-1 s-card__price"">$268.98</span> <span class=""su-styled-text secondary large"">or Best Offer</span> <span class=""su-styled-text secondary large"">Free International Shipping</span> <span class=""su-styled-text secondary large"">Located in Japan</span> <span class=""su-styled-text secondary large"">Free returns</span> <span class=""su-styled-text negative bold large"">Last one</span> <span class=""su-styled-text primary bold large"">8 sold</span> <span class=""su-styled-text primary large"">wani_y_shop </span> <span class=""su-styled-text primary large"">100% positive (2.5K)</span>"
"<span class=""su-styled-text primary default"">2026 Lenovo IdeaPad Laptop Computer 14 Office 6-Core Intel i3 12GB RAM 512GB SSD</span>","<span class=""su-styled-text primary bold large-1 s-card__price"">$389.00</span> <span class=""su-styled-text secondary strikethrough large"">$989.00</span> <span class=""su-styled-text secondary large"">Buy It Now</span> <span class=""su-styled-text secondary large"">+$159.51 delivery</span> <span class=""su-styled-text secondary large"">Located in United States</span> <span class=""su-styled-text primary bold large"">16 watchers</span>",,"<span class=""su-styled-text primary default"">2026 Lenovo IdeaPad Laptop Computer 14 Office 6-Core Intel i3 12GB RAM 512GB SSD</span> <span class=""su-styled-text secondary default"">✅Lifetime Office 2024+Win 11 Pro ✅Fast Shipping On Sale</span> <span class=""su-styled-text secondary default"">Brand New · </span> <span class=""su-styled-text secondary default"">Lenovo · </span> <span class=""su-styled-text secondary default"">512 GB</span> <span class=""su-styled-text primary bold large-1 s-card__price"">$389.00</span> <span class=""su-styled-text secondary strikethrough large"">$989.00</span> <span class=""su-styled-text secondary large"">Buy It Now</span> <span class=""su-styled-text secondary large"">+$159.51 delivery</span> <span class=""su-styled-text secondary large"">Located in United States</span> <span class=""su-styled-text primary bold large"">16 watchers</span> <span class=""su-styled-text primary large"">hellogoodlife1 </span> <span class=""su-styled-text primary large"">97.9% positive (18.9K)</span>"
"<span class=""su-styled-text primary default"">2026 Lenovo IdeaPad Laptop 15.6 FHD 6-Core Ryzen 5 Upto 40GB RAM&amp;2TB SSD Win Pro</span>","<span class=""su-styled-text primary bold large-1 s-card__price"">$389.00</span> <span class=""su-styled-text primary bold default s-card__price""> to </span> <span class=""su-styled-text primary bold large-1 s-card__price"">$1,029.00</span> <span class=""su-styled-text secondary large"">Buy It Now</span> <span class=""su-styled-text secondary large"">+$164.84 delivery</span> <span class=""su-styled-text secondary large"">Located in United States</span> <span class=""su-styled-text primary bold large"">4+ watchers</span>",,"<span class=""su-styled-text primary default"">2026 Lenovo IdeaPad Laptop 15.6 FHD 6-Core Ryzen 5 Upto 40GB RAM&amp;2TB SSD Win Pro</span> <span class=""su-styled-text secondary default"">✅Lifetime MS Office 2024 ✅Windows 11 Pro ✅Fast on Sale</span> <span class=""su-styled-text secondary default"">Brand New</span> <span class=""su-styled-text primary bold large-1 s-card__price"">$389.00</span> <span class=""su-styled-text primary bold default s-card__price""> to </span> <span class=""su-styled-text primary bold large-1 s-card__price"">$1,029.00</span> <span class=""su-styled-text secondary large"">Buy It Now</span> <span class=""su-styled-text secondary large"">+$164.84 delivery</span> <span class=""su-styled-text secondary large"">Located in United States</span> <span class=""su-styled-text primary bold large"">4+ watchers</span> <span class=""su-styled-text primary large"">hellogoodlife1 </span> <span class=""su-styled-text primary large"">97.9% positive (18.9K)</span>"
"<span class=""su-styled-text primary default"">PANASONIC TOUGHPAD FZ-G1 MK4 i5-6th 6300U 4G Diagnostic Tablet Windows 11 Rugged</span>","<span class=""su-styled-text primary bold large-1 s-card__price"">$96.57</span> <span class=""su-styled-text secondary large"">($96.57/Unit)</span> <span class=""su-styled-text secondary large"">or Best Offer</span> <span class=""su-styled-text secondary large"">+$19.77 shipping estimate</span> <span class=""su-styled-text secondary large"">Located in United Kingdom</span>",,"<span class=""su-styled-text primary default"">PANASONIC TOUGHPAD FZ-G1 MK4 i5-6th 6300U 4G Diagnostic Tablet Windows 11 Rugged</span> <span class=""su-styled-text secondary default"">Pre-Owned · </span> <span class=""su-styled-text secondary default"">Panasonic · </span> <span class=""su-styled-text secondary default"">128 GB</span> <span class=""su-styled-text primary bold large-1 s-card__price"">$96.57</span> <span class=""su-styled-text secondary large"">($96.57/Unit)</span> <span class=""su-styled-text secondary large"">or Best Offer</span> <span class=""su-styled-text secondary large"">+$19.77 shipping estimate</span> <span class=""su-styled-text secondary large"">Located in United Kingdom</span> <span class=""su-styled-text secondary large"">Customs services and international tracking provided</span> <span class=""su-styled-text primary large"">shropshire-it-recycling-accessories </span> <span class=""su-styled-text primary large"">99.6% positive (1K)</span>"
"<span class=""su-styled-text primary default"">CHEAP Panasonic Toughbook CF-52 MK5 15.4"" Laptop Core i5 16GB RAM 240GB SSD WIFI</span>","<span class=""su-styled-text primary bold large-1 s-card__price"">$264.59</span> <span class=""su-styled-text secondary large"">($264.59/Unit)</span> <span class=""su-styled-text secondary large"">Buy It Now</span> <span class=""su-styled-text secondary large"">+$43.21 shipping estimate</span> <span class=""su-styled-text secondary large"">Located in United Kingdom</span> <span class=""su-styled-text primary bold large"">4 watchers</span>",,"<span class=""su-styled-text primary default"">CHEAP Panasonic Toughbook CF-52 MK5 15.4"" Laptop Core i5 16GB RAM 240GB SSD WIFI</span> <span class=""su-styled-text secondary default"">Pre-Owned · </span> <span class=""su-styled-text secondary default"">Panasonic · </span> <span class=""su-styled-text secondary default"">240 GB</span> <span class=""su-styled-text primary bold large-1 s-card__price"">$264.59</span> <span class=""su-styled-text secondary large"">($264.59/Unit)</span> <span class=""su-styled-text secondary large"">Buy It Now</span> <span class=""su-styled-text secondary large"">+$43.21 shipping estimate</span> <span class=""su-styled-text secondary large"">Located in United Kingdom</span> <span class=""su-styled-text primary bold large"">4 watchers</span> <span class=""su-styled-text secondary large"">Customs services and international tracking provided</span> <span class=""su-styled-text primary large"">laptopsonlinedirect </span> <span class=""su-styled-text primary large"">100% positive (7.8K)</span>"
"<span class=""su-styled-text primary default"">HP ProBook Laptop 14"" HD Intel Core i5 16GB RAM 256GB SSD Windows 11 WiFi HDMI</span>","<span class=""su-styled-text primary bold large-1 s-card__price"">$215.55</span> <span class=""su-styled-text secondary large"">Buy It Now</span> <span class=""su-styled-text secondary large"">+$114.34 delivery</span> <span class=""su-styled-text secondary large"">Located in United States</span> <span class=""su-styled-text primary bold large"">753 sold</span>",,"<span class=""su-styled-text primary default"">HP ProBook Laptop 14"" HD Intel Core i5 16GB RAM 256GB SSD Windows 11 WiFi HDMI</span> <span class=""su-styled-text secondary default"">Good - Refurbished · </span> <span class=""su-styled-text secondary default"">HP</span> <span class=""su-styled-text primary bold large-1 s-card__price"">$215.55</span> <span class=""su-styled-text secondary large"">Buy It Now</span> <span class=""su-styled-text secondary large"">+$114.34 delivery</span> <span class=""su-styled-text secondary large"">Located in United States</span> <span class=""su-styled-text primary bold large"">753 sold</span> <span class=""su-styled-text primary large"">discountcomputerdepot </span> <span class=""su-styled-text primary large"">99.3% positive (154.7K)</span> <span class=""su-styled-text default"">eBay Refurbished</span>"
"<span class=""su-styled-text primary default"">Lenovo Thinkpad X1 Carbon Gen 9 i5-1145G7 256GB SSD 8GB RAM Win11Pro</span>","<span class=""su-styled-text primary bold large-1 s-card__price"">$262.43</span> <span class=""su-styled-text secondary large"">Buy It Now</span> <span class=""su-styled-text secondary large"">+$148.31 delivery</span> <span class=""su-styled-text secondary large"">Located in Canada</span>",,"<span class=""su-styled-text primary default"">Lenovo Thinkpad X1 Carbon Gen 9 i5-1145G7 256GB SSD 8GB RAM Win11Pro</span> <span class=""su-styled-text secondary default"">Pre-Owned</span> <span class=""su-styled-text primary bold large-1 s-card__price"">$262.43</span> <span class=""su-styled-text secondary large"">Buy It Now</span> <span class=""su-styled-text secondary large"">+$148.31 delivery</span> <span class=""su-styled-text secondary large"">Located in Canada</span> <span class=""su-styled-text primary large"">csi-epc-calgary-ab </span> <span class=""su-styled-text primary large"">100% positive (549)</span>"
"<span class=""su-styled-text primary default"">ASUS ROG Ally 7"" Touch AMD Ryzen Z1 Extreme 16GB 512GB SSD W11H Gaming Console</span>","<span class=""su-styled-text primary bold large-1 s-card__price"">$459.00</span> <span class=""su-styled-text secondary strikethrough large"">$829.99</span> <span class=""su-styled-text secondary large"">Buy It Now</span> <span class=""su-styled-text secondary large"">+$186.27 delivery</span> <span class=""su-styled-text secondary large"">Located in United States</span> <span class=""su-styled-text primary bold large"">152 sold</span>",,"<span class=""su-styled-text primary default"">ASUS ROG Ally 7"" Touch AMD Ryzen Z1 Extreme 16GB 512GB SSD W11H Gaming Console</span> <span class=""su-styled-text secondary default"">Certified - Refurbished · </span> <span class=""su-styled-text secondary default"">ASUS</span> <span class=""su-styled-text primary bold large-1 s-card__price"">$459.00</span> <span class=""su-styled-text secondary strikethrough large"">$829.99</span> <span class=""su-styled-text secondary large"">Buy It Now</span> <span class=""su-styled-text secondary large"">+$186.27 delivery</span> <span class=""su-styled-text secondary large"">Located in United States</span> <span class=""su-styled-text primary bold large"">152 sold</span> <span class=""su-styled-text default"">prycedin  99.4% positive (78.9K)</span> <span class=""su-styled-text default"">eBay Refurbished</span>"
"<span class=""su-styled-text primary default"">Toshiba Dynabook PORTEGE X30L-J 13.3"" Touch i7 1185G7 16GB RAM 512GB SSD Win 11</span>","<span class=""su-styled-text primary bold large-1 s-card__price"">$332.30</span> <span class=""su-styled-text secondary large"">Buy It Now</span> <span class=""su-styled-text secondary large"">+$55.15 delivery</span> <span class=""su-styled-text secondary large"">Located in Australia</span>",,"<span class=""su-styled-text primary default"">Toshiba Dynabook PORTEGE X30L-J 13.3"" Touch i7 1185G7 16GB RAM 512GB SSD Win 11</span> <span class=""su-styled-text secondary default"">Good - Refurbished · </span> <span class=""su-styled-text secondary default"">Toshiba</span> <span class=""su-styled-text primary bold large-1 s-card__price"">$332.30</span> <span class=""su-styled-text secondary large"">Buy It Now</span> <span class=""su-styled-text secondary large"">+$55.15 delivery</span> <span class=""su-styled-text secondary large"">Located in Australia</span> <span class=""su-styled-text primary large"">un-tech </span> <span class=""su-styled-text primary large"">99.7% positive (10.2K)</span> <span class=""su-styled-text default"">eBay Refurbished</span>"
"<span class=""su-styled-text primary default"">Lenovo V15 G4 15.6"" FHD Laptop Intel i5-13420H 16GB/512GB Win11H 83A100PSUS</span>","<span class=""su-styled-text primary bold large-1 s-card__price"">$329.99</span> <span class=""su-styled-text secondary strikethrough large"">$449.99</span> <span class=""su-styled-text secondary large"">Buy It Now</span> <span class=""su-styled-text secondary large"">+$140.66 delivery</span> <span class=""su-styled-text secondary large"">Located in United States</span> <span class=""su-styled-text primary bold large"">9 watchers</span>",,"<span class=""su-styled-text primary default"">Lenovo V15 G4 15.6"" FHD Laptop Intel i5-13420H 16GB/512GB Win11H 83A100PSUS</span> <span class=""su-styled-text secondary default"">Good - Refurbished · </span> <span class=""su-styled-text secondary default"">Lenovo</span> <span class=""su-styled-text primary bold large-1 s-card__price"">$329.99</span> <span class=""su-styled-text secondary strikethrough large"">$449.99</span> <span class=""su-styled-text secondary large"">Buy It Now</span> <span class=""su-styled-text secondary large"">+$140.66 delivery</span> <span class=""su-styled-text secondary large"">Located in United States</span> <span class=""su-styled-text primary bold large"">9 watchers</span> <span class=""su-styled-text default"">hypermicrosystems  99.5% positive (83.5K)</span> <span class=""su-styled-text default"">eBay Refurbished</span>"
"<span class=""su-styled-text primary default"">2026 Dell Inspiron Laptop 15 Touch 10-Core Intel i5 Upto 64GB RAM 2TB SSD WinPRO</span>","<span class=""su-styled-text primary bold large-1 s-card__price"">$439.00</span> <span class=""su-styled-text primary bold default s-card__price""> to </span> <span class=""su-styled-text primary bold large-1 s-card__price"">$1,289.00</span> <span class=""su-styled-text secondary large"">Buy It Now</span> <span class=""su-styled-text secondary large"">+$171.01 delivery</span> <span class=""su-styled-text secondary large"">Located in United States</span>",,"<span class=""su-styled-text primary default"">2026 Dell Inspiron Laptop 15 Touch 10-Core Intel i5 Upto 64GB RAM 2TB SSD WinPRO</span> <span class=""su-styled-text secondary default"">✅Lifetime MS Office ✅16GB|32GB|64GB RAM ✅512GB|2TB SSD</span> <span class=""su-styled-text secondary default"">Brand New</span> <span class=""su-styled-text primary bold large-1 s-card__price"">$439.00</span> <span class=""su-styled-text primary bold default s-card__price""> to </span> <span class=""su-styled-text primary bold large-1 s-card__price"">$1,289.00</span> <span class=""su-styled-text secondary large"">Buy It Now</span> <span class=""su-styled-text secondary large"">+$171.01 delivery</span> <span class=""su-styled-text secondary large"">Located in United States</span> <span class=""su-styled-text primary large"">hellogoodlife1 </span> <span class=""su-styled-text primary large"">97.9% positive (18.9K)</span>"
"<span class=""su-styled-text primary default"">ASUS Vivobook 15 Laptop AMD Ryzen 5 7430U 16GB RAM - 512GB SSD - Windows 11 Home</span>","<span class=""su-styled-text primary bold large-1 s-card__price"">$458.99</span> <span class=""su-styled-text secondary strikethrough large"">$608.99</span> <span class=""su-styled-text secondary large"">Buy It Now</span> <span class=""su-styled-text secondary large"">+$170.33 delivery</span> <span class=""su-styled-text secondary large"">Located in United States</span>",,"<span class=""su-styled-text primary default"">ASUS Vivobook 15 Laptop AMD Ryzen 5 7430U 16GB RAM - 512GB SSD - Windows 11 Home</span> <span class=""su-styled-text secondary default"">Shop With Confidence, Buy From Newegg</span> <span class=""su-styled-text secondary default"">Brand New · </span> <span class=""su-styled-text secondary default"">ASUS</span> <span class=""su-styled-text primary bold large-1 s-card__price"">$458.99</span> <span class=""su-styled-text secondary strikethrough large"">$608.99</span> <span class=""su-styled-text secondary large"">Buy It Now</span> <span class=""su-styled-text secondary large"">+$170.33 delivery</span> <span class=""su-styled-text secondary large"">Located in United States</span> <span class=""su-styled-text primary large"">newegg </span> <span class=""su-styled-text primary large"">99.4% positive (1M)</span>"
"<span class=""su-styled-text primary default"">Dell Inspiron 15 Touchscreen Laptop 15.6"" FHD Intel i5-1334U 8GB RAM 512GB SSD</span>","<span class=""su-styled-text primary bold large-1 s-card__price"">$319.99</span> <span class=""su-styled-text secondary large"">or Best Offer</span> <span class=""su-styled-text secondary large"">+$138.36 delivery</span> <span class=""su-styled-text secondary large"">Located in United States</span> <span class=""su-styled-text negative bold large"">Almost gone</span> <span class=""su-styled-text primary bold large"">95 sold</span>",,"<span class=""su-styled-text primary default"">Dell Inspiron 15 Touchscreen Laptop 15.6"" FHD Intel i5-1334U 8GB RAM 512GB SSD</span> <span class=""su-styled-text secondary default"">Open Box · </span> <span class=""su-styled-text secondary default"">Dell · </span> <span class=""su-styled-text secondary default"">512 GB</span> <span class=""su-styled-text primary bold large-1 s-card__price"">$319.99</span> <span class=""su-styled-text secondary large"">or Best Offer</span> <span class=""su-styled-text secondary large"">+$138.36 delivery</span> <span class=""su-styled-text secondary large"">Located in United States</span> <span class=""su-styled-text negative bold large"">Almost gone</span> <span class=""su-styled-text primary bold large"">95 sold</span> <span class=""su-styled-text default"">bestptv  99.3% positive (2.8K)</span>"
"<span class=""su-styled-text primary default"">Lenovo ThinkPad L14 Gen 3 14"" FHD Touch AMD Ryzen 5 PRO 5675U 16GB 512GB SSD FPR</span>","<span class=""su-styled-text primary bold large-1 s-card__price"">$375.00</span> <span class=""su-styled-text secondary strikethrough large"">$619.00</span> <span class=""su-styled-text secondary large"">Buy It Now</span> <span class=""su-styled-text secondary large"">+$151.02 delivery</span> <span class=""su-styled-text secondary large"">Located in United States</span>",,"<span class=""su-styled-text primary default"">Lenovo ThinkPad L14 Gen 3 14"" FHD Touch AMD Ryzen 5 PRO 5675U 16GB 512GB SSD FPR</span> <span class=""su-styled-text secondary default"">Certified - Refurbished · </span> <span class=""su-styled-text secondary default"">Lenovo</span> <span class=""su-styled-text primary bold large-1 s-card__price"">$375.00</span> <span class=""su-styled-text secondary strikethrough large"">$619.00</span> <span class=""su-styled-text secondary large"">Buy It Now</span> <span class=""su-styled-text secondary large"">+$151.02 delivery</span> <span class=""su-styled-text secondary large"">Located in United States</span> <span class=""su-styled-text default"">themaxmart  99.6% positive (16.7K)</span> <span class=""su-styled-text default"">eBay Refurbished</span>"
"<span class=""su-styled-text primary default"">NANOTE NEXT UMPC-03-SR Windows 11 Intel HD Graphics 8GB 64GB SSD Tested</span>","<span class=""su-styled-text primary bold large-1 s-card__price"">$230.00</span> <span class=""su-styled-text secondary large"">Buy It Now</span> <span class=""su-styled-text secondary large"">Free International Shipping</span> <span class=""su-styled-text secondary large"">Located in Japan</span> <span class=""su-styled-text secondary large"">Free returns</span> <span class=""su-styled-text negative bold large"">Last one</span> <span class=""su-styled-text primary bold large"">16 watchers</span>",,"<span class=""su-styled-text primary default"">NANOTE NEXT UMPC-03-SR Windows 11 Intel HD Graphics 8GB 64GB SSD Tested</span> <span class=""su-styled-text secondary default"">Pre-Owned · </span> <span class=""su-styled-text secondary default"">Intel · </span> <span class=""su-styled-text secondary default"">64 GB</span> <span class=""su-styled-text primary bold large-1 s-card__price"">$230.00</span> <span class=""su-styled-text secondary large"">Buy It Now</span> <span class=""su-styled-text secondary large"">Free International Shipping</span> <span class=""su-styled-text secondary large"">Located in Japan</span> <span class=""su-styled-text secondary large"">Free returns</span> <span class=""su-styled-text negative bold large"">Last one</span> <span class=""su-styled-text primary bold large"">16 watchers</span> <span class=""su-styled-text primary large"">electric_japan_0 </span> <span class=""su-styled-text primary large"">100% positive (43)</span>"
"<span class=""su-styled-text primary default"">Lenovo ThinkPad P50/4K /i7-6820HQ/16GB/512GB NVME/NIVIDIA M2000M/W11 PRO</span>","<span class=""su-styled-text primary bold large-1 s-card__price"">$455.54</span> <span class=""su-styled-text secondary large"">or Best Offer</span> <span class=""su-styled-text secondary large"">+$39.96 delivery</span> <span class=""su-styled-text secondary large"">Located in Italy</span>",,"<span class=""su-styled-text primary default"">Lenovo ThinkPad P50/4K /i7-6820HQ/16GB/512GB NVME/NIVIDIA M2000M/W11 PRO</span> <span class=""su-styled-text secondary default"">Pre-Owned</span> <span class=""su-styled-text primary bold large-1 s-card__price"">$455.54</span> <span class=""su-styled-text secondary large"">or Best Offer</span> <span class=""su-styled-text secondary large"">+$39.96 delivery</span> <span class=""su-styled-text secondary large"">Located in Italy</span> <span class=""su-styled-text primary large"">albertomanti </span> <span class=""su-styled-text primary large"">100% positive (41)</span>"
"<span class=""su-styled-text primary default"">Gateway 11.6"" 2-in-1 Laptop GWTC116-1 Purple Touchscreen 4GB RAM 64GB Windows</span>","<span class=""su-styled-text primary bold large-1 s-card__price"">$99.99</span> <span class=""su-styled-text secondary large"">Buy It Now</span> <span class=""su-styled-text secondary large"">+$81.07 delivery</span> <span class=""su-styled-text secondary large"">Located in United States</span> <span class=""su-styled-text primary bold large"">9 watchers</span>",,"<span class=""su-styled-text primary default"">Gateway 11.6"" 2-in-1 Laptop GWTC116-1 Purple Touchscreen 4GB RAM 64GB Windows</span> <span class=""su-styled-text secondary default"">Brand New · </span> <span class=""su-styled-text secondary default"">Gateway · </span> <span class=""su-styled-text secondary default"">64 GB</span> <span class=""su-styled-text primary bold large-1 s-card__price"">$99.99</span> <span class=""su-styled-text secondary large"">Buy It Now</span> <span class=""su-styled-text secondary large"">+$81.07 delivery</span> <span class=""su-styled-text secondary large"">Located in United States</span> <span class=""su-styled-text primary bold large"">9 watchers</span> <span class=""su-styled-text primary large"">electronicscentralstore </span> <span class=""su-styled-text primary large"">99.4% positive (2.9K)</span>"
"<span class=""su-styled-text primary default"">Microsoft Surface Pro 5 1807 i5-7300U 8GB 256GB LTE 12.3"" Win 10 No Keyboard</span>","<span class=""su-styled-text primary bold large-1 s-card__price"">$215.78</span> <span class=""su-styled-text secondary large"">Buy It Now</span> <span class=""su-styled-text secondary large"">+$11.73 delivery</span> <span class=""su-styled-text secondary large"">Located in Germany</span> <span class=""su-styled-text primary bold large"">21 sold</span>",,"<span class=""su-styled-text primary default"">Microsoft Surface Pro 5 1807 i5-7300U 8GB 256GB LTE 12.3"" Win 10 No Keyboard</span> <span class=""su-styled-text secondary default"">Pre-Owned · </span> <span class=""su-styled-text secondary default"">Microsoft</span> <span class=""su-styled-text primary bold large-1 s-card__price"">$215.78</span> <span class=""su-styled-text secondary large"">Buy It Now</span> <span class=""su-styled-text secondary large"">+$11.73 delivery</span> <span class=""su-styled-text secondary large"">Located in Germany</span> <span class=""su-styled-text primary bold large"">21 sold</span> <span class=""su-styled-text primary large"">onero_tekno </span> <span class=""su-styled-text primary large"">99.1% positive (222)</span>"
"<span class=""su-styled-text primary default"">HP EliteBook 845 G8 14"" FHD AMD Ryzen 5 PRO 5650U 32GB 256GB SSD W11P Laptop SL</span>","<span class=""su-styled-text primary bold large-1 s-card__price"">$379.00</span> <span class=""su-styled-text secondary strikethrough large"">$729.99</span> <span class=""su-styled-text secondary large"">Buy It Now</span> <span class=""su-styled-text secondary large"">+$151.94 delivery</span> <span class=""su-styled-text secondary large"">Located in United States</span>",,"<span class=""su-styled-text primary default"">HP EliteBook 845 G8 14"" FHD AMD Ryzen 5 PRO 5650U 32GB 256GB SSD W11P Laptop SL</span> <span class=""su-styled-text secondary default"">Certified - Refurbished · </span> <span class=""su-styled-text secondary default"">HP</span> <span class=""su-styled-text primary bold large-1 s-card__price"">$379.00</span> <span class=""su-styled-text secondary strikethrough large"">$729.99</span> <span class=""su-styled-text secondary large"">Buy It Now</span> <span class=""su-styled-text secondary large"">+$151.94 delivery</span> <span class=""su-styled-text secondary large"">Located in United States</span> <span class=""su-styled-text default"">prycedin  99.4% positive (78.9K)</span> <span class=""su-styled-text default"">eBay Refurbished</span>"
"<span class=""su-styled-text primary default"">HP 15.6"" Touch Laptop, 13th Gen Intel i3, 16GB RAM &amp; 512BG SSD Win 11 Pro+Office</span>","<span class=""su-styled-text primary bold large-1 s-card__price"">$409.00</span> <span class=""su-styled-text secondary strikethrough large"">$609.00</span> <span class=""su-styled-text secondary large"">Buy It Now</span> <span class=""su-styled-text secondary large"">+$164.11 delivery</span> <span class=""su-styled-text secondary large"">Located in United States</span> <span class=""su-styled-text negative bold large"">Last one</span> <span class=""su-styled-text primary bold large"">13 sold</span>",,"<span class=""su-styled-text primary default"">HP 15.6"" Touch Laptop, 13th Gen Intel i3, 16GB RAM &amp; 512BG SSD Win 11 Pro+Office</span> <span class=""su-styled-text secondary default"">Open Box · </span> <span class=""su-styled-text secondary default"">HP · </span> <span class=""su-styled-text secondary default"">512 GB</span> <span class=""su-styled-text primary bold large-1 s-card__price"">$409.00</span> <span class=""su-styled-text secondary strikethrough large"">$609.00</span> <span class=""su-styled-text secondary large"">Buy It Now</span> <span class=""su-styled-text secondary large"">+$164.11 delivery</span> <span class=""su-styled-text secondary large"">Located in United States</span> <span class=""su-styled-text negative bold large"">Last one</span> <span class=""su-styled-text primary bold large"">13 sold</span> <span class=""su-styled-text primary large"">hellogoodlife1 </span> <span class=""su-styled-text primary large"">97.9% positive (18.9K)</span>"
"<span class=""su-styled-text primary default"">HP 250 g5 15.6"" FULLHD 1920X1080 i5-7200U 8gb 256gb WIN11</span>","<span class=""su-styled-text primary bold large-1 s-card__price"">$149.56</span> <span class=""su-styled-text secondary large"">or Best Offer</span> <span class=""su-styled-text secondary large"">+$20.55 delivery</span> <span class=""su-styled-text secondary large"">Located in Italy</span>",,"<span class=""su-styled-text primary default"">HP 250 g5 15.6"" FULLHD 1920X1080 i5-7200U 8gb 256gb WIN11</span> <span class=""su-styled-text secondary default"">Pre-Owned</span> <span class=""su-styled-text primary bold large-1 s-card__price"">$149.56</span> <span class=""su-styled-text secondary large"">or Best Offer</span> <span class=""su-styled-text secondary large"">+$20.55 delivery</span> <span class=""su-styled-text secondary large"">Located in Italy</span> <span class=""su-styled-text primary large"">logicfeed </span> <span class=""su-styled-text primary large"">92.4% positive (2.7K)</span>"
"<span class=""su-styled-text primary default"">2026 ASUS Vivobook 14"" FHD Laptop 13th Gen Intel i3 12GB RAM 256GB SSD Win11 Pro</span>","<span class=""su-styled-text primary bold large-1 s-card__price"">$469.00</span> <span class=""su-styled-text secondary strikethrough large"">$969.00</span> <span class=""su-styled-text secondary large"">or Best Offer</span> <span class=""su-styled-text secondary large"">+$172.64 delivery</span> <span class=""su-styled-text secondary large"">Located in United States</span> <span class=""su-styled-text primary bold large"">58 watchers</span>",,"<span class=""su-styled-text primary default"">2026 ASUS Vivobook 14"" FHD Laptop 13th Gen Intel i3 12GB RAM 256GB SSD Win11 Pro</span> <span class=""su-styled-text secondary default"">✅Lifetime Office 2024+Win 11 Pro ✅Fast Shipping On Sale</span> <span class=""su-styled-text secondary default"">Brand New · </span> <span class=""su-styled-text secondary default"">ASUS · </span> <span class=""su-styled-text secondary default"">256 GB</span> <span class=""su-styled-text primary bold large-1 s-card__price"">$469.00</span> <span class=""su-styled-text secondary strikethrough large"">$969.00</span> <span class=""su-styled-text secondary large"">or Best Offer</span> <span class=""su-styled-text secondary large"">+$172.64 delivery</span> <span class=""su-styled-text secondary large"">Located in United States</span> <span class=""su-styled-text primary bold large"">58 watchers</span> <span class=""su-styled-text primary large"">hellogoodlife1 </span> <span class=""su-styled-text primary large"">97.9% positive (18.9K)</span>"
"<span class=""su-styled-text primary default"">2026 HP Laptop 15.6 Touch Ryzen 5 7520U 8GB RAM Up to 1TB SSD Al Copilot Win Pro</span>","<span class=""su-styled-text primary bold large-1 s-card__price"">$379.00</span> <span class=""su-styled-text primary bold default s-card__price""> to </span> <span class=""su-styled-text primary bold large-1 s-card__price"">$529.00</span> <span class=""su-styled-text secondary large"">Buy It Now</span> <span class=""su-styled-text secondary large"">+$157.21 delivery</span> <span class=""su-styled-text secondary large"">Located in United States</span>",,"<span class=""su-styled-text primary default"">2026 HP Laptop 15.6 Touch Ryzen 5 7520U 8GB RAM Up to 1TB SSD Al Copilot Win Pro</span> <span class=""su-styled-text secondary default"">✅Pro+Lifetime Office 2024 ✅Touchscreen ✅ Al Copilot</span> <span class=""su-styled-text secondary default"">Brand New</span> <span class=""su-styled-text primary bold large-1 s-card__price"">$379.00</span> <span class=""su-styled-text primary bold default s-card__price""> to </span> <span class=""su-styled-text primary bold large-1 s-card__price"">$529.00</span> <span class=""su-styled-text secondary large"">Buy It Now</span> <span class=""su-styled-text secondary large"">+$157.21 delivery</span> <span class=""su-styled-text secondary large"">Located in United States</span> <span class=""su-styled-text primary large"">hellogoodlife1 </span> <span class=""su-styled-text primary large"">97.9% positive (18.9K)</span>"
"<span class=""su-styled-text primary default"">Dell Laptop Latitude 5420 Core i5-11th 16GB Ram 256GB SSD Windows 11 Pro</span>","<span class=""su-styled-text primary bold large-1 s-card__price"">$252.99</span> <span class=""su-styled-text secondary large"">Buy It Now</span> <span class=""su-styled-text secondary large"">Shipping not specified</span> <span class=""su-styled-text secondary large"">Located in United States</span> <span class=""su-styled-text primary bold large"">10 watchers</span>","<div class=""x-star-rating""><!--M_fbd99063#s0-2-54-0-9-8-4-4-0-3-0-4[0]-1-0-1-6-1-7-33-1-1-2-1[1]-0--><svg data-marko-key=""@svg s0-2-54-0-9-8-4-4-0-3-0-4[0]-1-0-1-6-1-7-33-1-1-2-1[1]-0"" class=""icon icon--16"" focusable=""false"" aria-hidden=""true""><defs data-marko-key=""@defs s0-2-54-0-9-8-4-4-0-3-0-4[0]-1-0-1-6-1-7-33-1-1-2-1[1]-0""><symbol viewbox=""0 0 16 16"" id=""icon-star-filled-16""><path d=""M8.596 1.928a.625.625 0 0 0-1.19 0L6.055 6.136H1.62a.625.625 0 0 0-.346 1.146l3.56 2.364-1.366 4.035a.625.625 0 0 0 .953.71L8 11.862l3.578 2.528a.625.625 0 0 0 .953-.71l-1.366-4.036 3.55-2.364a.625.625 0 0 0-.346-1.145H9.955l-1.36-4.207Z""></path></symbol></defs><use href=""#icon-star-filled-16""></use></svg><!--M_fbd99063/--><!--M_fbd99063#s0-2-54-0-9-8-4-4-0-3-0-4[0]-1-0-1-6-1-7-33-1-1-2-1[2]-0--><svg data-marko-key=""@svg s0-2-54-0-9-8-4-4-0-3-0-4[0]-1-0-1-6-1-7-33-1-1-2-1[2]-0"" class=""icon icon--16"" focusable=""false"" aria-hidden=""true""><use href=""#icon-star-filled-16""></use></svg><!--M_fbd99063/--><!--M_fbd99063#s0-2-54-0-9-8-4-4-0-3-0-4[0]-1-0-1-6-1-7-33-1-1-2-1[3]-0--><svg data-marko-key=""@svg s0-2-54-0-9-8-4-4-0-3-0-4[0]-1-0-1-6-1-7-33-1-1-2-1[3]-0"" class=""icon icon--16"" focusable=""false"" aria-hidden=""true""><use href=""#icon-star-filled-16""></use></svg><!--M_fbd99063/--><!--M_fbd99063#s0-2-54-0-9-8-4-4-0-3-0-4[0]-1-0-1-6-1-7-33-1-1-2-1[4]-0--><svg data-marko-key=""@svg s0-2-54-0-9-8-4-4-0-3-0-4[0]-1-0-1-6-1-7-33-1-1-2-1[4]-0"" class=""icon icon--16"" focusable=""false"" aria-hidden=""true""><use href=""#icon-star-filled-16""></use></svg><!--M_fbd99063/--><!--M_fbd99063#s0-2-54-0-9-8-4-4-0-3-0-4[0]-1-0-1-6-1-7-33-1-1-2-2-0--><svg data-marko-key=""@svg s0-2-54-0-9-8-4-4-0-3-0-4[0]-1-0-1-6-1-7-33-1-1-2-2-0"" class=""icon icon--16-colored"" focusable=""false"" aria-hidden=""true""><defs data-marko-key=""@defs s0-2-54-0-9-8-4-4-0-3-0-4[0]-1-0-1-6-1-7-33-1-1-2-2-0""><symbol viewbox=""0 0 16 16"" id=""icon-star-half-16-colored""><path fill=""#707070"" fill-rule=""evenodd"" d=""M8 1.495c.272 0 .512.175.596.433l1.359 4.207h4.415a.625.625 0 0 1 .346 1.145l-3.55 2.364 1.366 4.036a.625.625 0 0 1-.953.71l-3.578-2.528-3.58 2.528a.625.625 0 0 1-.953-.71l1.366-4.035-3.56-2.364a.625.625 0 0 1 .346-1.146h4.435l1.35-4.206A.625.625 0 0 1 8 1.495Zm.003 2.663L6.966 7.385H3.69l2.635 1.75-1.058 3.127L8 10.332l2.731 1.93-1.058-3.126 2.63-1.75H9.045L8.003 4.157Z"" clip-rule=""evenodd""></path><path fill=""#191919"" d=""M7.406 1.929A.625.625 0 0 1 8 1.495v10.367L4.42 14.39a.625.625 0 0 1-.952-.71l1.366-4.035-3.56-2.364a.625.625 0 0 1 .346-1.146h4.435l1.35-4.206Z""></path></symbol></defs><use href=""#icon-star-half-16-colored""></use></svg><!--M_fbd99063/--><span class=""clipped"">4.5 out of 5 stars.</span></div>","<span class=""su-styled-text primary default"">Dell Laptop Latitude 5420 Core i5-11th 16GB Ram 256GB SSD Windows 11 Pro</span> <span class=""su-styled-text secondary default"">Excellent - Refurbished · </span> <span class=""su-styled-text secondary default"">Dell · </span> <span class=""su-styled-text secondary default"">256 GB</span> <span class=""su-styled-text primary bold large-1 s-card__price"">$252.99</span> <span class=""su-styled-text secondary large"">Buy It Now</span> <span class=""su-styled-text secondary large"">Shipping not specified</span> <span class=""su-styled-text secondary large"">Located in United States</span> <span class=""su-styled-text primary bold large"">10 watchers</span> <span class=""su-styled-text default"">at.services  99.8% positive (1.5K)</span> <span class=""su-styled-text default"">eBay Refurbished</span>"
"<span class=""su-styled-text primary default"">Samsung Galaxy Z Flip 7 - 256 GB - Jetblack (Unlocked)</span>","<span class=""su-styled-text primary bold large-1 s-card__price"">$300.00</span> <span class=""su-styled-text secondary large"">or Best Offer</span> <span class=""su-styled-text secondary large"">Shipping not specified</span> <span class=""su-styled-text secondary large"">Located in United States</span>","<div class=""x-star-rating""><!--M_fbd99063#s0-2-54-0-9-8-4-4-0-3-0-4[1]-1-0-1-6-1-7-33-1-1-2-1[1]-0--><svg data-marko-key=""@svg s0-2-54-0-9-8-4-4-0-3-0-4[1]-1-0-1-6-1-7-33-1-1-2-1[1]-0"" class=""icon icon--16"" focusable=""false"" aria-hidden=""true""><use href=""#icon-star-filled-16""></use></svg><!--M_fbd99063/--><!--M_fbd99063#s0-2-54-0-9-8-4-4-0-3-0-4[1]-1-0-1-6-1-7-33-1-1-2-1[2]-0--><svg data-marko-key=""@svg s0-2-54-0-9-8-4-4-0-3-0-4[1]-1-0-1-6-1-7-33-1-1-2-1[2]-0"" class=""icon icon--16"" focusable=""false"" aria-hidden=""true""><use href=""#icon-star-filled-16""></use></svg><!--M_fbd99063/--><!--M_fbd99063#s0-2-54-0-9-8-4-4-0-3-0-4[1]-1-0-1-6-1-7-33-1-1-2-1[3]-0--><svg data-marko-key=""@svg s0-2-54-0-9-8-4-4-0-3-0-4[1]-1-0-1-6-1-7-33-1-1-2-1[3]-0"" class=""icon icon--16"" focusable=""false"" aria-hidden=""true""><use href=""#icon-star-filled-16""></use></svg><!--M_fbd99063/--><!--M_fbd99063#s0-2-54-0-9-8-4-4-0-3-0-4[1]-1-0-1-6-1-7-33-1-1-2-1[4]-0--><svg data-marko-key=""@svg s0-2-54-0-9-8-4-4-0-3-0-4[1]-1-0-1-6-1-7-33-1-1-2-1[4]-0"" class=""icon icon--16"" focusable=""false"" aria-hidden=""true""><use href=""#icon-star-filled-16""></use></svg><!--M_fbd99063/--><!--M_fbd99063#s0-2-54-0-9-8-4-4-0-3-0-4[1]-1-0-1-6-1-7-33-1-1-2-1[5]-0--><svg data-marko-key=""@svg s0-2-54-0-9-8-4-4-0-3-0-4[1]-1-0-1-6-1-7-33-1-1-2-1[5]-0"" class=""icon icon--16"" focusable=""false"" aria-hidden=""true""><use href=""#icon-star-filled-16""></use></svg><!--M_fbd99063/--><span class=""clipped"">5.0 out of 5 stars.</span></div>","<span class=""su-styled-text primary default"">Samsung Galaxy Z Flip 7 - 256 GB - Jetblack (Unlocked)</span> <span class=""su-styled-text secondary default"">Open Box · </span> <span class=""su-styled-text secondary default"">Microsoft</span> <span class=""su-styled-text primary bold large-1 s-card__price"">$300.00</span> <span class=""su-styled-text secondary large"">or Best Offer</span> <span class=""su-styled-text secondary large"">Shipping not specified</span> <span class=""su-styled-text secondary large"">Located in United States</span> <span class=""su-styled-text primary large"">jordobaldwi_0 </span> <span class=""su-styled-text primary large"">0% positive (34)</span>"
"<span class=""su-styled-text primary default"">Dell Latitude 5300 12.5"" Intel Core i5-8th, 1.6GHz 8GB 128GB SSD Windows 11pro</span>","<span class=""su-styled-text primary bold large-1 s-card__price"">$135.00</span> <span class=""su-styled-text secondary large"">Buy It Now</span> <span class=""su-styled-text secondary large"">Shipping not specified</span> <span class=""su-styled-text secondary large"">Located in United States</span> <span class=""su-styled-text negative bold large"">Last one</span> <span class=""su-styled-text primary bold large"">17 watchers</span>",,"<span class=""su-styled-text primary default"">Dell Latitude 5300 12.5"" Intel Core i5-8th, 1.6GHz 8GB 128GB SSD Windows 11pro</span> <span class=""su-styled-text secondary default"">Pre-Owned · </span> <span class=""su-styled-text secondary default"">Dell · </span> <span class=""su-styled-text secondary default"">128 GB</span> <span class=""su-styled-text primary bold large-1 s-card__price"">$135.00</span> <span class=""su-styled-text secondary large"">Buy It Now</span> <span class=""su-styled-text secondary large"">Shipping not specified</span> <span class=""su-styled-text secondary large"">Located in United States</span> <span class=""su-styled-text negative bold large"">Last one</span> <span class=""su-styled-text primary bold large"">17 watchers</span> <span class=""su-styled-text primary large"">technologyglobal1989 </span> <span class=""su-styled-text primary large"">99.4% positive (1.9K)</span>"
"<span class=""su-styled-text primary default"">HP Black Notebook Laptop Windows 11 Built-in Webcam Portable Computer</span>","<span class=""su-styled-text primary bold large-1 s-card__price"">$159.99</span> <span class=""su-styled-text secondary large"">or Best Offer</span> <span class=""su-styled-text secondary large"">Shipping not specified</span> <span class=""su-styled-text secondary large"">Located in United States</span>",,"<span class=""su-styled-text primary default"">HP Black Notebook Laptop Windows 11 Built-in Webcam Portable Computer</span> <span class=""su-styled-text secondary default"">Brand New · </span> <span class=""su-styled-text secondary default"">Acme Made</span> <span class=""su-styled-text primary bold large-1 s-card__price"">$159.99</span> <span class=""su-styled-text secondary large"">or Best Offer</span> <span class=""su-styled-text secondary large"">Shipping not specified</span> <span class=""su-styled-text secondary large"">Located in United States</span> <span class=""su-styled-text primary large"">n4rnq-37 </span> <span class=""su-styled-text primary large"">0% positive (0)</span>"
"<span class=""su-styled-text primary default"">Acer TravelMate Spin B3 2-in-1 11.6"" Touch N5030 8GB RAM 256G SSD Windows 11 Pro</span>","<span class=""su-styled-text primary bold large-1 s-card__price"">$139.99</span> <span class=""su-styled-text secondary strikethrough large"">$209.99</span> <span class=""su-styled-text secondary large"">Buy It Now</span> <span class=""su-styled-text secondary large"">+$59.46 delivery</span> <span class=""su-styled-text secondary large"">Located in United States</span> <span class=""su-styled-text primary bold large"">55 sold</span>",,"<span class=""su-styled-text primary default"">Acer TravelMate Spin B3 2-in-1 11.6"" Touch N5030 8GB RAM 256G SSD Windows 11 Pro</span> <span class=""su-styled-text secondary default"">Very Good - Refurbished · </span> <span class=""su-styled-text secondary default"">Acer · </span> <span class=""su-styled-text secondary default"">256 GB</span> <span class=""su-styled-text primary bold large-1 s-card__price"">$139.99</span> <span class=""su-styled-text secondary strikethrough large"">$209.99</span> <span class=""su-styled-text secondary large"">Buy It Now</span> <span class=""su-styled-text secondary large"">+$59.46 delivery</span> <span class=""su-styled-text secondary large"">Located in United States</span> <span class=""su-styled-text primary bold large"">55 sold</span> <span class=""su-styled-text default"">reviveit.io  99.9% positive (118.3K)</span> <span class=""su-styled-text default"">eBay Refurbished</span>"
"<span class=""su-styled-text primary default"">Dell Latitude 12 7220 WiFi Rugged Tablet i5-8365U 8GB 256GB</span>","<span class=""su-styled-text primary bold large-1 s-card__price"">$776.34</span> <span class=""su-styled-text secondary large"">Buy It Now</span> <span class=""su-styled-text secondary large"">+$34.25 delivery</span> <span class=""su-styled-text secondary large"">Located in Germany</span> <span class=""su-styled-text negative bold large"">Almost gone</span> <span class=""su-styled-text primary bold large"">38 sold</span>",,"<span class=""su-styled-text primary default"">Dell Latitude 12 7220 WiFi Rugged Tablet i5-8365U 8GB 256GB</span> <span class=""su-styled-text secondary default"">Pre-Owned · </span> <span class=""su-styled-text secondary default"">Dell</span> <span class=""su-styled-text primary bold large-1 s-card__price"">$776.34</span> <span class=""su-styled-text secondary large"">Buy It Now</span> <span class=""su-styled-text secondary large"">+$34.25 delivery</span> <span class=""su-styled-text secondary large"">Located in Germany</span> <span class=""su-styled-text negative bold large"">Almost gone</span> <span class=""su-styled-text primary bold large"">38 sold</span> <span class=""su-styled-text primary large"">berlin-shop </span> <span class=""su-styled-text primary large"">99.5% positive (104.1K)</span>"
"<span class=""su-styled-text primary default"">Dell Latitude 5520 15.6” Core i7-1185G7 32GB 1TB SSD Win 11 Pro Touchscreen</span>","<span class=""su-styled-text primary bold large-1 s-card__price"">$545.00</span> <span class=""su-styled-text secondary large"">or Best Offer</span> <span class=""su-styled-text secondary large"">+$356.06 delivery</span> <span class=""su-styled-text secondary large"">Located in United States</span> <span class=""su-styled-text primary bold large"">79 watchers</span>",,"<span class=""su-styled-text primary default"">Dell Latitude 5520 15.6” Core i7-1185G7 32GB 1TB SSD Win 11 Pro Touchscreen</span> <span class=""su-styled-text secondary default"">Excellent - Refurbished · </span> <span class=""su-styled-text secondary default"">Dell</span> <span class=""su-styled-text primary bold large-1 s-card__price"">$545.00</span> <span class=""su-styled-text secondary large"">or Best Offer</span> <span class=""su-styled-text secondary large"">+$356.06 delivery</span> <span class=""su-styled-text secondary large"">Located in United States</span> <span class=""su-styled-text primary bold large"">79 watchers</span> <span class=""su-styled-text default"">pioneer-surplus  99.7% positive (9K)</span> <span class=""su-styled-text default"">eBay Refurbished</span>"
"<span class=""su-styled-text primary default"">Lenovo ThinkPad X12 Detachable Gen 1 I5-1130G7/256GB SSD/8GB win11</span>","<span class=""su-styled-text primary bold large-1 s-card__price"">$278.54</span> <span class=""su-styled-text secondary large"">Buy It Now</span> <span class=""su-styled-text secondary large"">+$124.44 delivery</span> <span class=""su-styled-text secondary large"">Located in Australia</span> <span class=""su-styled-text primary bold large"">38 watchers</span>",,"<span class=""su-styled-text primary default"">Lenovo ThinkPad X12 Detachable Gen 1 I5-1130G7/256GB SSD/8GB win11</span> <span class=""su-styled-text secondary default"">Pre-Owned · </span> <span class=""su-styled-text secondary default"">Lenovo</span> <span class=""su-styled-text primary bold large-1 s-card__price"">$278.54</span> <span class=""su-styled-text secondary large"">Buy It Now</span> <span class=""su-styled-text secondary large"">+$124.44 delivery</span> <span class=""su-styled-text secondary large"">Located in Australia</span> <span class=""su-styled-text primary bold large"">38 watchers</span> <span class=""su-styled-text primary large"">refurbished_quality </span> <span class=""su-styled-text primary large"">99.6% positive (3K)</span>"
"<span class=""su-styled-text primary default"">HP PROBOOK 445R G6 14"" FULLHD AMD RYZEN 5 3500U 8CORE 8gb 256GB NVME AMD VEGA8</span>","<span class=""su-styled-text primary bold large-1 s-card__price"">$160.98</span> <span class=""su-styled-text secondary large"">or Best Offer</span> <span class=""su-styled-text secondary large"">+$20.55 delivery</span> <span class=""su-styled-text secondary large"">Located in Italy</span>",,"<span class=""su-styled-text primary default"">HP PROBOOK 445R G6 14"" FULLHD AMD RYZEN 5 3500U 8CORE 8gb 256GB NVME AMD VEGA8</span> <span class=""su-styled-text secondary default"">Pre-Owned</span> <span class=""su-styled-text primary bold large-1 s-card__price"">$160.98</span> <span class=""su-styled-text secondary large"">or Best Offer</span> <span class=""su-styled-text secondary large"">+$20.55 delivery</span> <span class=""su-styled-text secondary large"">Located in Italy</span> <span class=""su-styled-text primary large"">logicfeed </span> <span class=""su-styled-text primary large"">92.4% positive (2.7K)</span>"
"<span class=""su-styled-text primary default"">Panasonic Let's Note CF-NX4 Laptop PC i3 4GB HDD500GB Win JP</span>","<span class=""su-styled-text primary bold large-1 s-card__price"">$125.00</span> <span class=""su-styled-text secondary large"">or Best Offer</span> <span class=""su-styled-text secondary large"">Free International Shipping</span> <span class=""su-styled-text secondary large"">Located in Japan</span> <span class=""su-styled-text secondary large"">Free returns</span> <span class=""su-styled-text negative bold large"">Last one</span> <span class=""su-styled-text primary bold large"">43 watchers</span>",,"<span class=""su-styled-text primary default"">Panasonic Let's Note CF-NX4 Laptop PC i3 4GB HDD500GB Win JP</span> <span class=""su-styled-text secondary default"">Pre-Owned · </span> <span class=""su-styled-text secondary default"">Panasonic · </span> <span class=""su-styled-text secondary default"">320 GB</span> <span class=""su-styled-text primary bold large-1 s-card__price"">$125.00</span> <span class=""su-styled-text secondary large"">or Best Offer</span> <span class=""su-styled-text secondary large"">Free International Shipping</span> <span class=""su-styled-text secondary large"">Located in Japan</span> <span class=""su-styled-text secondary large"">Free returns</span> <span class=""su-styled-text negative bold large"">Last one</span> <span class=""su-styled-text primary bold large"">43 watchers</span> <span class=""su-styled-text primary large"">nakanoyama-jpshop </span> <span class=""su-styled-text primary large"">99% positive (2.6K)</span>"
"<span class=""su-styled-text primary default"">Lenovo ThinkBook 14+ 2026 Laptop Intel Cor Ultra X7 358H 14.5-inch 3K Screen</span>","<span class=""su-styled-text primary bold large-1 s-card__price"">$1,695.00</span> <span class=""su-styled-text secondary large"">Buy It Now</span> <span class=""su-styled-text secondary large"">+$110.00 delivery</span> <span class=""su-styled-text secondary large"">Located in China</span> <span class=""su-styled-text primary bold large"">7+ watchers</span>",,"<span class=""su-styled-text primary default"">Lenovo ThinkBook 14+ 2026 Laptop Intel Cor Ultra X7 358H 14.5-inch 3K Screen</span> <span class=""su-styled-text secondary default"">Brand New</span> <span class=""su-styled-text primary bold large-1 s-card__price"">$1,695.00</span> <span class=""su-styled-text secondary large"">Buy It Now</span> <span class=""su-styled-text secondary large"">+$110.00 delivery</span> <span class=""su-styled-text secondary large"">Located in China</span> <span class=""su-styled-text primary bold large"">7+ watchers</span> <span class=""su-styled-text primary large"">helloworld2003 </span> <span class=""su-styled-text primary large"">99.4% positive (2.1K)</span>"
"<span class=""su-styled-text primary default"">LENOVO Ford Diagnostic Laptop Full Forscan with License Vlinker Plug &amp; Play W11</span>","<span class=""su-styled-text primary bold large-1 s-card__price"">$276.51</span> <span class=""su-styled-text secondary large"">Buy It Now</span> <span class=""su-styled-text positive bold large"">Free delivery in 2 days</span> <span class=""su-styled-text secondary large"">Located in United Kingdom</span> <span class=""su-styled-text primary bold large"">17 watchers</span>",,"<span class=""su-styled-text primary default"">LENOVO Ford Diagnostic Laptop Full Forscan with License Vlinker Plug &amp; Play W11</span> <span class=""su-styled-text secondary default"">Pre-Owned · </span> <span class=""su-styled-text secondary default"">Lenovo · </span> <span class=""su-styled-text secondary default"">250 GB</span> <span class=""su-styled-text primary bold large-1 s-card__price"">$276.51</span> <span class=""su-styled-text secondary large"">Buy It Now</span> <span class=""su-styled-text positive bold large"">Free delivery in 2 days</span> <span class=""su-styled-text secondary large"">Located in United Kingdom</span> <span class=""su-styled-text primary bold large"">17 watchers</span> <span class=""su-styled-text primary large"">fitaurawholesale </span> <span class=""su-styled-text primary large"">99.4% positive (365)</span>"
"<span class=""su-styled-text primary default"">Dell Latitude 5420  14"" Laptop Intel Core i5-1135G7 8GB RAM 256GB SSD WIN 11 PRO</span>","<span class=""su-styled-text primary bold large-1 s-card__price"">$169.95</span> <span class=""su-styled-text secondary large"">Buy It Now</span> <span class=""su-styled-text secondary large"">Shipping not specified</span> <span class=""su-styled-text secondary large"">Located in United States</span>","<div class=""x-star-rating""><!--M_fbd99063#s0-2-54-0-9-8-4-4-0-3-0-4[13]-1-0-1-6-1-7-33-1-1-2-1[1]-0--><svg data-marko-key=""@svg s0-2-54-0-9-8-4-4-0-3-0-4[13]-1-0-1-6-1-7-33-1-1-2-1[1]-0"" class=""icon icon--16"" focusable=""false"" aria-hidden=""true""><use href=""#icon-star-filled-16""></use></svg><!--M_fbd99063/--><!--M_fbd99063#s0-2-54-0-9-8-4-4-0-3-0-4[13]-1-0-1-6-1-7-33-1-1-2-1[2]-0--><svg data-marko-key=""@svg s0-2-54-0-9-8-4-4-0-3-0-4[13]-1-0-1-6-1-7-33-1-1-2-1[2]-0"" class=""icon icon--16"" focusable=""false"" aria-hidden=""true""><use href=""#icon-star-filled-16""></use></svg><!--M_fbd99063/--><!--M_fbd99063#s0-2-54-0-9-8-4-4-0-3-0-4[13]-1-0-1-6-1-7-33-1-1-2-1[3]-0--><svg data-marko-key=""@svg s0-2-54-0-9-8-4-4-0-3-0-4[13]-1-0-1-6-1-7-33-1-1-2-1[3]-0"" class=""icon icon--16"" focusable=""false"" aria-hidden=""true""><use href=""#icon-star-filled-16""></use></svg><!--M_fbd99063/--><!--M_fbd99063#s0-2-54-0-9-8-4-4-0-3-0-4[13]-1-0-1-6-1-7-33-1-1-2-1[4]-0--><svg data-marko-key=""@svg s0-2-54-0-9-8-4-4-0-3-0-4[13]-1-0-1-6-1-7-33-1-1-2-1[4]-0"" class=""icon icon--16"" focusable=""false"" aria-hidden=""true""><use href=""#icon-star-filled-16""></use></svg><!--M_fbd99063/--><!--M_fbd99063#s0-2-54-0-9-8-4-4-0-3-0-4[13]-1-0-1-6-1-7-33-1-1-2-2-0--><svg data-marko-key=""@svg s0-2-54-0-9-8-4-4-0-3-0-4[13]-1-0-1-6-1-7-33-1-1-2-2-0"" class=""icon icon--16-colored"" focusable=""false"" aria-hidden=""true""><use href=""#icon-star-half-16-colored""></use></svg><!--M_fbd99063/--><span class=""clipped"">4.5 out of 5 stars.</span></div>","<span class=""su-styled-text primary default"">Dell Latitude 5420  14"" Laptop Intel Core i5-1135G7 8GB RAM 256GB SSD WIN 11 PRO</span> <span class=""su-styled-text secondary default"">Pre-Owned · </span> <span class=""su-styled-text secondary default"">Dell · </span> <span class=""su-styled-text secondary default"">256 GB</span> <span class=""su-styled-text primary bold large-1 s-card__price"">$169.95</span> <span class=""su-styled-text secondary large"">Buy It Now</span> <span class=""su-styled-text secondary large"">Shipping not specified</span> <span class=""su-styled-text secondary large"">Located in United States</span> <span class=""su-styled-text primary large"">hawk_line </span> <span class=""su-styled-text primary large"">97.7% positive (42.8K)</span>"
"<span class=""su-styled-text primary default"">Asus ExpertBook B5602CB 16"" OLED Laptop - Intel i7-1260P, 16GB RAM, 1TB SSD</span>","<span class=""su-styled-text primary bold large-1 s-card__price"">$899.00</span> <span class=""su-styled-text secondary large"">Buy It Now</span> <span class=""su-styled-text secondary large"">Shipping not specified</span> <span class=""su-styled-text secondary large"">Located in United States</span>",,"<span class=""su-styled-text primary default"">Asus ExpertBook B5602CB 16"" OLED Laptop - Intel i7-1260P, 16GB RAM, 1TB SSD</span> <span class=""su-styled-text secondary default"">Model# B5602CBN-XVE75</span> <span class=""su-styled-text secondary default"">Brand New · </span> <span class=""su-styled-text secondary default"">ASUS · </span> <span class=""su-styled-text secondary default"">1 TB</span> <span class=""su-styled-text primary bold large-1 s-card__price"">$899.00</span> <span class=""su-styled-text secondary large"">Buy It Now</span> <span class=""su-styled-text secondary large"">Shipping not specified</span> <span class=""su-styled-text secondary large"">Located in United States</span> <span class=""su-styled-text primary large"">moovin_bear </span> <span class=""su-styled-text primary large"">100% positive (1.1K)</span>"
"<span class=""su-styled-text primary default"">Dell Latitude 5430  14” Intel i5-1145G7 2.6GHz  8GB RAM  256GB SSD  WIN 11 PRO</span>","<span class=""su-styled-text primary bold large-1 s-card__price"">$179.95</span> <span class=""su-styled-text secondary large"">Buy It Now</span> <span class=""su-styled-text secondary large"">Shipping not specified</span> <span class=""su-styled-text secondary large"">Located in United States</span> <span class=""su-styled-text primary bold large"">14 watchers</span>",,"<span class=""su-styled-text primary default"">Dell Latitude 5430  14” Intel i5-1145G7 2.6GHz  8GB RAM  256GB SSD  WIN 11 PRO</span> <span class=""su-styled-text secondary default"">Pre-Owned · </span> <span class=""su-styled-text secondary default"">Dell · </span> <span class=""su-styled-text secondary default"">256 GB</span> <span class=""su-styled-text primary bold large-1 s-card__price"">$179.95</span> <span class=""su-styled-text secondary large"">Buy It Now</span> <span class=""su-styled-text secondary large"">Shipping not specified</span> <span class=""su-styled-text secondary large"">Located in United States</span> <span class=""su-styled-text primary bold large"">14 watchers</span> <span class=""su-styled-text primary large"">hawk_line </span> <span class=""su-styled-text primary large"">97.7% positive (42.8K)</span>"
"<span class=""su-styled-text primary default"">Fujitsu Lifebook U939/B i5 8365U RAM 8GB SSD 128GB Win11Pro Tested W/AC</span>","<span class=""su-styled-text primary bold large-1 s-card__price"">$179.00</span> <span class=""su-styled-text secondary large"">Buy It Now</span> <span class=""su-styled-text secondary large"">Free International Shipping</span> <span class=""su-styled-text secondary large"">Located in Japan</span> <span class=""su-styled-text secondary large"">Free returns</span> <span class=""su-styled-text negative bold large"">Last one</span> <span class=""su-styled-text primary bold large"">2 watchers</span>",,"<span class=""su-styled-text primary default"">Fujitsu Lifebook U939/B i5 8365U RAM 8GB SSD 128GB Win11Pro Tested W/AC</span> <span class=""su-styled-text secondary default"">Pre-Owned · </span> <span class=""su-styled-text secondary default"">Fujitsu</span> <span class=""su-styled-text primary bold large-1 s-card__price"">$179.00</span> <span class=""su-styled-text secondary large"">Buy It Now</span> <span class=""su-styled-text secondary large"">Free International Shipping</span> <span class=""su-styled-text secondary large"">Located in Japan</span> <span class=""su-styled-text secondary large"">Free returns</span> <span class=""su-styled-text negative bold large"">Last one</span> <span class=""su-styled-text primary bold large"">2 watchers</span> <span class=""su-styled-text primary large"">electric_japan_0 </span> <span class=""su-styled-text primary large"">100% positive (43)</span>"
"<span class=""su-styled-text primary default"">*READY TO SHIP* 2026 KOJIMA PRODUCTIONS ASUS ROG Flow Z13-KJP GZ302EA Laptop</span>","<span class=""su-styled-text primary bold large-1 s-card__price"">$4,999.98</span> <span class=""su-styled-text secondary large"">Buy It Now</span> <span class=""su-styled-text secondary large"">Free International Shipping</span> <span class=""su-styled-text secondary large"">Located in Taiwan</span> <span class=""su-styled-text negative bold large"">Last one</span> <span class=""su-styled-text primary bold large"">60 watchers</span>",,"<span class=""su-styled-text primary default"">*READY TO SHIP* 2026 KOJIMA PRODUCTIONS ASUS ROG Flow Z13-KJP GZ302EA Laptop</span> <span class=""su-styled-text secondary default"">Brand New · </span> <span class=""su-styled-text secondary default"">ASUS · </span> <span class=""su-styled-text secondary default"">1 TB</span> <span class=""su-styled-text primary bold large-1 s-card__price"">$4,999.98</span> <span class=""su-styled-text secondary large"">Buy It Now</span> <span class=""su-styled-text secondary large"">Free International Shipping</span> <span class=""su-styled-text secondary large"">Located in Taiwan</span> <span class=""su-styled-text negative bold large"">Last one</span> <span class=""su-styled-text primary bold large"">60 watchers</span> <span class=""su-styled-text primary large"">t-ai-wan </span> <span class=""su-styled-text primary large"">100% positive (4.5K)</span>"
"<span class=""su-styled-text primary default"">VAIO VJPG11C11N Sony Core 1.8Ghz RAM 8GB SSD 256GB Used Tested AC100V From Japan</span>","<span class=""su-styled-text primary bold large-1 s-card__price"">$166.00</span> <span class=""su-styled-text secondary large"">or Best Offer</span> <span class=""su-styled-text secondary large"">Free International Shipping</span> <span class=""su-styled-text secondary large"">Located in Japan</span> <span class=""su-styled-text secondary large"">Free returns</span> <span class=""su-styled-text negative bold large"">Last one</span> <span class=""su-styled-text primary bold large"">23 sold</span>",,"<span class=""su-styled-text primary default"">VAIO VJPG11C11N Sony Core 1.8Ghz RAM 8GB SSD 256GB Used Tested AC100V From Japan</span> <span class=""su-styled-text secondary default"">Pre-Owned · </span> <span class=""su-styled-text secondary default"">Sony · </span> <span class=""su-styled-text secondary default"">256 GB</span> <span class=""su-styled-text primary bold large-1 s-card__price"">$166.00</span> <span class=""su-styled-text secondary large"">or Best Offer</span> <span class=""su-styled-text secondary large"">Free International Shipping</span> <span class=""su-styled-text secondary large"">Located in Japan</span> <span class=""su-styled-text secondary large"">Free returns</span> <span class=""su-styled-text negative bold large"">Last one</span> <span class=""su-styled-text primary bold large"">23 sold</span> <span class=""su-styled-text primary large"">nakanoyama-jpshop </span> <span class=""su-styled-text primary large"">99% positive (2.6K)</span>"
"<span class=""su-styled-text primary default"">HP PRODESK 400 G4 MT I5-7500, 8GB, 1TB HDD - WIN11, ref.600</span>","<span class=""su-styled-text primary bold large-1 s-card__price"">$113.03</span> <span class=""su-styled-text secondary large"">Buy It Now</span> <span class=""su-styled-text secondary large"">+$13.70 delivery</span> <span class=""su-styled-text secondary large"">Located in Italy</span> <span class=""su-styled-text negative bold large"">Almost gone</span> <span class=""su-styled-text primary bold large"">13 sold</span>",,"<span class=""su-styled-text primary default"">HP PRODESK 400 G4 MT I5-7500, 8GB, 1TB HDD - WIN11, ref.600</span> <span class=""su-styled-text secondary default"">Pre-Owned</span> <span class=""su-styled-text primary bold large-1 s-card__price"">$113.03</span> <span class=""su-styled-text secondary large"">Buy It Now</span> <span class=""su-styled-text secondary large"">+$13.70 delivery</span> <span class=""su-styled-text secondary large"">Located in Italy</span> <span class=""su-styled-text negative bold large"">Almost gone</span> <span class=""su-styled-text primary bold large"">13 sold</span> <span class=""su-styled-text default"">breros_elettrodomestici  97.7% positive (791)</span>"
"<span class=""su-styled-text primary default"">Dell Latitude D820 Laptop Silver</span>","<span class=""su-styled-text primary bold large-1 s-card__price"">$29.99</span> <span class=""su-styled-text secondary large"">0 bids</span> <span class=""su-styled-text secondary small""> · </span> <span class=""su-styled-text secondary large"">+$109.45 delivery</span> <span class=""su-styled-text secondary large"">Located in United States</span> <span class=""su-styled-text primary bold large"">Benefits charity</span>",,"<span class=""su-styled-text primary default"">Dell Latitude D820 Laptop Silver</span> <span class=""su-styled-text secondary default"">Pre-Owned · </span> <span class=""su-styled-text secondary default"">Dell</span> <span class=""su-styled-text primary bold large-1 s-card__price"">$29.99</span> <span class=""su-styled-text secondary large"">0 bids</span> <span class=""su-styled-text secondary small""> · </span> <span class=""su-styled-text secondary large"">+$109.45 delivery</span> <span class=""su-styled-text secondary large"">Located in United States</span> <span class=""su-styled-text primary bold large"">Benefits charity</span> <span class=""su-styled-text primary large"">ncjwla </span> <span class=""su-styled-text primary large"">99.7% positive (66.2K)</span>"
"<span class=""su-styled-text primary default"">New HP OMEN MAX 16'' 2K 165Hz 3ms Laptop Ryzen AI 7 H 350 16GB 512GB RTX 5070</span>","<span class=""su-styled-text primary bold large-1 s-card__price"">$1,249.49</span> <span class=""su-styled-text secondary large"">Buy It Now</span> <span class=""su-styled-text secondary large"">+$200.00 delivery</span> <span class=""su-styled-text secondary large"">Located in United States</span> <span class=""su-styled-text secondary large"">Free returns</span> <span class=""su-styled-text primary bold large"">46 watchers</span>",,"<span class=""su-styled-text primary default"">New HP OMEN MAX 16'' 2K 165Hz 3ms Laptop Ryzen AI 7 H 350 16GB 512GB RTX 5070</span> <span class=""su-styled-text secondary default"">Brand New · </span> <span class=""su-styled-text secondary default"">HP · </span> <span class=""su-styled-text secondary default"">512 GB</span> <span class=""su-styled-text primary bold large-1 s-card__price"">$1,249.49</span> <span class=""su-styled-text secondary large"">Buy It Now</span> <span class=""su-styled-text secondary large"">+$200.00 delivery</span> <span class=""su-styled-text secondary large"">Located in United States</span> <span class=""su-styled-text secondary large"">Free returns</span> <span class=""su-styled-text primary bold large"">46 watchers</span> <span class=""su-styled-text primary large"">ctwu41 </span> <span class=""su-styled-text primary large"">98.1% positive (4K)</span>"
"<span class=""su-styled-text primary default"">HP EliteBook 850 G5 15.6""  i5 1.60GHZ  16GB  256GB SSD</span>","<span class=""su-styled-text primary bold large-1 s-card__price"">$249.99</span> <span class=""su-styled-text secondary large"">or Best Offer</span> <span class=""su-styled-text secondary large"">+$193.59 delivery</span> <span class=""su-styled-text secondary large"">Located in United States</span> <span class=""su-styled-text primary bold large"">366 sold</span>",,"<span class=""su-styled-text primary default"">HP EliteBook 850 G5 15.6""  i5 1.60GHZ  16GB  256GB SSD</span> <span class=""su-styled-text secondary default"">Pre-Owned · </span> <span class=""su-styled-text secondary default"">HP · </span> <span class=""su-styled-text secondary default"">256 GB</span> <span class=""su-styled-text primary bold large-1 s-card__price"">$249.99</span> <span class=""su-styled-text secondary large"">or Best Offer</span> <span class=""su-styled-text secondary large"">+$193.59 delivery</span> <span class=""su-styled-text secondary large"">Located in United States</span> <span class=""su-styled-text primary bold large"">366 sold</span> <span class=""su-styled-text default"">luckywolf29  99.8% positive (53.1K)</span>"
"<span class=""su-styled-text primary default"">Acer Spin 5 SP513-53N 2-in-1 Laptop 13"" i5 8265U 8GB RAM 256GB SSD Win 11</span>","<span class=""su-styled-text primary bold large-1 s-card__price"">$201.75</span> <span class=""su-styled-text secondary large"">Buy It Now</span> <span class=""su-styled-text secondary large"">+$55.15 delivery</span> <span class=""su-styled-text secondary large"">Located in Australia</span>",,"<span class=""su-styled-text primary default"">Acer Spin 5 SP513-53N 2-in-1 Laptop 13"" i5 8265U 8GB RAM 256GB SSD Win 11</span> <span class=""su-styled-text secondary default"">Good - Refurbished · </span> <span class=""su-styled-text secondary default"">Acer</span> <span class=""su-styled-text primary bold large-1 s-card__price"">$201.75</span> <span class=""su-styled-text secondary large"">Buy It Now</span> <span class=""su-styled-text secondary large"">+$55.15 delivery</span> <span class=""su-styled-text secondary large"">Located in Australia</span> <span class=""su-styled-text primary large"">un-tech </span> <span class=""su-styled-text primary large"">99.7% positive (10.2K)</span> <span class=""su-styled-text default"">eBay Refurbished</span>"
"<span class=""su-styled-text primary bold default"">Acer Chromebook C720 11.6"" Laptop Intel Celeron 2GB RAM 16GB eMMC</span>","<span class=""su-styled-text primary bold large-1 s-card__price"">$34.95</span> <span class=""su-styled-text secondary large"">Buy It Now</span> <span class=""su-styled-text secondary large"">+$70.00 delivery</span> <span class=""su-styled-text secondary large"">Located in United States</span> <span class=""su-styled-text negative bold large"">Almost gone</span> <span class=""su-styled-text primary bold large"">199 sold</span> <span class=""su-styled-text negative bold large"">Extra 5% off with coupon</span>",,"<span class=""su-styled-text primary bold default"">Acer Chromebook C720 11.6"" Laptop Intel Celeron 2GB RAM 16GB eMMC</span> <span class=""su-styled-text secondary default"">CHARGER INCLUDED</span> <span class=""su-styled-text secondary default"">Pre-Owned · </span> <span class=""su-styled-text secondary default"">Acer</span> <span class=""su-styled-text primary bold large-1 s-card__price"">$34.95</span> <span class=""su-styled-text secondary large"">Buy It Now</span> <span class=""su-styled-text secondary large"">+$70.00 delivery</span> <span class=""su-styled-text secondary large"">Located in United States</span> <span class=""su-styled-text negative bold large"">Almost gone</span> <span class=""su-styled-text primary bold large"">199 sold</span> <span class=""su-styled-text negative bold large"">Extra 5% off with coupon</span> <span class=""su-styled-text default"">jcs_computer_store  98.8% positive (78.1K)</span>"
"<span class=""su-styled-text primary default"">New HP OmniBook 5 16'' 2K Laptop AMD Ryzen AI 7 350 16GB RAM 512GB SSD Silver</span>","<span class=""su-styled-text primary bold large-1 s-card__price"">$549.49</span> <span class=""su-styled-text secondary large"">Buy It Now</span> <span class=""su-styled-text secondary large"">+$150.00 delivery</span> <span class=""su-styled-text secondary large"">Located in United States</span> <span class=""su-styled-text secondary large"">Free returns</span>",,"<span class=""su-styled-text primary default"">New HP OmniBook 5 16'' 2K Laptop AMD Ryzen AI 7 350 16GB RAM 512GB SSD Silver</span> <span class=""su-styled-text secondary default"">Brand New · </span> <span class=""su-styled-text secondary default"">HP · </span> <span class=""su-styled-text secondary default"">512 GB</span> <span class=""su-styled-text primary bold large-1 s-card__price"">$549.49</span> <span class=""su-styled-text secondary large"">Buy It Now</span> <span class=""su-styled-text secondary large"">+$150.00 delivery</span> <span class=""su-styled-text secondary large"">Located in United States</span> <span class=""su-styled-text secondary large"">Free returns</span> <span class=""su-styled-text primary large"">ctwu41 </span> <span class=""su-styled-text primary large"">98.1% positive (4K)</span>"
"<span class=""su-styled-text primary default"">HP ChromeBook 11 G5 Laptop TouchScreen With Windows 11 Pro Birthday Gift Set</span>","<span class=""su-styled-text primary bold large-1 s-card__price"">$90.00</span> <span class=""su-styled-text secondary large"">or Best Offer</span> <span class=""su-styled-text secondary large"">+$76.90 delivery</span> <span class=""su-styled-text secondary large"">Located in United States</span> <span class=""su-styled-text primary bold large"">163 watchers</span> <span class=""su-styled-text negative bold large"">Save up to 10% when you buy more</span>",,"<span class=""su-styled-text primary default"">HP ChromeBook 11 G5 Laptop TouchScreen With Windows 11 Pro Birthday Gift Set</span> <span class=""su-styled-text secondary default"">Refurbished, Come with Charger Adapter. Windows 11 Pro</span> <span class=""su-styled-text secondary default"">Pre-Owned · </span> <span class=""su-styled-text secondary default"">HP · </span> <span class=""su-styled-text secondary default"">16 GB</span> <span class=""su-styled-text primary bold large-1 s-card__price"">$90.00</span> <span class=""su-styled-text secondary large"">or Best Offer</span> <span class=""su-styled-text secondary large"">+$76.90 delivery</span> <span class=""su-styled-text secondary large"">Located in United States</span> <span class=""su-styled-text primary bold large"">163 watchers</span> <span class=""su-styled-text negative bold large"">Save up to 10% when you buy more</span> <span class=""su-styled-text primary large"">yuansheng </span> <span class=""su-styled-text primary large"">97.4% positive (2.4K)</span>"
"<span class=""su-styled-text primary default"">Lenovo Legion Y700 (2023)8.8” 13MP Snapdragon 8+ Gen 1 WIFI Android 6550mAh</span>","<span class=""su-styled-text primary bold large-1 s-card__price"">$323.00</span> <span class=""su-styled-text primary bold default s-card__price""> to </span> <span class=""su-styled-text primary bold large-1 s-card__price"">$341.00</span> <span class=""su-styled-text secondary large"">Buy It Now</span> <span class=""su-styled-text secondary large"">Free International Shipping</span> <span class=""su-styled-text secondary large"">Located in China</span> <span class=""su-styled-text primary bold large"">15+ watchers</span>",,"<span class=""su-styled-text primary default"">Lenovo Legion Y700 (2023)8.8” 13MP Snapdragon 8+ Gen 1 WIFI Android 6550mAh</span> <span class=""su-styled-text secondary default"">Pre-Owned</span> <span class=""su-styled-text primary bold large-1 s-card__price"">$323.00</span> <span class=""su-styled-text primary bold default s-card__price""> to </span> <span class=""su-styled-text primary bold large-1 s-card__price"">$341.00</span> <span class=""su-styled-text secondary large"">Buy It Now</span> <span class=""su-styled-text secondary large"">Free International Shipping</span> <span class=""su-styled-text secondary large"">Located in China</span> <span class=""su-styled-text primary bold large"">15+ watchers</span> <span class=""su-styled-text primary large"">trusty-phones </span> <span class=""su-styled-text primary large"">92.6% positive (411)</span>"
"<span class=""su-styled-text primary default"">Apple MacBook Air A1466 13.3"" Intel Core i5 8GB RAM 128GB SSD - Sliver</span>","<span class=""su-styled-text primary bold large-1 s-card__price"">$698.45</span> <span class=""su-styled-text secondary large"">Buy It Now</span> <span class=""su-styled-text secondary large"">Shipping not specified</span> <span class=""su-styled-text secondary large"">Located in United States</span>",,"<span class=""su-styled-text primary default"">Apple MacBook Air A1466 13.3"" Intel Core i5 8GB RAM 128GB SSD - Sliver</span> <span class=""su-styled-text secondary default"">Open Box · </span> <span class=""su-styled-text secondary default"">Apple · </span> <span class=""su-styled-text secondary default"">128 GB</span> <span class=""su-styled-text primary bold large-1 s-card__price"">$698.45</span> <span class=""su-styled-text secondary large"">Buy It Now</span> <span class=""su-styled-text secondary large"">Shipping not specified</span> <span class=""su-styled-text secondary large"">Located in United States</span> <span class=""su-styled-text primary large"">mishal.yx </span> <span class=""su-styled-text primary large"">100% positive (5)</span>"
"<span class=""su-styled-text primary default"">Dell Latitude 5420 14"" i5-1145G7 16GB Ram 256GB SSD Windows 11 Pro Laptop Touch</span>","<span class=""su-styled-text primary bold large-1 s-card__price"">$199.95</span> <span class=""su-styled-text secondary large"">Buy It Now</span> <span class=""su-styled-text secondary large"">Shipping not specified</span> <span class=""su-styled-text secondary large"">Located in United States</span> <span class=""su-styled-text primary bold large"">685 sold</span>",,"<span class=""su-styled-text primary default"">Dell Latitude 5420 14"" i5-1145G7 16GB Ram 256GB SSD Windows 11 Pro Laptop Touch</span> <span class=""su-styled-text secondary default"">Pre-Owned · </span> <span class=""su-styled-text secondary default"">Dell · </span> <span class=""su-styled-text secondary default"">256 GB</span> <span class=""su-styled-text primary bold large-1 s-card__price"">$199.95</span> <span class=""su-styled-text secondary large"">Buy It Now</span> <span class=""su-styled-text secondary large"">Shipping not specified</span> <span class=""su-styled-text secondary large"">Located in United States</span> <span class=""su-styled-text primary bold large"">685 sold</span> <span class=""su-styled-text primary large"">hawk_line </span> <span class=""su-styled-text primary large"">97.7% positive (42.8K)</span>"
"<span class=""su-styled-text primary default"">Dell Latitude 5420 14"" FHD Laptop Core i5-1135G7 16GB 256GB Windows 11 Pro</span>","<span class=""su-styled-text primary bold large-1 s-card__price"">$189.95</span> <span class=""su-styled-text secondary large"">Buy It Now</span> <span class=""su-styled-text secondary large"">Shipping not specified</span> <span class=""su-styled-text secondary large"">Located in United States</span>",,"<span class=""su-styled-text primary default"">Dell Latitude 5420 14"" FHD Laptop Core i5-1135G7 16GB 256GB Windows 11 Pro</span> <span class=""su-styled-text secondary default"">Pre-Owned · </span> <span class=""su-styled-text secondary default"">Dell</span> <span class=""su-styled-text primary bold large-1 s-card__price"">$189.95</span> <span class=""su-styled-text secondary large"">Buy It Now</span> <span class=""su-styled-text secondary large"">Shipping not specified</span> <span class=""su-styled-text secondary large"">Located in United States</span> <span class=""su-styled-text default"">grview  99.9% positive (20.9K)</span>"
"<span class=""su-styled-text primary default"">Dell Latitude 7390 13.3 Touch 2-IN-1 Intel i7 16GB 512 SSD, Win 11 Pro Grade A!!</span>","<span class=""su-styled-text primary bold large-1 s-card__price"">$299.95</span> <span class=""su-styled-text secondary large"">or Best Offer</span> <span class=""su-styled-text secondary large"">Shipping not specified</span> <span class=""su-styled-text secondary large"">Located in United States</span> <span class=""su-styled-text negative bold large"">Last one</span> <span class=""su-styled-text primary bold large"">26 watchers</span>",,"<span class=""su-styled-text primary default"">Dell Latitude 7390 13.3 Touch 2-IN-1 Intel i7 16GB 512 SSD, Win 11 Pro Grade A!!</span> <span class=""su-styled-text secondary default"">Pre-Owned · </span> <span class=""su-styled-text secondary default"">Dell · </span> <span class=""su-styled-text secondary default"">512 GB</span> <span class=""su-styled-text primary bold large-1 s-card__price"">$299.95</span> <span class=""su-styled-text secondary large"">or Best Offer</span> <span class=""su-styled-text secondary large"">Shipping not specified</span> <span class=""su-styled-text secondary large"">Located in United States</span> <span class=""su-styled-text negative bold large"">Last one</span> <span class=""su-styled-text primary bold large"">26 watchers</span> <span class=""su-styled-text primary large"">pcpartspros </span> <span class=""su-styled-text primary large"">100% positive (2.3K)</span>"
"<span class=""su-styled-text primary default"">Gaming Laptop Lenovo LOQ 15ARP9/Ryzen7 7435/24GB/1TB SSD/144Hz/RTX4060 8GB</span>","<span class=""su-styled-text primary bold large-1 s-card__price"">$1,067.39</span> <span class=""su-styled-text secondary large"">Buy It Now</span> <span class=""su-styled-text secondary large"">+$117.72 delivery</span> <span class=""su-styled-text secondary large"">Located in Australia</span> <span class=""su-styled-text primary bold large"">44 watchers</span>",,"<span class=""su-styled-text primary default"">Gaming Laptop Lenovo LOQ 15ARP9/Ryzen7 7435/24GB/1TB SSD/144Hz/RTX4060 8GB</span> <span class=""su-styled-text secondary default"">1 YEAR LENOVO WARRANTY- As New - RRP 2300$</span> <span class=""su-styled-text secondary default"">Pre-Owned · </span> <span class=""su-styled-text secondary default"">Lenovo</span> <span class=""su-styled-text primary bold large-1 s-card__price"">$1,067.39</span> <span class=""su-styled-text secondary large"">Buy It Now</span> <span class=""su-styled-text secondary large"">+$117.72 delivery</span> <span class=""su-styled-text secondary large"">Located in Australia</span> <span class=""su-styled-text primary bold large"">44 watchers</span> <span class=""su-styled-text primary large"">kiwi_techs </span> <span class=""su-styled-text primary large"">100% positive (271)</span>"
"<span class=""su-styled-text primary default"">HP ProBook 430 G8 13.3"" FHD i5 1135G7 16GB RAM 256GB SSD Win 11 Pro #B</span>","<span class=""su-styled-text primary bold large-1 s-card__price"">$278.54</span> <span class=""su-styled-text secondary large"">Buy It Now</span> <span class=""su-styled-text secondary large"">+$55.15 delivery</span> <span class=""su-styled-text secondary large"">Located in Australia</span> <span class=""su-styled-text primary bold large"">9 watchers</span>",,"<span class=""su-styled-text primary default"">HP ProBook 430 G8 13.3"" FHD i5 1135G7 16GB RAM 256GB SSD Win 11 Pro #B</span> <span class=""su-styled-text secondary default"">Pre-Owned · </span> <span class=""su-styled-text secondary default"">HP</span> <span class=""su-styled-text primary bold large-1 s-card__price"">$278.54</span> <span class=""su-styled-text secondary large"">Buy It Now</span> <span class=""su-styled-text secondary large"">+$55.15 delivery</span> <span class=""su-styled-text secondary large"">Located in Australia</span> <span class=""su-styled-text primary bold large"">9 watchers</span> <span class=""su-styled-text primary large"">un-tech </span> <span class=""su-styled-text primary large"">99.7% positive (10.2K)</span>"
"<span class=""su-styled-text primary default"">Dell 14"" 7490 8GB DDR4 Ram NEW 256GB SSD Core i5-8350u  Windows 10 pro Laptop</span>","<span class=""su-styled-text primary bold large-1 s-card__price"">$209.99</span> <span class=""su-styled-text secondary large"">Buy It Now</span> <span class=""su-styled-text secondary large"">+$80.00 delivery</span> <span class=""su-styled-text secondary large"">Located in United States</span>","<div class=""x-star-rating""><!--M_fbd99063#s0-2-54-0-9-8-4-4-0-3-0-4[35]-1-0-1-6-1-7-33-1-1-2-1[1]-0--><svg data-marko-key=""@svg s0-2-54-0-9-8-4-4-0-3-0-4[35]-1-0-1-6-1-7-33-1-1-2-1[1]-0"" class=""icon icon--16"" focusable=""false"" aria-hidden=""true""><use href=""#icon-star-filled-16""></use></svg><!--M_fbd99063/--><!--M_fbd99063#s0-2-54-0-9-8-4-4-0-3-0-4[35]-1-0-1-6-1-7-33-1-1-2-1[2]-0--><svg data-marko-key=""@svg s0-2-54-0-9-8-4-4-0-3-0-4[35]-1-0-1-6-1-7-33-1-1-2-1[2]-0"" class=""icon icon--16"" focusable=""false"" aria-hidden=""true""><use href=""#icon-star-filled-16""></use></svg><!--M_fbd99063/--><!--M_fbd99063#s0-2-54-0-9-8-4-4-0-3-0-4[35]-1-0-1-6-1-7-33-1-1-2-1[3]-0--><svg data-marko-key=""@svg s0-2-54-0-9-8-4-4-0-3-0-4[35]-1-0-1-6-1-7-33-1-1-2-1[3]-0"" class=""icon icon--16"" focusable=""false"" aria-hidden=""true""><use href=""#icon-star-filled-16""></use></svg><!--M_fbd99063/--><!--M_fbd99063#s0-2-54-0-9-8-4-4-0-3-0-4[35]-1-0-1-6-1-7-33-1-1-2-1[4]-0--><svg data-marko-key=""@svg s0-2-54-0-9-8-4-4-0-3-0-4[35]-1-0-1-6-1-7-33-1-1-2-1[4]-0"" class=""icon icon--16"" focusable=""false"" aria-hidden=""true""><use href=""#icon-star-filled-16""></use></svg><!--M_fbd99063/--><!--M_fbd99063#s0-2-54-0-9-8-4-4-0-3-0-4[35]-1-0-1-6-1-7-33-1-1-2-1[5]-0--><svg data-marko-key=""@svg s0-2-54-0-9-8-4-4-0-3-0-4[35]-1-0-1-6-1-7-33-1-1-2-1[5]-0"" class=""icon icon--16"" focusable=""false"" aria-hidden=""true""><use href=""#icon-star-filled-16""></use></svg><!--M_fbd99063/--><span class=""clipped"">5.0 out of 5 stars.</span></div>","<span class=""su-styled-text primary default"">Dell 14"" 7490 8GB DDR4 Ram NEW 256GB SSD Core i5-8350u  Windows 10 pro Laptop</span> <span class=""su-styled-text secondary default"">Open Box · </span> <span class=""su-styled-text secondary default"">Dell · </span> <span class=""su-styled-text secondary default"">256 GB</span> <span class=""su-styled-text primary bold large-1 s-card__price"">$209.99</span> <span class=""su-styled-text secondary large"">Buy It Now</span> <span class=""su-styled-text secondary large"">+$80.00 delivery</span> <span class=""su-styled-text secondary large"">Located in United States</span> <span class=""su-styled-text primary large"">tech-mz </span> <span class=""su-styled-text primary large"">99.6% positive (254)</span>"
"<span class=""su-styled-text primary default"">Lenovo ThinkPad X220 4291CD1 Core i5 8GB RAM SSD128GB w/AC Used</span>","<span class=""su-styled-text primary bold large-1 s-card__price"">$215.00</span> <span class=""su-styled-text secondary large"">or Best Offer</span> <span class=""su-styled-text secondary large"">Free International Shipping</span> <span class=""su-styled-text secondary large"">Located in Japan</span> <span class=""su-styled-text secondary large"">Free returns</span> <span class=""su-styled-text negative bold large"">Last one</span> <span class=""su-styled-text primary bold large"">13 sold</span>",,"<span class=""su-styled-text primary default"">Lenovo ThinkPad X220 4291CD1 Core i5 8GB RAM SSD128GB w/AC Used</span> <span class=""su-styled-text secondary default"">Pre-Owned · </span> <span class=""su-styled-text secondary default"">Lenovo</span> <span class=""su-styled-text primary bold large-1 s-card__price"">$215.00</span> <span class=""su-styled-text secondary large"">or Best Offer</span> <span class=""su-styled-text secondary large"">Free International Shipping</span> <span class=""su-styled-text secondary large"">Located in Japan</span> <span class=""su-styled-text secondary large"">Free returns</span> <span class=""su-styled-text negative bold large"">Last one</span> <span class=""su-styled-text primary bold large"">13 sold</span> <span class=""su-styled-text primary large"">nakanoyama-jpshop </span> <span class=""su-styled-text primary large"">99% positive (2.6K)</span>"
"<span class=""su-styled-text primary default"">PANASONIC TOUGHPAD FZ-G1 MK4 i5-6th LAN 4G RJ45 A Grade Win 11 70 HOURS</span>","<span class=""su-styled-text primary bold large-1 s-card__price"">$289.74</span> <span class=""su-styled-text secondary large"">Buy It Now</span> <span class=""su-styled-text positive bold large"">Free delivery in 2 days</span> <span class=""su-styled-text secondary large"">Located in United Kingdom</span> <span class=""su-styled-text negative bold large"">Last one</span> <span class=""su-styled-text primary bold large"">3 watchers</span>",,"<span class=""su-styled-text primary default"">PANASONIC TOUGHPAD FZ-G1 MK4 i5-6th LAN 4G RJ45 A Grade Win 11 70 HOURS</span> <span class=""su-styled-text secondary default"">Pre-Owned · </span> <span class=""su-styled-text secondary default"">Panasonic · </span> <span class=""su-styled-text secondary default"">128 GB</span> <span class=""su-styled-text primary bold large-1 s-card__price"">$289.74</span> <span class=""su-styled-text secondary large"">Buy It Now</span> <span class=""su-styled-text positive bold large"">Free delivery in 2 days</span> <span class=""su-styled-text secondary large"">Located in United Kingdom</span> <span class=""su-styled-text negative bold large"">Last one</span> <span class=""su-styled-text primary bold large"">3 watchers</span> <span class=""su-styled-text primary large"">fitaurawholesale </span> <span class=""su-styled-text primary large"">99.4% positive (365)</span>"
"<span class=""su-styled-text primary default"">HP Elitebook X Flip G1i 14"" BV WUXGA U5-226V 512GB Touch Flip AI Notebook Laptop</span>","<span class=""su-styled-text primary bold large-1 s-card__price"">$3,043.02</span> <span class=""su-styled-text secondary large"">Buy It Now</span> <span class=""su-styled-text secondary large"">+$138.92 delivery</span> <span class=""su-styled-text secondary large"">Located in Australia</span>",,"<span class=""su-styled-text primary default"">HP Elitebook X Flip G1i 14"" BV WUXGA U5-226V 512GB Touch Flip AI Notebook Laptop</span> <span class=""su-styled-text secondary default"">Brand New · </span> <span class=""su-styled-text secondary default"">HP</span> <span class=""su-styled-text primary bold large-1 s-card__price"">$3,043.02</span> <span class=""su-styled-text secondary large"">Buy It Now</span> <span class=""su-styled-text secondary large"">+$138.92 delivery</span> <span class=""su-styled-text secondary large"">Located in Australia</span> <span class=""su-styled-text primary large"">pricedumb </span> <span class=""su-styled-text primary large"">99.4% positive (69.8K)</span>"
"<span class=""su-styled-text primary default"">Lenovo ThinkPad L540 i5-2400M 16GB RAM 128GB SSD 15.6"" Win 11 Pro Office</span>","<span class=""su-styled-text primary bold large-1 s-card__price"">$169.00</span> <span class=""su-styled-text secondary large"">or Best Offer</span> <span class=""su-styled-text secondary large"">Shipping not specified</span> <span class=""su-styled-text secondary large"">Located in United States</span> <span class=""su-styled-text negative bold large"">Last one</span> <span class=""su-styled-text primary bold large"">3 watchers</span> <span class=""su-styled-text negative bold large"">Save up to 15% when you buy more</span>",,"<span class=""su-styled-text primary default"">Lenovo ThinkPad L540 i5-2400M 16GB RAM 128GB SSD 15.6"" Win 11 Pro Office</span> <span class=""su-styled-text secondary default"">Pre-Owned · </span> <span class=""su-styled-text secondary default"">Lenovo · </span> <span class=""su-styled-text secondary default"">128 GB</span> <span class=""su-styled-text primary bold large-1 s-card__price"">$169.00</span> <span class=""su-styled-text secondary large"">or Best Offer</span> <span class=""su-styled-text secondary large"">Shipping not specified</span> <span class=""su-styled-text secondary large"">Located in United States</span> <span class=""su-styled-text negative bold large"">Last one</span> <span class=""su-styled-text primary bold large"">3 watchers</span> <span class=""su-styled-text negative bold large"">Save up to 15% when you buy more</span> <span class=""su-styled-text primary large"">resaleaddict2011 </span> <span class=""su-styled-text primary large"">100% positive (2.9K)</span>"
"<span class=""su-styled-text primary default"">14"" Dell Latitude Laptop i5 Dual Core  Up To 16GB RAM 1TB HDD Zorin Core Edition</span>","<span class=""su-styled-text primary bold large-1 s-card__price"">$119.85</span> <span class=""su-styled-text primary bold default s-card__price""> to </span> <span class=""su-styled-text primary bold large-1 s-card__price"">$163.55</span> <span class=""su-styled-text secondary large"">Buy It Now</span> <span class=""su-styled-text secondary large"">Shipping not specified</span> <span class=""su-styled-text secondary large"">Located in United States</span> <span class=""su-styled-text primary bold large"">11+ watchers</span>",,"<span class=""su-styled-text primary default"">14"" Dell Latitude Laptop i5 Dual Core  Up To 16GB RAM 1TB HDD Zorin Core Edition</span> <span class=""su-styled-text secondary default"">Pre-Owned</span> <span class=""su-styled-text primary bold large-1 s-card__price"">$119.85</span> <span class=""su-styled-text primary bold default s-card__price""> to </span> <span class=""su-styled-text primary bold large-1 s-card__price"">$163.55</span> <span class=""su-styled-text secondary large"">Buy It Now</span> <span class=""su-styled-text secondary large"">Shipping not specified</span> <span class=""su-styled-text secondary large"">Located in United States</span> <span class=""su-styled-text primary bold large"">11+ watchers</span> <span class=""su-styled-text primary large"">podnik </span> <span class=""su-styled-text primary large"">98% positive (4.7K)</span>"
"<span class=""su-styled-text primary default"">Panasonic Toughbook CF-53 MK4 Intel i5 4310U 16GB 1TB SSD 4G LTE DVD W11 BLACK</span>","<span class=""su-styled-text primary bold large-1 s-card__price"">$499.95</span> <span class=""su-styled-text secondary large"">Buy It Now</span> <span class=""su-styled-text secondary large"">+$89.00 delivery</span> <span class=""su-styled-text secondary large"">Located in Canada</span> <span class=""su-styled-text primary bold large"">42 watchers</span>","<div class=""x-star-rating""><!--M_fbd99063#s0-2-54-0-9-8-4-4-0-3-0-4[41]-1-0-1-6-1-7-33-1-1-2-1[1]-0--><svg data-marko-key=""@svg s0-2-54-0-9-8-4-4-0-3-0-4[41]-1-0-1-6-1-7-33-1-1-2-1[1]-0"" class=""icon icon--16"" focusable=""false"" aria-hidden=""true""><use href=""#icon-star-filled-16""></use></svg><!--M_fbd99063/--><!--M_fbd99063#s0-2-54-0-9-8-4-4-0-3-0-4[41]-1-0-1-6-1-7-33-1-1-2-1[2]-0--><svg data-marko-key=""@svg s0-2-54-0-9-8-4-4-0-3-0-4[41]-1-0-1-6-1-7-33-1-1-2-1[2]-0"" class=""icon icon--16"" focusable=""false"" aria-hidden=""true""><use href=""#icon-star-filled-16""></use></svg><!--M_fbd99063/--><!--M_fbd99063#s0-2-54-0-9-8-4-4-0-3-0-4[41]-1-0-1-6-1-7-33-1-1-2-1[3]-0--><svg data-marko-key=""@svg s0-2-54-0-9-8-4-4-0-3-0-4[41]-1-0-1-6-1-7-33-1-1-2-1[3]-0"" class=""icon icon--16"" focusable=""false"" aria-hidden=""true""><use href=""#icon-star-filled-16""></use></svg><!--M_fbd99063/--><!--M_fbd99063#s0-2-54-0-9-8-4-4-0-3-0-4[41]-1-0-1-6-1-7-33-1-1-2-1[4]-0--><svg data-marko-key=""@svg s0-2-54-0-9-8-4-4-0-3-0-4[41]-1-0-1-6-1-7-33-1-1-2-1[4]-0"" class=""icon icon--16"" focusable=""false"" aria-hidden=""true""><use href=""#icon-star-filled-16""></use></svg><!--M_fbd99063/--><!--M_fbd99063#s0-2-54-0-9-8-4-4-0-3-0-4[41]-1-0-1-6-1-7-33-1-1-2-1[5]-0--><svg data-marko-key=""@svg s0-2-54-0-9-8-4-4-0-3-0-4[41]-1-0-1-6-1-7-33-1-1-2-1[5]-0"" class=""icon icon--16"" focusable=""false"" aria-hidden=""true""><use href=""#icon-star-filled-16""></use></svg><!--M_fbd99063/--><span class=""clipped"">5.0 out of 5 stars.</span></div>","<span class=""su-styled-text primary default"">Panasonic Toughbook CF-53 MK4 Intel i5 4310U 16GB 1TB SSD 4G LTE DVD W11 BLACK</span> <span class=""su-styled-text secondary default"">Excellent - Refurbished · </span> <span class=""su-styled-text secondary default"">Panasonic</span> <span class=""su-styled-text primary bold large-1 s-card__price"">$499.95</span> <span class=""su-styled-text secondary large"">Buy It Now</span> <span class=""su-styled-text secondary large"">+$89.00 delivery</span> <span class=""su-styled-text secondary large"">Located in Canada</span> <span class=""su-styled-text primary bold large"">42 watchers</span> <span class=""su-styled-text primary large"">panzertool </span> <span class=""su-styled-text primary large"">100% positive (2.2K)</span> <span class=""su-styled-text default"">eBay Refurbished</span>"
"<span class=""su-styled-text primary default"">Microsoft Surface Pro Copilot+ PC 12in Snapdragon X Plus 16GB RAM 512GB OB 2025</span>","<span class=""su-styled-text primary bold large-1 s-card__price"">$699.99</span> <span class=""su-styled-text secondary large"">Buy It Now</span> <span class=""su-styled-text secondary large"">+$320.17 delivery</span> <span class=""su-styled-text secondary large"">Located in United States</span> <span class=""su-styled-text primary bold large"">28 watchers</span>",,"<span class=""su-styled-text primary default"">Microsoft Surface Pro Copilot+ PC 12in Snapdragon X Plus 16GB RAM 512GB OB 2025</span> <span class=""su-styled-text secondary default"">Open Box · </span> <span class=""su-styled-text secondary default"">Microsoft · </span> <span class=""su-styled-text secondary default"">512 GB</span> <span class=""su-styled-text primary bold large-1 s-card__price"">$699.99</span> <span class=""su-styled-text secondary large"">Buy It Now</span> <span class=""su-styled-text secondary large"">+$320.17 delivery</span> <span class=""su-styled-text secondary large"">Located in United States</span> <span class=""su-styled-text primary bold large"">28 watchers</span> <span class=""su-styled-text primary large"">besttechdealstogo </span> <span class=""su-styled-text primary large"">99.9% positive (3.2K)</span>"
"<span class=""su-styled-text primary default"">ASUS Vivobook S13 S333E 13.3"" Intel Core i5-1135G7 512GB SSD Full HD Windows 11</span>","<span class=""su-styled-text primary bold large-1 s-card__price"">$279.00</span> <span class=""su-styled-text secondary large"">or Best Offer</span> <span class=""su-styled-text secondary large"">+$91.37 delivery</span> <span class=""su-styled-text secondary large"">Located in United States</span>",,"<span class=""su-styled-text primary default"">ASUS Vivobook S13 S333E 13.3"" Intel Core i5-1135G7 512GB SSD Full HD Windows 11</span> <span class=""su-styled-text secondary default"">Pre-Owned · </span> <span class=""su-styled-text secondary default"">ASUS</span> <span class=""su-styled-text primary bold large-1 s-card__price"">$279.00</span> <span class=""su-styled-text secondary large"">or Best Offer</span> <span class=""su-styled-text secondary large"">+$91.37 delivery</span> <span class=""su-styled-text secondary large"">Located in United States</span> <span class=""su-styled-text primary large"">dand9898 </span> <span class=""su-styled-text primary large"">100% positive (598)</span>"
"<span class=""su-styled-text primary default"">SAMSUNG Galaxy Book5 Pro 360 Ultra7 32GB/1TB Intel Lunar lake NT960QHA-KD72G</span>","<span class=""su-styled-text primary bold large-1 s-card__price"">$2,218.28</span> <span class=""su-styled-text secondary large"">Buy It Now</span> <span class=""su-styled-text secondary large"">Free International Shipping</span> <span class=""su-styled-text secondary large"">Located in South Korea</span> <span class=""su-styled-text primary bold large"">20+ watchers</span>",,"<span class=""su-styled-text primary default"">SAMSUNG Galaxy Book5 Pro 360 Ultra7 32GB/1TB Intel Lunar lake NT960QHA-KD72G</span> <span class=""su-styled-text secondary default"">Brand New</span> <span class=""su-styled-text primary bold large-1 s-card__price"">$2,218.28</span> <span class=""su-styled-text secondary large"">Buy It Now</span> <span class=""su-styled-text secondary large"">Free International Shipping</span> <span class=""su-styled-text secondary large"">Located in South Korea</span> <span class=""su-styled-text primary bold large"">20+ watchers</span> <span class=""su-styled-text primary large"">102_store </span> <span class=""su-styled-text primary large"">99.8% positive (29K)</span>"
"<span class=""su-styled-text primary default"">Panasonic Toughbook CF-D1 MK3,Touch,i5-6300U,2.4GHz,4GB,320GB,Wifi,BT,A-STOCK</span>","<span class=""su-styled-text primary bold large-1 s-card__price"">$331.09</span> <span class=""su-styled-text secondary large"">or Best Offer</span> <span class=""su-styled-text secondary large"">+$35.39 delivery</span> <span class=""su-styled-text secondary large"">Located in Germany</span> <span class=""su-styled-text primary bold large"">29 sold</span>",,"<span class=""su-styled-text primary default"">Panasonic Toughbook CF-D1 MK3,Touch,i5-6300U,2.4GHz,4GB,320GB,Wifi,BT,A-STOCK</span> <span class=""su-styled-text secondary default"">Pre-Owned · </span> <span class=""su-styled-text secondary default"">Panasonic</span> <span class=""su-styled-text primary bold large-1 s-card__price"">$331.09</span> <span class=""su-styled-text secondary large"">or Best Offer</span> <span class=""su-styled-text secondary large"">+$35.39 delivery</span> <span class=""su-styled-text secondary large"">Located in Germany</span> <span class=""su-styled-text primary bold large"">29 sold</span> <span class=""su-styled-text primary large"">krokotcenter </span> <span class=""su-styled-text primary large"">98.2% positive (2.3K)</span>"
"<span class=""su-styled-text primary default"">11 Professional Key Lifetime 1 Device Email Assistance and Support</span>","<span class=""su-styled-text primary bold large-1 s-card__price"">$4.57</span> <span class=""su-styled-text secondary large"">or Best Offer</span> <span class=""su-styled-text secondary large"">Free International Shipping</span> <span class=""su-styled-text secondary large"">Located in Italy</span> <span class=""su-styled-text primary bold large"">11 watchers</span>",,"<span class=""su-styled-text primary default"">11 Professional Key Lifetime 1 Device Email Assistance and Support</span> <span class=""su-styled-text secondary default"">Brand New</span> <span class=""su-styled-text primary bold large-1 s-card__price"">$4.57</span> <span class=""su-styled-text secondary large"">or Best Offer</span> <span class=""su-styled-text secondary large"">Free International Shipping</span> <span class=""su-styled-text secondary large"">Located in Italy</span> <span class=""su-styled-text primary bold large"">11 watchers</span> <span class=""su-styled-text primary large"">armangjerg_0 </span> <span class=""su-styled-text primary large"">81.8% positive (112)</span>"
"<span class=""su-styled-text primary default"">Dell Latitude 3340 13"" Celeron 4GB RAM 500GB HDD Windows 7 NO BATTERY C-Grade DW</span>","<span class=""su-styled-text primary bold large-1 s-card__price"">$49.50</span> <span class=""su-styled-text secondary strikethrough large"">$55.00</span> <span class=""su-styled-text secondary large"">Buy It Now</span> <span class=""su-styled-text secondary large"">+$70.00 delivery</span> <span class=""su-styled-text secondary large"">Located in United States</span> <span class=""su-styled-text negative bold large"">Last one</span> <span class=""su-styled-text primary bold large"">8 sold</span> <span class=""su-styled-text negative bold large"">Extra 5% off with coupon</span>",,"<span class=""su-styled-text primary default"">Dell Latitude 3340 13"" Celeron 4GB RAM 500GB HDD Windows 7 NO BATTERY C-Grade DW</span> <span class=""su-styled-text secondary default"">Pre-Owned · </span> <span class=""su-styled-text secondary default"">Dell · </span> <span class=""su-styled-text secondary default"">500 GB</span> <span class=""su-styled-text primary bold large-1 s-card__price"">$49.50</span> <span class=""su-styled-text secondary strikethrough large"">$55.00</span> <span class=""su-styled-text secondary large"">Buy It Now</span> <span class=""su-styled-text secondary large"">+$70.00 delivery</span> <span class=""su-styled-text secondary large"">Located in United States</span> <span class=""su-styled-text negative bold large"">Last one</span> <span class=""su-styled-text primary bold large"">8 sold</span> <span class=""su-styled-text negative bold large"">Extra 5% off with coupon</span> <span class=""su-styled-text primary large"">jcs_computer_store </span> <span class=""su-styled-text primary large"">98.8% positive (78.1K)</span>"
"<span class=""su-styled-text primary default"">15.6"" LENOVO THINKPAD W530 | i7-3610QE 8GB RAM 256GB SSD | 2GB Nvidia HD+ WIN 7</span>","<span class=""su-styled-text primary bold large-1 s-card__price"">$199.99</span> <span class=""su-styled-text secondary large"">Buy It Now</span> <span class=""su-styled-text secondary large"">+$112.30 delivery</span> <span class=""su-styled-text secondary large"">Located in United States</span> <span class=""su-styled-text negative bold large"">10% off 2+ with coupon</span>",,"<span class=""su-styled-text primary default"">15.6"" LENOVO THINKPAD W530 | i7-3610QE 8GB RAM 256GB SSD | 2GB Nvidia HD+ WIN 7</span> <span class=""su-styled-text secondary default"">Pre-Owned · </span> <span class=""su-styled-text secondary default"">Lenovo · </span> <span class=""su-styled-text secondary default"">256 GB</span> <span class=""su-styled-text primary bold large-1 s-card__price"">$199.99</span> <span class=""su-styled-text secondary large"">Buy It Now</span> <span class=""su-styled-text secondary large"">+$112.30 delivery</span> <span class=""su-styled-text secondary large"">Located in United States</span> <span class=""su-styled-text negative bold large"">10% off 2+ with coupon</span> <span class=""su-styled-text default"">winmacs  100% positive (2K)</span>"
"<span class=""su-styled-text primary default"">✅ HP Laptop PC tpn-c125 i3-5005u 4gb ram 512gb hdd win 10 laptop notebook</span>","<span class=""su-styled-text primary bold large-1 s-card__price"">$113.03</span> <span class=""su-styled-text secondary large"">0 bids</span> <span class=""su-styled-text secondary small""> · </span> <span class=""su-styled-text secondary large"">or Best Offer</span> <span class=""su-styled-text secondary large"">+$43.38 delivery</span> <span class=""su-styled-text secondary large"">Located in Italy</span>",,"<span class=""su-styled-text primary default"">✅ HP Laptop PC tpn-c125 i3-5005u 4gb ram 512gb hdd win 10 laptop notebook</span> <span class=""su-styled-text secondary default"">Pre-Owned</span> <span class=""su-styled-text primary bold large-1 s-card__price"">$113.03</span> <span class=""su-styled-text secondary large"">0 bids</span> <span class=""su-styled-text secondary small""> · </span> <span class=""su-styled-text secondary large"">or Best Offer</span> <span class=""su-styled-text secondary large"">+$43.38 delivery</span> <span class=""su-styled-text secondary large"">Located in Italy</span> <span class=""su-styled-text primary large"">lbselling </span> <span class=""su-styled-text primary large"">100% positive (529)</span>"
"<span class=""su-styled-text primary default"">PANASONIC CF-RZ6RFDVS TOUGHBOOK LET'S NOTE i5-7Y57 SSD256GB 8GB 2in1yoga JP</span>","<span class=""su-styled-text primary bold large-1 s-card__price"">$138.55</span> <span class=""su-styled-text secondary large"">or Best Offer</span> <span class=""su-styled-text secondary large"">Free International Shipping</span> <span class=""su-styled-text secondary large"">Located in Japan</span> <span class=""su-styled-text secondary large"">Free returns</span> <span class=""su-styled-text negative bold large"">Last one</span> <span class=""su-styled-text primary bold large"">14 sold</span>",,"<span class=""su-styled-text primary default"">PANASONIC CF-RZ6RFDVS TOUGHBOOK LET'S NOTE i5-7Y57 SSD256GB 8GB 2in1yoga JP</span> <span class=""su-styled-text secondary default"">Pre-Owned · </span> <span class=""su-styled-text secondary default"">Panasonic · </span> <span class=""su-styled-text secondary default"">248 GB</span> <span class=""su-styled-text primary bold large-1 s-card__price"">$138.55</span> <span class=""su-styled-text secondary large"">or Best Offer</span> <span class=""su-styled-text secondary large"">Free International Shipping</span> <span class=""su-styled-text secondary large"">Located in Japan</span> <span class=""su-styled-text secondary large"">Free returns</span> <span class=""su-styled-text negative bold large"">Last one</span> <span class=""su-styled-text primary bold large"">14 sold</span> <span class=""su-styled-text primary large"">spice-japan </span> <span class=""su-styled-text primary large"">98.5% positive (15.3K)</span>"
"<span class=""su-styled-text primary default"">Sony VAIO laptop. Model: Sony VAIO PCG-1P1M.</span>","<span class=""su-styled-text primary bold large-1 s-card__price"">$159.10</span> <span class=""su-styled-text secondary large"">or Best Offer</span> <span class=""su-styled-text secondary large"">+$39.96 delivery</span> <span class=""su-styled-text secondary large"">Located in Italy</span>",,"<span class=""su-styled-text primary default"">Sony VAIO laptop. Model: Sony VAIO PCG-1P1M.</span> <span class=""su-styled-text secondary default"">Parts Only</span> <span class=""su-styled-text primary bold large-1 s-card__price"">$159.10</span> <span class=""su-styled-text secondary large"">or Best Offer</span> <span class=""su-styled-text secondary large"">+$39.96 delivery</span> <span class=""su-styled-text secondary large"">Located in Italy</span> <span class=""su-styled-text primary large"">appy_08 </span> <span class=""su-styled-text primary large"">97.1% positive (68)</span>"
"<span class=""su-styled-text primary default"">MacBook Pro (16-inch, 2019)‎ (Read Description) - Good</span>","<span class=""su-styled-text primary bold large-1 s-card__price"">$104.72</span> <span class=""su-styled-text secondary large"">Buy It Now</span> <span class=""su-styled-text secondary large"">+$38.40 delivery</span> <span class=""su-styled-text secondary large"">Located in Australia</span> <span class=""su-styled-text negative bold large"">Last one</span> <span class=""su-styled-text primary bold large"">4 watchers</span>",,"<span class=""su-styled-text primary default"">MacBook Pro (16-inch, 2019)‎ (Read Description) - Good</span> <span class=""su-styled-text secondary default"">Pre-Owned · </span> <span class=""su-styled-text secondary default"">Apple</span> <span class=""su-styled-text primary bold large-1 s-card__price"">$104.72</span> <span class=""su-styled-text secondary large"">Buy It Now</span> <span class=""su-styled-text secondary large"">+$38.40 delivery</span> <span class=""su-styled-text secondary large"">Located in Australia</span> <span class=""su-styled-text negative bold large"">Last one</span> <span class=""su-styled-text primary bold large"">4 watchers</span> <span class=""su-styled-text primary large"">man_made_cycle </span> <span class=""su-styled-text primary large"">86% positive (133)</span>"
"<span class=""su-styled-text primary default"">HP or Dell Linux Laptop 🐧 Custom Distro | SSD | 8GB+ RAM | Student Ready</span>","<span class=""su-styled-text primary bold large-1 s-card__price"">$89.99</span> <span class=""su-styled-text primary bold default s-card__price""> to </span> <span class=""su-styled-text primary bold large-1 s-card__price"">$149.99</span> <span class=""su-styled-text secondary large"">Buy It Now</span> <span class=""su-styled-text secondary large"">+$100.45 delivery</span> <span class=""su-styled-text secondary large"">Located in United States</span> <span class=""su-styled-text negative bold large"">10% off 2+ with coupon</span>",,"<span class=""su-styled-text primary default"">HP or Dell Linux Laptop 🐧 Custom Distro | SSD | 8GB+ RAM | Student Ready</span> <span class=""su-styled-text secondary default"">Pre-Owned</span> <span class=""su-styled-text primary bold large-1 s-card__price"">$89.99</span> <span class=""su-styled-text primary bold default s-card__price""> to </span> <span class=""su-styled-text primary bold large-1 s-card__price"">$149.99</span> <span class=""su-styled-text secondary large"">Buy It Now</span> <span class=""su-styled-text secondary large"">+$100.45 delivery</span> <span class=""su-styled-text secondary large"">Located in United States</span> <span class=""su-styled-text negative bold large"">10% off 2+ with coupon</span> <span class=""su-styled-text primary large"">winmacs </span> <span class=""su-styled-text primary large"">100% positive (2K)</span>"
"<span class=""su-styled-text primary default"">fujitsu lifebook A512 15.6"" i3-3110M 256gb ssd m2 8gb WINDOWS 11</span>","<span class=""su-styled-text primary bold large-1 s-card__price"">$115.31</span> <span class=""su-styled-text secondary large"">or Best Offer</span> <span class=""su-styled-text secondary large"">+$20.55 delivery</span> <span class=""su-styled-text secondary large"">Located in Italy</span>",,"<span class=""su-styled-text primary default"">fujitsu lifebook A512 15.6"" i3-3110M 256gb ssd m2 8gb WINDOWS 11</span> <span class=""su-styled-text secondary default"">Pre-Owned</span> <span class=""su-styled-text primary bold large-1 s-card__price"">$115.31</span> <span class=""su-styled-text secondary large"">or Best Offer</span> <span class=""su-styled-text secondary large"">+$20.55 delivery</span> <span class=""su-styled-text secondary large"">Located in Italy</span> <span class=""su-styled-text primary large"">logicfeed </span> <span class=""su-styled-text primary large"">92.4% positive (2.7K)</span>"
"<span class=""su-styled-text primary default"">🕹️ Custom Windows XP Retro Gaming Laptop With Charger &amp; Battery Free Ship</span>","<span class=""su-styled-text primary bold large-1 s-card__price"">$149.99</span> <span class=""su-styled-text secondary large"">Buy It Now</span> <span class=""su-styled-text secondary large"">+$100.45 delivery</span> <span class=""su-styled-text secondary large"">Located in United States</span> <span class=""su-styled-text primary bold large"">44 watchers</span> <span class=""su-styled-text negative bold large"">10% off 2+ with coupon</span>",,"<span class=""su-styled-text primary default"">🕹️ Custom Windows XP Retro Gaming Laptop With Charger &amp; Battery Free Ship</span> <span class=""su-styled-text secondary default"">Pre-Owned · </span> <span class=""su-styled-text secondary default"">Dell</span> <span class=""su-styled-text primary bold large-1 s-card__price"">$149.99</span> <span class=""su-styled-text secondary large"">Buy It Now</span> <span class=""su-styled-text secondary large"">+$100.45 delivery</span> <span class=""su-styled-text secondary large"">Located in United States</span> <span class=""su-styled-text primary bold large"">44 watchers</span> <span class=""su-styled-text negative bold large"">10% off 2+ with coupon</span> <span class=""su-styled-text primary large"">winmacs </span> <span class=""su-styled-text primary large"">100% positive (2K)</span>"
"<span class=""su-styled-text primary default"">Panasonic FZ-55 Toughbook MK1 i7 Touchsceen 16GB 512GB SSD Windows 11 Pro 4G GPS</span>","<span class=""su-styled-text primary bold large-1 s-card__price"">$799.95</span> <span class=""su-styled-text secondary large"">Buy It Now</span> <span class=""su-styled-text secondary large"">+$372.84 delivery</span> <span class=""su-styled-text secondary large"">Located in United States</span> <span class=""su-styled-text secondary large"">Free returns</span> <span class=""su-styled-text primary bold large"">38 watchers</span> <span class=""su-styled-text negative bold large"">Save up to 5% when you buy more</span>",,"<span class=""su-styled-text primary default"">Panasonic FZ-55 Toughbook MK1 i7 Touchsceen 16GB 512GB SSD Windows 11 Pro 4G GPS</span> <span class=""su-styled-text secondary default"">Excellent - Refurbished · </span> <span class=""su-styled-text secondary default"">Panasonic · </span> <span class=""su-styled-text secondary default"">512 GB</span> <span class=""su-styled-text primary bold large-1 s-card__price"">$799.95</span> <span class=""su-styled-text secondary large"">Buy It Now</span> <span class=""su-styled-text secondary large"">+$372.84 delivery</span> <span class=""su-styled-text secondary large"">Located in United States</span> <span class=""su-styled-text secondary large"">Free returns</span> <span class=""su-styled-text primary bold large"">38 watchers</span> <span class=""su-styled-text negative bold large"">Save up to 5% when you buy more</span> <span class=""su-styled-text default"">custom-rugged-laptops  100% positive (1.7K)</span> <span class=""su-styled-text default"">eBay Refurbished</span>"
"<span class=""su-styled-text primary default"">Lenovo IdeaPad 100 15.6 (500GB, I5, 8GB Ram, Nvidia GeForce) Laptop</span>","<span class=""su-styled-text primary bold large-1 s-card__price"">$110.00</span> <span class=""su-styled-text secondary large"">or Best Offer</span> <span class=""su-styled-text secondary large"">Shipping not specified</span> <span class=""su-styled-text secondary large"">Located in United States</span>",,"<span class=""su-styled-text primary default"">Lenovo IdeaPad 100 15.6 (500GB, I5, 8GB Ram, Nvidia GeForce) Laptop</span> <span class=""su-styled-text secondary default"">Pre-Owned · </span> <span class=""su-styled-text secondary default"">Lenovo · </span> <span class=""su-styled-text secondary default"">500 GB</span> <span class=""su-styled-text primary bold large-1 s-card__price"">$110.00</span> <span class=""su-styled-text secondary large"">or Best Offer</span> <span class=""su-styled-text secondary large"">Shipping not specified</span> <span class=""su-styled-text secondary large"">Located in United States</span> <span class=""su-styled-text primary large"">v_price_43 </span> <span class=""su-styled-text primary large"">100% positive (29)</span>"
