damage,alignment,num_units,street_no,crash_hour,crash_type,crash_month,report_type,road_defect,street_name,hit_and_run_i,injuries_fatal,injuries_total,work_zone_type,trafficway_type,device_condition,first_crash_type,injuries_unknown,street_direction,crash_day_of_week,weather_condition,beat_of_occurrence,lighting_condition,most_severe_injury,posted_speed_limit,roadway_surface_cond,injuries_no_indication,intersection_related_i,sec_contributory_cause,traffic_control_device,injuries_incapacitating,prim_contributory_cause,injuries_non_incapacitating,injuries_reported_not_evident
2,2,1.0,8300,21,0,7,2,1,217,1,0.0,1.0,,8,2,2,0.0,2,3,1,424,0,3,25,0,3.0,1,31,3,0.0,27,1.0,0.0
1,3,2.0,2400,18,1,8,1,1,83,1,0.0,0.0,,6,1,15,0.0,0,4,1,334,4,2,30,0,2.0,1,21,14,0.0,23,0.0,0.0
2,3,2.0,551,1,0,8,2,1,463,1,0.0,5.0,,8,2,3,0.0,2,1,1,1133,1,3,25,0,0.0,1,24,3,0.0,34,5.0,0.0
1,3,2.0,5329,9,1,7,2,1,352,1,0.0,0.0,,10,2,7,0.0,2,2,6,231,3,2,30,5,1.0,1,24,3,0.0,36,0.0,0.0
2,3,1.0,8600,13,0,8,2,1,201,1,0.0,0.0,,3,2,2,0.0,2,2,1,412,3,2,45,0,1.0,1,31,3,0.0,13,0.0,0.0
0,3,1.0,850,20,1,7,2,5,501,0,0.0,0.0,,17,5,2,0.0,3,4,1,1654,5,2,25,4,1.0,1,24,15,0.0,25,0.0,0.0
1,3,2.0,845,11,1,8,2,1,135,1,0.0,0.0,,8,1,16,0.0,2,3,1,1513,3,2,25,0,2.0,1,10,14,0.0,24,0.0,0.0
1,3,2.0,8800,14,1,9,2,1,201,1,0.0,0.0,,3,2,15,0.0,2,7,1,412,3,2,10,0,3.0,1,24,3,0.0,14,0.0,0.0
2,3,2.0,2331,7,1,9,2,1,340,1,0.0,0.0,,8,2,0,0.0,3,5,1,2411,3,2,30,0,2.0,1,24,3,0.0,25,0.0,0.0
1,3,2.0,516,12,1,7,2,1,501,1,0.0,0.0,,11,2,7,0.0,3,5,1,1654,3,2,20,0,1.0,1,31,3,0.0,33,0.0,0.0
0,3,2.0,517,14,1,8,2,1,501,1,0.0,0.0,,12,2,15,0.0,3,6,1,1654,3,2,15,0,2.0,1,31,3,0.0,33,0.0,0.0
1,3,2.0,3257,22,1,8,1,5,234,1,0.0,0.0,,8,5,10,0.0,2,7,1,912,4,2,30,0,2.0,1,24,15,0.0,21,0.0,0.0
2,3,2.0,7301,18,1,7,1,5,330,1,0.0,0.0,,17,5,3,0.0,3,1,10,1613,5,2,30,4,2.0,1,24,15,0.0,33,0.0,0.0
1,3,2.0,5900,12,1,8,1,1,631,1,0.0,0.0,,10,1,10,0.0,2,7,1,232,3,2,35,0,2.0,1,31,14,0.0,33,0.0,0.0
2,3,1.0,8900,18,0,8,2,1,201,1,0.0,1.0,,3,1,2,0.0,2,4,1,423,3,1,10,0,0.0,1,32,6,1.0,17,0.0,0.0
2,3,2.0,899,21,1,8,1,5,135,1,0.0,0.0,,8,1,0,0.0,2,1,1,1513,1,2,30,4,4.0,1,15,13,0.0,5,0.0,0.0
2,3,2.0,1799,16,1,7,1,1,585,1,0.0,0.0,,10,1,16,0.0,2,5,1,1021,3,2,30,0,2.0,1,20,13,0.0,23,0.0,0.0
1,4,2.0,162,5,1,8,2,1,155,1,0.0,0.0,,3,2,15,0.0,1,2,1,1654,3,2,35,0,2.0,1,24,3,0.0,22,0.0,0.0
2,3,2.0,1,13,1,12,2,1,142,1,0.0,0.0,,10,2,15,0.0,2,5,2,813,3,2,15,5,2.0,1,31,3,0.0,33,0.0,0.0
1,3,2.0,1356,13,1,11,1,1,581,1,0.0,0.0,,12,2,7,0.0,2,4,1,132,3,2,10,0,1.0,1,24,3,0.0,25,0.0,0.0
1,3,1.0,4340,22,1,12,2,1,442,1,0.0,0.0,,6,1,4,0.0,1,7,6,1654,1,2,30,5,1.0,1,24,14,0.0,25,0.0,0.0
1,2,2.0,3,18,1,8,2,1,600,1,0.0,0.0,,10,2,10,0.0,3,7,6,1653,3,2,20,5,2.0,1,34,3,0.0,26,0.0,0.0
1,3,2.0,5100,15,1,8,1,1,631,1,0.0,0.0,,8,5,0,0.0,2,3,1,225,3,2,30,0,2.0,1,31,15,0.0,33,0.0,0.0
2,3,1.0,6602,19,0,9,2,1,457,1,0.0,0.0,,10,2,4,0.0,2,7,6,322,4,2,50,5,1.0,1,24,15,0.0,33,0.0,0.0
2,3,2.0,9507,15,0,8,2,1,157,1,0.0,0.0,,8,2,14,0.0,2,1,1,2213,3,2,30,0,2.0,1,15,3,0.0,34,0.0,0.0
2,3,2.0,845,10,1,9,2,1,501,1,0.0,0.0,,12,2,14,0.0,3,3,1,1654,3,2,25,0,2.0,1,31,3,0.0,33,0.0,0.0
1,3,2.0,893,12,1,7,2,5,501,1,0.0,0.0,,12,2,15,0.0,3,4,1,1654,3,2,10,0,2.0,1,31,3,0.0,33,0.0,0.0
2,3,3.0,173,23,1,12,2,5,155,1,0.0,0.0,,10,1,10,0.0,1,1,1,1654,1,2,30,0,5.0,1,24,14,0.0,33,0.0,0.0
2,3,2.0,6232,16,1,11,1,5,631,1,0.0,0.0,,10,2,15,0.0,2,7,10,311,5,2,30,4,2.0,1,24,3,0.0,22,0.0,0.0
2,3,2.0,3999,15,1,12,2,1,87,1,0.0,0.0,,2,2,16,0.0,3,3,1,833,3,2,35,0,2.0,1,24,3,0.0,23,0.0,0.0
1,3,2.0,49,20,1,11,2,1,348,1,0.0,0.0,,3,2,15,0.0,3,3,1,1654,1,2,35,0,2.0,1,10,3,0.0,18,0.0,0.0
1,3,2.0,6299,8,1,12,1,1,647,1,0.0,0.0,,10,2,15,0.0,2,3,1,711,3,2,30,0,2.0,1,24,3,0.0,23,0.0,0.0
2,3,2.0,5500,21,0,9,1,1,631,1,0.0,1.0,,10,2,15,0.0,2,6,1,225,1,1,30,0,1.0,1,24,3,1.0,25,0.0,0.0
2,3,2.0,2030,10,1,12,2,1,368,1,0.0,0.0,,6,1,0,0.0,2,1,6,1022,3,2,30,5,4.0,1,31,13,0.0,13,0.0,0.0
1,3,2.0,701,6,1,12,1,1,234,1,0.0,0.0,,8,1,0,0.0,2,3,1,1225,3,2,25,0,2.0,1,31,1,0.0,33,0.0,0.0
1,3,2.0,5930,13,0,9,2,5,631,1,0.0,2.0,,10,2,10,0.0,2,6,1,232,3,4,30,0,2.0,1,31,3,0.0,17,0.0,2.0
2,3,2.0,399,7,1,8,2,1,34,1,0.0,0.0,,3,2,15,0.0,0,1,1,132,3,2,40,0,2.0,1,10,3,0.0,22,0.0,0.0
2,3,1.0,1,20,1,8,2,1,514,1,0.0,0.0,,13,2,2,0.0,3,7,1,1654,1,2,15,0,1.0,1,31,3,0.0,12,0.0,0.0
2,3,3.0,400,15,0,8,2,5,432,1,0.0,0.0,,2,2,15,0.0,1,4,1,1834,3,2,30,0,3.0,1,31,3,0.0,12,0.0,0.0
1,3,2.0,13004,1,0,8,1,1,166,1,0.0,1.0,,8,2,16,0.0,2,1,1,433,2,3,30,0,1.0,1,22,14,0.0,23,1.0,0.0
2,3,2.0,741,6,1,12,2,1,501,1,0.0,0.0,,12,2,7,0.0,3,6,6,1654,3,2,20,5,1.0,1,24,3,0.0,36,0.0,0.0
2,3,2.0,7200,20,1,9,2,1,337,1,0.0,0.0,,10,2,0,0.0,2,3,1,735,0,2,30,0,4.0,1,31,3,0.0,33,0.0,0.0
2,3,2.0,3,19,1,12,2,1,600,1,0.0,0.0,,11,2,15,0.0,3,7,1,1653,0,2,20,0,2.0,1,24,3,0.0,22,0.0,0.0
2,3,2.0,5500,7,1,9,1,1,631,1,0.0,0.0,,3,1,16,0.0,2,5,1,225,3,2,35,0,2.0,1,15,3,0.0,22,0.0,0.0
0,3,2.0,3100,22,1,8,1,5,313,1,0.0,0.0,,8,5,10,0.0,1,5,10,1933,1,2,30,4,2.0,1,31,15,0.0,33,0.0,0.0
2,3,2.0,10000,21,1,12,1,5,143,1,0.0,0.0,,8,1,0,0.0,3,1,10,1654,5,2,30,4,2.0,1,24,14,0.0,33,0.0,0.0
2,3,2.0,538,7,1,12,1,1,501,1,0.0,0.0,,12,2,7,0.0,3,7,1,1654,2,2,20,0,1.0,1,24,3,0.0,33,0.0,0.0
2,3,2.0,4600,15,1,9,1,1,257,1,0.0,0.0,,8,1,0,0.0,2,5,1,215,3,2,30,0,2.0,1,5,13,0.0,5,0.0,0.0
2,0,1.0,3,5,1,9,2,1,600,1,0.0,0.0,,10,2,2,0.0,3,4,6,1653,1,2,30,5,1.0,1,34,3,0.0,36,0.0,0.0
2,3,2.0,4900,21,1,7,1,1,257,1,0.0,0.0,,8,1,15,0.0,2,6,1,224,1,2,30,0,3.0,1,24,14,0.0,25,0.0,0.0
0,3,2.0,3,17,1,9,2,1,600,1,0.0,0.0,,10,2,15,0.0,3,2,2,1653,3,2,20,0,2.0,1,31,3,0.0,12,0.0,0.0
0,3,2.0,517,14,1,9,2,1,501,1,0.0,0.0,,12,2,7,0.0,3,7,1,1654,3,2,20,0,2.0,1,24,3,0.0,35,0.0,0.0
2,0,2.0,6700,1,0,9,2,1,201,1,0.0,1.0,,13,2,10,0.0,2,7,1,322,1,3,45,0,4.0,1,24,3,0.0,33,1.0,0.0
2,3,2.0,475,13,0,9,2,1,501,1,0.0,1.0,,10,2,15,0.0,3,2,1,1654,3,4,20,0,2.0,1,16,3,0.0,18,0.0,1.0
2,3,2.0,6406,15,1,8,2,5,475,0,0.0,0.0,,8,2,16,0.0,1,7,1,2412,3,2,10,0,4.0,1,31,3,0.0,33,0.0,0.0
2,3,2.0,6259,13,1,8,2,1,647,1,0.0,0.0,,6,3,0,0.0,2,4,1,711,3,2,30,0,2.0,1,24,13,0.0,5,0.0,0.0
2,3,1.0,7300,0,1,8,2,1,200,1,0.0,0.0,,10,2,5,0.0,2,2,1,323,0,2,55,0,1.0,1,24,3,0.0,25,0.0,0.0
2,3,2.0,4600,14,1,8,2,4,352,1,0.0,0.0,,6,2,0,0.0,2,4,1,215,2,2,30,0,4.0,1,31,3,0.0,33,0.0,0.0
2,3,2.0,10700,5,1,8,1,5,331,1,0.0,0.0,,3,1,10,0.0,3,6,1,1654,3,2,35,0,2.0,1,31,14,0.0,33,0.0,0.0
1,3,2.0,475,10,1,8,2,1,501,1,0.0,0.0,,12,2,7,0.0,3,3,1,1654,3,2,15,0,1.0,1,31,3,0.0,33,0.0,0.0
2,3,4.0,517,6,0,9,2,1,501,1,0.0,1.0,,2,2,10,0.0,3,5,1,1654,2,4,40,0,3.0,1,24,3,0.0,18,0.0,1.0
2,3,2.0,8700,14,1,8,1,5,201,1,0.0,0.0,,11,2,15,0.0,2,1,1,412,3,2,55,0,3.0,1,24,3,0.0,25,0.0,0.0
2,3,2.0,13000,18,0,9,2,1,590,1,0.0,0.0,,8,1,10,0.0,2,5,1,434,3,2,30,0,2.0,1,31,14,0.0,19,0.0,0.0
1,3,2.0,8800,12,1,9,2,1,201,1,0.0,0.0,,3,2,15,0.0,2,1,1,412,3,2,35,0,5.0,1,10,3,0.0,8,0.0,0.0
2,3,2.0,4700,15,1,8,1,1,257,1,0.0,0.0,,8,2,16,0.0,2,1,1,224,3,2,30,0,2.0,1,24,14,0.0,33,0.0,0.0
2,3,2.0,644,20,0,8,2,1,49,1,0.0,0.0,,0,2,3,0.0,0,4,1,214,0,2,35,0,7.0,1,24,3,0.0,23,0.0,0.0
0,3,2.0,450,13,1,8,1,1,501,1,0.0,0.0,,12,2,7,0.0,3,6,1,1654,3,2,20,0,1.0,1,24,3,0.0,21,0.0,0.0
1,3,2.0,1,8,1,8,2,1,514,1,0.0,0.0,,12,2,7,0.0,3,5,1,1654,3,2,15,0,1.0,1,27,3,0.0,24,0.0,0.0
2,3,2.0,3116,14,1,9,1,1,313,1,0.0,0.0,,8,1,15,0.0,1,1,1,1933,3,2,30,0,2.0,1,10,14,0.0,22,0.0,0.0
1,3,1.0,10000,18,1,2,1,3,613,1,0.0,0.0,,8,2,5,0.0,2,6,9,2213,1,2,30,5,1.0,1,24,3,0.0,33,0.0,0.0
2,3,3.0,13000,17,1,8,2,1,590,1,0.0,0.0,,8,2,10,0.0,2,3,1,434,3,2,30,0,3.0,1,31,3,0.0,19,0.0,0.0
2,3,1.0,6900,9,0,9,2,1,201,1,0.0,0.0,,3,2,2,0.0,2,6,1,322,3,2,55,0,1.0,1,24,3,0.0,9,0.0,0.0
2,3,2.0,1,7,1,9,2,1,514,1,0.0,0.0,,12,2,16,0.0,3,5,1,1654,3,2,25,0,2.0,1,10,3,0.0,18,0.0,0.0
2,3,1.0,561,7,1,10,2,1,501,1,0.0,0.0,,11,2,2,0.0,3,4,1,1654,3,2,20,0,1.0,1,10,3,0.0,26,0.0,0.0
2,3,2.0,3625,10,0,9,2,5,193,1,0.0,0.0,,11,4,16,0.0,3,5,1,1013,3,2,35,0,2.0,1,31,3,0.0,33,0.0,0.0
1,3,2.0,895,15,1,9,2,1,501,1,0.0,0.0,,11,2,7,0.0,3,4,1,1654,3,2,10,0,1.0,1,24,3,0.0,21,0.0,0.0
2,3,1.0,1,20,0,8,2,1,512,1,0.0,0.0,,10,2,2,0.0,3,3,1,1654,1,2,10,0,1.0,1,31,3,0.0,12,0.0,0.0
1,3,2.0,5500,1,1,10,2,5,631,1,0.0,0.0,,6,1,16,0.0,2,6,1,225,1,2,25,0,2.0,1,31,14,0.0,26,0.0,0.0
0,3,2.0,1,2,1,9,2,1,515,1,0.0,0.0,,12,2,7,0.0,3,7,6,1654,1,2,10,5,1.0,1,31,3,0.0,33,0.0,0.0
2,3,2.0,163,14,0,8,2,1,155,1,0.0,1.0,,10,1,10,0.0,1,4,1,1654,3,4,30,0,3.0,1,24,14,0.0,17,0.0,1.0
2,3,2.0,6299,5,1,12,1,5,394,1,0.0,0.0,,3,1,10,0.0,2,1,6,331,1,2,45,5,2.0,1,24,14,0.0,19,0.0,0.0
2,3,2.0,7198,0,0,12,2,1,126,1,0.0,1.0,,6,1,16,0.0,3,1,6,811,1,3,35,5,1.0,1,6,14,0.0,24,1.0,0.0
2,3,2.0,10020,17,1,12,2,1,143,1,0.0,0.0,,3,1,16,0.0,3,4,1,1654,1,2,35,0,3.0,1,31,14,0.0,22,0.0,0.0
1,3,2.0,5500,23,1,12,2,1,631,1,0.0,0.0,,6,1,16,0.0,2,6,1,225,1,2,30,0,2.0,1,15,14,0.0,6,0.0,0.0
1,3,2.0,1,6,1,12,2,1,600,1,0.0,0.0,,11,2,10,0.0,3,7,1,1651,1,2,30,0,2.0,1,31,3,0.0,33,0.0,0.0
2,3,2.0,6800,14,1,11,2,1,201,1,0.0,0.0,,3,2,15,0.0,2,4,1,322,3,2,55,0,2.0,1,24,3,0.0,23,0.0,0.0
0,3,2.0,524,4,0,9,2,1,501,1,0.0,1.0,,11,2,9,0.0,3,5,1,1654,1,3,20,0,1.0,1,24,3,0.0,23,1.0,0.0
2,3,2.0,1,5,1,8,2,5,518,1,0.0,0.0,,12,2,14,0.0,3,5,1,1654,1,2,10,0,2.0,1,31,3,0.0,33,0.0,0.0
2,3,2.0,1312,20,1,9,2,1,92,1,0.0,0.0,,12,2,11,0.0,0,6,1,411,3,2,30,0,2.0,1,24,3,0.0,21,0.0,0.0
0,3,2.0,764,9,1,11,2,1,501,1,0.0,0.0,,15,1,10,0.0,3,6,1,1654,3,2,25,0,2.0,1,24,14,0.0,33,0.0,0.0
1,5,2.0,3201,9,1,12,2,1,340,1,0.0,0.0,,8,1,0,0.0,3,5,1,2411,3,2,30,0,2.0,1,24,14,0.0,35,0.0,0.0
2,3,1.0,12655,20,0,9,2,1,588,1,0.0,2.0,,8,1,2,0.0,2,1,1,532,1,4,30,0,0.0,0,24,14,0.0,26,0.0,2.0
1,3,2.0,660,20,1,10,2,1,501,1,0.0,0.0,,13,1,11,0.0,3,5,1,1654,1,2,5,0,2.0,1,31,3,0.0,21,0.0,0.0
1,3,2.0,12700,17,0,8,1,1,355,1,0.0,1.0,,3,1,10,0.0,3,6,1,1654,3,4,40,0,2.0,1,31,14,0.0,33,0.0,1.0
1,0,2.0,13,9,1,9,2,1,348,1,0.0,0.0,,11,2,15,0.0,3,3,6,1654,3,2,35,5,2.0,1,25,3,0.0,23,0.0,0.0
2,3,2.0,5500,9,1,9,2,1,631,1,0.0,0.0,,10,1,16,0.0,2,2,1,225,3,2,30,0,2.0,1,24,14,0.0,33,0.0,0.0
1,3,2.0,6298,0,1,9,2,1,394,1,0.0,0.0,,6,1,0,0.0,2,7,1,331,1,2,30,0,2.0,1,25,14,0.0,26,0.0,0.0
2,3,3.0,2800,14,0,9,2,5,380,1,0.0,2.0,,19,1,0,0.0,1,4,1,1412,3,3,30,0,2.0,1,24,14,0.0,6,2.0,0.0
2,3,2.0,12500,18,1,8,1,1,355,1,0.0,0.0,,15,1,10,0.0,3,3,1,1654,3,2,40,0,2.0,1,24,14,0.0,19,0.0,0.0
2,3,2.0,170,4,1,9,2,1,155,1,0.0,0.0,,10,1,10,0.0,1,2,1,1654,1,2,35,0,2.0,1,24,14,0.0,19,0.0,0.0
2,3,2.0,11,7,0,9,2,1,155,1,0.0,3.0,,6,1,16,0.0,1,1,1,1654,3,1,30,0,4.0,1,16,14,1.0,18,2.0,0.0
1,3,2.0,3947,15,1,9,1,1,257,1,0.0,0.0,,10,2,7,0.0,2,1,1,214,3,2,30,0,1.0,1,31,3,0.0,22,0.0,0.0
2,3,2.0,5710,9,0,9,1,1,631,0,0.0,0.0,,2,1,10,0.0,2,5,1,232,3,2,30,0,3.0,1,24,13,0.0,19,0.0,0.0
2,3,2.0,10000,18,1,11,1,1,143,1,0.0,0.0,,11,2,7,0.0,3,2,1,1654,4,2,15,0,1.0,1,31,3,0.0,33,0.0,0.0
1,3,2.0,5500,11,1,2,1,1,319,1,0.0,0.0,,3,1,0,0.0,1,1,1,1613,3,2,30,0,2.0,1,24,13,0.0,18,0.0,0.0
1,4,2.0,2,3,1,8,2,1,501,1,0.0,0.0,,12,2,7,0.0,3,7,1,1654,1,2,10,0,1.0,1,31,3,0.0,33,0.0,0.0
1,3,2.0,8700,16,1,9,1,1,201,1,0.0,0.0,,3,1,11,0.0,2,3,6,412,3,2,50,5,3.0,1,31,5,0.0,33,0.0,0.0
2,3,2.0,2000,19,1,9,1,5,425,1,0.0,0.0,,8,2,7,0.0,2,5,6,1235,3,2,25,5,1.0,1,31,3,0.0,33,0.0,0.0
2,3,1.0,7318,9,1,8,2,1,613,1,0.0,0.0,,0,2,2,0.0,2,3,1,731,3,2,15,0,1.0,1,31,3,0.0,33,0.0,0.0
2,3,2.0,1198,5,0,9,2,1,401,1,0.0,1.0,,8,1,16,0.0,2,4,1,1522,1,3,30,0,1.0,1,15,14,0.0,18,1.0,0.0
2,3,2.0,3,18,1,11,1,1,600,1,0.0,0.0,,10,2,16,0.0,3,4,1,1653,1,2,20,0,2.0,1,24,3,0.0,24,0.0,0.0
2,3,2.0,5599,17,0,11,2,1,482,1,0.0,0.0,,15,2,0,0.0,1,2,1,1613,1,2,30,0,5.0,1,16,13,0.0,18,0.0,0.0
2,0,1.0,6324,7,0,12,2,1,200,1,0.0,0.0,,13,2,6,0.0,2,3,1,312,3,2,55,0,1.0,1,24,3,0.0,17,0.0,0.0
2,3,2.0,8316,10,1,12,2,1,217,1,0.0,0.0,,17,2,7,0.0,2,4,1,424,3,2,30,0,1.0,1,24,3,0.0,33,0.0,0.0
1,3,2.0,3,9,1,12,2,1,600,1,0.0,0.0,,10,2,15,0.0,3,6,1,1653,3,2,25,0,2.0,1,16,3,0.0,22,0.0,0.0
2,3,2.0,3,7,1,12,2,1,600,1,0.0,0.0,,11,2,16,0.0,3,4,1,1653,3,2,30,0,2.0,1,31,3,0.0,33,0.0,0.0
1,3,2.0,6500,17,1,12,2,1,442,1,0.0,0.0,,6,1,16,0.0,1,7,1,1654,1,2,30,0,2.0,1,24,14,0.0,19,0.0,0.0
2,3,2.0,10020,0,1,12,2,1,143,1,0.0,0.0,,12,2,15,0.0,3,2,1,1654,1,2,15,0,2.0,1,31,3,0.0,22,0.0,0.0
2,2,2.0,3,18,1,11,2,1,600,1,0.0,0.0,,11,2,15,0.0,3,2,6,1653,1,2,20,5,2.0,1,16,3,0.0,12,0.0,0.0
1,3,2.0,2,16,1,8,2,1,600,1,0.0,0.0,,10,3,15,0.0,3,6,1,1652,3,2,25,0,2.0,1,20,3,0.0,18,0.0,0.0
1,3,2.0,10400,12,1,11,1,1,201,1,0.0,0.0,,3,2,15,0.0,2,2,1,432,3,2,55,0,2.0,1,24,3,0.0,33,0.0,0.0
1,3,2.0,7828,11,1,10,2,5,383,1,0.0,0.0,,10,2,10,0.0,2,5,1,421,3,2,30,0,2.0,1,24,15,0.0,25,0.0,0.0
0,3,2.0,257,11,1,9,1,1,387,1,0.0,0.0,,8,2,7,0.0,1,5,1,1113,3,2,30,0,1.0,1,24,3,0.0,33,0.0,0.0
1,3,2.0,505,13,0,9,1,1,555,1,0.0,2.0,,13,1,16,0.0,2,3,1,1135,3,4,30,0,1.0,1,16,14,0.0,18,0.0,2.0
1,4,2.0,1,14,1,12,2,1,600,1,0.0,0.0,,10,2,15,0.0,3,3,9,1651,3,2,30,5,3.0,1,34,3,0.0,33,0.0,0.0
0,3,2.0,502,12,0,1,2,1,501,1,0.0,3.0,,8,2,7,0.0,3,4,1,1653,3,3,20,2,0.0,1,10,3,0.0,12,2.0,1.0
0,3,2.0,173,4,1,12,2,5,155,1,0.0,0.0,,3,1,10,0.0,1,3,1,1654,1,2,30,0,2.0,1,24,14,0.0,33,0.0,0.0
2,3,2.0,3500,16,1,12,1,1,585,1,0.0,0.0,,8,1,10,0.0,2,2,1,911,1,2,30,0,2.0,1,24,14,0.0,19,0.0,0.0
2,3,2.0,199,17,1,12,2,5,150,1,0.0,0.0,,8,5,16,0.0,0,4,6,1824,1,2,30,5,2.0,1,16,15,0.0,19,0.0,0.0
1,3,2.0,5,21,1,12,1,1,600,1,0.0,0.0,,10,2,7,0.0,3,4,1,1655,1,2,10,0,2.0,1,24,3,0.0,25,0.0,0.0
0,3,1.0,524,4,1,11,2,1,501,1,0.0,0.0,,12,2,5,0.0,3,3,1,1654,1,2,30,0,1.0,1,31,3,0.0,33,0.0,0.0
2,3,2.0,8801,10,0,9,2,1,200,1,0.0,0.0,,3,2,10,0.0,2,3,1,423,3,2,5,0,2.0,1,24,3,0.0,19,0.0,0.0
2,2,2.0,8801,7,1,12,2,1,200,1,0.0,0.0,,3,1,15,0.0,2,4,2,423,3,2,35,0,2.0,1,31,7,0.0,22,0.0,0.0
1,0,2.0,1732,14,0,9,1,1,389,1,0.0,1.0,,11,1,16,0.0,1,7,1,1814,3,1,30,0,3.0,1,10,14,1.0,18,0.0,0.0
2,3,1.0,6298,23,0,9,2,1,394,1,0.0,2.0,,6,1,2,0.0,2,6,1,331,1,1,30,0,0.0,1,25,14,2.0,26,0.0,0.0
2,3,2.0,2,23,1,9,2,5,205,1,0.0,0.0,,15,1,16,0.0,3,6,1,1654,1,2,40,0,2.0,1,24,14,0.0,6,0.0,0.0
2,3,1.0,93,6,1,10,1,1,155,1,0.0,0.0,,12,2,2,0.0,1,4,1,1654,3,2,25,0,1.0,1,10,3,0.0,19,0.0,0.0
1,3,2.0,342,14,1,10,1,1,429,1,0.0,0.0,,2,1,16,0.0,1,6,1,114,3,2,30,0,2.0,1,24,14,0.0,33,0.0,0.0
1,3,2.0,1756,22,1,10,1,5,192,1,0.0,0.0,,15,5,16,0.0,2,7,10,1014,1,2,30,4,2.0,1,24,15,0.0,33,0.0,0.0
1,3,2.0,4331,16,1,10,2,1,442,1,0.0,0.0,,3,2,16,0.0,1,3,1,1654,3,2,45,0,2.0,1,24,3,0.0,22,0.0,0.0
2,3,3.0,1933,23,1,9,1,5,182,1,0.0,0.0,,8,2,15,0.0,2,6,1,1235,1,2,30,4,4.0,1,21,3,0.0,18,0.0,0.0
1,3,2.0,13000,5,1,11,2,1,590,1,0.0,0.0,,8,1,10,0.0,2,7,1,434,2,2,35,0,2.0,1,24,14,0.0,25,0.0,0.0
2,3,1.0,9900,1,0,12,2,1,201,1,0.0,0.0,,11,2,2,0.0,2,1,1,432,1,2,45,0,2.0,1,20,3,0.0,23,0.0,0.0
2,3,2.0,1798,17,1,12,1,1,368,1,0.0,0.0,,3,1,16,0.0,2,4,1,1022,1,2,30,0,2.0,1,24,14,0.0,24,0.0,0.0
2,3,3.0,3,12,0,11,2,1,501,1,0.0,1.0,,15,1,10,0.0,3,5,1,1654,3,4,25,0,2.0,1,17,1,0.0,22,0.0,1.0
2,3,2.0,4660,20,1,12,2,1,390,1,0.0,0.0,,2,2,10,0.0,2,4,1,215,1,2,30,0,2.0,1,24,3,0.0,33,0.0,0.0
2,3,2.0,895,10,0,12,2,1,501,1,0.0,0.0,,8,1,16,0.0,3,6,1,1654,3,2,30,0,2.0,1,24,13,0.0,33,0.0,0.0
1,3,2.0,2812,19,0,12,2,1,380,1,0.0,0.0,,2,1,16,0.0,1,3,1,1412,1,2,30,0,2.0,1,24,13,0.0,25,0.0,0.0
2,3,2.0,102,19,1,11,2,1,348,1,0.0,0.0,,3,2,10,0.0,3,6,1,1654,1,2,35,0,2.0,1,24,3,0.0,19,0.0,0.0
1,3,2.0,10200,17,1,12,1,1,143,1,0.0,0.0,,12,2,15,0.0,3,4,1,1654,1,2,25,0,2.0,1,16,3,0.0,22,0.0,0.0
1,3,2.0,1,21,1,9,1,1,600,1,0.0,0.0,,10,1,15,0.0,3,3,1,1651,1,2,25,0,2.0,1,15,13,0.0,16,0.0,0.0
0,3,2.0,13000,9,1,12,2,1,166,1,0.0,0.0,,8,2,7,0.0,2,7,1,433,3,2,40,0,1.0,1,24,3,0.0,33,0.0,0.0
2,3,2.0,502,1,1,12,2,1,501,1,0.0,0.0,,12,2,13,0.0,3,4,1,1653,1,2,10,0,2.0,1,31,3,0.0,33,0.0,0.0
2,2,1.0,3499,15,0,10,2,1,105,1,0.0,0.0,,3,2,2,0.0,0,1,6,424,3,2,35,5,1.0,1,24,3,0.0,36,0.0,0.0
1,3,2.0,5149,16,1,10,2,1,126,1,0.0,0.0,,8,2,16,0.0,2,1,1,815,3,2,30,0,3.0,1,24,3,0.0,25,0.0,0.0
2,3,2.0,1835,10,1,10,2,1,449,1,0.0,0.0,,0,2,7,0.0,2,7,1,1235,3,2,15,0,1.0,1,31,3,0.0,33,0.0,0.0
0,3,2.0,1,15,1,10,2,1,512,1,0.0,0.0,,12,1,7,0.0,3,5,1,1654,3,2,10,0,1.0,1,31,3,0.0,33,0.0,0.0
0,3,2.0,412,21,1,10,2,1,501,1,0.0,0.0,,10,2,7,0.0,3,5,1,1654,1,2,15,0,1.0,1,24,3,0.0,23,0.0,0.0
2,4,1.0,6700,13,0,10,2,1,201,0,0.0,0.0,,3,2,2,0.0,2,4,1,322,3,2,45,0,1.0,1,31,3,0.0,33,0.0,0.0
2,3,2.0,537,5,1,11,2,1,501,1,0.0,0.0,,12,2,11,0.0,3,4,1,1654,1,2,15,4,2.0,1,31,3,0.0,35,0.0,0.0
2,3,2.0,10000,21,1,11,1,1,143,1,0.0,0.0,,10,2,10,0.0,3,4,6,1654,1,2,5,5,2.0,1,31,3,0.0,19,0.0,0.0
2,3,2.0,10200,19,0,12,2,1,143,1,0.0,1.0,,6,1,16,0.0,3,7,6,1654,1,3,10,5,1.0,1,10,14,0.0,18,1.0,0.0
2,3,2.0,2,20,1,12,2,1,600,1,0.0,0.0,,10,2,15,0.0,3,5,1,1652,1,2,30,0,2.0,1,24,3,0.0,33,0.0,0.0
1,3,2.0,10000,19,1,12,1,1,143,1,0.0,0.0,,10,2,14,0.0,3,1,1,1654,1,2,20,0,2.0,1,24,3,0.0,21,0.0,0.0
2,3,2.0,3,0,1,12,2,5,600,1,0.0,0.0,,10,2,15,0.0,3,3,1,1653,1,2,30,0,2.0,1,24,3,0.0,33,0.0,0.0
2,3,2.0,3,6,1,12,2,1,600,1,0.0,0.0,,10,2,15,0.0,3,3,1,1653,1,2,20,0,3.0,1,24,3,0.0,33,0.0,0.0
2,3,2.0,530,20,0,11,1,1,215,1,0.0,0.0,,8,1,16,0.0,1,4,1,1834,1,2,25,0,2.0,1,16,14,0.0,19,0.0,0.0
2,3,2.0,162,19,0,11,2,1,155,1,0.0,2.0,,11,2,15,0.0,1,1,6,1654,1,3,25,5,2.0,1,10,3,0.0,18,2.0,0.0
2,3,2.0,5,12,1,11,2,1,600,1,0.0,0.0,,10,2,15,0.0,3,7,2,1655,3,2,35,0,5.0,1,24,3,0.0,33,0.0,0.0
0,3,2.0,530,18,0,9,2,1,215,1,0.0,1.0,,8,5,9,0.0,1,7,10,1834,4,3,30,5,1.0,1,24,14,0.0,18,1.0,0.0
2,2,2.0,2,12,0,12,2,1,600,1,0.0,1.0,,11,2,7,0.0,3,5,6,1652,3,4,20,5,1.0,1,24,3,0.0,25,0.0,1.0
2,4,2.0,7900,3,1,11,2,6,201,1,0.0,0.0,,3,2,10,0.0,2,5,1,411,1,2,55,0,2.0,1,24,3,0.0,19,0.0,0.0
2,3,1.0,830,17,0,10,2,1,501,1,0.0,0.0,,15,1,2,0.0,3,4,1,1654,3,2,20,0,1.0,1,10,14,0.0,17,0.0,0.0
2,3,2.0,340,21,1,9,1,1,178,1,0.0,0.0,,12,2,0,0.0,2,6,1,1124,2,2,5,0,2.0,1,26,3,0.0,21,0.0,0.0
2,3,2.0,801,23,1,10,1,1,135,1,0.0,0.0,,2,1,16,0.0,2,7,6,1513,1,2,30,5,2.0,1,24,14,0.0,33,0.0,0.0
2,2,2.0,8801,6,1,9,2,1,200,1,0.0,0.0,,3,1,15,0.0,2,3,1,423,3,2,10,0,2.0,1,21,5,0.0,22,0.0,0.0
1,2,2.0,4900,21,1,10,2,5,632,1,0.0,0.0,,11,5,0,0.0,2,5,10,923,5,2,30,4,4.0,1,24,15,0.0,33,0.0,0.0
2,3,3.0,524,12,0,10,2,1,501,1,0.0,1.0,,11,2,7,0.0,3,7,1,1654,3,3,15,0,0.0,1,24,3,0.0,33,1.0,0.0
2,4,1.0,3000,23,0,9,2,1,237,1,0.0,0.0,,3,2,5,0.0,2,2,1,914,1,2,45,0,1.0,1,24,3,0.0,26,0.0,0.0
1,3,2.0,8800,19,1,9,1,1,201,1,0.0,0.0,,3,1,11,0.0,2,6,1,412,1,2,10,0,2.0,1,24,5,0.0,21,0.0,0.0
2,0,2.0,3,17,1,10,2,1,600,1,0.0,0.0,,7,4,15,0.0,3,5,6,1653,4,2,20,5,4.0,1,15,3,0.0,17,0.0,0.0
2,3,2.0,1,11,1,11,2,1,514,1,0.0,0.0,,12,2,7,0.0,3,4,1,1654,2,2,20,0,1.0,1,10,3,0.0,19,0.0,0.0
2,3,1.0,7801,13,0,9,2,1,588,1,1.0,1.0,,10,2,2,0.0,2,4,1,623,3,0,30,0,0.0,1,24,3,0.0,25,0.0,0.0
0,3,2.0,616,15,1,10,1,1,501,1,0.0,0.0,,3,1,10,0.0,3,5,1,1654,3,2,30,0,2.0,1,31,14,0.0,19,0.0,0.0
2,2,3.0,1,17,1,10,2,1,600,1,0.0,0.0,,11,2,7,0.0,3,3,1,1651,3,2,20,0,5.0,1,16,3,0.0,23,0.0,0.0
2,0,1.0,6400,2,0,10,2,1,200,1,0.0,0.0,,13,2,2,0.0,2,2,1,312,1,2,40,5,1.0,1,32,3,0.0,17,0.0,0.0
1,5,2.0,9000,7,1,10,1,1,151,1,0.0,0.0,,8,2,10,0.0,3,3,9,1631,3,2,30,5,2.0,1,31,3,0.0,33,0.0,0.0
1,3,2.0,3,19,1,9,2,1,600,1,0.0,0.0,,10,2,15,0.0,3,6,1,1653,1,2,20,0,3.0,1,31,3,0.0,22,0.0,0.0
2,3,2.0,10400,17,0,10,2,1,201,1,0.0,2.0,,3,2,10,0.0,2,4,1,432,4,4,45,0,4.0,1,15,3,0.0,35,0.0,2.0
2,3,2.0,699,14,1,9,1,1,219,1,0.0,0.0,,8,1,10,0.0,3,5,1,124,3,2,30,0,2.0,1,24,14,0.0,19,0.0,0.0
2,3,2.0,8900,16,0,10,2,5,214,1,0.0,0.0,,6,1,0,0.0,2,1,1,423,3,2,30,0,2.0,1,15,14,0.0,8,0.0,0.0
2,3,2.0,10401,15,0,9,2,5,253,1,0.0,1.0,,8,5,3,0.0,2,6,1,434,3,3,25,0,1.0,1,24,15,0.0,25,1.0,0.0
2,3,2.0,6324,20,1,10,1,5,200,1,0.0,0.0,,10,2,15,0.0,2,1,1,312,1,2,35,0,2.0,1,31,3,0.0,33,0.0,0.0
2,2,2.0,8800,10,1,10,2,1,201,1,0.0,0.0,,3,1,15,0.0,2,3,1,412,3,2,35,0,3.0,1,16,7,0.0,22,0.0,0.0
0,3,1.0,3,21,1,10,1,1,600,1,0.0,0.0,,8,2,2,0.0,3,3,1,1653,1,2,25,0,1.0,1,10,3,0.0,24,0.0,0.0
1,3,2.0,8800,16,1,9,2,1,201,1,0.0,0.0,,3,1,10,0.0,2,5,1,412,3,2,15,0,2.0,1,31,1,0.0,19,0.0,0.0
0,3,2.0,5,19,1,9,2,1,600,1,0.0,0.0,,10,2,15,0.0,3,1,1,1655,1,2,25,0,2.0,1,24,3,0.0,12,0.0,0.0
2,3,2.0,3400,15,0,10,2,5,499,1,0.0,2.0,,6,5,0,0.0,3,5,1,1021,3,3,30,0,2.0,1,24,15,0.0,25,2.0,0.0
1,3,2.0,1729,14,1,10,1,1,602,1,0.0,0.0,,8,2,7,0.0,2,5,5,1233,3,2,30,0,2.0,1,24,3,0.0,33,0.0,0.0
2,3,2.0,1599,14,1,10,1,1,55,1,0.0,0.0,,8,1,16,0.0,0,2,1,222,3,2,30,5,3.0,1,24,14,0.0,18,0.0,0.0
1,3,2.0,9504,23,0,12,2,1,157,1,0.0,1.0,,8,2,16,0.0,2,5,1,2213,1,3,30,0,2.0,1,16,3,0.0,24,1.0,0.0
2,3,2.0,12699,20,0,11,1,1,588,1,0.0,1.0,,8,1,16,0.0,2,2,1,532,0,3,30,0,1.0,1,24,14,0.0,33,1.0,0.0
2,3,2.0,1,21,1,12,2,1,515,1,0.0,0.0,,12,2,11,0.0,3,2,1,1654,1,2,15,0,2.0,1,31,3,0.0,21,0.0,0.0
1,3,2.0,799,15,1,12,2,1,41,1,0.0,0.0,,19,2,8,0.0,3,4,1,914,3,2,30,0,2.0,1,24,14,0.0,33,0.0,0.0
2,3,2.0,5502,10,1,12,1,1,631,1,0.0,0.0,,15,1,16,0.0,2,5,1,225,0,2,30,0,2.0,1,10,14,0.0,33,0.0,0.0
0,3,2.0,4691,10,1,12,2,5,629,1,0.0,0.0,,10,1,15,0.0,2,6,1,925,3,2,30,0,2.0,1,21,14,0.0,23,0.0,0.0
2,3,2.0,502,7,1,12,2,1,501,1,0.0,0.0,,12,2,16,0.0,3,5,1,1653,3,2,15,0,2.0,1,24,3,0.0,18,0.0,0.0
2,3,2.0,6259,19,1,10,1,1,394,1,0.0,0.0,,8,2,15,0.0,2,7,1,331,4,2,30,0,2.0,1,24,3,0.0,33,0.0,0.0
1,3,2.0,1,12,1,10,2,1,600,1,0.0,0.0,,10,2,15,0.0,3,5,1,1651,3,2,20,0,2.0,1,16,3,0.0,18,0.0,0.0
2,2,2.0,1,15,1,11,2,1,586,1,0.0,0.0,,10,2,15,0.0,3,5,1,1651,3,2,25,0,2.0,1,31,3,0.0,22,0.0,0.0
2,3,2.0,55,17,0,11,2,1,155,1,0.0,2.0,,6,2,10,0.0,1,5,1,1654,4,3,30,0,9.0,1,31,3,0.0,33,2.0,0.0
2,2,1.0,811,6,0,11,2,1,501,1,0.0,0.0,,2,1,2,0.0,3,5,1,1651,3,2,30,0,2.0,1,25,14,0.0,17,0.0,0.0
1,3,2.0,8800,16,1,11,2,1,201,1,0.0,0.0,,3,2,15,0.0,2,6,1,412,3,2,35,0,2.0,1,16,3,0.0,22,0.0,0.0
2,3,2.0,10022,13,1,10,2,2,313,1,0.0,0.0,,11,4,5,0.0,2,2,6,2232,3,2,30,5,2.0,1,24,5,0.0,21,0.0,0.0
1,3,2.0,514,7,1,11,2,1,501,1,0.0,0.0,,12,2,7,0.0,3,4,1,1654,3,2,15,0,1.0,1,24,3,0.0,22,0.0,0.0
2,2,1.0,6299,19,0,11,2,1,394,1,0.0,1.0,,3,1,4,0.0,2,4,1,331,1,4,45,0,0.0,1,24,14,0.0,25,0.0,1.0
2,3,2.0,833,16,1,12,2,1,501,1,0.0,0.0,,2,2,16,0.0,3,6,1,1654,1,2,30,0,2.0,1,24,3,0.0,23,0.0,0.0
1,2,2.0,6299,11,1,10,1,5,394,1,0.0,0.0,,8,2,15,0.0,2,1,1,331,3,2,30,0,2.0,1,31,3,0.0,22,0.0,0.0
2,3,2.0,3311,12,1,11,2,1,41,1,0.0,0.0,,12,2,11,0.0,3,2,1,1032,3,2,15,0,2.0,1,24,3,0.0,21,0.0,0.0
2,3,2.0,803,10,1,11,1,1,135,1,0.0,0.0,,8,1,15,0.0,2,3,1,1513,3,2,30,0,2.0,1,24,14,0.0,23,0.0,0.0
1,3,2.0,5,12,1,10,2,1,600,1,0.0,0.0,,10,2,15,0.0,3,7,1,1655,3,2,15,0,2.0,1,16,3,0.0,18,0.0,0.0
1,3,2.0,2801,17,1,11,1,1,464,1,0.0,0.0,,8,1,10,0.0,1,3,1,1412,1,2,30,0,2.0,1,15,14,0.0,19,0.0,0.0
2,3,2.0,9522,17,1,11,1,1,157,1,0.0,0.0,,8,5,15,0.0,2,5,1,2213,1,2,30,5,2.0,1,24,15,0.0,33,0.0,0.0
0,5,2.0,9300,15,1,11,1,2,584,1,0.0,0.0,,10,2,9,0.0,2,4,1,633,3,2,15,0,2.0,1,24,3,0.0,25,0.0,0.0
2,3,2.0,1,16,1,12,2,1,600,1,0.0,0.0,,10,2,15,0.0,3,3,1,1651,1,2,20,0,2.0,1,24,3,0.0,8,0.0,0.0
1,3,2.0,1,7,1,10,2,1,514,1,0.0,0.0,,12,2,7,0.0,3,6,1,1654,3,2,20,0,1.0,1,10,3,0.0,24,0.0,0.0
2,3,2.0,5500,8,0,10,2,1,631,1,0.0,1.0,,15,1,0,0.0,2,2,2,225,3,3,35,0,1.0,1,10,14,0.0,17,1.0,0.0
2,3,2.0,5500,8,1,11,1,5,631,1,0.0,0.0,,10,1,10,0.0,2,5,1,225,3,2,35,0,2.0,1,24,14,0.0,19,0.0,0.0
2,3,2.0,536,12,1,10,2,1,506,1,0.0,0.0,,1,2,15,0.0,3,4,1,1831,3,2,30,0,2.0,1,31,3,0.0,33,0.0,0.0
1,3,2.0,13000,11,1,11,1,5,590,1,0.0,0.0,,18,5,15,0.0,2,2,10,434,3,2,30,4,2.0,1,24,15,0.0,25,0.0,0.0
2,3,2.0,9000,13,0,11,2,1,201,1,0.0,0.0,,3,1,15,0.0,2,5,1,423,3,2,35,0,2.0,1,16,5,0.0,24,0.0,0.0
2,3,2.0,4305,18,1,11,2,1,257,1,0.0,0.0,,10,1,10,0.0,2,2,1,221,3,2,30,0,2.0,1,24,14,0.0,17,0.0,0.0
2,3,2.0,7454,19,1,11,2,5,648,1,0.0,0.0,,8,4,10,0.0,2,1,1,334,0,2,30,0,2.0,1,24,15,0.0,33,0.0,0.0
2,3,3.0,3500,16,0,12,2,1,500,1,0.0,1.0,,10,1,0,0.0,3,2,1,1021,0,4,20,0,4.0,1,24,13,0.0,33,0.0,1.0
2,3,2.0,521,16,1,10,1,1,501,1,0.0,0.0,,12,2,16,0.0,3,6,1,1654,3,2,10,0,2.0,1,31,3,0.0,33,0.0,0.0
2,3,2.0,6298,3,0,12,1,5,394,1,0.0,1.0,,3,1,10,0.0,2,1,1,331,1,3,30,0,1.0,1,31,14,0.0,25,1.0,0.0
0,3,2.0,7599,13,1,11,1,5,131,1,0.0,0.0,,8,2,7,0.0,1,2,10,2422,5,2,30,4,1.0,1,31,3,0.0,33,0.0,0.0
2,3,2.0,516,17,1,10,1,1,501,1,0.0,0.0,,12,2,7,0.0,3,6,6,1654,3,2,15,5,1.0,1,1,3,0.0,33,0.0,0.0
2,3,2.0,5502,0,1,10,2,1,631,1,0.0,0.0,,10,1,11,0.0,2,7,1,225,1,2,30,0,2.0,1,18,14,0.0,21,0.0,0.0
2,3,1.0,3032,18,1,10,2,1,421,1,0.0,0.0,,2,1,1,0.0,3,6,1,1411,1,2,30,0,1.0,1,24,13,0.0,33,0.0,0.0
1,3,2.0,2,14,1,10,2,1,600,1,0.0,0.0,,13,2,14,0.0,3,1,6,1652,3,2,20,5,2.0,1,34,3,0.0,33,0.0,0.0
2,3,2.0,7198,15,1,10,2,1,126,1,0.0,0.0,,2,1,16,0.0,3,2,6,811,4,2,30,5,2.0,1,24,14,0.0,13,0.0,0.0
2,3,2.0,6646,14,0,10,2,1,296,1,0.0,3.0,,6,1,16,0.0,3,7,1,2512,3,1,30,0,1.0,1,24,14,2.0,33,1.0,0.0
2,3,2.0,12699,9,0,11,2,1,588,1,0.0,0.0,,15,1,16,0.0,2,2,1,532,3,2,35,0,2.0,1,22,14,0.0,18,0.0,0.0
2,3,2.0,1,10,1,10,2,1,513,1,0.0,0.0,,12,2,7,0.0,3,5,6,1654,5,2,20,4,1.0,1,31,3,0.0,33,0.0,0.0
1,3,2.0,1,15,1,11,1,5,513,1,0.0,0.0,,12,2,7,0.0,3,6,10,1654,5,2,10,4,1.0,1,31,3,0.0,33,0.0,0.0
1,3,2.0,3845,10,1,11,2,1,417,1,0.0,0.0,,11,2,7,0.0,2,2,1,915,3,2,0,0,1.0,1,31,3,0.0,12,0.0,0.0
0,3,2.0,7199,10,1,11,2,1,66,1,0.0,0.0,,8,2,16,0.0,3,6,1,811,3,2,20,0,2.0,1,16,3,0.0,18,0.0,0.0
1,3,1.0,8600,23,1,10,2,1,289,1,0.0,0.0,,8,2,1,0.0,3,6,1,1631,1,2,30,0,1.0,1,0,3,0.0,0,0.0,0.0
1,3,2.0,4650,6,1,11,1,5,390,1,0.0,0.0,,6,5,15,0.0,2,4,2,215,2,2,30,5,3.0,1,31,14,0.0,23,0.0,0.0
2,3,2.0,173,10,1,11,2,1,155,1,0.0,0.0,,8,2,10,0.0,1,6,2,1654,3,2,30,0,2.0,1,31,3,0.0,33,0.0,0.0
2,3,4.0,1,13,0,11,2,1,514,1,0.0,0.0,,12,2,0,0.0,3,2,1,1654,3,2,20,0,2.0,1,24,3,0.0,8,0.0,0.0
0,3,2.0,630,16,1,12,2,1,501,1,0.0,0.0,,12,2,7,0.0,3,7,2,1654,1,2,20,5,1.0,1,31,5,0.0,33,0.0,0.0
1,2,2.0,4658,8,1,12,2,1,390,1,0.0,0.0,,2,1,11,0.0,2,5,0,215,3,2,30,2,2.0,1,17,14,0.0,12,0.0,0.0
2,3,2.0,6258,0,0,10,2,1,394,1,0.0,0.0,,3,1,15,0.0,2,4,1,331,1,2,35,0,3.0,1,18,14,0.0,17,0.0,0.0
2,3,2.0,500,7,1,10,1,1,239,1,0.0,0.0,,8,2,15,0.0,3,5,6,124,3,2,30,5,2.0,1,24,3,0.0,23,0.0,0.0
0,3,2.0,514,20,1,11,2,1,501,1,0.0,0.0,,13,2,7,0.0,3,4,1,1654,1,2,5,0,1.0,1,15,5,0.0,22,0.0,0.0
2,3,2.0,515,7,0,12,2,1,501,1,0.0,0.0,,8,2,16,0.0,3,2,1,1654,3,2,25,0,2.0,1,24,3,0.0,18,0.0,0.0
2,3,2.0,9759,18,1,12,2,1,372,1,0.0,0.0,,3,2,10,0.0,3,1,1,1654,1,2,45,0,4.0,1,17,3,0.0,19,0.0,0.0
2,3,2.0,2027,19,1,12,1,1,266,1,0.0,0.0,,2,1,16,0.0,3,5,1,2212,0,2,30,0,2.0,1,31,13,0.0,24,0.0,0.0
1,3,2.0,3100,9,1,12,1,1,313,1,0.0,0.0,,2,1,15,0.0,1,3,1,1933,3,2,30,0,3.0,1,10,14,0.0,23,0.0,0.0
0,3,2.0,5500,16,1,11,1,1,319,1,0.0,0.0,,8,1,10,0.0,1,5,1,1613,3,2,30,0,2.0,1,24,14,0.0,19,0.0,0.0
2,3,2.0,4500,17,0,11,2,1,442,1,0.0,1.0,,6,1,0,0.0,1,7,1,1654,3,4,25,0,1.0,1,10,13,0.0,5,0.0,1.0
2,3,2.0,2202,21,1,11,2,1,243,1,0.0,0.0,,8,2,7,0.0,3,5,1,2412,0,2,25,0,2.0,1,24,3,0.0,25,0.0,0.0
2,3,2.0,412,20,1,12,2,5,501,1,0.0,0.0,,10,2,10,0.0,3,4,1,1654,1,2,25,0,2.0,1,31,3,0.0,33,0.0,0.0
2,3,2.0,3,3,0,12,2,5,600,1,0.0,0.0,,10,2,15,0.0,3,7,1,1653,1,2,20,0,2.0,1,24,3,0.0,33,0.0,0.0
1,3,2.0,2,13,1,11,2,1,600,1,0.0,0.0,,10,2,15,0.0,3,7,1,1652,3,2,20,0,2.0,1,24,3,0.0,33,0.0,0.0
2,3,2.0,2,19,1,12,2,1,600,1,0.0,0.0,,11,2,15,0.0,3,2,1,1652,1,2,20,0,2.0,1,10,3,0.0,18,0.0,0.0
1,3,2.0,1,8,1,12,2,1,515,1,0.0,0.0,,12,2,7,0.0,3,3,1,1654,3,2,15,0,1.0,1,24,3,0.0,33,0.0,0.0
1,3,2.0,13000,11,1,12,1,5,590,1,0.0,0.0,,8,5,15,0.0,2,3,10,434,5,2,30,4,2.0,1,31,15,0.0,33,0.0,0.0
2,2,2.0,6600,11,0,11,2,1,201,1,0.0,1.0,,3,2,15,0.0,2,5,9,312,3,4,55,3,3.0,1,15,3,0.0,36,0.0,1.0
2,3,2.0,5,13,1,12,2,1,600,1,0.0,0.0,,10,2,15,0.0,3,2,1,1655,3,2,25,0,2.0,1,24,3,0.0,18,0.0,0.0
1,3,2.0,524,20,1,12,2,1,501,1,0.0,0.0,,11,2,15,0.0,3,1,1,1654,1,2,10,0,2.0,1,10,3,0.0,18,0.0,0.0
2,3,2.0,4610,16,1,12,1,1,454,1,0.0,0.0,,8,2,7,0.0,1,7,1,1622,3,2,30,0,1.0,1,24,3,0.0,25,0.0,0.0
2,3,2.0,1,6,1,1,2,1,600,1,0.0,0.0,,10,2,15,0.0,3,4,1,1651,3,2,25,0,3.0,1,10,3,0.0,18,0.0,0.0
0,3,2.0,630,18,1,12,2,1,501,1,0.0,0.0,,12,2,11,0.0,3,3,1,1654,1,2,15,0,2.0,1,24,3,0.0,33,0.0,0.0
0,3,2.0,1747,22,0,1,1,1,183,1,0.0,1.0,,3,2,9,0.0,2,6,1,1235,1,1,30,0,1.0,1,24,3,1.0,33,0.0,0.0
2,3,2.0,3910,23,1,12,1,1,245,1,0.0,0.0,,10,2,16,0.0,3,4,1,2523,1,2,30,0,2.0,1,24,3,0.0,24,0.0,0.0
1,3,2.0,606,15,1,12,2,1,501,1,0.0,0.0,,12,2,15,0.0,3,3,1,1654,3,2,15,0,2.0,1,24,3,0.0,33,0.0,0.0
2,3,2.0,3,19,1,11,2,1,600,1,0.0,0.0,,10,2,15,0.0,3,4,1,1653,1,2,25,0,2.0,1,24,3,0.0,33,0.0,0.0
0,2,2.0,1,7,1,12,1,1,327,1,0.0,0.0,,8,2,15,0.0,3,3,1,1654,2,2,35,0,2.0,1,24,3,0.0,22,0.0,0.0
2,3,2.0,841,20,1,12,1,1,135,1,0.0,0.0,,15,1,16,0.0,2,7,1,1513,0,2,30,0,3.0,1,31,14,0.0,24,0.0,0.0
2,3,2.0,4331,21,1,12,2,1,442,1,0.0,0.0,,2,1,10,0.0,1,6,6,1654,1,2,45,5,2.0,1,34,14,0.0,19,0.0,0.0
1,3,2.0,600,16,1,12,2,1,501,1,0.0,0.0,,11,2,7,0.0,3,5,1,1654,3,2,20,0,1.0,1,24,3,0.0,21,0.0,0.0
2,3,2.0,6258,18,1,1,2,1,394,1,0.0,0.0,,3,1,15,0.0,2,7,5,331,0,2,30,5,5.0,1,25,14,0.0,33,0.0,0.0
2,3,3.0,82,18,0,12,2,1,145,1,0.0,0.0,,8,2,7,0.0,0,6,1,1824,1,2,30,0,1.0,1,31,3,0.0,17,0.0,0.0
2,3,2.0,1662,15,0,11,2,5,13,1,0.0,0.0,,8,1,10,0.0,3,5,1,2234,3,2,35,0,2.0,1,24,14,0.0,25,0.0,0.0
2,3,3.0,13000,19,0,1,1,1,590,1,0.0,1.0,,17,5,10,0.0,2,6,10,434,0,3,30,4,2.0,1,24,15,0.0,33,1.0,0.0
2,3,2.0,10200,20,0,12,2,1,143,1,0.0,0.0,,6,1,16,0.0,3,1,1,1654,1,2,10,0,2.0,1,10,14,0.0,18,0.0,0.0
2,3,2.0,3,5,1,12,2,1,600,1,0.0,0.0,,10,2,10,0.0,3,5,1,1653,3,2,20,0,2.0,1,31,3,0.0,12,0.0,0.0
1,3,3.0,9830,6,1,10,2,1,313,1,0.0,0.0,,10,1,0,0.0,2,1,6,2223,2,2,30,5,2.0,1,24,14,0.0,36,0.0,0.0
2,3,2.0,172,15,1,1,2,1,155,1,0.0,0.0,,3,2,10,0.0,1,2,6,1654,3,2,30,5,2.0,1,24,3,0.0,19,0.0,0.0
2,3,3.0,2,5,1,12,2,1,600,1,0.0,0.0,,10,2,10,0.0,3,6,9,1652,1,2,20,3,3.0,1,24,3,0.0,19,0.0,0.0
2,3,2.0,817,9,1,1,2,1,135,1,0.0,0.0,,8,1,16,0.0,2,2,4,1513,3,2,30,5,2.0,1,31,13,0.0,18,0.0,0.0
1,3,2.0,5553,8,1,10,1,1,262,1,0.0,0.0,,2,1,10,0.0,1,3,1,1614,3,2,35,0,2.0,1,24,14,0.0,19,0.0,0.0
2,3,2.0,3899,15,1,12,2,5,390,1,0.0,0.0,,10,5,10,0.0,2,3,1,213,3,2,30,0,32.0,1,31,15,0.0,33,0.0,0.0
2,3,1.0,3064,4,0,11,2,1,546,1,0.0,2.0,,8,2,2,0.0,2,5,1,1034,1,1,30,0,0.0,1,24,3,2.0,33,0.0,0.0
0,3,2.0,10255,10,1,1,2,1,649,1,0.0,0.0,,10,2,7,0.0,3,2,1,1654,3,2,15,0,1.0,1,24,3,0.0,25,0.0,0.0
2,2,1.0,507,23,0,11,2,1,97,1,0.0,1.0,,8,2,2,0.0,3,6,1,622,1,3,25,0,0.0,1,24,3,0.0,26,1.0,0.0
1,3,1.0,2615,20,0,11,2,5,178,1,0.0,1.0,,8,5,2,0.0,2,3,10,1034,1,4,30,5,0.0,1,24,15,0.0,25,0.0,1.0
0,3,2.0,5500,14,1,12,1,1,631,1,0.0,0.0,,11,1,15,0.0,2,2,1,225,3,2,15,0,2.0,1,16,14,0.0,23,0.0,0.0
2,3,3.0,598,14,1,12,2,5,596,1,0.0,0.0,,10,5,7,0.0,3,2,10,1934,3,2,30,4,1.0,0,24,15,0.0,33,0.0,0.0
1,3,2.0,1,12,1,12,2,1,512,1,0.0,0.0,,12,4,0,0.0,3,7,1,1654,1,2,10,5,2.0,1,16,3,0.0,18,0.0,0.0
2,3,2.0,3,19,1,11,2,1,600,1,0.0,0.0,,10,2,7,0.0,3,1,1,1653,1,2,25,0,1.0,1,31,3,0.0,22,0.0,0.0
1,3,2.0,3,14,0,1,2,1,600,1,0.0,0.0,,11,2,15,0.0,3,2,1,1653,3,2,20,0,2.0,1,33,3,0.0,18,0.0,0.0
2,3,2.0,5,14,1,12,1,1,600,1,0.0,0.0,,13,2,15,0.0,3,5,1,1655,3,2,20,0,2.0,1,24,14,0.0,22,0.0,0.0
1,3,2.0,1700,18,1,1,1,1,368,1,0.0,0.0,,6,1,10,0.0,2,5,1,1022,1,2,30,0,3.0,1,31,14,0.0,33,0.0,0.0
2,3,3.0,1,19,1,11,2,1,600,1,0.0,0.0,,10,2,15,0.0,3,6,1,1651,1,2,15,0,3.0,1,31,3,0.0,33,0.0,0.0
2,3,3.0,105,14,1,1,2,1,57,1,0.0,0.0,,8,2,10,0.0,0,4,1,224,3,2,30,0,3.0,0,31,3,0.0,19,0.0,0.0
1,0,2.0,6501,19,0,11,2,1,200,1,0.0,0.0,,13,2,2,0.0,2,4,6,312,0,2,55,5,1.0,1,24,3,0.0,36,0.0,0.0
1,3,2.0,514,7,1,11,2,1,501,1,0.0,0.0,,12,2,7,0.0,3,6,1,1654,1,2,15,0,1.0,1,24,3,0.0,18,0.0,0.0
2,3,2.0,616,16,1,1,2,5,501,1,0.0,0.0,,12,2,15,0.0,3,1,1,1654,3,2,10,0,2.0,1,31,3,0.0,33,0.0,0.0
2,3,2.0,516,20,1,1,2,1,501,1,0.0,0.0,,11,2,16,0.0,3,2,9,1654,1,2,25,3,2.0,1,34,3,0.0,36,0.0,0.0
2,3,1.0,450,6,0,12,2,3,501,1,0.0,0.0,,12,2,5,0.0,3,3,1,1654,2,2,20,0,1.0,1,10,3,0.0,19,0.0,0.0
2,3,2.0,6258,11,1,12,1,1,394,1,0.0,0.0,,3,1,10,0.0,2,3,10,331,3,2,45,4,2.0,1,31,14,0.0,33,0.0,0.0
1,3,2.0,350,4,1,12,1,1,431,1,0.0,0.0,,12,2,7,0.0,1,1,1,1831,3,2,0,0,1.0,1,31,3,0.0,33,0.0,0.0
2,3,2.0,11247,9,0,12,2,1,315,1,0.0,1.0,,11,1,10,0.0,2,4,1,2234,3,3,25,0,2.0,1,31,14,0.0,17,1.0,0.0
2,3,2.0,1239,19,1,12,2,1,398,1,0.0,0.0,,8,2,10,0.0,3,5,1,1224,4,2,30,0,2.0,1,31,3,0.0,33,0.0,0.0
2,3,3.0,1,18,1,11,2,1,600,1,0.0,0.0,,10,2,10,0.0,3,1,1,1651,1,2,25,0,3.0,1,31,3,0.0,19,0.0,0.0
1,3,2.0,8716,13,1,9,1,1,618,1,0.0,0.0,,8,2,10,0.0,2,3,1,2223,3,2,30,0,2.0,1,31,3,0.0,33,0.0,0.0
2,3,2.0,10020,23,1,12,2,1,143,1,0.0,0.0,,10,2,15,0.0,3,7,6,1654,0,2,10,5,2.0,1,31,3,0.0,18,0.0,0.0
0,3,2.0,10000,19,1,1,1,5,143,1,0.0,0.0,,17,5,14,0.0,3,7,10,1654,5,2,30,4,2.0,1,31,15,0.0,33,0.0,0.0
2,3,1.0,1,19,1,1,2,1,512,1,0.0,0.0,,12,2,2,0.0,3,1,1,1654,1,2,10,5,1.0,1,24,13,0.0,33,0.0,0.0
1,3,2.0,8899,15,1,1,2,5,214,1,0.0,0.0,,2,5,16,0.0,2,1,1,423,3,2,30,0,2.0,1,16,15,0.0,25,0.0,0.0
2,3,1.0,400,6,0,10,1,1,432,1,0.0,0.0,,3,2,2,0.0,1,7,6,1834,2,2,35,5,3.0,1,31,3,0.0,33,0.0,0.0
2,3,2.0,6800,7,1,1,2,1,201,1,0.0,0.0,,2,2,15,0.0,2,3,9,322,3,2,55,3,2.0,1,34,3,0.0,22,0.0,0.0
1,3,2.0,12900,14,1,1,2,1,456,1,0.0,0.0,,12,2,7,0.0,2,2,1,434,3,2,15,0,2.0,1,31,3,0.0,33,0.0,0.0
2,3,1.0,700,15,1,1,2,1,501,1,0.0,0.0,,10,1,2,0.0,3,4,1,1654,3,2,25,0,1.0,1,24,5,0.0,35,0.0,0.0
2,3,2.0,8500,19,0,12,2,1,201,1,0.0,0.0,,3,2,15,0.0,2,5,1,412,0,2,55,0,2.0,1,24,3,0.0,33,0.0,0.0
1,3,2.0,1,13,1,12,2,1,513,1,0.0,0.0,,12,2,7,0.0,3,5,1,1654,3,2,15,0,1.0,1,24,3,0.0,33,0.0,0.0
2,3,2.0,5300,15,1,1,2,1,236,1,0.0,0.0,,11,2,10,0.0,2,6,1,935,3,2,55,0,7.0,1,31,3,0.0,33,0.0,0.0
2,3,2.0,501,12,1,11,1,5,555,1,0.0,0.0,,8,1,16,0.0,2,5,1,1135,3,2,30,0,2.0,1,31,14,0.0,33,0.0,0.0
2,3,2.0,859,13,1,1,1,1,135,1,0.0,0.0,,2,1,16,0.0,2,6,1,1513,3,2,20,0,2.0,1,24,13,0.0,33,0.0,0.0
2,3,2.0,45,10,0,1,2,1,348,1,0.0,3.0,,10,2,10,0.0,3,6,4,1654,3,3,30,5,0.0,1,10,3,0.0,19,2.0,1.0
1,3,2.0,1622,7,1,12,2,1,4,1,0.0,0.0,,8,2,16,0.0,3,2,1,2213,3,2,25,0,3.0,1,24,3,0.0,25,0.0,0.0
2,3,3.0,1418,15,1,12,2,1,504,1,0.0,0.0,,10,2,7,0.0,3,5,1,2013,4,2,20,0,1.0,1,31,3,0.0,33,0.0,0.0
1,3,2.0,514,13,1,11,2,1,501,1,0.0,0.0,,8,2,10,0.0,3,5,1,1654,3,2,15,0,2.0,1,31,3,0.0,19,0.0,0.0
2,3,2.0,1,7,1,1,2,1,600,1,0.0,0.0,,10,2,15,0.0,3,5,2,1651,3,2,25,5,2.0,1,10,3,0.0,22,0.0,0.0
1,3,2.0,561,2,1,12,2,1,501,1,0.0,0.0,,2,2,2,0.0,3,7,1,1654,1,2,25,0,2.0,1,31,3,0.0,33,0.0,0.0
2,3,2.0,524,18,1,1,2,1,501,1,0.0,0.0,,12,2,7,0.0,3,6,1,1654,0,2,20,0,1.0,1,24,3,0.0,22,0.0,0.0
2,3,2.0,3,5,1,1,2,1,600,1,0.0,0.0,,10,2,15,0.0,3,5,1,1653,1,2,20,0,2.0,1,31,3,0.0,18,0.0,0.0
0,3,1.0,521,7,1,1,1,1,501,1,0.0,0.0,,12,2,2,0.0,3,1,0,1654,2,2,15,3,1.0,1,31,3,0.0,36,0.0,0.0
1,3,2.0,8800,11,1,12,2,1,201,1,0.0,0.0,,3,1,11,0.0,2,4,2,412,3,2,10,0,2.0,1,31,5,0.0,21,0.0,0.0
2,3,2.0,3,7,1,11,2,1,600,1,0.0,0.0,,10,2,15,0.0,3,1,1,1653,2,2,20,0,2.0,1,16,3,0.0,18,0.0,0.0
2,3,2.0,2013,23,0,1,1,5,406,1,0.0,1.0,,8,1,9,0.0,2,7,1,1014,0,3,30,3,1.0,1,21,14,0.0,18,1.0,0.0
2,3,2.0,2746,16,1,11,2,1,68,1,0.0,0.0,,10,2,0,0.0,3,5,1,824,0,2,30,0,4.0,1,24,3,0.0,21,0.0,0.0
1,3,2.0,1,6,1,1,2,1,513,1,0.0,0.0,,12,2,7,0.0,3,5,10,1654,5,2,15,4,1.0,1,31,3,0.0,33,0.0,0.0
2,3,2.0,2546,11,1,12,2,1,83,1,0.0,0.0,,6,1,15,0.0,0,2,1,334,3,2,30,0,2.0,1,31,14,0.0,24,0.0,0.0
1,0,2.0,6299,17,1,11,2,1,394,1,0.0,0.0,,8,1,16,0.0,2,1,1,331,1,2,40,0,4.0,1,24,14,0.0,25,0.0,0.0
1,3,2.0,517,19,1,12,2,1,501,1,0.0,0.0,,4,2,16,0.0,3,6,6,1654,1,2,20,5,2.0,0,24,3,0.0,24,0.0,0.0
1,3,2.0,5500,13,1,12,1,1,631,1,0.0,0.0,,10,2,15,0.0,2,5,1,225,3,2,35,0,4.0,1,24,3,0.0,23,0.0,0.0
1,2,2.0,524,12,1,1,2,1,501,1,0.0,0.0,,3,1,15,0.0,3,2,1,1654,3,2,20,0,2.0,1,21,5,0.0,11,0.0,0.0
2,3,2.0,7198,18,1,1,2,5,126,1,0.0,0.0,,8,1,10,0.0,3,6,6,811,1,2,30,5,2.0,1,24,14,0.0,19,0.0,0.0
1,3,1.0,12658,18,1,12,2,1,588,1,0.0,0.0,,8,1,2,0.0,2,1,1,523,0,2,30,5,4.0,1,31,14,0.0,33,0.0,0.0
1,3,2.0,301,12,1,11,1,5,168,1,0.0,0.0,,10,2,7,0.0,3,2,1,1934,3,2,30,4,3.0,1,21,3,0.0,23,0.0,0.0
0,3,2.0,5500,18,1,12,2,1,319,1,0.0,0.0,,8,1,16,0.0,1,5,1,1613,1,2,30,0,2.0,1,31,14,0.0,33,0.0,0.0
1,3,2.0,5900,11,0,12,2,1,631,1,0.0,1.0,,6,1,16,0.0,2,1,1,232,3,4,30,0,1.0,1,24,14,0.0,24,0.0,1.0
2,3,1.0,8800,19,0,12,2,1,201,1,0.0,1.0,,3,2,2,0.0,2,4,1,412,1,3,25,0,0.0,1,31,3,0.0,22,1.0,0.0
2,3,1.0,6299,16,0,12,2,1,394,1,0.0,0.0,,3,1,2,0.0,2,1,6,331,1,2,35,5,3.0,1,24,14,0.0,33,0.0,0.0
2,3,2.0,815,13,0,11,2,1,135,1,0.0,1.0,,8,1,0,0.0,2,3,6,1513,3,4,30,5,3.0,1,31,13,0.0,18,0.0,1.0
1,3,2.0,893,12,1,11,2,1,501,1,0.0,0.0,,8,2,7,0.0,3,6,1,1654,3,2,30,0,1.0,1,31,3,0.0,33,0.0,0.0
2,3,2.0,4047,11,0,1,1,1,319,1,0.0,0.0,,8,1,10,0.0,1,5,1,1632,3,2,30,0,3.0,1,31,14,0.0,33,0.0,0.0
1,3,2.0,400,9,0,1,2,5,432,1,0.0,1.0,,8,2,16,0.0,1,3,1,1834,3,3,30,0,1.0,1,24,3,0.0,23,1.0,0.0
1,3,2.0,850,20,1,2,1,5,501,1,0.0,0.0,,12,2,7,0.0,3,4,10,1654,1,2,15,4,1.0,1,31,3,0.0,33,0.0,0.0
2,3,2.0,1,4,1,1,2,1,515,1,0.0,0.0,,12,2,7,0.0,3,4,2,1654,2,2,20,1,1.0,1,10,3,0.0,19,0.0,0.0
2,3,1.0,704,10,1,1,2,1,501,1,0.0,0.0,,12,2,2,0.0,3,2,2,1654,3,2,25,1,1.0,1,10,3,0.0,36,0.0,0.0
0,3,2.0,3100,9,1,2,1,1,313,1,0.0,0.0,,8,1,7,0.0,1,6,1,1933,3,2,30,3,1.0,1,31,14,0.0,33,0.0,0.0
0,3,2.0,6259,11,1,1,2,1,394,1,0.0,0.0,,6,1,10,0.0,2,4,2,331,3,2,30,0,2.0,1,24,14,0.0,33,0.0,0.0
2,3,2.0,7100,13,1,2,2,5,612,1,0.0,0.0,,8,5,0,0.0,2,3,1,323,3,2,30,5,2.0,1,24,15,0.0,25,0.0,0.0
2,3,2.0,630,11,1,1,2,1,501,1,0.0,0.0,,12,2,7,0.0,3,6,4,1654,3,2,15,5,1.0,1,31,3,0.0,21,0.0,0.0
1,3,2.0,500,18,1,1,1,1,555,1,0.0,0.0,,8,1,15,0.0,2,6,1,1134,1,2,30,0,3.0,1,17,14,0.0,23,0.0,0.0
2,3,3.0,4652,2,0,1,2,1,257,1,0.0,0.0,,6,1,7,0.0,2,1,1,215,1,2,30,0,3.0,1,31,14,0.0,33,0.0,0.0
2,3,2.0,3,7,1,1,2,1,600,1,0.0,0.0,,10,2,7,0.0,3,3,2,1653,3,2,20,0,4.0,1,31,3,0.0,8,0.0,0.0
2,2,2.0,700,23,1,2,2,5,501,1,0.0,0.0,,8,2,15,0.0,3,5,9,1654,1,2,25,3,2.0,1,31,3,0.0,36,0.0,0.0
1,3,2.0,2999,15,0,2,2,1,328,1,0.0,1.0,,6,1,0,0.0,3,6,1,1733,3,4,30,0,4.0,1,24,13,0.0,5,0.0,1.0
2,3,3.0,2698,16,0,12,2,1,30,1,0.0,1.0,,8,2,14,0.0,0,6,9,434,4,1,30,1,2.0,1,24,3,1.0,23,0.0,0.0
0,3,2.0,524,20,1,2,1,5,501,1,0.0,0.0,,12,2,11,0.0,3,6,9,1654,1,2,20,3,2.0,1,19,3,0.0,21,0.0,0.0
1,3,2.0,4099,12,1,1,1,1,319,1,0.0,0.0,,8,1,10,0.0,1,7,1,1632,3,2,30,0,2.0,1,31,14,0.0,33,0.0,0.0
1,3,2.0,3358,6,1,2,1,5,46,1,0.0,0.0,,8,5,0,0.0,3,6,5,911,1,2,30,2,2.0,1,24,14,0.0,33,0.0,0.0
2,3,2.0,173,9,1,1,2,1,155,1,0.0,0.0,,10,2,10,0.0,1,6,2,1654,3,2,30,0,2.0,1,31,3,0.0,33,0.0,0.0
2,3,2.0,1,13,1,2,1,1,600,1,0.0,0.0,,10,2,7,0.0,3,6,1,1651,3,2,25,5,3.0,1,31,3,0.0,18,0.0,0.0
1,3,2.0,2245,14,1,1,2,1,550,1,0.0,0.0,,0,2,10,0.0,3,7,1,1921,3,2,15,1,2.0,1,31,3,0.0,19,0.0,0.0
1,3,2.0,6299,9,1,2,1,1,380,1,0.0,0.0,,2,1,16,0.0,1,6,1,1711,3,2,30,5,2.0,1,24,14,0.0,33,0.0,0.0
1,3,2.0,3601,15,1,1,1,1,257,1,0.0,0.0,,3,2,7,0.0,2,6,1,212,3,2,30,0,2.0,1,31,3,0.0,18,0.0,0.0
0,3,2.0,3,18,1,12,2,1,600,1,0.0,0.0,,10,2,10,0.0,3,4,6,1653,1,2,25,5,2.0,1,31,3,0.0,33,0.0,0.0
1,3,2.0,2501,19,1,1,1,1,178,1,0.0,0.0,,8,1,10,0.0,2,6,1,1034,1,2,30,0,2.0,1,17,14,0.0,19,0.0,0.0
2,3,2.0,3099,9,1,2,2,1,290,1,0.0,0.0,,3,4,10,0.0,2,7,1,133,3,2,30,0,2.0,1,24,14,0.0,14,0.0,0.0
2,3,1.0,3,1,0,12,2,1,600,1,0.0,0.0,,10,2,2,0.0,3,1,1,1653,1,2,20,1,1.0,1,24,3,0.0,33,0.0,0.0
2,3,2.0,11299,5,0,1,2,1,315,1,0.0,2.0,,6,1,14,0.0,2,6,1,2234,1,3,35,0,0.0,1,15,14,0.0,6,2.0,0.0
0,3,1.0,825,13,1,12,2,1,501,1,0.0,0.0,,12,4,2,0.0,3,5,1,1651,3,2,10,3,1.0,1,24,5,0.0,25,0.0,0.0
1,3,2.0,517,22,1,1,2,1,501,1,0.0,0.0,,12,2,7,0.0,3,1,1,1654,1,2,10,0,1.0,1,24,3,0.0,33,0.0,0.0
1,3,2.0,1,18,1,2,2,1,600,1,0.0,0.0,,10,2,15,0.0,3,1,1,1651,1,2,20,0,2.0,1,21,3,0.0,23,0.0,0.0
1,3,1.0,1656,8,1,12,1,1,13,1,0.0,0.0,,6,2,2,0.0,3,4,1,2234,3,2,35,0,1.0,1,24,3,0.0,25,0.0,0.0
1,3,2.0,522,12,1,2,2,1,501,1,0.0,0.0,,15,2,7,0.0,3,3,1,1654,3,2,30,0,1.0,1,31,3,0.0,21,0.0,0.0
1,3,2.0,5000,14,1,12,2,1,644,1,0.0,0.0,,6,2,0,0.0,2,3,1,931,3,2,20,0,2.0,1,24,13,0.0,25,0.0,0.0
2,3,2.0,173,18,1,2,2,5,155,1,0.0,0.0,,3,1,10,0.0,1,2,9,1654,1,2,35,3,3.0,1,34,14,0.0,36,0.0,0.0
1,3,2.0,3930,21,0,1,2,1,231,1,0.0,0.0,,8,2,7,0.0,3,6,9,1723,1,2,30,5,1.0,1,32,3,0.0,17,0.0,0.0
2,3,2.0,5700,22,0,12,2,1,631,1,0.0,0.0,,1,1,0,0.0,2,5,9,232,1,2,30,3,3.0,1,31,14,0.0,6,0.0,0.0
2,3,2.0,3112,11,1,1,2,1,207,1,0.0,0.0,,12,5,10,0.0,1,7,1,1934,3,2,30,0,2.0,1,19,15,0.0,22,0.0,0.0
0,3,2.0,2900,13,0,2,2,1,530,1,0.0,1.0,,10,2,9,0.0,1,7,5,1934,3,1,30,1,2.0,1,34,13,1.0,36,0.0,0.0
2,3,2.0,742,8,1,1,2,5,101,1,0.0,0.0,,10,2,7,0.0,0,7,9,632,3,2,35,3,1.0,1,24,3,0.0,36,0.0,0.0
0,3,2.0,516,11,1,2,2,1,501,1,0.0,0.0,,12,2,7,0.0,3,7,9,1654,3,2,15,5,1.0,1,24,3,0.0,21,0.0,0.0
0,3,2.0,3100,8,1,12,2,1,313,1,0.0,0.0,,8,2,8,0.0,1,4,1,1933,3,2,30,0,2.0,1,24,3,0.0,33,0.0,0.0
2,3,2.0,5500,12,1,2,1,1,631,1,0.0,0.0,,10,1,15,0.0,2,5,9,225,3,2,35,3,2.0,1,31,14,0.0,33,0.0,0.0
2,3,3.0,1,22,1,1,2,1,513,1,0.0,0.0,,12,2,13,0.0,3,3,9,1654,1,2,15,3,2.0,1,31,3,0.0,36,0.0,0.0
2,3,3.0,173,21,0,1,2,1,155,1,0.0,1.0,,10,1,10,0.0,1,6,9,1654,0,4,25,3,2.0,1,24,14,0.0,36,0.0,1.0
0,3,2.0,3499,17,1,1,2,1,25,1,0.0,0.0,,8,5,16,0.0,0,3,9,433,1,2,30,3,2.0,1,31,14,0.0,17,0.0,0.0
2,3,2.0,5400,11,0,1,1,5,631,1,0.0,1.0,,11,5,15,0.0,2,3,1,225,3,3,30,0,1.0,1,24,15,0.0,33,1.0,0.0
2,3,2.0,815,16,1,12,2,1,135,1,0.0,0.0,,8,1,15,0.0,2,4,6,1513,1,2,30,5,2.0,1,24,13,0.0,25,0.0,0.0
2,3,2.0,250,9,1,2,1,1,345,1,0.0,0.0,,11,4,10,0.0,0,2,1,1834,3,2,30,0,2.0,1,24,5,0.0,21,0.0,0.0
2,3,2.0,2607,23,1,12,2,1,178,1,0.0,0.0,,3,1,16,0.0,2,5,1,1034,1,2,30,1,2.0,1,24,16,0.0,33,0.0,0.0
2,3,2.0,45,9,0,2,2,1,348,1,0.0,1.0,,13,2,10,0.0,3,6,1,1654,3,4,45,5,1.0,1,10,3,0.0,19,0.0,1.0
2,3,2.0,3099,16,1,1,1,1,179,1,0.0,0.0,,8,2,0,0.0,2,6,1,1034,3,2,30,3,2.0,1,24,3,0.0,11,0.0,0.0
2,5,2.0,6600,18,0,1,1,1,201,1,0.0,3.0,,2,2,15,0.0,2,7,1,312,1,3,45,0,0.0,1,16,3,0.0,22,2.0,1.0
0,3,2.0,713,16,1,1,2,1,234,1,0.0,0.0,,3,1,10,0.0,2,4,1,1231,3,2,30,0,2.0,1,24,14,0.0,25,0.0,0.0
1,3,2.0,513,12,0,1,2,1,501,1,0.0,1.0,,6,1,16,0.0,3,3,1,1654,3,4,20,0,1.0,1,17,13,0.0,22,0.0,1.0
0,3,2.0,3434,14,1,11,2,1,470,1,0.0,0.0,,8,5,16,0.0,3,3,6,1723,3,2,30,5,2.0,1,24,5,0.0,33,0.0,0.0
1,3,2.0,513,20,1,2,2,1,501,1,0.0,0.0,,8,2,3,0.0,3,5,9,1654,1,2,25,3,2.0,1,9,3,0.0,22,0.0,0.0
0,3,2.0,617,16,1,1,2,1,501,1,0.0,0.0,,12,2,5,0.0,3,5,6,1654,1,2,5,5,1.0,1,24,3,0.0,25,0.0,0.0
2,3,2.0,3499,16,1,2,2,5,25,1,0.0,0.0,,6,1,16,0.0,0,2,0,433,3,2,30,3,2.0,1,34,14,0.0,36,0.0,0.0
2,3,2.0,1,16,1,1,2,5,600,1,0.0,0.0,,10,2,10,0.0,3,4,1,1651,3,2,15,0,2.0,1,17,3,0.0,19,0.0,0.0
2,3,2.0,6398,21,1,1,2,5,65,1,0.0,0.0,,3,2,10,0.0,3,4,1,811,1,2,30,5,2.0,1,31,3,0.0,33,0.0,0.0
0,3,2.0,4099,13,1,1,2,1,319,1,0.0,0.0,,8,1,10,0.0,1,5,1,1632,3,2,30,0,2.0,1,31,14,0.0,33,0.0,0.0
2,3,2.0,513,19,1,2,2,1,501,1,0.0,0.0,,12,2,7,0.0,3,1,9,1654,1,2,25,3,1.0,1,24,3,0.0,21,0.0,0.0
2,2,2.0,49,20,1,12,2,5,348,1,0.0,0.0,,10,2,15,0.0,3,5,9,1654,1,2,30,3,5.0,1,24,3,0.0,33,0.0,0.0
2,3,2.0,3,9,1,1,2,1,600,1,0.0,0.0,,10,2,15,0.0,3,5,1,1653,3,2,25,5,2.0,1,10,3,0.0,22,0.0,0.0
1,3,3.0,5500,15,1,9,1,1,631,1,0.0,0.0,,8,2,10,0.0,2,5,1,225,3,2,30,0,3.0,1,31,3,0.0,33,0.0,0.0
1,3,2.0,3,11,1,1,1,1,600,1,0.0,0.0,,10,2,7,0.0,3,1,1,1653,3,2,20,0,1.0,1,24,3,0.0,33,0.0,0.0
1,3,2.0,527,13,1,2,1,1,501,1,0.0,0.0,,11,2,10,0.0,3,3,9,1654,3,2,15,3,2.0,1,31,3,0.0,21,0.0,0.0
1,3,2.0,799,12,1,1,1,1,539,1,0.0,0.0,,8,2,10,0.0,0,7,1,233,3,2,30,0,3.0,1,24,13,0.0,19,0.0,0.0
2,3,2.0,600,12,0,12,2,1,501,1,0.0,0.0,,8,2,16,0.0,3,4,1,1654,3,2,30,0,2.0,0,31,3,0.0,18,0.0,0.0
2,3,4.0,3112,15,0,1,2,1,313,1,0.0,0.0,,8,1,7,0.0,1,7,1,1933,3,2,30,5,4.0,1,15,14,0.0,13,0.0,0.0
0,3,2.0,513,13,1,3,2,1,501,1,0.0,0.0,,12,2,7,0.0,3,4,1,1654,3,2,30,0,1.0,1,24,3,0.0,25,0.0,0.0
2,3,1.0,700,18,0,2,2,1,501,1,0.0,0.0,,10,1,2,0.0,3,7,9,1654,1,2,30,1,1.0,1,5,7,0.0,34,0.0,0.0
2,3,2.0,4500,9,0,2,2,1,442,1,0.0,1.0,,2,1,16,0.0,1,2,1,1654,3,1,40,5,1.0,1,16,14,1.0,18,0.0,0.0
1,3,2.0,2400,13,1,1,1,5,83,1,0.0,0.0,,8,2,16,0.0,0,1,1,334,3,2,30,0,2.0,1,20,3,0.0,22,0.0,0.0
2,3,1.0,514,13,1,3,2,1,501,1,0.0,0.0,,12,2,2,0.0,3,7,1,1654,3,2,20,0,1.0,1,31,3,0.0,21,0.0,0.0
2,3,2.0,10909,10,1,1,2,1,331,1,0.0,0.0,,11,1,10,0.0,3,3,1,1654,3,2,25,3,2.0,1,10,13,0.0,19,0.0,0.0
1,3,2.0,5,19,1,1,1,1,600,1,0.0,0.0,,10,2,10,0.0,3,7,1,1655,1,2,20,0,2.0,1,31,3,0.0,19,0.0,0.0
2,3,2.0,430,13,1,10,2,1,591,1,0.0,0.0,,11,2,0,0.0,1,5,2,1834,3,2,15,0,2.0,1,24,3,0.0,21,0.0,0.0
1,3,2.0,524,12,1,1,2,1,501,1,0.0,0.0,,10,2,15,0.0,3,6,9,1654,3,2,15,5,2.0,1,24,3,0.0,33,0.0,0.0
2,3,2.0,8300,13,1,12,2,1,201,1,0.0,0.0,,11,2,15,0.0,2,3,1,412,3,2,35,0,2.0,1,24,3,0.0,12,0.0,0.0
1,2,3.0,10300,19,0,1,2,1,143,1,0.0,2.0,,3,2,14,0.0,3,4,1,1654,1,3,35,5,2.0,1,24,3,0.0,12,2.0,0.0
1,3,2.0,2,23,1,12,2,1,600,1,0.0,0.0,,10,2,15,0.0,3,6,6,1652,1,2,30,5,2.0,1,24,3,0.0,33,0.0,0.0
2,3,2.0,7198,13,0,2,1,5,126,1,0.0,1.0,,8,1,16,0.0,3,4,1,811,3,3,30,3,2.0,1,31,13,0.0,33,1.0,0.0
2,3,2.0,1000,16,0,3,2,1,19,1,0.0,0.0,,8,1,0,0.0,3,4,1,2234,3,2,30,0,3.0,1,16,13,0.0,5,0.0,0.0
1,3,1.0,10717,14,1,2,2,1,443,1,0.0,0.0,,0,2,2,0.0,2,2,9,2212,3,2,15,3,1.0,1,31,3,0.0,36,0.0,0.0
2,3,2.0,913,16,1,2,2,1,501,1,0.0,0.0,,8,2,11,0.0,3,6,1,1654,3,2,25,0,2.0,1,31,3,0.0,35,0.0,0.0
1,3,2.0,2900,15,1,2,1,1,607,1,0.0,0.0,,2,2,10,0.0,2,7,9,1032,3,2,30,3,3.0,1,31,13,0.0,33,0.0,0.0
1,2,2.0,1,22,1,3,2,5,512,1,0.0,0.0,,10,2,15,0.0,3,3,1,1654,1,2,10,0,2.0,1,24,3,0.0,33,0.0,0.0
2,3,2.0,517,17,1,3,2,1,501,1,0.0,0.0,,12,2,7,0.0,3,2,1,1654,3,2,15,0,1.0,1,24,3,0.0,12,0.0,0.0
2,3,2.0,630,9,1,1,2,5,501,1,0.0,0.0,,8,2,11,0.0,3,1,9,1654,3,2,30,3,2.0,1,24,3,0.0,21,0.0,0.0
2,3,2.0,5500,23,1,2,1,5,631,1,0.0,0.0,,8,1,0,0.0,2,7,9,225,0,2,30,5,2.0,1,31,14,0.0,33,0.0,0.0
2,3,2.0,2909,14,1,2,1,1,258,1,0.0,0.0,,10,2,7,0.0,2,6,1,1032,3,2,30,3,1.0,1,24,3,0.0,33,0.0,0.0
2,3,2.0,13,14,1,3,1,1,348,1,0.0,0.0,,13,1,10,0.0,3,2,9,1654,3,2,25,3,6.0,1,24,14,0.0,36,0.0,0.0
1,3,2.0,4600,22,0,3,1,1,499,1,0.0,1.0,,2,2,15,0.0,3,3,1,1013,1,1,30,0,1.0,1,31,3,1.0,33,0.0,0.0
2,3,2.0,1,11,1,3,2,1,512,1,0.0,0.0,,12,2,16,0.0,3,6,2,1654,3,2,20,0,2.0,1,10,3,0.0,18,0.0,0.0
1,3,2.0,2199,8,1,2,1,1,324,1,0.0,0.0,,11,1,10,0.0,0,4,1,331,3,2,30,3,2.0,1,24,14,0.0,19,0.0,0.0
1,3,2.0,517,17,1,3,2,1,501,1,0.0,0.0,,12,2,7,0.0,3,6,1,1654,4,2,20,0,1.0,1,24,3,0.0,21,0.0,0.0
1,3,2.0,891,15,1,3,2,5,501,1,0.0,0.0,,8,2,10,0.0,3,5,1,1654,3,2,25,0,2.0,1,31,3,0.0,33,0.0,0.0
0,3,2.0,6600,11,1,2,1,1,352,1,0.0,0.0,,10,2,15,0.0,2,7,9,322,3,2,30,0,2.0,1,31,3,0.0,33,0.0,0.0
0,3,2.0,1,13,1,2,2,1,600,1,0.0,0.0,,10,2,15,0.0,3,1,1,1651,3,2,20,5,2.0,1,31,3,0.0,23,0.0,0.0
2,3,1.0,410,13,0,2,2,1,501,1,0.0,1.0,,12,2,2,0.0,3,1,1,1651,3,3,15,0,0.0,1,31,5,0.0,26,1.0,0.0
2,3,2.0,3099,3,0,2,2,1,290,1,0.0,1.0,,8,2,2,0.0,2,2,9,133,1,3,30,3,0.0,1,31,3,0.0,33,1.0,0.0
1,3,2.0,10156,10,1,2,2,1,372,1,0.0,0.0,,11,2,15,0.0,3,6,1,1654,3,2,45,5,2.0,1,31,3,0.0,33,0.0,0.0
2,3,2.0,4725,15,1,3,2,1,72,1,0.0,0.0,,8,2,2,0.0,3,3,1,813,3,2,30,0,1.0,1,24,3,0.0,25,0.0,0.0
0,3,2.0,3358,23,1,2,1,1,612,1,0.0,0.0,,8,1,10,0.0,2,6,1,211,1,2,30,0,2.0,1,24,13,0.0,33,0.0,0.0
2,3,2.0,1,12,1,2,2,1,600,1,0.0,0.0,,11,2,15,0.0,3,4,1,1651,3,2,30,5,2.0,1,31,3,0.0,18,0.0,0.0
2,3,2.0,172,19,1,2,2,5,155,1,0.0,0.0,,3,5,15,0.0,1,2,9,1654,1,2,35,3,2.0,1,31,15,0.0,33,0.0,0.0
2,3,2.0,4817,14,1,2,2,5,537,1,0.0,0.0,,8,2,0,0.0,1,1,1,1712,3,2,30,5,3.0,1,24,3,0.0,33,0.0,0.0
0,4,2.0,4655,21,1,2,2,5,257,1,0.0,0.0,,10,2,7,0.0,2,1,9,221,1,2,30,5,2.0,1,34,3,0.0,25,0.0,0.0
1,3,2.0,7198,16,1,3,1,1,126,1,0.0,0.0,,8,2,10,0.0,3,3,1,811,3,2,30,0,2.0,1,24,3,0.0,25,0.0,0.0
2,2,1.0,8701,10,0,2,2,1,200,1,0.0,1.0,,3,1,2,0.0,2,7,9,412,3,1,35,3,4.0,1,15,5,1.0,26,0.0,0.0
1,3,2.0,3100,17,1,2,1,5,207,1,0.0,0.0,,8,1,10,0.0,1,5,2,1934,4,2,30,3,2.0,1,19,14,0.0,21,0.0,0.0
2,3,2.0,4331,11,1,1,2,1,442,1,0.0,0.0,,3,1,15,0.0,1,6,1,1654,3,2,45,0,2.0,1,24,14,0.0,33,0.0,0.0
0,0,2.0,5,13,0,2,2,1,600,1,0.0,1.0,,10,2,4,0.0,3,3,1,1655,3,3,30,0,2.0,1,31,3,0.0,33,1.0,0.0
2,3,2.0,1,9,1,3,2,1,327,1,0.0,0.0,,3,2,10,0.0,3,7,1,1654,3,2,30,0,2.0,1,10,3,0.0,19,0.0,0.0
2,3,1.0,825,16,0,2,2,1,501,1,0.0,0.0,,12,2,2,0.0,3,7,9,1651,3,2,10,3,2.0,1,34,3,0.0,12,0.0,0.0
2,3,2.0,7652,7,1,2,2,1,213,1,0.0,0.0,,8,2,0,0.0,2,6,1,421,3,2,30,5,2.0,1,24,3,0.0,33,0.0,0.0
0,3,2.0,514,17,1,2,2,1,501,1,0.0,0.0,,12,2,16,0.0,3,3,1,1654,1,2,25,3,2.0,1,24,3,0.0,12,0.0,0.0
1,3,2.0,5500,21,1,10,1,1,631,1,0.0,0.0,,2,1,16,0.0,2,2,1,225,1,2,30,0,2.0,1,6,14,0.0,24,0.0,0.0
2,3,2.0,2635,10,1,1,1,1,178,1,0.0,0.0,,10,2,11,0.0,2,3,1,1034,3,2,20,0,2.0,1,24,3,0.0,33,0.0,0.0
1,2,2.0,1,12,1,12,1,5,600,1,0.0,0.0,,10,2,7,0.0,3,5,1,1651,3,2,10,0,1.0,1,31,3,0.0,17,0.0,0.0
2,3,2.0,5,11,1,1,2,1,600,1,0.0,0.0,,10,2,15,0.0,3,2,1,1655,3,2,30,0,2.0,1,20,3,0.0,18,0.0,0.0
2,3,2.0,2,12,1,1,2,1,600,1,0.0,0.0,,10,2,15,0.0,3,6,9,1652,3,2,20,3,2.0,1,34,3,0.0,18,0.0,0.0
1,3,2.0,524,7,1,1,2,1,501,1,0.0,0.0,,8,2,10,0.0,3,6,9,1654,3,2,30,3,3.0,1,31,3,0.0,12,0.0,0.0
1,3,2.0,1,12,1,1,2,1,155,1,0.0,0.0,,13,1,10,0.0,1,1,1,1654,3,2,30,0,2.0,1,24,14,0.0,19,0.0,0.0
1,3,2.0,8800,15,1,3,1,1,201,1,0.0,0.0,,3,0,10,0.0,2,6,1,412,3,2,50,0,3.0,1,17,5,0.0,22,0.0,0.0
1,3,2.0,1,16,1,2,2,1,600,1,0.0,0.0,,10,2,15,0.0,3,1,1,1651,3,2,20,0,2.0,1,31,3,0.0,12,0.0,0.0
2,3,2.0,6560,11,1,3,2,5,304,1,0.0,0.0,,2,2,10,0.0,3,3,1,2512,3,2,30,5,2.0,1,31,3,0.0,33,0.0,0.0
0,4,1.0,1,23,1,2,2,1,517,1,0.0,0.0,,12,2,2,0.0,3,7,1,1654,1,2,10,0,1.0,1,24,3,0.0,33,0.0,0.0
1,3,2.0,450,6,1,3,1,1,501,1,0.0,0.0,,10,2,7,0.0,3,3,1,1654,2,2,20,0,1.0,1,10,3,0.0,19,0.0,0.0
1,3,1.0,2425,6,1,3,2,1,644,1,0.0,0.0,,11,2,2,0.0,2,4,1,1034,0,2,15,0,1.0,1,31,3,0.0,33,0.0,0.0
0,3,2.0,524,14,1,1,2,1,501,1,0.0,0.0,,12,2,7,0.0,3,7,1,1654,3,2,10,5,1.0,1,31,5,0.0,33,0.0,0.0
1,3,2.0,9500,8,1,3,1,5,361,0,0.0,0.0,,8,5,16,0.0,2,6,1,431,3,2,35,0,2.0,1,24,3,0.0,25,0.0,0.0
2,3,1.0,1,9,1,2,2,2,512,1,0.0,0.0,,12,4,2,0.0,3,7,1,1654,3,2,15,0,1.0,1,24,5,0.0,33,0.0,0.0
1,3,2.0,7130,17,1,2,1,1,590,1,0.0,0.0,,8,2,10,0.0,2,4,1,324,3,2,35,3,2.0,1,34,3,0.0,19,0.0,0.0
1,3,2.0,4054,9,1,2,2,2,257,1,0.0,0.0,,10,2,7,0.0,2,6,9,213,3,2,20,3,1.0,1,24,3,0.0,36,0.0,0.0
2,3,3.0,2900,14,1,2,2,1,537,1,0.0,0.0,,11,2,10,0.0,2,1,1,1031,3,2,30,0,3.0,1,24,3,0.0,33,0.0,0.0
2,1,2.0,10830,23,0,1,2,1,331,1,0.0,0.0,,3,2,15,0.0,3,5,1,1654,1,2,35,0,3.0,1,31,3,0.0,12,0.0,0.0
2,3,2.0,1859,15,1,2,1,1,97,1,0.0,0.0,,19,2,10,0.0,0,7,1,412,3,2,35,0,2.0,1,24,13,0.0,19,0.0,0.0
1,5,2.0,2,17,0,3,2,5,348,1,0.0,0.0,,13,1,10,0.0,3,4,6,1654,3,2,30,5,2.0,1,15,14,0.0,17,0.0,0.0
2,3,2.0,3,7,0,2,2,1,600,1,0.0,1.0,,10,2,15,0.0,3,7,1,1653,3,3,20,5,2.0,1,10,3,0.0,18,1.0,0.0
2,3,2.0,5500,0,1,2,1,5,631,1,0.0,0.0,,8,1,10,0.0,2,4,1,225,0,2,30,3,2.0,1,24,14,0.0,36,0.0,0.0
2,3,2.0,6100,2,0,1,2,2,631,1,0.0,0.0,,15,1,0,0.0,2,4,2,311,1,2,30,3,2.0,1,31,13,0.0,18,0.0,0.0
1,3,2.0,510,8,1,2,2,2,501,1,0.0,0.0,,12,2,7,0.0,3,3,9,1654,3,2,10,3,1.0,1,31,3,0.0,33,0.0,0.0
1,3,1.0,1,10,0,2,2,1,600,1,0.0,1.0,,10,2,2,0.0,3,1,1,1651,3,3,15,0,0.0,1,24,3,0.0,13,1.0,0.0
2,3,3.0,4720,21,1,12,2,5,257,1,0.0,0.0,,10,2,7,0.0,2,5,10,224,0,2,30,4,1.0,1,24,14,0.0,33,0.0,0.0
2,3,2.0,14,7,0,1,2,1,348,1,0.0,0.0,,3,2,10,0.0,3,6,1,1654,3,2,30,0,2.0,1,17,3,0.0,19,0.0,0.0
2,3,2.0,3845,17,1,3,2,1,588,1,0.0,0.0,,8,2,7,0.0,2,4,1,213,0,2,35,0,1.0,1,24,3,0.0,21,0.0,0.0
2,3,2.0,1705,21,0,3,2,1,368,1,0.0,1.0,,8,2,9,0.0,2,4,1,1022,1,3,25,0,1.0,1,24,3,0.0,33,1.0,0.0
2,3,2.0,5900,17,1,3,1,1,631,1,0.0,0.0,,10,1,16,0.0,2,5,1,232,4,2,30,0,3.0,1,24,14,0.0,24,0.0,0.0
2,3,2.0,5420,18,1,3,1,1,631,1,0.0,0.0,,10,2,15,0.0,2,7,1,225,0,2,30,0,2.0,1,24,3,0.0,22,0.0,0.0
1,3,2.0,6299,12,1,3,2,5,394,1,0.0,0.0,,6,1,16,0.0,2,4,1,331,3,2,35,0,3.0,1,24,14,0.0,33,0.0,0.0
2,3,2.0,522,10,1,8,2,1,501,1,0.0,0.0,,12,2,7,0.0,3,4,1,1654,3,2,15,0,2.0,1,16,3,0.0,18,0.0,0.0
2,3,2.0,517,16,1,2,2,5,501,1,0.0,0.0,,8,2,15,0.0,3,7,1,1654,3,2,15,0,2.0,1,31,3,0.0,33,0.0,0.0
2,3,2.0,513,19,1,2,2,1,501,1,0.0,0.0,,4,2,7,0.0,3,6,1,1654,1,2,15,0,1.0,1,24,3,0.0,12,0.0,0.0
0,3,2.0,1,16,1,4,2,5,600,1,0.0,0.0,,10,2,7,0.0,3,6,1,1651,3,2,30,0,1.0,1,24,3,0.0,33,0.0,0.0
2,3,2.0,2644,8,1,3,2,1,30,1,0.0,0.0,,8,1,16,0.0,0,2,1,434,3,2,35,1,2.0,1,24,14,0.0,36,0.0,0.0
2,3,2.0,517,19,1,6,2,1,501,1,0.0,0.0,,12,2,7,0.0,3,1,1,1654,1,2,15,0,1.0,1,24,3,0.0,33,0.0,0.0
0,3,2.0,432,13,1,3,2,1,501,1,0.0,0.0,,12,2,15,0.0,3,1,1,1654,3,2,20,0,2.0,1,31,3,0.0,33,0.0,0.0
1,3,2.0,616,12,1,2,2,1,501,1,0.0,0.0,,12,2,15,0.0,3,4,1,1654,3,2,15,0,2.0,1,16,3,0.0,23,0.0,0.0
1,3,2.0,1,21,1,3,2,5,600,1,0.0,0.0,,8,2,13,0.0,3,4,1,1651,1,2,30,0,2.0,1,16,3,0.0,18,0.0,0.0
1,3,2.0,5500,15,1,3,1,1,631,1,0.0,0.0,,10,1,10,0.0,2,2,1,225,3,2,30,0,3.0,1,24,14,0.0,25,0.0,0.0
1,3,2.0,13000,18,1,3,1,5,590,1,0.0,0.0,,8,1,3,0.0,2,2,1,434,3,2,30,4,2.0,1,31,14,0.0,33,0.0,0.0
2,3,2.0,515,14,1,4,1,5,555,1,0.0,0.0,,8,2,0,0.0,2,7,6,1135,3,2,30,5,4.0,1,31,3,0.0,33,0.0,0.0
2,3,2.0,163,16,1,4,2,5,155,1,0.0,0.0,,3,2,15,0.0,1,5,1,1654,3,2,30,0,2.0,1,31,3,0.0,22,0.0,0.0
0,3,2.0,3,5,1,3,1,1,600,1,0.0,0.0,,10,2,7,0.0,3,2,1,1653,2,2,15,0,1.0,1,31,3,0.0,21,0.0,0.0
1,3,2.0,7198,15,1,4,1,1,126,1,0.0,0.0,,8,1,10,0.0,3,5,1,811,3,2,30,0,2.0,1,31,14,0.0,33,0.0,0.0
1,3,2.0,600,20,1,3,2,1,501,1,0.0,0.0,,12,2,7,0.0,3,4,6,1654,1,2,15,5,1.0,1,24,3,0.0,21,0.0,0.0
2,3,2.0,5300,11,0,7,2,1,570,1,0.0,1.0,,11,2,2,0.0,2,6,1,934,3,1,30,0,0.0,1,31,3,1.0,33,0.0,0.0
2,2,1.0,102,3,0,1,2,5,348,1,0.0,1.0,,10,2,2,0.0,3,2,4,1654,1,3,30,1,1.0,1,24,3,0.0,36,1.0,0.0
2,3,2.0,5,16,1,1,2,1,600,1,0.0,0.0,,13,2,15,0.0,3,7,1,1655,3,2,30,0,2.0,1,31,3,0.0,23,0.0,0.0
2,3,2.0,10020,15,0,1,2,1,143,1,0.0,1.0,,12,2,0,0.0,3,5,1,1654,3,3,10,1,1.0,1,31,3,0.0,33,1.0,0.0
2,5,1.0,9701,2,0,3,2,1,200,1,0.0,0.0,,3,2,2,0.0,2,7,1,431,0,2,45,0,1.0,1,24,3,0.0,25,0.0,0.0
2,3,2.0,700,5,1,1,2,1,501,1,0.0,0.0,,10,2,15,0.0,3,4,1,1654,1,2,20,3,2.0,1,20,3,0.0,18,0.0,0.0
2,3,2.0,1636,10,1,9,1,1,50,1,0.0,0.0,,12,2,16,0.0,3,5,1,924,3,2,30,0,2.0,1,24,3,0.0,33,0.0,0.0
0,3,2.0,301,12,1,3,1,5,168,1,0.0,0.0,,10,2,7,0.0,3,7,1,1934,3,2,30,4,3.0,1,19,3,0.0,21,0.0,0.0
2,3,2.0,5500,15,1,4,2,1,631,1,0.0,0.0,,6,1,16,0.0,2,7,1,225,3,2,30,0,2.0,1,24,14,0.0,23,0.0,0.0
2,3,2.0,300,10,0,3,2,5,168,1,0.0,0.0,,8,2,16,0.0,3,6,2,1934,3,2,30,4,2.0,1,31,3,0.0,33,0.0,0.0
0,3,2.0,3,19,1,3,2,1,600,1,0.0,0.0,,10,2,7,0.0,3,4,1,1653,1,2,20,0,1.0,1,24,3,0.0,27,0.0,0.0
0,3,2.0,3,15,1,3,2,1,600,1,0.0,0.0,,10,2,15,0.0,3,2,1,1653,3,2,25,0,2.0,1,31,3,0.0,12,0.0,0.0
2,3,2.0,8100,12,0,7,2,1,201,1,0.0,1.0,,13,2,10,0.0,2,4,1,414,3,1,55,0,1.0,1,31,3,1.0,33,0.0,0.0
2,3,2.0,2,9,1,6,2,1,600,1,0.0,0.0,,10,2,15,0.0,3,4,2,1652,3,2,20,0,4.0,1,10,3,0.0,19,0.0,0.0
2,3,2.0,9508,16,0,3,2,1,157,1,0.0,0.0,,1,1,16,0.0,2,4,1,2213,3,2,30,0,2.0,1,31,14,0.0,18,0.0,0.0
2,3,2.0,501,10,1,8,2,1,555,1,0.0,0.0,,8,1,15,0.0,2,2,1,1135,3,2,30,0,2.0,1,31,13,0.0,33,0.0,0.0
2,3,2.0,4099,14,0,3,2,1,319,1,0.0,1.0,,6,1,16,0.0,1,2,1,1632,3,1,30,0,1.0,1,17,14,1.0,17,0.0,0.0
0,4,2.0,3,0,1,3,2,1,600,1,0.0,0.0,,8,2,15,0.0,3,4,1,1653,1,2,20,0,2.0,1,16,3,0.0,9,0.0,0.0
2,3,3.0,1719,10,1,3,2,1,91,1,0.0,0.0,,10,2,0,0.0,0,6,1,414,3,2,30,5,2.0,1,31,3,0.0,33,0.0,0.0
0,3,2.0,1,21,1,3,2,1,512,1,0.0,0.0,,12,2,7,0.0,3,3,1,1654,1,2,15,0,1.0,1,24,3,0.0,12,0.0,0.0
0,3,2.0,1,19,1,4,2,1,600,1,0.0,0.0,,10,2,10,0.0,3,6,1,1651,4,2,15,0,2.0,1,31,3,0.0,19,0.0,0.0
1,3,2.0,630,16,1,4,2,1,501,1,0.0,0.0,,4,2,7,0.0,3,3,1,1654,3,2,10,0,1.0,1,24,3,0.0,33,0.0,0.0
2,3,2.0,1550,15,0,4,2,1,436,1,0.0,0.0,,8,2,7,0.0,1,6,1,1423,3,2,30,0,1.0,1,31,3,0.0,33,0.0,0.0
2,3,2.0,2,13,1,7,2,1,600,1,0.0,0.0,,11,2,15,0.0,3,6,1,1652,3,2,30,0,2.0,1,31,3,0.0,33,0.0,0.0
2,3,2.0,4503,9,1,3,1,1,53,1,0.0,0.0,,8,2,0,0.0,3,7,1,815,3,2,30,0,2.0,1,16,3,0.0,18,0.0,0.0
2,2,2.0,8800,11,1,4,2,1,201,1,0.0,0.0,,3,1,11,0.0,2,5,1,412,3,2,35,0,2.0,1,31,7,0.0,21,0.0,0.0
2,3,2.0,457,7,1,3,2,1,272,0,0.0,0.0,,10,5,16,0.0,0,7,1,1834,3,2,30,0,2.0,1,31,13,0.0,22,0.0,0.0
2,3,2.0,405,9,1,4,1,1,501,1,0.0,0.0,,10,2,7,0.0,3,3,10,1654,3,2,10,4,1.0,1,24,3,0.0,33,0.0,0.0
1,3,2.0,516,20,1,3,2,1,501,1,0.0,0.0,,12,2,7,0.0,3,1,1,1654,1,2,15,0,1.0,1,24,3,0.0,12,0.0,0.0
0,3,1.0,9915,16,1,3,2,5,603,1,0.0,0.0,,12,2,2,0.0,2,2,1,431,3,2,20,3,3.0,1,24,3,0.0,36,0.0,0.0
2,2,1.0,6258,6,0,4,2,1,394,1,0.0,1.0,,3,1,2,0.0,2,1,1,331,3,3,45,0,0.0,1,15,14,0.0,11,1.0,0.0
1,3,1.0,2,21,1,4,2,1,348,1,0.0,0.0,,3,2,5,0.0,3,2,1,1654,1,2,55,0,3.0,1,24,3,0.0,33,0.0,0.0
2,3,2.0,895,14,1,3,2,1,501,1,0.0,0.0,,12,2,7,0.0,3,3,1,1654,3,2,20,0,1.0,1,10,3,0.0,21,0.0,0.0
2,3,3.0,17,14,0,3,2,1,348,1,0.0,3.0,,2,1,15,0.0,3,3,1,1654,3,3,30,0,1.0,1,20,5,0.0,18,2.0,1.0
0,3,2.0,102,10,1,3,2,1,348,1,0.0,0.0,,10,2,10,0.0,3,7,1,1654,3,2,25,0,2.0,1,10,3,0.0,19,0.0,0.0
1,3,2.0,4700,16,0,3,2,1,257,1,0.0,0.0,,6,1,16,0.0,2,1,1,224,3,2,30,0,2.0,1,2,14,0.0,6,0.0,0.0
0,4,2.0,1,12,1,3,2,1,517,1,0.0,0.0,,12,2,11,0.0,3,6,1,1654,3,2,15,0,2.0,1,17,3,0.0,21,0.0,0.0
2,3,2.0,1699,11,1,3,2,5,460,1,0.0,0.0,,2,2,16,0.0,0,3,1,331,3,2,35,0,3.0,1,31,3,0.0,24,0.0,0.0
2,3,2.0,722,3,1,4,2,1,501,1,0.0,0.0,,12,1,0,0.0,3,2,6,1654,1,2,10,5,2.0,1,10,13,0.0,5,0.0,0.0
1,3,2.0,170,19,1,3,2,1,155,1,0.0,0.0,,6,1,10,0.0,1,1,6,1654,1,2,20,5,3.0,1,34,14,0.0,19,0.0,0.0
0,3,2.0,1,13,1,1,2,1,600,1,0.0,0.0,,10,2,7,0.0,3,3,1,1651,3,2,20,3,1.0,1,31,3,0.0,22,0.0,0.0
2,3,2.0,3,6,0,1,2,1,600,1,0.0,0.0,,10,2,10,0.0,3,7,1,1653,1,2,25,0,3.0,1,10,3,0.0,19,0.0,0.0
2,3,2.0,5466,5,0,1,2,5,631,1,0.0,0.0,,6,5,0,0.0,2,4,9,225,0,2,30,3,2.0,1,31,15,0.0,33,0.0,0.0
0,3,2.0,70,19,1,1,1,1,348,1,0.0,0.0,,11,2,15,0.0,3,6,9,1654,4,2,20,5,2.0,1,24,3,0.0,33,0.0,0.0
2,3,2.0,13000,12,1,12,1,1,590,1,0.0,0.0,,16,1,10,0.0,2,5,1,434,3,2,30,0,2.0,1,24,14,0.0,33,0.0,0.0
2,3,1.0,4640,5,0,1,2,1,390,1,0.0,0.0,,10,2,2,0.0,2,4,5,215,1,2,30,1,2.0,1,34,3,0.0,17,0.0,0.0
1,3,2.0,10,14,1,12,2,1,348,1,0.0,0.0,,3,2,10,0.0,3,1,1,1654,3,2,55,5,2.0,1,16,3,0.0,19,0.0,0.0
2,3,1.0,524,10,1,1,2,1,501,1,0.0,0.0,,4,1,5,0.0,3,6,2,1654,3,2,20,5,1.0,1,10,7,0.0,18,0.0,0.0
1,3,2.0,1,12,1,3,2,1,600,1,0.0,0.0,,11,1,7,0.0,3,4,1,1651,3,2,30,0,1.0,1,24,3,0.0,19,0.0,0.0
1,3,2.0,1700,23,1,3,1,1,368,1,0.0,0.0,,8,1,10,0.0,2,5,1,1022,1,2,30,0,3.0,1,24,14,0.0,33,0.0,0.0
1,3,2.0,5900,17,1,3,1,1,631,1,0.0,0.0,,10,2,15,0.0,2,5,1,232,3,2,30,0,2.0,1,24,3,0.0,25,0.0,0.0
2,3,2.0,4760,15,1,7,2,1,89,1,0.0,0.0,,8,2,15,0.0,3,6,1,833,3,2,20,0,2.0,1,21,3,0.0,18,0.0,0.0
1,3,1.0,1,6,1,4,2,5,513,1,0.0,0.0,,12,2,2,0.0,3,3,1,1654,3,2,20,0,1.0,1,24,3,0.0,25,0.0,0.0
1,3,2.0,6240,20,1,3,1,1,380,1,0.0,0.0,,2,2,10,0.0,1,6,1,1711,1,2,30,0,2.0,1,24,3,0.0,8,0.0,0.0
2,3,2.0,2546,8,1,3,2,1,83,1,0.0,0.0,,8,1,10,0.0,0,5,1,334,3,2,30,0,3.0,1,24,14,0.0,33,0.0,0.0
2,3,2.0,2,5,1,3,2,1,600,1,0.0,0.0,,10,2,15,0.0,3,7,1,1652,2,2,25,0,2.0,1,10,3,0.0,22,0.0,0.0
1,3,2.0,5,23,1,3,2,1,600,1,0.0,0.0,,11,4,15,0.0,3,3,1,1655,1,2,15,0,2.0,1,31,5,0.0,33,0.0,0.0
2,3,2.0,7957,10,1,3,2,1,377,1,0.0,0.0,,8,2,0,0.0,2,2,1,834,3,2,25,0,2.0,1,31,3,0.0,21,0.0,0.0
2,3,2.0,12800,13,1,2,1,1,355,1,0.0,0.0,,3,1,10,0.0,3,4,10,1654,3,2,45,4,2.0,1,24,14,0.0,33,0.0,0.0
2,3,2.0,450,8,1,3,2,1,501,1,0.0,0.0,,12,2,7,0.0,3,5,2,1654,3,2,20,0,1.0,1,10,3,0.0,19,0.0,0.0
2,3,2.0,3,17,1,2,2,5,600,1,0.0,0.0,,10,2,15,0.0,3,6,1,1653,1,2,30,0,2.0,1,31,3,0.0,33,0.0,0.0
0,3,2.0,8344,7,1,3,1,1,279,1,0.0,0.0,,8,2,7,0.0,2,4,1,423,3,2,30,0,1.0,1,31,3,0.0,33,0.0,0.0
2,3,2.0,1523,12,1,3,2,5,407,1,0.0,0.0,,8,5,10,0.0,3,7,1,1912,3,2,30,0,3.0,1,17,15,0.0,19,0.0,0.0
0,3,2.0,1,22,1,7,2,1,600,1,0.0,0.0,,10,2,0,0.0,3,3,1,1651,1,2,20,0,2.0,1,24,3,0.0,33,0.0,0.0
1,3,2.0,1,10,1,8,1,1,600,1,0.0,0.0,,10,2,15,0.0,3,1,1,1651,3,2,20,0,2.0,1,24,3,0.0,23,0.0,0.0
2,3,2.0,1,22,0,3,2,1,515,1,0.0,0.0,,12,2,0,0.0,3,3,6,1654,1,2,5,5,2.0,1,24,3,0.0,25,0.0,0.0
1,3,2.0,5,23,1,3,2,1,600,1,0.0,0.0,,10,2,15,0.0,3,7,1,1655,1,2,20,0,2.0,1,31,3,0.0,23,0.0,0.0
2,3,2.0,475,15,1,2,2,5,501,1,0.0,0.0,,10,2,15,0.0,3,6,1,1654,3,2,25,0,2.0,1,31,3,0.0,33,0.0,0.0
2,3,2.0,432,16,1,4,2,1,501,1,0.0,0.0,,10,2,15,0.0,3,6,1,1654,3,2,25,0,2.0,1,31,3,0.0,23,0.0,0.0
2,3,2.0,5,22,0,4,2,1,600,1,0.0,0.0,,10,1,10,0.0,3,6,1,1655,5,2,20,0,3.0,1,24,13,0.0,19,0.0,0.0
2,3,2.0,811,13,0,2,2,5,135,1,0.0,4.0,,6,5,16,0.0,2,1,1,1513,3,1,30,0,1.0,1,25,16,3.0,6,1.0,0.0
0,3,2.0,5500,22,1,3,1,1,631,1,0.0,0.0,,10,1,10,0.0,2,2,1,225,1,2,30,0,2.0,1,10,14,0.0,33,0.0,0.0
2,3,2.0,8900,1,0,3,2,1,214,1,0.0,1.0,,15,1,16,0.0,2,1,1,423,1,4,30,0,2.0,1,31,14,0.0,6,0.0,1.0
1,3,2.0,514,22,1,3,2,1,501,1,0.0,0.0,,11,4,7,0.0,3,3,1,1654,1,2,15,2,3.0,1,24,5,0.0,12,0.0,0.0
1,3,2.0,5397,18,1,3,1,1,134,1,0.0,0.0,,2,2,10,0.0,1,1,1,1622,3,2,30,0,5.0,1,31,3,0.0,19,0.0,0.0
2,3,2.0,380,11,0,4,2,5,429,1,0.0,0.0,,13,5,15,0.0,1,2,6,114,3,2,30,5,2.0,1,31,5,0.0,33,0.0,0.0
2,3,3.0,5500,23,1,5,1,1,631,1,0.0,0.0,,6,1,10,0.0,2,1,3,225,1,2,35,4,3.0,1,24,14,0.0,33,0.0,0.0
2,3,2.0,1334,15,1,5,1,1,392,1,0.0,0.0,,8,2,7,0.0,2,7,1,1233,3,2,30,0,1.0,1,31,3,0.0,33,0.0,0.0
2,3,3.0,3719,23,1,4,2,1,537,1,0.0,0.0,,11,4,7,0.0,1,1,1,1732,1,2,30,0,1.0,1,24,5,0.0,25,0.0,0.0
2,0,2.0,6544,4,0,4,2,1,237,1,0.0,0.0,,13,2,2,0.0,2,5,1,722,1,2,55,5,1.0,1,24,3,0.0,36,0.0,0.0
0,3,2.0,524,19,0,4,2,1,501,1,0.0,1.0,,12,2,9,0.0,3,7,6,1654,1,3,10,5,1.0,1,24,3,0.0,25,1.0,0.0
2,3,2.0,2,21,0,4,2,1,348,1,0.0,0.0,,3,2,15,0.0,3,2,1,1654,1,2,55,0,2.0,1,24,3,0.0,33,0.0,0.0
2,2,1.0,8801,9,1,5,2,1,200,1,0.0,0.0,,3,1,2,0.0,2,1,1,423,3,2,35,0,1.0,1,31,6,0.0,33,0.0,0.0
2,3,2.0,5336,16,1,4,2,5,304,1,0.0,0.0,,8,5,10,0.0,3,3,10,2515,5,2,35,4,2.0,1,31,14,0.0,33,0.0,0.0
2,3,2.0,514,0,1,4,2,1,501,1,0.0,0.0,,12,2,15,0.0,3,5,1,1654,1,2,10,0,2.0,1,24,3,0.0,33,0.0,0.0
2,2,1.0,6259,2,0,4,2,1,394,1,0.0,1.0,,3,1,2,0.0,2,2,1,331,1,3,35,0,0.0,1,24,14,0.0,33,1.0,0.0
1,3,2.0,616,13,1,4,2,1,501,1,0.0,0.0,,12,2,7,0.0,3,3,1,1654,3,2,10,0,1.0,1,24,3,0.0,33,0.0,0.0
1,3,2.0,5700,15,1,4,1,1,631,1,0.0,0.0,,8,1,16,0.0,2,4,1,232,3,2,30,0,3.0,1,20,14,0.0,24,0.0,0.0
2,3,2.0,1732,21,1,4,1,1,389,1,0.0,0.0,,2,4,15,0.0,1,2,1,1814,0,2,35,0,2.0,1,24,5,0.0,12,0.0,0.0
2,3,2.0,6600,20,1,4,1,1,457,1,0.0,0.0,,10,1,0,0.0,2,6,1,322,0,2,35,0,3.0,1,24,14,0.0,33,0.0,0.0
2,3,2.0,5900,12,1,4,1,1,631,1,0.0,0.0,,16,3,16,0.0,2,6,1,232,3,2,3,0,5.0,1,31,14,0.0,33,0.0,0.0
0,3,1.0,6752,9,1,4,2,1,489,1,0.0,0.0,,2,1,2,0.0,3,5,1,2513,3,2,30,0,1.0,1,31,14,0.0,17,0.0,0.0
2,3,1.0,5300,16,0,5,2,1,631,0,0.0,1.0,,10,2,2,0.0,2,1,1,225,3,3,30,0,0.0,1,24,3,0.0,19,1.0,0.0
2,3,2.0,710,12,1,4,2,1,501,1,0.0,0.0,,8,2,15,0.0,3,4,2,1654,3,2,30,0,2.0,1,31,3,0.0,33,0.0,0.0
1,3,2.0,705,12,1,3,1,5,234,1,0.0,0.0,,8,1,16,0.0,2,5,2,1225,3,2,30,0,2.0,1,22,14,0.0,25,0.0,0.0
2,3,1.0,5,3,0,5,2,1,600,0,0.0,0.0,,10,2,2,0.0,3,1,1,1655,0,2,25,0,1.0,1,31,3,0.0,12,0.0,0.0
1,3,2.0,3,17,1,4,1,1,600,1,0.0,0.0,,8,2,7,0.0,3,4,1,1653,3,2,30,0,1.0,1,24,3,0.0,23,0.0,0.0
2,3,1.0,524,14,1,4,2,1,501,1,0.0,0.0,,12,2,2,0.0,3,3,1,1654,3,2,15,0,1.0,1,24,3,0.0,21,0.0,0.0
1,3,2.0,3,5,1,5,2,1,600,1,0.0,0.0,,13,2,10,0.0,3,1,1,1653,3,2,20,0,2.0,1,24,3,0.0,25,0.0,0.0
0,4,1.0,9000,8,1,5,2,1,314,1,0.0,0.0,,6,2,2,0.0,2,2,1,2221,3,2,30,0,1.0,1,24,3,0.0,25,0.0,0.0
2,3,2.0,10000,13,1,1,1,1,143,1,0.0,0.0,,10,2,7,0.0,3,4,1,1654,3,2,15,0,1.0,1,17,3,0.0,19,0.0,0.0
2,3,2.0,3,16,1,1,2,1,600,1,0.0,0.0,,10,2,16,0.0,3,7,1,1653,4,2,10,0,3.0,1,31,3,0.0,12,0.0,0.0
2,3,2.0,2801,16,1,10,2,1,151,1,0.0,0.0,,8,1,16,0.0,3,2,1,1411,3,2,30,0,2.0,1,24,14,0.0,18,0.0,0.0
2,3,2.0,1,10,1,1,2,1,600,1,0.0,0.0,,10,2,15,0.0,3,4,2,1651,3,2,25,0,3.0,1,10,3,0.0,18,0.0,0.0
2,3,2.0,100,21,1,10,1,1,155,1,0.0,0.0,,12,2,10,0.0,1,6,1,1654,1,2,5,0,2.0,1,31,3,0.0,21,0.0,0.0
2,3,2.0,6298,10,1,12,1,1,394,1,0.0,0.0,,3,1,10,0.0,2,3,6,331,3,2,30,5,2.0,1,31,14,0.0,33,0.0,0.0
2,3,1.0,5100,8,0,5,2,5,631,1,0.0,0.0,,18,5,2,0.0,2,2,10,225,3,2,30,4,3.0,1,31,15,0.0,26,0.0,0.0
2,3,2.0,10399,4,1,5,2,1,649,1,0.0,0.0,,6,1,15,0.0,3,1,1,1654,1,2,45,0,2.0,1,10,14,0.0,19,0.0,0.0
2,3,2.0,1369,7,1,4,2,1,342,1,0.0,0.0,,8,2,0,0.0,3,4,1,1215,3,2,25,0,2.0,1,24,3,0.0,19,0.0,0.0
0,3,2.0,5,14,1,4,2,5,501,1,0.0,0.0,,12,5,7,0.0,3,6,1,1651,3,2,25,0,1.0,1,24,3,0.0,33,0.0,0.0
2,3,2.0,4599,6,1,5,2,1,538,1,0.0,0.0,,10,2,15,0.0,1,6,1,1913,3,2,30,0,2.0,1,24,3,0.0,33,0.0,0.0
2,4,1.0,9500,13,0,5,2,1,201,1,0.0,0.0,,3,2,2,0.0,2,1,1,431,3,2,45,0,2.0,1,24,3,0.0,13,0.0,0.0
2,3,2.0,172,6,1,4,2,1,155,1,0.0,0.0,,11,1,15,0.0,1,1,1,1654,3,2,15,0,2.0,1,31,14,0.0,33,0.0,0.0
1,3,2.0,2959,13,0,5,2,1,316,1,0.0,0.0,,10,2,0,0.0,2,1,1,1031,3,2,30,0,2.0,1,31,3,0.0,5,0.0,0.0
1,3,2.0,891,12,1,4,1,1,501,1,0.0,0.0,,12,2,7,0.0,3,6,1,1654,3,2,20,0,1.0,1,31,3,0.0,33,0.0,0.0
2,4,1.0,1,1,0,4,2,1,512,1,0.0,1.0,,12,2,2,0.0,3,2,1,1654,1,3,10,0,0.0,1,24,3,0.0,20,1.0,0.0
2,3,2.0,516,14,1,3,2,5,501,1,0.0,0.0,,11,2,7,0.0,3,2,1,1654,3,2,10,0,1.0,1,24,3,0.0,33,0.0,0.0
2,3,2.0,7198,13,1,4,2,1,126,1,0.0,0.0,,6,1,16,0.0,3,5,1,811,3,2,30,0,2.0,1,31,14,0.0,33,0.0,0.0
2,3,2.0,1,16,1,4,2,1,600,1,0.0,0.0,,12,2,7,0.0,3,6,1,1651,3,2,10,0,1.0,1,24,3,0.0,33,0.0,0.0
1,3,2.0,817,0,1,4,2,1,135,1,0.0,0.0,,8,2,16,0.0,2,1,1,1513,1,2,30,0,4.0,1,31,3,0.0,33,0.0,0.0
1,3,2.0,516,14,1,5,2,1,501,1,0.0,0.0,,12,2,7,0.0,3,1,1,1654,3,2,10,0,1.0,1,24,3,0.0,12,0.0,0.0
1,3,2.0,4653,11,1,4,2,1,633,1,0.0,0.0,,11,2,7,0.0,2,5,1,924,3,2,30,0,2.0,1,24,5,0.0,21,0.0,0.0
2,3,1.0,2030,14,0,5,2,5,368,1,0.0,0.0,,8,2,2,0.0,2,2,1,1022,3,2,30,0,1.0,1,24,3,0.0,25,0.0,0.0
0,3,1.0,561,15,1,4,2,1,501,1,0.0,0.0,,11,0,2,0.0,3,2,1,1654,3,2,20,0,1.0,1,31,5,0.0,33,0.0,0.0
1,3,2.0,2,13,1,5,2,1,600,1,0.0,0.0,,10,2,15,0.0,3,2,1,1652,3,2,20,0,3.0,1,21,3,0.0,18,0.0,0.0
2,3,2.0,3000,19,1,1,1,1,240,1,0.0,0.0,,11,2,7,0.0,2,2,9,133,1,2,30,3,1.0,1,31,3,0.0,33,0.0,0.0
2,3,2.0,13599,19,1,12,2,1,144,1,0.0,0.0,,15,1,10,0.0,2,4,6,433,1,2,30,5,9.0,1,24,13,0.0,33,0.0,0.0
2,3,2.0,8833,13,0,1,2,1,200,1,0.0,1.0,,3,2,10,0.0,2,4,1,423,3,4,55,0,1.0,1,24,3,0.0,25,0.0,1.0
2,3,2.0,10000,19,1,12,1,5,143,1,0.0,0.0,,10,2,15,0.0,3,6,1,1654,0,2,30,4,3.0,1,24,3,0.0,33,0.0,0.0
1,3,2.0,7301,17,1,10,1,1,330,1,0.0,0.0,,8,1,10,0.0,3,4,6,1613,4,2,30,5,2.0,1,24,13,0.0,19,0.0,0.0
2,3,2.0,1,21,1,12,2,1,461,1,0.0,0.0,,10,2,10,0.0,2,7,1,813,1,2,15,0,2.0,1,31,3,0.0,19,0.0,0.0
2,2,1.0,90,16,0,4,2,1,348,1,0.0,0.0,,3,2,2,0.0,3,6,1,1654,3,2,35,0,1.0,1,24,3,0.0,25,0.0,0.0
2,3,2.0,5901,12,0,4,2,1,647,1,0.0,1.0,,8,1,16,0.0,2,2,1,711,3,3,30,0,1.0,1,24,14,0.0,24,1.0,0.0
1,3,3.0,1,19,1,4,2,1,600,1,0.0,0.0,,10,2,11,0.0,3,6,1,1651,1,2,10,0,2.0,1,24,3,0.0,21,0.0,0.0
2,3,2.0,2601,21,0,4,2,1,178,1,0.0,0.0,,6,1,0,0.0,2,6,1,1034,1,2,30,0,3.0,1,24,14,0.0,6,0.0,0.0
2,2,1.0,891,9,0,4,2,1,501,1,0.0,0.0,,2,2,2,0.0,3,7,6,1654,3,2,20,5,1.0,1,15,3,0.0,26,0.0,0.0
2,3,2.0,49,13,1,4,2,1,348,1,0.0,0.0,,10,2,15,0.0,3,5,1,1654,3,2,35,0,3.0,1,24,3,0.0,33,0.0,0.0
1,3,2.0,2804,17,1,4,2,1,380,1,0.0,0.0,,8,1,10,0.0,1,7,1,1412,3,2,30,0,2.0,1,24,14,0.0,19,0.0,0.0
2,3,2.0,516,17,1,4,2,1,501,1,0.0,0.0,,12,2,7,0.0,3,2,1,1654,3,2,15,0,1.0,1,20,3,0.0,24,0.0,0.0
0,3,2.0,1,7,1,4,2,1,512,1,0.0,0.0,,12,2,11,0.0,3,1,1,1654,3,2,20,0,2.0,1,24,3,0.0,33,0.0,0.0
1,3,2.0,5,12,1,4,1,1,600,1,0.0,0.0,,12,2,7,0.0,3,4,1,1655,3,2,15,0,1.0,1,24,3,0.0,12,0.0,0.0
2,3,2.0,801,17,1,5,2,1,120,1,0.0,0.0,,11,2,0,0.0,3,1,1,1924,3,2,30,0,3.0,1,24,3,0.0,21,0.0,0.0
2,3,2.0,3,8,0,10,2,1,600,1,0.0,1.0,,10,2,2,0.0,3,1,1,1653,3,3,15,0,1.0,1,31,3,0.0,33,1.0,0.0
2,3,2.0,1,12,0,5,2,1,514,1,0.0,1.0,,12,2,16,0.0,3,6,2,1654,3,4,25,5,1.0,1,10,3,0.0,18,0.0,1.0
2,3,1.0,6599,14,0,12,2,5,200,1,0.0,2.0,,17,2,2,0.0,2,3,6,312,3,4,45,5,0.0,1,24,3,0.0,13,0.0,2.0
2,3,2.0,5,18,1,12,2,5,600,1,0.0,0.0,,10,2,15,0.0,3,3,1,1655,1,2,30,0,2.0,1,24,3,0.0,33,0.0,0.0
2,3,2.0,5558,22,0,12,2,1,141,1,0.0,1.0,,13,1,10,0.0,1,5,9,1622,1,3,30,5,1.0,1,17,14,0.0,17,1.0,0.0
1,4,3.0,10129,19,1,12,2,1,143,1,0.0,0.0,,3,2,10,0.0,3,5,4,1654,1,2,25,3,3.0,1,10,3,0.0,19,0.0,0.0
2,3,2.0,2,12,1,1,1,1,600,1,0.0,0.0,,11,2,15,0.0,3,7,1,1652,3,2,25,0,3.0,1,31,3,0.0,33,0.0,0.0
1,3,2.0,10020,19,1,12,1,1,143,1,0.0,0.0,,12,2,13,0.0,3,6,6,1654,1,2,10,5,2.0,1,19,3,0.0,12,0.0,0.0
2,4,2.0,3,3,0,5,2,1,600,1,0.0,0.0,,10,2,15,0.0,3,3,1,1653,1,2,20,0,2.0,1,21,3,0.0,19,0.0,0.0
1,3,2.0,833,20,1,5,2,1,501,1,0.0,0.0,,11,2,7,0.0,3,4,1,1654,0,2,15,0,1.0,1,31,3,0.0,33,0.0,0.0
2,3,2.0,522,6,1,5,2,1,501,1,0.0,0.0,,12,2,7,0.0,3,5,1,1654,3,2,20,0,1.0,1,10,3,0.0,21,0.0,0.0
2,3,3.0,400,19,1,5,1,1,432,1,0.0,0.0,,15,1,10,0.0,1,2,1,1834,4,2,30,0,6.0,1,24,14,0.0,33,0.0,0.0
1,3,2.0,1,5,1,5,2,1,600,1,0.0,0.0,,10,2,15,0.0,3,1,6,1651,2,2,20,5,2.0,1,16,3,0.0,18,0.0,0.0
2,3,2.0,1,7,1,6,2,1,600,1,0.0,0.0,,10,2,7,0.0,3,5,1,1651,3,2,20,0,1.0,1,10,3,0.0,18,0.0,0.0
1,3,4.0,1800,13,1,5,2,1,20,1,0.0,0.0,,3,1,10,0.0,3,4,1,2234,3,2,30,0,4.0,1,31,14,0.0,18,0.0,0.0
2,3,2.0,524,22,1,5,2,1,501,1,0.0,0.0,,12,2,2,0.0,3,1,1,1654,1,2,10,0,2.0,1,24,3,0.0,33,0.0,0.0
2,3,2.0,516,10,1,5,2,1,501,1,0.0,0.0,,11,2,7,0.0,3,6,1,1654,2,2,25,0,1.0,1,24,3,0.0,12,0.0,0.0
1,3,2.0,33,12,1,6,2,1,12,1,0.0,0.0,,10,2,7,0.0,0,5,1,531,3,2,30,0,2.0,1,24,3,0.0,21,0.0,0.0
1,3,2.0,7167,14,1,5,1,1,66,1,0.0,0.0,,8,3,7,0.0,3,3,1,811,3,2,30,0,1.0,1,31,3,0.0,33,0.0,0.0
1,3,2.0,2098,11,1,5,1,5,463,1,0.0,0.0,,8,1,0,0.0,2,5,1,1014,3,2,30,0,7.0,1,31,14,0.0,33,0.0,0.0
2,3,2.0,9200,16,1,5,2,1,201,1,0.0,0.0,,3,4,15,0.0,2,6,6,423,3,2,55,5,3.0,1,24,5,0.0,33,0.0,0.0
0,2,1.0,5,18,1,4,2,1,600,1,0.0,0.0,,2,2,2,0.0,3,5,1,1655,3,2,30,0,1.0,1,31,16,0.0,17,0.0,0.0
2,3,1.0,9050,4,0,5,2,1,201,1,0.0,0.0,,3,2,2,0.0,2,1,1,423,2,2,60,0,1.0,1,24,3,0.0,33,0.0,0.0
2,3,2.0,815,17,0,1,2,5,135,1,0.0,0.0,,8,2,15,0.0,2,5,1,1513,1,2,25,4,2.0,1,31,3,0.0,33,0.0,0.0
2,3,2.0,12001,9,1,10,1,1,355,1,0.0,0.0,,8,2,15,0.0,3,5,2,1654,3,2,35,0,2.0,1,24,3,0.0,22,0.0,0.0
2,3,2.0,775,15,1,1,2,1,501,1,0.0,0.0,,12,2,16,0.0,3,2,1,1654,3,2,15,0,2.0,1,33,3,0.0,18,0.0,0.0
2,3,2.0,10909,18,1,1,2,1,331,1,0.0,0.0,,15,2,0,0.0,3,1,1,1654,0,2,20,0,2.0,1,10,3,0.0,12,0.0,0.0
1,3,2.0,1,21,1,1,2,5,515,1,0.0,0.0,,12,5,0,0.0,3,5,2,1654,1,2,25,5,3.0,1,24,3,0.0,33,0.0,0.0
2,3,2.0,5,19,1,1,2,1,600,1,0.0,0.0,,11,2,15,0.0,3,3,1,1655,1,2,10,5,2.0,1,10,3,0.0,18,0.0,0.0
2,2,1.0,6258,7,0,1,2,1,394,1,0.0,0.0,,3,2,2,0.0,2,1,9,331,3,2,40,5,1.0,1,24,3,0.0,17,0.0,0.0
2,3,2.0,2,13,1,1,1,1,600,1,0.0,0.0,,11,2,10,0.0,3,7,1,1652,3,2,25,0,2.0,1,10,3,0.0,19,0.0,0.0
2,3,2.0,4340,11,1,1,2,1,442,1,0.0,0.0,,8,2,16,0.0,1,3,1,1654,3,2,30,5,2.0,1,31,3,0.0,33,0.0,0.0
2,3,1.0,1,2,1,5,2,1,600,1,0.0,0.0,,13,2,2,0.0,3,7,1,1651,1,2,20,0,1.0,1,31,3,0.0,21,0.0,0.0
2,4,1.0,7301,9,0,5,2,1,200,1,0.0,0.0,,3,1,2,0.0,2,1,6,323,3,2,55,5,2.0,1,24,5,0.0,12,0.0,0.0
2,3,2.0,3900,17,1,5,1,5,235,1,0.0,0.0,,8,5,10,0.0,2,3,1,924,3,2,30,4,2.0,1,31,14,0.0,33,0.0,0.0
2,3,1.0,8300,22,0,4,2,5,217,1,0.0,0.0,,2,1,2,0.0,2,6,1,424,0,2,35,0,1.0,1,24,14,0.0,25,0.0,0.0
2,3,2.0,850,22,0,5,2,1,501,1,0.0,1.0,,6,1,0,0.0,3,3,6,1654,1,3,30,5,1.0,1,31,13,0.0,36,1.0,0.0
2,3,2.0,2,15,1,5,2,5,241,1,0.0,0.0,,10,2,7,0.0,3,6,1,1832,3,2,30,0,1.0,1,24,3,0.0,21,0.0,0.0
1,3,2.0,3,18,1,4,2,5,600,1,0.0,0.0,,11,2,15,0.0,3,5,1,1653,3,2,30,0,4.0,1,24,3,0.0,18,0.0,0.0
2,3,2.0,3,7,1,5,2,1,600,1,0.0,0.0,,10,2,15,0.0,3,4,2,1653,3,2,25,0,2.0,1,10,3,0.0,18,0.0,0.0
1,3,2.0,3,17,1,5,2,1,600,1,0.0,0.0,,10,2,10,0.0,3,1,2,1653,3,2,30,0,2.0,1,31,3,0.0,33,0.0,0.0
2,2,2.0,8800,11,1,5,2,1,201,1,0.0,0.0,,3,1,11,0.0,2,5,1,412,3,2,35,0,3.0,1,10,7,0.0,21,0.0,0.0
2,3,2.0,2968,14,1,6,1,1,178,1,0.0,0.0,,2,2,10,0.0,2,6,1,1033,3,2,30,0,2.0,1,7,3,0.0,8,0.0,0.0
0,3,2.0,6259,20,1,5,2,1,394,1,0.0,0.0,,12,2,11,0.0,2,1,1,331,2,2,15,0,3.0,1,24,3,0.0,9,0.0,0.0
2,3,2.0,1,21,1,6,2,1,461,1,0.0,0.0,,10,2,0,0.0,2,5,1,813,1,2,15,0,2.0,1,31,3,0.0,18,0.0,0.0
2,3,2.0,8716,8,1,5,1,1,618,1,0.0,0.0,,12,2,13,0.0,2,2,1,2223,3,2,10,0,2.0,1,31,3,0.0,18,0.0,0.0
2,4,3.0,1937,16,0,5,2,1,182,1,0.0,1.0,,2,2,10,0.0,2,2,1,1235,3,3,30,0,3.0,1,31,3,0.0,9,1.0,0.0
1,3,2.0,5500,21,0,10,2,1,631,1,0.0,0.0,,10,1,16,0.0,2,3,6,225,1,2,30,5,2.0,1,16,14,0.0,36,0.0,0.0
2,3,2.0,7100,16,1,2,2,1,279,1,0.0,0.0,,5,1,16,0.0,2,5,1,334,3,2,30,3,2.0,1,24,14,0.0,33,0.0,0.0
1,3,2.0,5500,11,1,12,2,1,631,1,0.0,0.0,,6,1,15,0.0,2,5,1,225,3,2,30,0,2.0,1,21,14,0.0,18,0.0,0.0
2,3,2.0,517,13,1,2,2,1,501,1,0.0,0.0,,12,2,7,0.0,3,6,1,1654,3,2,10,0,1.0,1,24,3,0.0,21,0.0,0.0
2,3,3.0,856,7,1,2,2,5,48,1,0.0,0.0,,8,2,0,0.0,0,7,1,214,3,2,30,0,2.0,1,24,3,0.0,33,0.0,0.0
0,3,2.0,10000,6,1,12,1,5,143,1,0.0,0.0,,15,5,16,0.0,3,6,10,1654,5,2,30,4,2.0,1,24,14,0.0,33,0.0,0.0
2,4,2.0,5500,13,0,9,2,1,631,1,0.0,0.0,,10,1,0,0.0,2,7,1,225,3,2,30,0,2.0,1,31,14,0.0,33,0.0,0.0
2,3,2.0,3100,9,1,2,1,1,207,1,0.0,0.0,,8,2,10,0.0,1,4,1,1934,3,2,30,5,2.0,1,31,3,0.0,33,0.0,0.0
2,3,2.0,524,11,1,1,2,1,501,1,0.0,0.0,,12,2,15,0.0,3,5,1,1654,3,2,15,0,2.0,1,24,3,0.0,33,0.0,0.0
2,3,2.0,5,16,1,1,2,1,600,1,0.0,0.0,,11,2,7,0.0,3,6,1,1655,3,2,30,0,1.0,1,24,3,0.0,33,0.0,0.0
1,3,1.0,1,7,1,5,2,1,515,1,0.0,0.0,,8,2,2,0.0,3,1,6,1654,3,2,20,5,1.0,1,24,3,0.0,33,0.0,0.0
2,3,2.0,500,23,0,5,2,1,555,1,0.0,1.0,,6,1,0,0.0,2,7,6,1134,1,4,30,5,2.0,1,25,14,0.0,17,0.0,1.0
2,3,2.0,599,7,1,5,1,5,463,1,0.0,0.0,,8,2,7,0.0,2,3,1,1133,3,2,30,0,1.0,1,24,3,0.0,33,0.0,0.0
2,3,2.0,2,19,1,6,1,5,600,1,0.0,0.0,,10,2,15,0.0,3,1,1,1652,3,2,25,0,2.0,1,31,3,0.0,33,0.0,0.0
1,3,2.0,360,8,1,5,1,5,434,1,0.0,0.0,,17,5,15,0.0,3,6,1,122,3,2,30,0,2.0,1,31,15,0.0,33,0.0,0.0
2,3,2.0,5500,15,1,4,1,1,631,1,0.0,0.0,,10,2,10,0.0,2,5,1,225,3,2,20,0,2.0,1,31,3,0.0,33,0.0,0.0
2,4,2.0,5500,8,1,6,1,5,631,1,0.0,0.0,,13,2,15,0.0,2,6,1,225,3,2,35,0,2.0,1,25,3,0.0,23,0.0,0.0
0,3,2.0,2199,14,1,5,2,1,324,1,0.0,0.0,,6,0,8,0.0,0,7,1,331,3,2,30,0,2.0,1,16,14,0.0,18,0.0,0.0
2,4,2.0,5900,16,0,5,2,1,631,1,0.0,0.0,,8,1,16,0.0,2,4,2,232,3,2,30,0,4.0,1,24,14,0.0,24,0.0,0.0
0,3,2.0,1380,7,1,5,2,1,398,1,0.0,0.0,,12,2,13,0.0,3,5,6,1215,3,2,15,5,2.0,1,24,3,0.0,21,0.0,0.0
2,3,5.0,6299,17,0,6,2,1,394,1,0.0,2.0,,3,1,10,0.0,2,4,1,331,3,1,35,0,5.0,1,15,14,1.0,22,1.0,0.0
2,3,2.0,3100,21,0,4,2,1,313,1,0.0,2.0,,2,1,16,0.0,1,3,1,1933,1,3,30,0,1.0,1,31,14,0.0,13,2.0,0.0
2,3,2.0,804,9,0,4,2,1,501,1,0.0,1.0,,12,2,16,0.0,3,4,2,1654,3,4,15,0,1.0,1,24,3,0.0,33,0.0,1.0
2,3,2.0,5528,14,1,4,2,1,319,1,0.0,0.0,,3,1,15,0.0,1,5,1,1613,3,2,30,0,2.0,1,20,14,0.0,18,0.0,0.0
2,2,2.0,100,13,1,6,2,4,508,1,0.0,0.0,,10,2,15,0.0,3,2,1,1654,3,2,25,0,3.0,1,24,3,0.0,22,0.0,0.0
2,3,2.0,8200,17,1,6,1,5,355,1,0.0,0.0,,17,5,0,0.0,3,4,10,1614,5,2,30,4,3.0,1,24,15,0.0,33,0.0,0.0
2,4,2.0,1,7,1,6,2,1,514,1,0.0,0.0,,12,2,16,0.0,3,6,1,1654,3,2,15,0,2.0,1,22,3,0.0,18,0.0,0.0
0,3,1.0,524,21,1,4,2,1,501,1,0.0,0.0,,12,2,2,0.0,3,1,1,1654,1,2,5,0,1.0,1,24,3,0.0,33,0.0,0.0
2,0,2.0,523,13,1,6,1,1,501,1,0.0,0.0,,8,1,15,0.0,3,4,1,1654,3,2,25,0,2.0,1,19,13,0.0,23,0.0,0.0
1,3,2.0,516,12,1,5,2,1,501,1,0.0,0.0,,8,2,7,0.0,3,6,1,1654,3,2,15,0,2.0,1,31,3,0.0,33,0.0,0.0
2,3,2.0,7198,1,0,6,2,1,126,1,0.0,0.0,,6,1,10,0.0,3,2,1,811,1,2,30,0,3.0,1,15,14,0.0,17,0.0,0.0
2,3,2.0,3,13,1,4,1,5,600,1,0.0,0.0,,10,2,15,0.0,3,5,1,1653,3,2,30,0,2.0,1,31,3,0.0,19,0.0,0.0
0,3,2.0,1,10,1,5,2,1,600,1,0.0,0.0,,10,2,15,0.0,3,7,1,1651,3,2,30,0,2.0,1,24,3,0.0,22,0.0,0.0
2,2,2.0,102,9,1,4,2,1,348,1,0.0,0.0,,13,1,10,0.0,3,4,2,1654,3,2,30,0,3.0,1,10,14,0.0,19,0.0,0.0
0,3,2.0,1,13,1,5,2,1,513,1,0.0,0.0,,12,2,12,0.0,3,5,1,1654,3,2,15,0,2.0,1,24,3,0.0,21,0.0,0.0
1,3,2.0,1,15,1,6,2,1,512,1,0.0,0.0,,8,2,15,0.0,3,5,1,1654,3,2,10,0,2.0,1,24,3,0.0,12,0.0,0.0
0,3,2.0,4323,8,1,7,1,1,120,1,0.0,0.0,,2,1,10,0.0,3,7,1,1731,3,2,30,5,2.0,1,31,14,0.0,19,0.0,0.0
2,3,2.0,2,13,1,5,2,1,600,1,0.0,0.0,,10,2,15,0.0,3,6,6,1652,3,2,30,5,3.0,1,31,3,0.0,33,0.0,0.0
2,3,2.0,5500,12,1,8,1,1,631,1,0.0,0.0,,6,1,16,0.0,2,1,1,225,3,2,30,0,3.0,1,8,14,0.0,9,0.0,0.0
2,5,2.0,801,5,1,7,1,1,135,1,0.0,0.0,,6,1,16,0.0,2,1,1,1513,3,2,30,0,2.0,1,31,14,0.0,26,0.0,0.0
1,3,2.0,4323,7,1,6,2,5,120,1,0.0,0.0,,15,1,16,0.0,3,6,1,1731,3,2,35,0,2.0,1,24,13,0.0,18,0.0,0.0
2,3,2.0,1902,11,0,6,2,1,182,1,0.0,1.0,,8,2,11,0.0,2,4,2,1235,3,3,25,0,1.0,1,24,3,0.0,21,1.0,0.0
2,3,2.0,3,21,1,6,2,1,600,1,0.0,0.0,,10,2,15,0.0,3,6,1,1653,1,2,20,0,2.0,1,24,3,0.0,22,0.0,0.0
1,3,2.0,162,21,0,6,2,1,155,1,0.0,0.0,,8,1,16,0.0,1,3,1,1654,1,2,25,0,2.0,1,24,14,0.0,25,0.0,0.0
2,3,2.0,5466,6,0,6,2,1,631,1,0.0,1.0,,3,1,8,0.0,2,1,2,225,3,3,35,0,3.0,1,16,14,0.0,6,1.0,0.0
2,3,2.0,349,15,1,6,1,1,429,1,0.0,0.0,,8,1,15,0.0,1,7,1,114,3,2,30,0,2.0,1,31,14,0.0,33,0.0,0.0
2,3,2.0,6299,14,1,6,1,5,394,1,0.0,0.0,,2,1,15,0.0,2,5,10,331,5,2,45,4,2.0,1,31,14,0.0,33,0.0,0.0
2,3,2.0,5500,15,1,6,1,1,631,1,0.0,0.0,,6,2,16,0.0,2,5,1,225,3,2,30,0,2.0,1,5,3,0.0,18,0.0,0.0
0,2,2.0,3,16,1,6,2,1,600,1,0.0,0.0,,11,2,2,0.0,3,1,1,1653,3,2,25,0,5.0,1,24,3,0.0,18,0.0,0.0
2,3,1.0,9200,20,0,6,2,1,201,1,0.0,6.0,,3,2,5,0.0,2,4,1,423,3,4,45,0,0.0,1,24,3,0.0,33,0.0,6.0
2,2,2.0,26,15,1,6,2,1,155,1,0.0,0.0,,3,2,0,0.0,1,1,1,1654,3,2,35,0,2.0,1,24,3,0.0,26,0.0,0.0
2,3,2.0,5431,18,1,6,2,1,262,1,0.0,0.0,,12,2,0,0.0,1,1,1,1614,3,2,10,0,2.0,1,24,3,0.0,33,0.0,0.0
2,3,2.0,141,2,1,6,2,1,54,1,0.0,0.0,,8,2,7,0.0,3,3,1,215,1,2,25,0,1.0,1,24,3,0.0,21,0.0,0.0
1,3,2.0,5499,19,1,5,2,1,371,1,0.0,0.0,,10,2,10,0.0,1,2,1,2023,3,2,30,0,3.0,1,24,3,0.0,25,0.0,0.0
1,3,2.0,15,14,0,7,2,1,155,1,0.0,0.0,,3,2,15,0.0,1,6,1,1654,3,2,30,0,2.0,1,24,3,0.0,22,0.0,0.0
1,3,2.0,515,14,0,6,2,1,555,1,0.0,1.0,,10,2,15,0.0,2,3,1,1135,3,1,25,0,1.0,1,24,3,1.0,25,0.0,0.0
2,3,2.0,3,10,0,6,2,1,600,1,0.0,1.0,,10,2,15,0.0,3,2,1,1653,3,4,25,0,1.0,1,10,3,0.0,22,0.0,1.0
2,3,3.0,4700,6,0,6,2,1,286,1,0.0,0.0,,8,2,10,0.0,3,6,6,1131,2,2,30,5,3.0,1,24,3,0.0,36,0.0,0.0
2,3,2.0,34,3,1,10,2,1,632,1,0.0,0.0,,8,2,10,0.0,1,7,6,1222,0,2,30,5,2.0,1,31,3,0.0,36,0.0,0.0
2,2,2.0,8600,15,1,10,2,1,201,1,0.0,0.0,,3,1,10,0.0,2,7,6,412,4,2,35,5,2.0,1,31,2,0.0,33,0.0,0.0
2,3,3.0,162,16,0,1,2,1,155,1,0.0,1.0,,6,1,0,0.0,1,3,1,1654,4,4,30,0,7.0,1,10,13,0.0,35,0.0,1.0
2,2,2.0,3,1,1,6,2,5,600,1,0.0,0.0,,10,2,15,0.0,3,3,1,1653,1,2,10,0,5.0,1,31,3,0.0,33,0.0,0.0
2,3,2.0,1,15,1,5,2,1,512,1,0.0,0.0,,12,2,7,0.0,3,6,5,1654,5,2,10,0,1.0,1,24,3,0.0,33,0.0,0.0
1,2,2.0,3,23,1,6,2,1,600,1,0.0,0.0,,10,2,15,0.0,3,7,1,1653,1,2,15,0,3.0,1,31,3,0.0,33,0.0,0.0
2,3,2.0,9759,22,0,6,2,1,372,1,0.0,1.0,,10,1,10,0.0,3,6,1,1654,1,3,45,0,4.0,1,31,5,0.0,17,1.0,0.0
1,4,2.0,3932,7,1,6,2,1,272,1,0.0,0.0,,10,2,7,0.0,3,5,1,1122,4,2,30,0,5.0,1,31,3,0.0,33,0.0,0.0
2,3,2.0,2800,0,1,6,1,5,380,1,0.0,0.0,,8,2,7,0.0,1,5,10,1412,5,2,35,4,1.0,1,31,3,0.0,33,0.0,0.0
0,3,2.0,840,7,1,6,1,1,304,1,0.0,0.0,,12,2,7,0.0,0,3,1,1834,5,2,10,0,1.0,1,24,3,0.0,33,0.0,0.0
2,3,2.0,9500,19,1,7,2,5,157,1,0.0,0.0,,6,5,10,0.0,2,2,1,2213,5,2,30,0,3.0,1,24,15,0.0,19,0.0,0.0
0,3,2.0,516,14,1,5,2,1,501,1,0.0,0.0,,11,2,7,0.0,3,6,2,1654,3,2,30,0,1.0,1,31,3,0.0,33,0.0,0.0
2,3,2.0,7198,17,1,7,2,1,126,1,0.0,0.0,,8,2,15,0.0,3,5,1,811,3,2,35,0,2.0,1,24,3,0.0,33,0.0,0.0
2,3,2.0,8700,3,1,5,2,1,201,1,0.0,0.0,,10,2,10,0.0,2,1,1,412,0,2,5,0,2.0,1,31,3,0.0,17,0.0,0.0
2,3,2.0,1,10,0,6,2,1,512,1,0.0,1.0,,12,2,0,0.0,3,4,2,1654,3,4,20,0,1.0,1,10,3,0.0,18,0.0,1.0
1,3,2.0,500,15,1,6,1,1,555,1,0.0,0.0,,15,1,16,0.0,2,4,1,1134,3,2,30,0,3.0,1,21,14,0.0,24,0.0,0.0
2,3,2.0,1,18,1,6,2,1,600,1,0.0,0.0,,10,2,15,0.0,3,6,1,1651,3,2,25,0,2.0,1,24,3,0.0,12,0.0,0.0
1,3,2.0,5902,13,0,6,2,1,631,1,0.0,2.0,,10,1,10,0.0,2,3,1,232,3,3,30,0,1.0,1,25,3,0.0,26,1.0,1.0
2,3,2.0,1,23,1,6,2,1,461,1,0.0,0.0,,11,2,11,0.0,2,7,1,813,1,2,15,0,2.0,1,8,3,0.0,21,0.0,0.0
0,3,2.0,6259,18,0,7,1,1,394,1,0.0,1.0,,12,2,9,0.0,2,2,1,331,3,3,10,0,1.0,1,24,3,0.0,21,1.0,0.0
2,1,1.0,438,14,0,6,2,1,501,1,0.0,1.0,,10,2,2,0.0,3,5,1,1654,3,1,30,0,0.0,1,26,3,1.0,27,0.0,0.0
2,3,2.0,517,15,1,5,1,1,501,1,0.0,0.0,,8,2,7,0.0,3,2,1,1654,3,2,20,0,1.0,1,31,3,0.0,33,0.0,0.0
2,3,2.0,3,17,1,5,2,1,600,1,0.0,0.0,,10,2,15,0.0,3,2,1,1653,3,2,30,0,2.0,1,31,3,0.0,33,0.0,0.0
1,3,2.0,1,16,0,7,2,1,600,1,0.0,1.0,,10,2,9,0.0,3,5,1,1651,3,3,20,0,1.0,1,24,15,0.0,33,1.0,0.0
2,3,2.0,505,11,1,6,1,1,555,1,0.0,0.0,,2,1,15,0.0,2,2,1,1135,3,2,30,0,2.0,1,31,14,0.0,12,0.0,0.0
1,3,2.0,3134,18,1,7,2,1,75,1,0.0,0.0,,10,2,10,0.0,3,2,1,823,3,2,30,0,4.0,1,24,3,0.0,21,0.0,0.0
1,3,2.0,1820,23,1,6,2,1,165,1,0.0,0.0,,8,1,5,0.0,0,1,1,331,1,2,30,0,1.0,1,24,9,0.0,33,0.0,0.0
2,3,2.0,517,18,1,7,2,1,501,1,0.0,0.0,,12,2,7,0.0,3,4,1,1654,3,2,10,0,1.0,1,31,3,0.0,12,0.0,0.0
2,3,2.0,815,8,1,6,2,1,135,1,0.0,0.0,,8,2,0,0.0,2,5,1,1513,2,2,35,0,3.0,1,24,3,0.0,18,0.0,0.0
2,3,2.0,8200,17,1,5,2,1,201,1,0.0,0.0,,3,2,15,0.0,2,5,1,414,3,2,55,0,2.0,1,24,3,0.0,22,0.0,0.0
1,3,2.0,5,19,1,7,2,1,600,1,0.0,0.0,,10,2,7,0.0,3,1,1,1655,3,2,30,0,1.0,1,24,5,0.0,25,0.0,0.0
2,3,2.0,400,18,1,7,1,5,432,1,0.0,0.0,,2,5,10,0.0,1,1,6,1834,3,2,30,5,4.0,1,31,15,0.0,19,0.0,0.0
2,3,2.0,524,13,1,6,2,1,501,1,0.0,0.0,,12,2,0,0.0,3,6,2,1654,3,2,25,5,2.0,1,31,3,0.0,33,0.0,0.0
2,3,1.0,8915,10,1,5,2,1,161,1,0.0,0.0,,0,5,5,0.0,2,2,1,413,4,2,30,0,1.0,1,24,3,0.0,33,0.0,0.0
0,3,2.0,6299,11,1,6,1,1,394,1,0.0,0.0,,8,1,10,0.0,2,7,1,331,3,2,30,0,2.0,1,24,14,0.0,33,0.0,0.0
0,3,2.0,6021,13,1,2,1,5,544,1,0.0,0.0,,8,5,10,0.0,1,4,10,2433,5,2,30,4,2.0,1,31,15,0.0,33,0.0,0.0
2,3,2.0,6700,12,1,1,2,2,538,1,0.0,0.0,,6,1,0,0.0,2,4,9,724,3,2,30,3,3.0,1,34,14,0.0,36,0.0,0.0
2,3,2.0,10000,17,1,1,1,1,143,1,0.0,0.0,,12,1,16,0.0,3,6,1,1654,4,2,15,0,2.0,1,16,13,0.0,24,0.0,0.0
2,3,2.0,1,21,1,2,2,1,600,1,0.0,0.0,,10,2,15,0.0,3,5,1,1651,1,2,10,0,2.0,1,31,3,0.0,33,0.0,0.0
2,3,2.0,3,7,1,1,2,1,600,1,0.0,0.0,,10,2,15,0.0,3,7,1,1653,3,2,25,0,2.0,1,10,3,0.0,18,0.0,0.0
2,3,2.0,5500,13,1,6,1,5,631,1,0.0,0.0,,8,1,15,0.0,2,1,1,225,3,2,30,4,2.0,1,21,14,0.0,18,0.0,0.0
1,3,2.0,3,15,1,6,2,1,600,1,0.0,0.0,,11,2,15,0.0,3,2,1,1653,3,2,15,0,3.0,1,24,3,0.0,25,0.0,0.0
2,3,1.0,8758,20,0,6,2,1,201,1,0.0,0.0,,11,1,2,0.0,2,7,1,412,3,2,10,0,1.0,1,10,5,0.0,17,0.0,0.0
0,3,2.0,630,20,1,7,2,1,501,1,0.0,0.0,,12,2,5,0.0,3,5,1,1654,4,2,15,0,1.0,1,24,3,0.0,12,0.0,0.0
1,3,2.0,3,14,1,6,1,5,600,1,0.0,0.0,CONSTRUCTION,11,2,0,0.0,3,3,1,1653,3,2,20,0,2.0,1,15,3,0.0,18,0.0,0.0
1,3,2.0,1,16,1,7,2,5,515,1,0.0,0.0,,12,2,13,0.0,3,4,1,1654,3,2,15,0,2.0,1,24,3,0.0,33,0.0,0.0
1,3,2.0,5900,14,1,7,1,5,631,1,0.0,0.0,,17,1,16,0.0,2,1,1,232,3,2,35,0,2.0,1,31,14,0.0,24,0.0,0.0
2,3,2.0,517,7,1,7,2,1,501,1,0.0,0.0,,8,2,7,0.0,3,5,1,1654,3,2,10,0,1.0,1,31,3,0.0,35,0.0,0.0
0,3,2.0,1,16,1,6,2,1,600,1,0.0,0.0,,11,2,14,0.0,3,4,1,1651,3,2,20,0,2.0,1,24,3,0.0,25,0.0,0.0
2,3,2.0,1,11,1,5,2,1,514,1,0.0,0.0,,12,2,7,0.0,3,1,1,1654,3,2,20,0,1.0,1,10,3,0.0,19,0.0,0.0
2,3,2.0,1,12,1,7,2,1,327,1,0.0,0.0,,8,1,0,0.0,3,1,6,1654,3,2,10,5,2.0,1,31,14,0.0,36,0.0,0.0
2,3,2.0,11,16,1,6,1,1,155,1,0.0,0.0,,8,1,10,0.0,1,2,1,1654,3,2,30,0,6.0,1,24,14,0.0,33,0.0,0.0
2,3,1.0,1,17,1,6,1,5,512,1,0.0,0.0,,12,2,2,0.0,3,7,1,1654,3,2,15,0,1.0,1,31,3,0.0,33,0.0,0.0
1,3,2.0,6299,22,1,7,1,1,394,1,0.0,0.0,,8,2,0,0.0,2,3,1,331,0,2,30,0,2.0,1,31,3,0.0,33,0.0,0.0
0,3,2.0,3,13,1,6,2,1,600,1,0.0,0.0,,10,2,15,0.0,3,6,1,1653,3,2,20,0,2.0,1,24,3,0.0,33,0.0,0.0
1,3,2.0,6259,13,1,7,2,1,647,1,0.0,0.0,,6,1,10,0.0,2,5,1,711,3,2,30,0,2.0,1,31,14,0.0,6,0.0,0.0
2,4,2.0,215,18,1,6,2,1,285,1,0.0,0.0,,13,1,10,0.0,1,4,1,114,3,2,10,0,3.0,1,24,6,0.0,17,0.0,0.0
2,3,2.0,5700,12,1,7,2,1,631,1,0.0,0.0,,10,1,16,0.0,2,7,1,232,3,2,30,0,2.0,1,22,14,0.0,24,0.0,0.0
2,3,2.0,891,0,1,6,2,1,501,1,0.0,0.0,,12,2,7,0.0,3,4,1,1654,0,2,15,0,1.0,1,24,3,0.0,33,0.0,0.0
2,3,2.0,4102,10,1,7,1,1,257,1,0.0,0.0,,10,2,7,0.0,2,5,1,213,3,2,30,0,1.0,1,24,3,0.0,33,0.0,0.0
2,3,2.0,6299,22,1,6,1,5,394,0,0.0,0.0,,12,2,7,0.0,2,1,10,331,0,2,5,4,1.0,1,31,3,0.0,33,0.0,0.0
2,3,2.0,3,21,1,7,2,5,600,1,0.0,0.0,CONSTRUCTION,10,2,15,0.0,3,3,1,1653,1,2,20,0,6.0,1,24,3,0.0,26,0.0,0.0
2,3,2.0,3,12,1,6,2,1,600,1,0.0,0.0,,10,2,15,0.0,3,6,1,1653,3,2,20,0,2.0,1,31,3,0.0,33,0.0,0.0
2,3,2.0,516,16,1,6,2,5,501,1,0.0,0.0,,12,2,15,0.0,3,2,1,1654,3,2,10,0,2.0,1,31,3,0.0,19,0.0,0.0
0,3,2.0,3,22,1,7,2,1,600,1,0.0,0.0,CONSTRUCTION,10,2,15,0.0,3,1,1,1653,1,2,20,0,2.0,1,31,3,0.0,23,0.0,0.0
0,3,2.0,1,0,1,8,2,1,512,1,0.0,0.0,,12,2,7,0.0,3,2,1,1654,0,2,10,0,1.0,1,31,3,0.0,22,0.0,0.0
1,3,2.0,800,15,1,6,1,1,501,1,0.0,0.0,,12,2,10,0.0,3,3,1,1654,3,2,15,0,2.0,1,31,3,0.0,33,0.0,0.0
2,3,2.0,6299,5,0,7,2,1,394,1,0.0,1.0,,15,1,16,0.0,2,1,1,331,2,1,55,0,1.0,1,24,14,1.0,25,0.0,0.0
2,3,2.0,6299,12,0,7,1,1,394,1,0.0,2.0,,6,1,10,0.0,2,1,1,331,3,3,30,0,1.0,1,24,14,0.0,33,2.0,0.0
2,3,2.0,499,16,0,7,2,5,432,1,0.0,0.0,,3,1,0,0.0,1,7,6,1834,3,2,30,5,2.0,1,24,14,0.0,25,0.0,0.0
2,3,2.0,6256,20,0,7,1,1,394,1,0.0,1.0,,8,1,10,0.0,2,3,1,331,1,3,45,0,1.0,1,24,14,0.0,12,1.0,0.0
2,3,2.0,98,20,1,6,1,1,348,1,0.0,0.0,,11,2,10,0.0,3,2,1,1654,4,2,30,5,2.0,1,31,3,0.0,33,0.0,0.0
2,3,2.0,5251,18,1,8,2,5,223,1,0.0,0.0,,8,5,0,0.0,2,1,1,234,3,2,30,0,2.0,1,24,3,0.0,17,0.0,0.0
2,3,2.0,598,15,1,6,2,1,215,1,0.0,0.0,,8,1,16,0.0,1,6,1,1834,3,2,30,5,3.0,1,16,14,0.0,24,0.0,0.0
2,3,2.0,4240,19,1,7,2,1,257,1,0.0,0.0,,2,2,10,0.0,2,6,1,213,4,2,35,0,2.0,1,10,3,0.0,19,0.0,0.0
2,3,2.0,6259,1,0,7,2,1,394,1,0.0,0.0,,3,1,16,0.0,2,7,1,331,1,2,30,0,2.0,1,24,14,0.0,32,0.0,0.0
2,3,3.0,2198,0,0,6,2,1,282,1,0.0,1.0,,10,2,7,0.0,3,5,1,2424,1,3,25,0,2.0,1,31,3,0.0,33,1.0,0.0
2,5,2.0,299,10,0,7,1,1,577,1,0.0,1.0,,13,1,16,0.0,0,7,1,114,3,4,30,0,2.0,1,24,14,0.0,24,0.0,1.0
2,3,2.0,3,6,1,7,2,1,600,1,0.0,0.0,,10,2,15,0.0,3,2,1,1653,3,2,25,0,2.0,1,31,3,0.0,33,0.0,0.0
1,3,2.0,5542,19,1,6,1,1,335,1,0.0,0.0,,0,2,0,0.0,2,7,6,822,4,2,20,0,3.0,1,24,3,0.0,25,0.0,0.0
2,4,3.0,9800,1,0,7,2,1,372,1,0.0,0.0,MAINTENANCE,3,2,10,0.0,3,5,1,1654,1,2,45,0,3.0,1,31,3,0.0,19,0.0,0.0
2,3,2.0,174,9,1,7,2,1,155,1,0.0,0.0,,3,2,10,0.0,1,7,1,1654,3,2,30,0,2.0,1,24,3,0.0,19,0.0,0.0
2,3,2.0,3,10,1,7,2,1,600,1,0.0,0.0,,11,2,15,0.0,3,5,2,1653,3,2,20,0,2.0,1,24,3,0.0,33,0.0,0.0
2,4,2.0,1,16,0,7,1,5,515,1,0.0,1.0,,12,2,9,0.0,3,6,1,1654,3,1,5,0,1.0,1,24,3,1.0,25,0.0,0.0
1,3,1.0,6299,7,1,6,2,1,394,1,0.0,0.0,,3,1,2,0.0,2,6,1,331,3,2,45,0,1.0,1,24,14,0.0,33,0.0,0.0
1,3,2.0,8931,17,1,7,1,1,200,1,0.0,0.0,,11,2,11,0.0,2,6,1,423,3,2,60,0,2.0,1,31,3,0.0,33,0.0,0.0
0,3,2.0,342,21,1,6,1,5,429,1,0.0,0.0,,3,1,10,0.0,1,7,1,114,1,2,30,0,2.0,1,31,14,0.0,19,0.0,0.0
2,3,2.0,1,15,1,6,2,1,514,1,0.0,0.0,,12,5,7,0.0,3,5,1,1654,3,2,20,0,1.0,1,31,3,0.0,33,0.0,0.0
2,3,2.0,1750,13,0,7,2,1,178,1,0.0,0.0,,8,2,15,0.0,2,3,1,1022,3,2,30,0,2.0,1,31,3,0.0,18,0.0,0.0
2,3,2.0,8900,15,0,1,2,1,201,1,0.0,1.0,,11,1,10,0.0,2,1,1,423,3,4,45,0,1.0,1,17,5,0.0,19,0.0,1.0
2,3,4.0,4619,23,1,10,2,1,257,1,0.0,0.0,,10,2,7,0.0,2,4,6,221,0,2,35,5,1.0,1,24,3,0.0,25,0.0,0.0
2,3,2.0,5,12,0,1,2,1,600,1,0.0,0.0,,11,2,10,0.0,3,4,1,1655,3,2,30,0,2.0,1,24,3,0.0,19,0.0,0.0
2,3,2.0,10909,19,1,1,2,1,331,1,0.0,0.0,,10,2,16,0.0,3,6,1,1654,1,2,30,0,2.0,1,31,3,0.0,12,0.0,0.0
2,3,2.0,524,15,1,1,2,1,501,1,0.0,0.0,,6,1,16,0.0,3,2,1,1654,4,2,30,5,2.0,1,31,14,0.0,12,0.0,0.0
1,3,2.0,3,17,1,7,2,1,600,1,0.0,0.0,,11,2,7,0.0,3,1,1,1653,3,2,15,0,1.0,1,31,3,0.0,18,0.0,0.0
1,3,2.0,632,15,1,6,2,1,501,1,0.0,0.0,,12,2,7,0.0,3,6,6,1654,3,2,10,5,1.0,1,31,3,0.0,12,0.0,0.0
2,0,1.0,6901,14,0,6,2,1,200,1,0.0,0.0,,3,2,2,0.0,2,4,6,322,3,2,55,5,1.0,1,31,3,0.0,36,0.0,0.0
0,3,2.0,5,17,1,7,2,1,600,1,0.0,0.0,,12,2,10,0.0,3,1,1,1655,3,2,15,0,6.0,1,24,3,0.0,27,0.0,0.0
2,3,1.0,1,7,0,7,2,1,512,1,0.0,0.0,,12,1,2,0.0,3,6,1,1654,3,2,30,0,1.0,1,31,1,0.0,33,0.0,0.0
2,3,2.0,3,22,1,7,2,1,600,1,0.0,0.0,,10,4,15,0.0,3,6,1,1653,1,2,15,0,2.0,1,31,5,0.0,22,0.0,0.0
1,3,2.0,4659,7,1,7,1,1,629,1,0.0,0.0,,10,1,10,0.0,2,1,6,925,3,2,30,5,2.0,1,24,14,0.0,33,0.0,0.0
2,3,2.0,517,17,1,7,2,1,501,1,0.0,0.0,,12,2,7,0.0,3,6,2,1654,3,2,30,0,1.0,1,31,3,0.0,33,0.0,0.0
2,2,2.0,2,10,1,6,2,1,600,1,0.0,0.0,,10,2,7,0.0,3,6,6,1652,3,2,20,5,1.0,1,31,3,0.0,9,0.0,0.0
1,0,2.0,1,22,1,7,2,1,600,1,0.0,0.0,,10,2,15,0.0,3,7,1,1651,1,2,25,0,3.0,1,24,3,0.0,22,0.0,0.0
1,3,2.0,616,11,1,7,2,1,501,1,0.0,0.0,,12,2,10,0.0,3,6,2,1654,3,2,15,0,2.0,1,31,3,0.0,33,0.0,0.0
1,3,2.0,8801,17,1,6,2,1,200,1,0.0,0.0,,3,2,15,0.0,2,6,1,423,3,2,15,0,2.0,1,24,3,0.0,33,0.0,0.0
2,3,2.0,515,13,0,8,2,1,501,1,0.0,0.0,,8,2,16,0.0,3,5,1,1654,3,2,20,0,2.0,1,24,3,0.0,33,0.0,0.0
2,2,2.0,3,11,1,7,1,1,600,1,0.0,0.0,,11,1,10,0.0,3,4,1,1653,3,2,25,0,3.0,1,20,16,0.0,10,0.0,0.0
2,3,2.0,5500,17,1,6,1,5,631,1,0.0,0.0,,8,5,15,0.0,2,3,1,225,3,2,30,0,2.0,1,31,14,0.0,33,0.0,0.0
2,3,2.0,410,13,1,7,2,1,501,1,0.0,0.0,,12,2,7,0.0,3,2,1,1651,3,2,15,0,1.0,1,31,3,0.0,33,0.0,0.0
2,3,2.0,516,10,1,7,2,1,501,1,0.0,0.0,,15,2,16,0.0,3,1,1,1654,3,2,15,0,2.0,1,31,3,0.0,33,0.0,0.0
2,3,2.0,517,20,1,7,1,5,501,1,0.0,0.0,,10,2,15,0.0,3,6,1,1654,3,2,30,0,2.0,1,31,3,0.0,22,0.0,0.0
1,3,2.0,1,20,1,6,2,1,512,1,0.0,0.0,,12,2,7,0.0,3,1,1,1654,3,2,15,0,1.0,1,24,3,0.0,12,0.0,0.0
2,3,1.0,2425,20,1,7,2,1,83,1,0.0,0.0,,12,2,2,0.0,0,2,1,334,4,2,10,0,2.0,1,24,3,0.0,33,0.0,0.0
1,3,2.0,630,13,1,7,2,1,501,1,0.0,0.0,,12,2,12,0.0,3,1,1,1654,3,2,15,0,2.0,1,31,3,0.0,33,0.0,0.0
2,3,2.0,2,7,1,6,2,1,600,1,0.0,0.0,,10,2,15,0.0,3,6,6,1652,3,2,15,5,2.0,1,24,3,0.0,33,0.0,0.0
2,3,2.0,5700,11,0,10,2,1,631,1,0.0,2.0,,6,1,0,0.0,2,1,2,232,3,3,30,0,2.0,1,24,14,0.0,6,2.0,0.0
0,3,2.0,3,21,1,6,1,5,600,1,0.0,0.0,CONSTRUCTION,10,2,10,0.0,3,6,1,1653,1,2,20,0,2.0,1,24,3,0.0,19,0.0,0.0
0,3,1.0,1055,19,1,8,2,5,535,1,0.0,0.0,,11,2,1,0.0,3,3,1,2432,3,2,30,0,1.0,1,24,3,0.0,33,0.0,0.0
2,3,2.0,1,21,1,6,2,1,514,1,0.0,0.0,,12,2,7,0.0,3,1,1,1654,1,2,10,0,1.0,1,31,3,0.0,33,0.0,0.0
2,3,2.0,4747,10,1,6,2,5,257,1,0.0,0.0,,10,2,7,0.0,2,1,10,223,5,2,30,0,1.0,1,24,3,0.0,33,0.0,0.0
2,3,2.0,517,17,0,7,2,1,501,1,0.0,0.0,,12,2,11,0.0,3,2,1,1654,3,2,15,0,3.0,1,24,3,0.0,21,0.0,0.0
2,3,2.0,12809,9,0,7,2,1,355,1,0.0,0.0,,3,1,10,0.0,3,4,1,1654,3,2,40,0,2.0,1,24,14,0.0,33,0.0,0.0
1,3,2.0,5,19,1,8,2,1,600,1,0.0,0.0,,12,2,10,0.0,3,1,1,1655,3,2,10,0,5.0,1,24,3,0.0,19,0.0,0.0
1,3,2.0,1701,12,1,7,2,1,45,1,0.0,0.0,,4,2,7,0.0,3,4,1,912,3,2,30,0,1.0,1,24,3,0.0,25,0.0,0.0
2,3,2.0,2545,20,0,7,2,1,83,1,0.0,1.0,,6,1,8,0.0,0,6,1,334,3,3,30,0,1.0,1,24,3,0.0,1,1.0,0.0
2,3,2.0,5900,1,0,7,2,1,631,1,0.0,0.0,,6,1,3,0.0,2,7,1,232,1,2,35,4,2.0,1,24,1,0.0,33,0.0,0.0
2,3,2.0,5,15,1,7,1,1,600,1,0.0,0.0,,10,2,11,0.0,3,5,1,1655,3,2,30,0,2.0,1,24,3,0.0,21,0.0,0.0
2,3,2.0,514,15,1,7,2,5,501,1,0.0,0.0,,12,2,15,0.0,3,4,1,1654,3,2,10,0,2.0,1,31,3,0.0,19,0.0,0.0
1,3,2.0,8900,15,0,7,2,1,214,1,0.0,1.0,,8,1,8,0.0,2,3,1,423,3,4,30,0,1.0,1,31,14,0.0,33,0.0,1.0
2,3,2.0,474,15,0,7,2,1,432,1,0.0,0.0,,6,1,0,0.0,1,5,1,1834,3,2,30,0,2.0,1,16,14,0.0,6,0.0,0.0
2,3,2.0,12600,15,1,7,1,1,355,1,0.0,0.0,,3,1,15,0.0,3,4,1,1654,3,2,35,0,2.0,1,24,14,0.0,23,0.0,0.0
2,3,2.0,903,12,0,7,1,1,501,1,0.0,1.0,,2,1,10,0.0,3,4,1,1654,3,3,30,0,2.0,1,24,14,0.0,19,1.0,0.0
1,2,2.0,3,6,1,7,2,1,600,1,0.0,0.0,,10,2,15,0.0,3,6,1,1653,3,2,30,0,2.0,1,31,3,0.0,33,0.0,0.0
2,3,2.0,5900,2,1,8,1,1,631,1,0.0,0.0,,2,1,10,0.0,2,1,1,232,1,2,30,0,2.0,1,24,14,0.0,19,0.0,0.0
2,3,2.0,5500,19,0,8,1,5,631,1,0.0,1.0,,2,0,15,0.0,2,4,1,225,1,3,30,0,1.0,1,31,14,0.0,33,1.0,0.0
1,3,2.0,2142,14,1,7,2,1,446,1,0.0,0.0,,10,2,11,0.0,1,6,1,2515,3,2,25,0,2.0,1,24,3,0.0,21,0.0,0.0
1,3,2.0,5,13,1,8,2,1,600,1,0.0,0.0,,11,2,7,0.0,3,4,1,1655,3,2,15,0,1.0,1,31,3,0.0,33,0.0,0.0
2,3,2.0,1,17,1,8,2,1,515,1,0.0,0.0,,12,2,15,0.0,3,1,2,1654,3,2,10,0,3.0,1,31,3,0.0,12,0.0,0.0
2,3,2.0,514,19,1,7,2,5,501,1,0.0,0.0,,12,2,15,0.0,3,3,1,1654,3,2,10,0,2.0,1,31,3,0.0,19,0.0,0.0
0,3,1.0,4300,17,1,7,2,1,398,1,0.0,0.0,,8,5,2,0.0,3,5,1,1114,3,2,30,0,1.0,1,31,5,0.0,33,0.0,0.0
2,3,2.0,6700,16,1,8,1,1,201,1,0.0,0.0,,13,2,15,0.0,2,3,1,322,3,2,35,0,2.0,1,31,3,0.0,17,0.0,0.0
2,3,2.0,989,11,1,8,1,5,462,1,0.0,0.0,,15,1,16,0.0,1,2,1,1833,3,2,30,0,2.0,1,31,13,0.0,24,0.0,0.0
2,3,3.0,10700,11,1,8,2,1,331,1,0.0,0.0,,8,1,10,0.0,3,2,1,1654,3,2,30,0,3.0,1,31,14,0.0,33,0.0,0.0
2,3,2.0,540,14,1,7,1,6,209,1,0.0,0.0,,10,1,10,0.0,1,5,1,1214,3,2,30,0,2.0,1,24,14,0.0,33,0.0,0.0
2,3,2.0,6256,15,1,7,1,1,394,1,0.0,0.0,,8,1,10,0.0,2,5,1,331,3,2,45,0,2.0,1,24,14,0.0,19,0.0,0.0
2,3,2.0,1,10,1,8,2,1,515,1,0.0,0.0,,12,2,0,0.0,3,6,1,1654,3,2,15,0,2.0,1,31,3,0.0,18,0.0,0.0
1,3,2.0,1,21,1,8,2,1,600,1,0.0,0.0,,11,2,15,0.0,3,3,1,1651,1,2,20,0,2.0,1,22,3,0.0,24,0.0,0.0
2,3,2.0,4331,14,1,7,1,1,442,1,0.0,0.0,,2,1,10,0.0,1,6,1,1654,3,2,35,0,2.0,1,24,14,0.0,17,0.0,0.0
1,2,1.0,700,3,0,8,2,1,501,1,0.0,1.0,,8,2,2,0.0,3,4,1,1654,1,4,25,0,0.0,1,24,3,0.0,27,0.0,1.0
2,3,3.0,1759,2,0,8,2,1,537,1,0.0,0.0,,2,2,7,0.0,2,7,1,1014,1,2,30,0,1.0,1,32,3,0.0,34,0.0,0.0
2,3,2.0,15,13,1,7,2,1,155,1,0.0,0.0,,10,2,10,0.0,1,4,1,1654,3,2,35,0,2.0,1,31,3,0.0,33,0.0,0.0
2,3,2.0,1799,7,0,8,2,1,67,1,0.0,0.0,,3,1,16,0.0,0,1,1,331,3,2,35,0,3.0,1,31,14,0.0,18,0.0,0.0
1,3,2.0,1,17,1,7,2,1,515,1,0.0,0.0,,12,2,12,0.0,3,2,1,1654,3,2,15,0,2.0,1,19,3,0.0,21,0.0,0.0
2,3,2.0,4340,21,0,8,2,1,442,1,0.0,2.0,,2,1,10,0.0,1,5,1,1654,1,3,35,0,1.0,1,31,14,0.0,19,2.0,0.0
1,3,2.0,1,7,1,8,2,1,251,1,0.0,0.0,,10,2,7,0.0,2,5,1,813,3,2,10,0,1.0,1,17,5,0.0,19,0.0,0.0
0,3,2.0,3,12,0,7,2,1,600,1,0.0,1.0,,10,2,9,0.0,3,5,1,1653,3,4,20,0,2.0,1,16,3,0.0,26,0.0,1.0
2,3,2.0,6299,21,1,7,2,1,394,1,0.0,0.0,,12,1,10,0.0,2,7,1,331,1,2,15,0,2.0,1,31,14,0.0,6,0.0,0.0
2,3,1.0,8500,2,0,8,2,6,201,1,0.0,0.0,,3,2,2,0.0,2,1,1,412,1,2,55,0,1.0,1,24,3,0.0,33,0.0,0.0
0,3,2.0,1,19,1,7,2,1,518,1,0.0,0.0,,12,2,7,0.0,3,6,10,1654,5,2,20,4,1.0,1,24,3,0.0,33,0.0,0.0
1,4,3.0,833,22,1,7,2,1,501,1,0.0,0.0,,8,2,2,0.0,3,7,1,1654,1,2,30,0,1.0,1,22,3,0.0,24,0.0,0.0
1,3,2.0,1,11,1,8,2,1,600,1,0.0,0.0,,10,2,15,0.0,3,2,1,1651,3,2,20,0,2.0,1,16,3,0.0,18,0.0,0.0
2,3,2.0,3800,23,0,8,2,1,0,1,0.0,0.0,,8,1,6,0.0,0,7,1,432,1,2,30,0,2.0,1,17,10,0.0,23,0.0,0.0
1,3,2.0,5,11,1,8,2,1,600,1,0.0,0.0,,12,2,2,0.0,3,3,1,1655,3,2,15,0,1.0,1,31,3,0.0,33,0.0,0.0
2,3,2.0,3,6,1,7,2,1,600,0,0.0,0.0,,10,2,15,0.0,3,5,6,1653,3,2,15,5,2.0,1,31,3,0.0,8,0.0,0.0
2,3,2.0,514,8,1,7,2,1,501,1,0.0,0.0,,12,2,7,0.0,3,7,1,1654,3,2,15,0,1.0,1,24,3,0.0,35,0.0,0.0
2,3,2.0,30,19,0,7,2,1,155,1,0.0,2.0,,2,1,16,0.0,1,5,1,1654,3,3,35,0,2.0,1,10,13,0.0,18,1.0,1.0
2,3,3.0,4259,1,1,7,1,1,257,1,0.0,0.0,,10,2,7,0.0,2,4,1,214,1,2,30,0,1.0,1,10,3,0.0,23,0.0,0.0
1,3,2.0,173,14,1,8,2,1,155,1,0.0,0.0,,18,1,15,0.0,1,2,1,1654,3,2,30,0,2.0,1,22,14,0.0,23,0.0,0.0
0,3,2.0,1,12,1,7,2,1,512,1,0.0,0.0,,12,2,10,0.0,3,2,1,1654,3,2,15,0,2.0,1,31,3,0.0,33,0.0,0.0
1,3,2.0,524,13,1,8,2,1,501,1,0.0,0.0,,12,2,7,0.0,3,3,1,1654,3,2,15,0,1.0,1,31,3,0.0,24,0.0,0.0
2,3,2.0,1,11,0,8,2,1,600,1,0.0,1.0,,10,2,15,0.0,3,6,1,1651,3,4,15,0,1.0,1,24,3,0.0,23,0.0,1.0
2,3,2.0,10020,22,1,12,2,1,143,1,0.0,0.0,,12,2,13,0.0,3,5,1,1654,1,2,15,5,2.0,1,9,3,0.0,21,0.0,0.0
1,3,2.0,516,14,1,8,2,1,501,1,0.0,0.0,,12,2,16,0.0,3,5,1,1654,3,2,15,0,2.0,1,16,15,0.0,24,0.0,0.0
2,3,2.0,3,16,1,7,2,5,600,1,0.0,0.0,,10,2,15,0.0,3,5,1,1653,3,2,25,0,2.0,1,31,3,0.0,19,0.0,0.0
2,3,1.0,1,21,1,8,2,1,512,1,0.0,0.0,,12,1,2,0.0,3,5,1,1654,1,2,10,0,1.0,1,31,13,0.0,12,0.0,0.0
2,3,2.0,500,22,0,7,2,5,555,1,0.0,0.0,,2,5,16,0.0,2,5,1,1134,1,2,30,4,3.0,1,24,14,0.0,33,0.0,0.0
2,3,2.0,6259,17,1,7,2,1,394,1,0.0,0.0,,12,2,0,0.0,2,7,10,331,3,2,10,4,2.0,1,31,3,0.0,21,0.0,0.0
2,3,3.0,100,19,0,7,2,5,22,1,0.0,3.0,,8,2,10,0.0,0,6,1,532,3,4,30,0,1.0,1,17,3,0.0,19,0.0,3.0
2,3,2.0,1601,17,1,7,2,1,100,1,0.0,0.0,,8,2,11,0.0,0,3,1,412,3,2,30,0,2.0,1,24,3,0.0,21,0.0,0.0
0,3,2.0,3,10,1,8,2,1,600,1,0.0,0.0,,10,2,9,0.0,3,2,6,1653,3,2,20,5,2.0,1,16,3,0.0,18,0.0,0.0
2,3,3.0,5230,7,0,8,2,1,232,1,0.0,1.0,,8,2,10,0.0,1,3,1,1614,3,4,30,0,2.0,1,24,3,0.0,19,0.0,1.0
2,3,2.0,857,11,1,8,1,1,135,1,0.0,0.0,,8,1,10,0.0,2,7,1,1513,3,2,30,0,2.0,1,31,14,0.0,33,0.0,0.0
2,3,2.0,13000,12,1,7,1,1,166,1,0.0,0.0,,6,2,10,0.0,2,1,6,433,3,2,30,5,2.0,1,24,13,0.0,19,0.0,0.0
0,3,2.0,524,0,0,7,2,1,501,1,0.0,1.0,,12,1,9,0.0,3,5,1,1654,1,3,5,0,1.0,1,31,5,0.0,33,1.0,0.0
2,3,2.0,1,11,0,8,2,1,512,1,0.0,1.0,,12,2,11,0.0,3,7,1,1654,3,4,15,0,1.0,1,16,3,0.0,18,0.0,1.0
2,3,1.0,5500,14,1,7,2,3,631,1,0.0,0.0,,11,1,5,0.0,2,1,1,225,3,2,30,0,1.0,1,24,14,0.0,25,0.0,0.0
2,3,2.0,237,18,1,7,2,1,230,1,0.0,0.0,,8,5,16,0.0,3,1,1,914,3,2,30,0,3.0,1,31,15,0.0,33,0.0,0.0
1,3,2.0,2,3,1,7,2,1,600,1,0.0,0.0,,10,2,15,0.0,3,7,1,1652,1,2,20,0,2.0,1,31,3,0.0,22,0.0,0.0
1,3,2.0,5,16,1,7,2,1,600,1,0.0,0.0,,6,1,10,0.0,3,7,1,1655,3,2,25,0,5.0,1,24,14,0.0,19,0.0,0.0
2,3,1.0,4648,16,1,7,1,1,398,1,0.0,0.0,,8,2,2,0.0,3,2,1,1113,3,2,30,0,1.0,1,31,3,0.0,33,0.0,0.0
2,3,2.0,5,17,1,8,2,1,600,1,0.0,0.0,,3,2,15,0.0,3,5,1,1655,3,2,30,0,2.0,1,24,3,0.0,18,0.0,0.0
2,3,2.0,6299,12,0,8,2,1,394,1,0.0,2.0,,2,2,10,0.0,2,3,1,331,3,4,30,0,3.0,1,24,3,0.0,13,0.0,2.0
1,3,2.0,5500,16,1,8,1,1,631,1,0.0,0.0,,10,1,16,0.0,2,4,1,225,3,2,30,0,2.0,1,22,14,0.0,24,0.0,0.0
2,3,2.0,513,16,1,7,2,1,501,1,0.0,0.0,,11,2,7,0.0,3,6,1,1654,3,2,15,0,1.0,1,24,3,0.0,33,0.0,0.0
0,3,2.0,412,14,1,8,2,1,501,1,0.0,0.0,CONSTRUCTION,11,2,15,0.0,3,6,1,1654,3,2,20,0,2.0,1,24,3,0.0,29,0.0,0.0
2,3,3.0,2920,20,0,7,2,1,368,1,0.0,0.0,,8,2,10,0.0,2,2,1,1032,0,2,30,0,3.0,1,24,3,0.0,19,0.0,0.0
1,0,2.0,6500,11,1,8,2,1,201,1,0.0,0.0,,3,2,15,0.0,2,6,1,722,3,2,55,0,3.0,1,24,3,0.0,25,0.0,0.0
0,3,2.0,1,21,1,8,2,1,600,1,0.0,0.0,CONSTRUCTION,10,2,15,0.0,3,5,1,1651,1,2,20,0,2.0,1,31,3,0.0,29,0.0,0.0
2,3,2.0,49,17,1,8,2,1,348,1,0.0,0.0,,10,2,10,0.0,3,1,1,1654,3,2,60,0,2.0,1,17,3,0.0,19,0.0,0.0
2,3,2.0,616,15,1,8,2,5,501,1,0.0,0.0,,17,2,7,0.0,3,6,1,1654,3,2,30,0,1.0,1,24,3,0.0,12,0.0,0.0
1,3,2.0,5,11,1,8,1,5,600,1,0.0,0.0,,10,2,7,0.0,3,3,1,1655,3,2,20,0,1.0,1,24,3,0.0,21,0.0,0.0
2,3,2.0,70,20,1,8,2,1,348,1,0.0,0.0,,10,2,15,0.0,3,1,1,1654,1,2,45,0,2.0,1,24,3,0.0,12,0.0,0.0
2,1,2.0,330,22,0,8,2,1,501,1,0.0,0.0,,13,2,10,0.0,3,6,1,1654,1,2,30,0,2.0,1,31,3,0.0,18,0.0,0.0
2,3,2.0,1,4,0,8,2,1,513,1,0.0,0.0,,12,2,0,0.0,3,4,1,1654,1,2,10,0,2.0,1,24,3,0.0,33,0.0,0.0
1,3,2.0,2,23,1,8,2,1,600,1,0.0,0.0,,10,2,15,0.0,3,3,1,1652,1,2,20,5,2.0,1,31,3,0.0,18,0.0,0.0
1,3,2.0,1,12,1,7,1,1,515,1,0.0,0.0,,12,4,7,0.0,3,7,1,1654,1,2,15,0,1.0,1,24,5,0.0,33,0.0,0.0
1,3,2.0,2,9,1,7,2,1,600,1,0.0,0.0,,10,2,7,0.0,3,7,1,1652,3,2,20,0,3.0,1,31,3,0.0,33,0.0,0.0
1,3,2.0,4331,5,1,9,2,1,442,1,0.0,0.0,,2,2,10,0.0,1,5,1,1654,3,2,30,0,2.0,1,24,5,0.0,19,0.0,0.0
2,3,2.0,2,17,1,9,2,5,600,1,0.0,0.0,,10,2,15,0.0,3,6,1,1652,3,2,25,0,2.0,1,31,3,0.0,33,0.0,0.0
2,3,1.0,2620,2,1,8,2,1,25,1,0.0,0.0,,8,2,5,0.0,0,2,1,433,1,2,30,0,1.0,1,24,3,0.0,25,0.0,0.0
1,3,2.0,711,5,1,9,1,1,234,1,0.0,0.0,,2,1,10,0.0,2,7,1,1231,2,2,30,0,2.0,1,31,13,0.0,33,0.0,0.0
2,3,2.0,700,10,1,9,2,1,501,1,0.0,0.0,,6,1,10,0.0,3,4,1,1654,3,2,35,0,2.0,1,24,14,0.0,19,0.0,0.0
2,3,2.0,5,18,1,9,1,1,600,1,0.0,0.0,,10,1,15,0.0,3,2,1,1655,1,2,20,0,3.0,1,8,7,0.0,4,0.0,0.0
1,3,2.0,98,20,1,8,2,1,348,1,0.0,0.0,,10,2,10,0.0,3,6,1,1654,1,2,30,0,2.0,1,24,3,0.0,33,0.0,0.0
0,3,1.0,5520,13,0,8,2,1,319,1,0.0,1.0,,8,1,2,0.0,1,7,1,1613,3,3,30,0,0.0,1,24,14,0.0,27,1.0,0.0
1,3,2.0,4650,8,1,8,2,1,257,1,0.0,0.0,,10,2,7,0.0,2,3,1,215,3,2,30,0,1.0,1,31,3,0.0,12,0.0,0.0
2,3,2.0,3,20,1,8,2,1,600,1,0.0,0.0,CONSTRUCTION,10,2,7,0.0,3,6,1,1653,1,2,20,0,3.0,1,31,3,0.0,33,0.0,0.0
1,3,2.0,5,15,1,8,2,5,600,1,0.0,0.0,,12,2,7,0.0,3,3,1,1655,3,2,20,0,1.0,1,24,3,0.0,25,0.0,0.0
2,3,2.0,700,13,1,1,2,1,234,1,0.0,0.0,,2,1,16,0.0,2,3,1,1225,3,2,30,0,2.0,1,24,14,0.0,33,0.0,0.0
1,3,2.0,10000,11,1,1,1,5,143,1,0.0,0.0,,17,5,7,0.0,3,1,1,1654,3,2,30,4,1.0,1,31,15,0.0,33,0.0,0.0
2,3,1.0,5,17,1,2,2,1,600,1,0.0,0.0,,12,2,2,0.0,3,5,1,1655,3,2,10,0,1.0,1,24,3,0.0,12,0.0,0.0
2,3,2.0,172,2,1,1,2,1,155,1,0.0,0.0,,3,1,15,0.0,1,6,1,1654,1,2,30,2,3.0,1,7,14,0.0,8,0.0,0.0
2,3,2.0,15,11,0,1,2,1,348,1,0.0,1.0,,6,1,10,0.0,3,7,1,1654,3,3,25,0,1.0,1,10,14,0.0,19,1.0,0.0
2,3,2.0,1,6,1,2,2,1,600,1,0.0,0.0,,10,2,15,0.0,3,7,2,1651,1,2,25,5,2.0,1,10,3,0.0,18,0.0,0.0
1,3,2.0,2400,15,1,8,1,1,83,1,0.0,0.0,,2,2,10,0.0,0,6,1,334,3,2,30,0,2.0,1,24,13,0.0,33,0.0,0.0
2,2,2.0,6400,8,0,8,2,1,200,0,0.0,1.0,,3,2,10,0.0,2,7,1,312,3,3,45,0,1.0,1,4,3,0.0,22,1.0,0.0
2,3,2.0,6299,22,1,9,1,1,394,1,0.0,0.0,,6,1,11,0.0,2,5,1,331,3,2,30,0,5.0,1,31,14,0.0,33,0.0,0.0
0,3,2.0,3,13,1,8,2,1,600,1,0.0,0.0,,10,2,7,0.0,3,5,1,1653,3,2,15,0,1.0,1,31,3,0.0,33,0.0,0.0
2,3,2.0,1,14,1,8,1,5,600,1,0.0,0.0,,10,2,7,0.0,3,2,1,1651,3,2,25,0,1.0,1,31,3,0.0,19,0.0,0.0
2,3,2.0,343,12,0,8,2,1,429,1,0.0,1.0,,3,1,16,0.0,1,2,1,114,3,3,30,0,2.0,1,15,14,0.0,6,1.0,0.0
2,2,1.0,1,2,1,9,2,1,248,1,0.0,0.0,,13,2,2,0.0,2,4,1,813,1,2,15,0,1.0,1,24,3,0.0,8,0.0,0.0
0,3,2.0,5,14,1,8,2,1,600,1,0.0,0.0,,10,2,15,0.0,3,4,1,1655,3,2,25,0,2.0,1,10,3,0.0,19,0.0,0.0
2,3,2.0,1,16,1,8,2,1,518,1,0.0,0.0,,12,2,15,0.0,3,4,1,1654,3,2,15,0,2.0,1,24,3,0.0,18,0.0,0.0
1,4,2.0,660,7,1,12,2,1,501,1,0.0,0.0,,13,2,7,0.0,3,4,6,1654,3,2,20,5,1.0,1,24,3,0.0,21,0.0,0.0
0,3,2.0,8800,15,1,9,2,1,201,1,0.0,0.0,,11,0,10,0.0,2,6,1,412,3,2,10,0,2.0,1,24,5,0.0,21,0.0,0.0
0,3,2.0,6466,11,1,8,2,1,632,1,0.0,0.0,,8,2,11,0.0,1,3,1,2412,3,2,30,0,2.0,1,24,3,0.0,25,0.0,0.0
2,3,2.0,1,9,1,8,2,1,600,1,0.0,0.0,,10,2,10,0.0,3,5,1,1651,3,2,25,0,2.0,1,31,3,0.0,33,0.0,0.0
2,3,2.0,6560,11,1,9,2,1,304,1,0.0,0.0,,8,2,15,0.0,3,7,1,2512,3,2,30,0,2.0,1,31,3,0.0,33,0.0,0.0
1,2,1.0,521,21,0,8,1,1,501,1,0.0,0.0,,10,4,2,0.0,3,6,1,1654,1,2,25,0,1.0,1,31,5,0.0,33,0.0,0.0
1,3,2.0,3432,13,1,8,2,1,105,1,0.0,0.0,,8,2,16,0.0,0,2,1,424,3,2,30,0,3.0,1,10,3,0.0,12,0.0,0.0
2,3,2.0,172,18,0,9,1,1,155,1,0.0,1.0,,19,1,10,0.0,1,4,1,1654,1,3,30,0,1.0,1,25,14,0.0,26,1.0,0.0
2,2,2.0,3,7,1,8,2,1,600,1,0.0,0.0,,11,2,10,0.0,3,3,1,1653,3,2,25,0,5.0,1,24,3,0.0,33,0.0,0.0
1,3,2.0,9759,18,1,8,1,5,372,1,0.0,0.0,,11,2,15,0.0,3,1,1,1654,3,2,55,0,2.0,1,31,3,0.0,33,0.0,0.0
2,3,2.0,1,9,1,8,2,1,600,1,0.0,0.0,,10,2,15,0.0,3,5,1,1651,3,2,20,0,2.0,1,21,3,0.0,18,0.0,0.0
1,3,2.0,5,12,1,8,2,1,600,1,0.0,0.0,,13,2,15,0.0,3,2,1,1655,3,2,10,0,2.0,1,24,3,0.0,33,0.0,0.0
2,3,2.0,1,15,1,9,1,5,600,1,0.0,0.0,,10,2,15,0.0,3,7,1,1651,3,2,30,0,2.0,1,31,3,0.0,33,0.0,0.0
1,3,3.0,3400,17,0,8,2,1,134,1,0.0,1.0,,8,5,10,0.0,1,5,1,1633,3,4,35,0,2.0,1,24,15,0.0,33,0.0,1.0
1,3,2.0,600,15,1,9,1,1,350,1,0.0,0.0,,10,2,15,0.0,0,7,1,1834,3,2,30,0,2.0,1,31,3,0.0,33,0.0,0.0
2,3,2.0,98,20,0,8,2,5,348,1,0.0,0.0,,11,2,10,0.0,3,6,1,1654,1,2,30,0,2.0,1,24,3,0.0,33,0.0,0.0
2,3,2.0,1,22,1,8,2,1,600,1,0.0,0.0,,10,2,15,0.0,3,2,1,1651,1,2,25,0,2.0,1,10,3,0.0,22,0.0,0.0
2,3,2.0,2436,15,1,8,1,5,83,1,0.0,0.0,,6,2,16,0.0,0,3,10,334,3,2,30,0,2.0,1,31,3,0.0,33,0.0,0.0
2,3,2.0,170,21,0,8,2,1,155,1,0.0,2.0,,2,1,16,0.0,1,1,6,1654,1,3,30,5,3.0,1,31,14,0.0,33,2.0,0.0
2,3,2.0,3,13,1,9,1,5,600,1,0.0,0.0,,10,2,15,0.0,3,4,1,1653,3,2,30,0,2.0,1,24,3,0.0,33,0.0,0.0
2,3,2.0,13000,1,0,8,1,1,590,1,0.0,0.0,,13,2,15,0.0,2,1,1,434,1,2,25,0,2.0,1,24,3,0.0,33,0.0,0.0
2,3,3.0,501,10,0,8,2,1,555,1,0.0,0.0,,8,1,14,0.0,2,3,1,1135,3,2,30,0,5.0,1,31,3,0.0,33,0.0,0.0
2,0,2.0,3,18,1,4,2,1,600,1,0.0,0.0,,10,2,10,0.0,3,4,6,1653,3,2,40,5,2.0,1,31,3,0.0,33,0.0,0.0
2,3,2.0,2199,11,0,9,2,1,324,1,0.0,0.0,,1,1,16,0.0,0,3,1,331,3,2,45,0,2.0,1,31,14,0.0,33,0.0,0.0
2,3,1.0,1900,0,1,8,2,5,585,1,0.0,0.0,,11,5,5,0.0,2,2,1,1024,0,2,25,0,1.0,1,31,15,0.0,33,0.0,0.0
2,3,2.0,4500,16,0,8,2,1,442,1,0.0,1.0,,8,2,10,0.0,1,6,1,1654,3,4,25,0,2.0,1,31,3,0.0,19,0.0,1.0
0,3,2.0,5500,13,1,8,1,5,631,1,0.0,0.0,,8,2,9,0.0,2,7,1,225,3,2,30,0,2.0,1,24,3,0.0,33,0.0,0.0
2,3,2.0,13000,23,1,9,1,1,590,1,0.0,0.0,,8,1,10,0.0,2,2,1,434,1,2,30,0,2.0,1,31,14,0.0,19,0.0,0.0
1,3,2.0,4257,12,1,9,1,5,257,1,0.0,0.0,,10,2,7,0.0,2,3,10,214,5,2,30,4,1.0,1,31,3,0.0,33,0.0,0.0
1,2,2.0,40,22,1,7,2,1,155,1,0.0,0.0,,15,1,15,0.0,1,5,1,1654,1,2,35,0,2.0,1,31,14,0.0,33,0.0,0.0
2,3,2.0,13,18,1,8,2,1,348,1,0.0,0.0,,3,2,11,0.0,3,6,1,1654,3,2,45,0,2.0,1,31,3,0.0,21,0.0,0.0
2,3,2.0,3,8,1,11,2,1,600,1,0.0,0.0,,10,2,15,0.0,3,2,1,1653,3,2,30,0,2.0,1,16,3,0.0,18,0.0,0.0
2,3,2.0,13000,14,0,8,2,1,590,1,0.0,0.0,,2,2,16,0.0,2,2,1,434,3,2,35,5,2.0,1,24,3,0.0,23,0.0,0.0
0,3,2.0,3,21,0,8,2,1,600,1,0.0,1.0,,10,2,9,0.0,3,2,1,1653,1,4,20,0,1.0,1,31,3,0.0,21,0.0,1.0
2,2,2.0,3,17,1,9,2,1,600,1,0.0,0.0,,11,2,15,0.0,3,4,1,1653,3,2,25,0,2.0,1,24,3,0.0,18,0.0,0.0
2,3,2.0,3910,8,1,8,2,1,329,1,0.0,0.0,,10,2,2,0.0,1,5,1,1922,3,2,30,0,1.0,1,24,3,0.0,25,0.0,0.0
2,3,2.0,474,4,0,9,2,1,432,1,0.0,0.0,,18,1,0,0.0,1,7,1,1834,1,2,30,5,3.0,1,15,14,0.0,6,0.0,0.0
1,3,1.0,1629,11,1,9,2,1,206,1,0.0,0.0,,0,2,5,0.0,1,5,1,1434,3,2,15,0,1.0,1,24,3,0.0,25,0.0,0.0
2,3,2.0,1224,10,1,8,1,5,474,1,0.0,0.0,,8,2,7,0.0,1,4,10,1423,3,2,30,0,1.0,1,24,3,0.0,33,0.0,0.0
2,3,2.0,7199,16,0,8,2,4,126,1,0.0,0.0,,1,1,16,0.0,3,5,6,811,3,2,35,0,2.0,1,16,14,0.0,4,0.0,0.0
0,3,2.0,5,17,0,8,2,1,600,1,0.0,1.0,,10,2,9,0.0,3,6,1,1655,3,3,25,0,1.0,1,24,3,0.0,33,1.0,0.0
2,3,2.0,3,12,1,8,2,1,600,1,0.0,0.0,,10,2,15,0.0,3,1,1,1653,3,2,15,0,2.0,1,21,3,0.0,18,0.0,0.0
2,3,2.0,1,22,1,8,1,1,600,1,0.0,0.0,,10,2,10,0.0,3,1,6,1651,4,2,10,5,2.0,1,31,3,0.0,33,0.0,0.0
0,3,2.0,1970,18,1,9,2,1,324,1,0.0,0.0,,12,2,9,0.0,0,1,1,331,3,2,30,0,2.0,1,31,3,0.0,21,0.0,0.0
2,3,2.0,524,13,1,9,2,1,501,1,0.0,0.0,,10,2,10,0.0,3,1,1,1654,3,2,15,0,2.0,1,24,3,0.0,19,0.0,0.0
2,2,2.0,98,21,0,8,2,1,348,1,0.0,1.0,,3,2,15,0.0,3,1,1,1654,1,4,35,0,3.0,1,24,3,0.0,22,0.0,1.0
2,3,2.0,8300,17,1,8,1,1,217,1,0.0,0.0,,6,1,15,0.0,2,3,1,424,3,2,30,0,2.0,1,31,14,0.0,33,0.0,0.0
1,3,2.0,3,23,1,9,2,1,600,1,0.0,0.0,,10,2,11,0.0,3,1,1,1653,1,2,20,0,2.0,1,24,3,0.0,25,0.0,0.0
2,3,2.0,6298,10,1,8,2,1,394,1,0.0,0.0,,3,1,10,0.0,2,1,1,331,3,2,30,0,2.0,1,31,14,0.0,33,0.0,0.0
1,3,2.0,2,11,1,9,2,1,600,1,0.0,0.0,,10,2,15,0.0,3,2,1,1652,3,2,20,0,3.0,1,16,3,0.0,18,0.0,0.0
1,3,2.0,1,12,1,10,2,1,600,1,0.0,0.0,,17,2,7,0.0,3,2,1,1651,3,2,20,0,1.0,1,31,3,0.0,33,0.0,0.0
1,3,2.0,600,12,1,9,1,1,501,1,0.0,0.0,,12,2,7,0.0,3,6,1,1654,3,2,10,0,1.0,1,24,3,0.0,33,0.0,0.0
1,3,2.0,936,8,1,9,2,1,192,1,0.0,0.0,,10,2,10,0.0,1,6,1,1112,3,2,20,0,3.0,1,24,3,0.0,33,0.0,0.0
2,3,2.0,3,17,1,9,2,1,600,1,0.0,0.0,,10,2,15,0.0,3,6,1,1653,3,2,45,0,2.0,1,24,3,0.0,12,0.0,0.0
2,0,1.0,6400,16,0,9,2,1,200,1,0.0,0.0,,3,2,2,0.0,2,3,6,312,3,2,55,5,1.0,1,24,3,0.0,36,0.0,0.0
1,3,2.0,2,11,1,9,2,1,600,1,0.0,0.0,,10,2,15,0.0,3,4,1,1652,3,2,15,0,2.0,1,16,3,0.0,18,0.0,0.0
2,3,2.0,3648,15,1,10,2,1,98,1,0.0,0.0,,8,2,7,0.0,3,4,1,834,3,2,25,0,1.0,1,24,3,0.0,21,0.0,0.0
2,3,2.0,1,10,0,9,2,1,600,1,0.0,0.0,,10,2,7,0.0,3,1,1,1651,3,2,20,0,2.0,1,16,3,0.0,18,0.0,0.0
2,3,2.0,7198,15,1,9,1,1,126,1,0.0,0.0,,2,2,15,0.0,3,7,1,811,3,2,30,0,2.0,1,10,3,0.0,22,0.0,0.0
2,3,2.0,2425,6,1,9,2,1,83,1,0.0,0.0,,12,2,7,0.0,0,5,1,334,1,2,10,0,1.0,1,31,3,0.0,33,0.0,0.0
2,3,2.0,8716,10,1,9,1,5,618,1,0.0,0.0,,2,5,10,0.0,2,5,1,2223,3,2,30,0,2.0,1,24,15,0.0,25,0.0,0.0
2,3,2.0,1,10,0,9,2,1,517,1,0.0,1.0,,12,1,10,0.0,3,2,1,1654,3,3,15,0,1.0,1,10,5,0.0,26,1.0,0.0
2,3,2.0,1,16,1,9,2,5,155,1,0.0,0.0,,10,2,15,0.0,1,4,1,1654,3,2,30,0,3.0,1,16,3,0.0,22,0.0,0.0
2,3,2.0,500,18,0,10,2,1,555,1,0.0,0.0,,2,1,10,0.0,2,7,1,1134,4,2,30,5,6.0,1,17,14,0.0,19,0.0,0.0
1,3,2.0,5700,14,1,9,1,1,631,1,0.0,0.0,,8,1,15,0.0,2,6,1,232,3,2,30,0,2.0,1,21,3,0.0,18,0.0,0.0
2,3,2.0,3,8,1,10,2,1,600,1,0.0,0.0,,10,2,10,0.0,3,6,1,1653,3,2,20,0,2.0,1,8,3,0.0,23,0.0,0.0
2,3,2.0,162,18,1,9,2,1,155,1,0.0,0.0,,3,1,10,0.0,1,5,1,1654,3,2,20,0,4.0,1,31,14,0.0,19,0.0,0.0
1,3,2.0,3,17,1,9,2,5,600,1,0.0,0.0,,10,2,15,0.0,3,6,1,1653,3,2,30,0,2.0,1,31,3,0.0,33,0.0,0.0
2,3,2.0,524,20,0,9,2,5,501,1,0.0,1.0,,6,5,0,0.0,3,4,1,1654,1,3,30,0,2.0,1,24,14,0.0,24,1.0,0.0
2,3,2.0,9850,1,1,9,1,5,322,1,0.0,0.0,,17,2,15,0.0,2,2,1,511,0,2,30,0,3.0,1,24,3,0.0,25,0.0,0.0
2,2,2.0,3058,9,0,10,2,1,179,1,0.0,0.0,,2,2,14,0.0,2,5,6,1034,3,2,30,5,3.0,1,34,3,0.0,33,0.0,0.0
2,5,2.0,8800,9,1,10,2,1,201,1,0.0,0.0,,3,1,10,0.0,2,6,1,412,3,2,5,0,2.0,1,24,2,0.0,21,0.0,0.0
2,3,3.0,500,22,0,1,2,5,555,1,0.0,0.0,,15,1,0,0.0,2,6,10,1134,1,2,30,5,3.0,1,15,14,0.0,13,0.0,0.0
2,3,2.0,1,21,0,2,2,1,516,1,0.0,0.0,,2,2,15,0.0,3,2,1,1654,1,2,30,1,2.0,1,24,3,0.0,33,0.0,0.0
2,3,1.0,538,7,1,2,2,1,501,1,0.0,0.0,,12,2,2,0.0,3,1,1,1654,3,2,15,0,2.0,1,24,3,0.0,12,0.0,0.0
2,3,2.0,341,15,0,1,2,1,216,1,0.0,0.0,,3,2,3,0.0,1,6,9,114,4,2,30,3,2.0,1,24,3,0.0,36,0.0,0.0
0,3,3.0,1,2,1,2,2,1,600,1,0.0,0.0,,4,2,9,0.0,3,2,1,1651,1,2,30,0,2.0,1,24,3,0.0,33,0.0,0.0
2,3,2.0,815,21,0,9,2,1,135,1,0.0,0.0,,6,1,0,0.0,2,3,1,1513,1,2,35,0,4.0,1,10,13,0.0,5,0.0,0.0
2,3,2.0,13,13,1,10,2,1,348,1,0.0,0.0,,3,2,15,0.0,3,6,1,1654,3,2,55,0,2.0,1,16,3,0.0,22,0.0,0.0
2,3,2.0,801,22,1,9,1,5,135,1,0.0,0.0,,2,2,11,0.0,2,7,1,1513,1,2,30,0,2.0,1,15,3,0.0,21,0.0,0.0
0,3,2.0,2425,14,1,10,1,1,83,1,0.0,0.0,,8,2,7,0.0,0,3,1,334,3,2,30,0,2.0,1,24,3,0.0,26,0.0,0.0
2,3,2.0,162,11,1,10,2,1,155,1,0.0,0.0,,3,1,16,0.0,1,4,1,1654,3,2,30,0,2.0,1,24,14,0.0,24,0.0,0.0
1,3,2.0,1000,15,1,9,1,5,19,1,0.0,0.0,,6,5,0,0.0,3,1,1,2234,3,2,30,0,2.0,1,24,13,0.0,33,0.0,0.0
1,3,2.0,6257,16,1,9,1,5,394,1,0.0,0.0,,8,5,10,0.0,2,1,10,331,5,2,30,4,2.0,1,31,15,0.0,33,0.0,0.0
2,3,2.0,6299,16,0,9,2,5,394,1,0.0,2.0,,13,2,9,0.0,2,7,1,331,3,4,10,0,0.0,1,31,3,0.0,33,0.0,2.0
2,3,1.0,6259,4,0,8,1,1,394,1,0.0,0.0,,3,2,2,0.0,2,5,1,331,0,2,30,0,1.0,1,31,3,0.0,33,0.0,0.0
2,3,2.0,530,7,0,10,2,1,215,1,0.0,0.0,,6,1,16,0.0,1,6,1,1834,3,2,30,0,3.0,1,24,14,0.0,18,0.0,0.0
2,2,2.0,26,5,1,10,2,1,155,1,0.0,0.0,,11,2,15,0.0,1,7,6,1654,1,2,25,5,3.0,1,24,3,0.0,22,0.0,0.0
2,5,2.0,6151,9,1,10,2,2,171,1,0.0,0.0,,11,4,10,0.0,3,7,1,1622,3,2,30,2,2.0,1,24,5,0.0,25,0.0,0.0
2,3,3.0,6299,17,0,8,2,1,394,1,0.0,0.0,,3,2,10,0.0,2,4,1,331,3,2,40,0,3.0,1,24,3,0.0,33,0.0,0.0
2,3,2.0,893,10,1,10,2,1,501,1,0.0,0.0,,13,2,7,0.0,3,6,1,1654,3,2,15,0,1.0,1,24,3,0.0,21,0.0,0.0
1,3,2.0,9501,16,1,10,1,1,157,1,0.0,0.0,,2,1,15,0.0,2,6,1,2213,3,2,25,0,3.0,1,24,14,0.0,23,0.0,0.0
2,3,2.0,6259,9,1,9,1,1,394,1,0.0,0.0,,12,2,7,0.0,2,2,1,331,3,2,15,0,1.0,1,31,3,0.0,33,0.0,0.0
1,3,2.0,2,7,1,9,2,1,600,1,0.0,0.0,,10,2,15,0.0,3,5,1,1652,3,2,15,0,2.0,1,16,3,0.0,18,0.0,0.0
1,3,1.0,819,10,0,10,2,1,501,1,0.0,2.0,,8,2,2,0.0,3,4,1,1654,3,3,30,0,0.0,1,11,3,0.0,13,1.0,1.0
0,3,2.0,1730,14,1,10,1,1,389,1,0.0,0.0,,8,1,10,0.0,1,1,1,1814,3,2,20,0,2.0,0,24,13,0.0,25,0.0,0.0
2,3,2.0,93,7,1,10,2,1,155,1,0.0,0.0,,2,2,15,0.0,1,7,1,1654,3,2,30,5,2.0,1,31,3,0.0,36,0.0,0.0
2,3,2.0,895,10,1,9,2,1,501,1,0.0,0.0,,12,2,7,0.0,3,5,1,1654,3,2,15,0,1.0,1,31,3,0.0,12,0.0,0.0
1,3,2.0,516,16,1,9,2,5,501,1,0.0,0.0,,12,2,7,0.0,3,5,1,1654,3,2,25,0,1.0,1,31,3,0.0,33,0.0,0.0
1,3,2.0,1,15,1,9,2,1,518,1,0.0,0.0,,12,2,14,0.0,3,3,1,1654,3,2,10,0,4.0,1,31,3,0.0,33,0.0,0.0
2,3,2.0,5,13,1,10,2,1,600,1,0.0,0.0,,10,2,15,0.0,3,1,1,1655,3,2,15,0,2.0,1,31,3,0.0,33,0.0,0.0
0,3,2.0,1,14,1,9,2,1,515,1,0.0,0.0,,12,2,7,0.0,3,1,1,1654,3,2,10,0,1.0,1,24,3,0.0,18,0.0,0.0
2,3,2.0,4300,0,1,9,1,5,629,1,0.0,0.0,,17,5,0,0.0,2,1,1,925,3,2,30,0,2.0,1,31,15,0.0,33,0.0,0.0
2,3,2.0,3,10,0,9,2,1,600,1,0.0,0.0,CONSTRUCTION,10,2,7,0.0,3,7,1,1653,3,2,15,0,1.0,1,24,3,0.0,33,0.0,0.0
0,3,2.0,1,16,0,9,2,1,600,1,0.0,1.0,,11,2,10,0.0,3,3,1,1651,3,4,15,0,1.0,1,24,3,0.0,19,0.0,1.0
2,3,2.0,517,22,0,9,2,5,501,1,0.0,1.0,,11,2,13,0.0,3,1,1,1654,1,4,10,0,1.0,1,24,3,0.0,33,0.0,1.0
2,4,2.0,1658,15,0,10,2,1,13,1,0.0,1.0,,8,2,16,0.0,3,3,1,2234,3,3,30,0,1.0,1,31,3,0.0,33,1.0,0.0
2,3,1.0,1,19,0,9,2,1,512,1,0.0,0.0,,12,1,2,0.0,3,2,1,1654,3,2,10,0,1.0,1,24,7,0.0,13,0.0,0.0
2,3,1.0,2215,9,1,9,2,1,60,1,0.0,0.0,,11,2,2,0.0,3,4,1,932,3,2,10,0,1.0,1,24,3,0.0,33,0.0,0.0
0,3,2.0,2,22,1,9,2,1,600,1,0.0,0.0,,10,2,15,0.0,3,6,1,1652,1,2,30,5,2.0,1,31,3,0.0,33,0.0,0.0
2,3,2.0,11250,7,1,9,1,1,315,1,0.0,0.0,,10,1,16,0.0,2,4,1,2234,3,2,30,0,4.0,1,15,14,0.0,22,0.0,0.0
1,3,2.0,750,0,1,9,2,1,472,1,0.0,0.0,,8,2,3,0.0,0,2,1,233,1,2,30,0,2.0,1,24,3,0.0,25,0.0,0.0
2,3,2.0,1,22,0,1,2,1,516,1,0.0,0.0,,8,1,10,0.0,3,1,4,1654,1,2,30,1,2.0,1,34,13,0.0,36,0.0,0.0
2,2,2.0,3,11,1,12,2,1,600,1,0.0,0.0,,10,2,15,0.0,3,6,0,1653,3,2,25,1,2.0,1,24,3,0.0,36,0.0,0.0
2,3,2.0,10000,18,1,12,1,1,143,1,0.0,0.0,,10,5,7,0.0,3,7,10,1654,5,2,25,4,1.0,1,24,14,0.0,12,0.0,0.0
1,3,2.0,10000,2,1,1,1,1,143,1,0.0,0.0,,8,2,15,0.0,3,5,1,1654,0,2,30,0,2.0,1,21,3,0.0,23,0.0,0.0
2,3,2.0,4560,16,0,9,2,1,128,1,0.0,1.0,,8,4,8,0.0,3,7,2,2522,3,1,30,0,3.0,1,22,3,1.0,22,0.0,0.0
0,3,2.0,8801,15,1,9,2,1,200,1,0.0,0.0,,10,0,10,0.0,2,2,1,423,3,2,10,0,3.0,1,24,5,0.0,19,0.0,0.0
2,2,2.0,2,12,0,6,2,1,600,1,0.0,1.0,,10,1,2,0.0,3,6,1,1652,3,4,25,0,1.0,1,25,5,0.0,22,0.0,1.0
2,3,2.0,850,5,1,10,2,5,501,1,0.0,0.0,,4,2,3,0.0,3,6,1,1654,1,2,20,0,2.0,1,31,3,0.0,33,0.0,0.0
2,3,2.0,3,16,1,10,2,1,600,1,0.0,0.0,,10,2,15,0.0,3,3,2,1653,3,2,25,0,2.0,1,31,3,0.0,12,0.0,0.0
2,3,1.0,4415,11,1,7,1,1,257,1,0.0,0.0,,12,2,2,0.0,2,6,1,221,3,2,10,0,1.0,1,33,3,0.0,29,0.0,0.0
2,3,2.0,6299,1,0,9,2,1,394,1,0.0,2.0,,6,1,16,0.0,2,2,1,331,1,4,45,0,1.0,1,24,14,0.0,3,0.0,2.0
1,2,2.0,3,18,1,10,1,1,600,1,0.0,0.0,,17,2,10,0.0,3,1,1,1653,3,2,30,0,2.0,1,24,3,0.0,18,0.0,0.0
2,3,2.0,5466,2,0,1,2,1,631,1,0.0,0.0,,6,1,0,0.0,2,2,1,225,0,2,30,0,2.0,1,24,13,0.0,11,0.0,0.0
1,3,2.0,10101,17,1,1,2,1,372,1,0.0,0.0,,3,2,15,0.0,3,2,1,1654,1,2,45,0,2.0,1,10,3,0.0,19,0.0,0.0
0,3,2.0,5,15,1,1,2,1,600,1,0.0,0.0,,10,2,15,0.0,3,5,1,1655,3,2,20,0,2.0,1,24,3,0.0,21,0.0,0.0
2,3,2.0,1,8,1,1,2,1,600,1,0.0,0.0,,10,2,10,0.0,3,2,1,1651,3,2,25,0,2.0,1,24,3,0.0,19,0.0,0.0
1,3,2.0,5,21,1,2,2,1,600,1,0.0,0.0,,12,2,11,0.0,3,4,4,1655,1,2,15,5,2.0,1,24,3,0.0,33,0.0,0.0
0,3,2.0,1,20,1,2,1,1,600,1,0.0,0.0,,10,2,15,0.0,3,7,1,1651,1,2,20,0,2.0,1,10,3,0.0,18,0.0,0.0
2,3,1.0,7035,22,0,1,2,1,365,1,0.0,1.0,,8,2,2,0.0,2,5,1,831,1,3,30,0,1.0,1,24,3,0.0,14,1.0,0.0
2,2,2.0,521,12,1,1,2,1,501,1,0.0,0.0,,3,2,15,0.0,3,6,6,1654,3,2,30,5,2.0,1,24,3,0.0,22,0.0,0.0
2,3,2.0,1,14,1,1,2,1,600,1,0.0,0.0,,13,2,15,0.0,3,2,1,1651,3,2,25,0,2.0,1,24,3,0.0,22,0.0,0.0
1,3,6.0,9800,19,1,10,2,1,372,1,0.0,0.0,,3,2,10,0.0,3,6,1,1654,1,2,40,0,6.0,1,17,3,0.0,19,0.0,0.0
2,3,2.0,2499,18,1,11,1,1,615,1,0.0,0.0,,6,1,16,0.0,2,6,1,131,1,2,30,0,2.0,1,31,14,0.0,19,0.0,0.0
1,3,1.0,616,21,1,9,2,1,501,1,0.0,0.0,,12,2,2,0.0,3,6,6,1654,1,2,30,5,1.0,1,31,3,0.0,36,0.0,0.0
1,3,2.0,853,22,1,9,1,5,135,1,0.0,0.0,,18,1,16,0.0,2,4,1,1513,1,2,30,4,2.0,1,10,14,0.0,18,0.0,0.0
1,3,2.0,13,10,1,10,2,1,348,1,0.0,0.0,,11,2,15,0.0,3,1,1,1654,3,2,30,0,8.0,1,31,3,0.0,24,0.0,0.0
2,3,2.0,799,7,0,2,2,1,116,1,0.0,0.0,,8,2,15,0.0,2,2,1,1654,3,2,40,0,2.0,1,31,3,0.0,33,0.0,0.0
2,2,2.0,7100,16,1,1,1,1,279,1,0.0,0.0,,10,2,15,0.0,2,7,1,334,4,2,30,0,2.0,1,31,3,0.0,33,0.0,0.0
2,3,2.0,804,17,0,1,2,1,501,1,0.0,1.0,,6,1,16,0.0,3,1,1,1654,1,4,50,0,1.0,1,24,14,0.0,33,0.0,1.0
1,3,2.0,502,22,1,1,2,1,501,1,0.0,0.0,,12,2,10,0.0,3,4,4,1653,1,2,20,3,2.0,1,10,3,0.0,12,0.0,0.0
1,3,2.0,1,17,1,2,2,5,600,1,0.0,0.0,,10,2,15,0.0,3,2,1,1651,3,2,25,0,3.0,1,24,3,0.0,18,0.0,0.0
1,3,2.0,1,13,1,1,2,1,519,1,0.0,0.0,,12,2,7,0.0,2,7,5,813,3,2,10,0,1.0,1,31,3,0.0,33,0.0,0.0
0,3,2.0,531,8,1,1,2,1,215,1,0.0,0.0,,3,1,10,0.0,1,6,9,1834,3,2,30,3,3.0,1,24,14,0.0,19,0.0,0.0
2,3,2.0,515,15,0,1,2,1,555,1,0.0,0.0,,6,1,16,0.0,2,7,1,1135,3,2,30,5,2.0,1,24,14,0.0,33,0.0,0.0
1,3,2.0,5,20,1,2,2,1,600,1,0.0,0.0,,11,2,15,0.0,3,2,1,1655,1,2,20,0,2.0,1,10,3,0.0,18,0.0,0.0
2,3,2.0,12699,20,0,1,1,1,588,1,0.0,0.0,,15,1,10,0.0,2,6,1,532,4,2,35,0,2.0,1,24,14,0.0,19,0.0,0.0
1,3,3.0,13,10,1,10,2,1,348,1,0.0,0.0,,11,2,15,0.0,3,7,1,1654,3,2,30,0,3.0,1,24,3,0.0,24,0.0,0.0
2,3,2.0,10024,17,1,10,2,1,613,1,0.0,0.0,,2,1,16,0.0,2,5,6,2213,1,2,30,5,2.0,1,34,13,0.0,17,0.0,0.0
2,3,2.0,10,6,0,11,2,1,155,1,0.0,0.0,,9,2,15,0.0,1,2,1,1654,3,2,30,0,2.0,1,24,3,0.0,25,0.0,0.0
2,3,3.0,463,17,1,10,2,1,38,1,0.0,0.0,,8,2,7,0.0,3,7,6,914,3,2,30,5,1.0,1,34,3,0.0,36,0.0,0.0
2,3,2.0,700,17,1,10,2,1,1,1,0.0,0.0,,12,2,7,0.0,0,1,1,511,3,2,15,0,1.0,1,19,3,0.0,25,0.0,0.0
2,3,2.0,600,19,1,10,1,1,540,1,0.0,0.0,,18,1,14,0.0,0,1,1,114,1,2,30,0,2.0,1,24,14,0.0,25,0.0,0.0
2,3,2.0,1,5,1,11,2,1,501,1,0.0,0.0,,10,2,15,0.0,3,3,1,1651,2,2,30,0,2.0,1,24,3,0.0,33,0.0,0.0
2,3,2.0,4030,17,1,10,1,1,257,1,0.0,0.0,,10,2,7,0.0,2,7,1,213,3,2,30,0,1.0,1,20,3,0.0,22,0.0,0.0
0,3,2.0,2,13,1,9,1,1,600,1,0.0,0.0,,10,2,15,0.0,3,5,1,1652,3,2,20,0,3.0,1,24,3,0.0,33,0.0,0.0
2,3,2.0,1,17,1,9,2,1,600,1,0.0,0.0,,11,2,15,0.0,3,7,1,1651,3,2,15,0,2.0,1,24,3,0.0,28,0.0,0.0
2,3,3.0,1,17,1,9,2,1,600,1,0.0,0.0,,10,2,11,0.0,3,5,1,1651,1,2,15,0,3.0,1,17,3,0.0,2,0.0,0.0
2,3,2.0,499,12,1,10,2,1,583,1,0.0,0.0,,8,1,7,0.0,1,6,1,1834,3,2,25,0,1.0,1,31,14,0.0,33,0.0,0.0
2,3,2.0,8901,15,1,10,2,1,200,1,0.0,0.0,,10,2,15,0.0,2,7,1,423,3,2,35,0,3.0,1,24,3,0.0,19,0.0,0.0
0,3,3.0,3,19,0,11,2,1,600,1,0.0,2.0,,11,2,9,0.0,3,6,1,1653,1,3,20,0,1.0,1,24,3,0.0,33,2.0,0.0
2,0,1.0,13,22,0,11,2,1,348,1,0.0,0.0,,10,1,2,0.0,3,6,1,1654,1,2,25,5,1.0,1,31,5,0.0,33,0.0,0.0
2,3,1.0,390,23,0,10,2,1,34,1,0.0,0.0,,8,2,2,0.0,0,4,1,132,0,2,30,0,1.0,1,31,3,0.0,27,0.0,0.0
0,0,2.0,5,12,1,9,2,1,600,1,0.0,0.0,,11,2,0,0.0,3,2,1,1655,3,2,25,0,2.0,1,31,3,0.0,33,0.0,0.0
2,3,2.0,21,18,0,11,2,5,348,1,0.0,2.0,,11,2,15,0.0,3,2,1,1654,1,4,30,0,2.0,1,24,3,0.0,33,0.0,2.0
0,0,2.0,5,17,0,12,2,1,600,1,0.0,1.0,,10,2,9,0.0,3,4,2,1655,1,4,25,0,1.0,1,31,3,0.0,33,0.0,1.0
2,3,2.0,4000,3,0,11,2,1,636,1,0.0,0.0,,6,0,13,0.0,3,7,1,1115,1,2,30,0,3.0,1,24,13,0.0,33,0.0,0.0
2,3,2.0,3,6,1,10,2,1,600,1,0.0,0.0,,10,2,15,0.0,3,6,1,1653,2,2,20,0,2.0,1,16,3,0.0,18,0.0,0.0
2,3,2.0,1,19,0,10,1,1,600,0,0.0,1.0,,11,2,10,0.0,3,6,1,1651,1,4,30,0,2.0,1,24,3,0.0,19,0.0,1.0
2,3,2.0,2,14,1,10,2,5,600,1,0.0,0.0,,10,2,7,0.0,3,2,6,1652,3,2,30,5,1.0,1,31,3,0.0,33,0.0,0.0
2,2,2.0,5642,8,1,9,2,1,397,1,0.0,0.0,,11,2,16,0.0,2,2,1,331,3,2,40,0,3.0,1,24,3,0.0,22,0.0,0.0
2,3,2.0,40,13,0,10,2,1,155,1,0.0,1.0,,15,2,16,0.0,1,3,2,1654,3,3,45,0,1.0,1,24,3,0.0,18,1.0,0.0
1,3,2.0,6258,17,1,11,2,1,394,1,0.0,0.0,,15,1,10,0.0,2,2,1,331,3,2,30,0,2.0,1,24,14,0.0,33,0.0,0.0
0,3,2.0,25,21,1,10,1,1,155,1,0.0,0.0,,2,1,10,0.0,1,1,6,1654,1,2,30,5,2.0,1,34,13,0.0,36,0.0,0.0
2,3,1.0,8900,1,1,10,1,1,201,1,0.0,0.0,,11,1,2,0.0,2,1,1,423,1,2,30,0,1.0,1,24,5,0.0,25,0.0,0.0
2,3,2.0,1,10,0,11,2,1,155,1,0.0,2.0,,8,2,16,0.0,1,6,1,1654,3,3,25,0,6.0,1,31,3,0.0,18,2.0,0.0
1,3,2.0,1,6,1,10,2,1,600,1,0.0,0.0,,10,2,15,0.0,3,3,1,1651,3,2,20,0,2.0,1,16,3,0.0,18,0.0,0.0
2,3,2.0,3,13,1,10,1,1,600,1,0.0,0.0,,10,2,16,0.0,3,4,1,1653,3,2,30,0,2.0,1,24,3,0.0,18,0.0,0.0
2,3,1.0,9801,15,0,11,2,1,372,1,0.0,0.0,,11,2,5,0.0,3,2,1,1654,3,2,55,0,1.0,1,22,3,0.0,22,0.0,0.0
1,3,2.0,9962,14,1,10,2,1,201,1,0.0,0.0,,3,2,15,0.0,2,6,1,432,3,2,45,0,3.0,1,21,3,0.0,22,0.0,0.0
0,3,2.0,517,11,1,10,2,1,501,1,0.0,0.0,,8,2,7,0.0,3,7,1,1654,3,2,30,0,1.0,1,31,3,0.0,19,0.0,0.0
0,3,2.0,2523,13,0,11,2,1,178,1,0.0,1.0,,2,2,9,0.0,2,6,2,1034,3,4,30,5,4.0,1,31,3,0.0,33,0.0,1.0
2,3,2.0,3116,3,1,10,2,1,313,1,0.0,0.0,,8,1,10,0.0,1,1,1,1933,1,2,30,0,4.0,1,24,14,0.0,17,0.0,0.0
2,3,2.0,1,13,1,10,2,1,600,1,0.0,0.0,,10,2,15,0.0,3,1,1,1651,3,2,20,0,2.0,1,24,3,0.0,33,0.0,0.0
2,3,1.0,8800,12,0,10,2,1,201,1,0.0,0.0,,3,1,4,0.0,2,5,1,412,3,2,10,0,1.0,1,24,7,0.0,17,0.0,0.0
0,3,2.0,8334,7,1,10,2,1,217,1,0.0,0.0,,0,2,10,0.0,2,3,1,424,3,2,30,5,2.0,1,24,3,0.0,26,0.0,0.0
2,3,1.0,8900,1,1,10,2,1,201,1,0.0,0.0,,11,1,2,0.0,2,1,1,423,1,2,30,0,1.0,1,24,5,0.0,25,0.0,0.0
2,3,2.0,4331,10,0,10,1,1,442,1,0.0,1.0,,8,1,10,0.0,1,5,1,1654,3,4,45,0,2.0,1,31,14,0.0,19,0.0,1.0
2,3,2.0,7100,16,1,10,1,1,201,1,0.0,0.0,,3,2,15,0.0,2,6,6,323,2,2,55,5,3.0,1,31,3,0.0,33,0.0,0.0
1,3,2.0,5000,13,1,11,1,1,257,1,0.0,0.0,,10,2,7,0.0,2,4,1,224,3,2,30,0,1.0,1,31,3,0.0,18,0.0,0.0
2,3,1.0,600,17,1,10,2,1,304,1,0.0,0.0,,12,4,2,0.0,0,5,5,1834,1,2,15,0,1.0,1,24,5,0.0,25,0.0,0.0
1,3,2.0,5,6,1,11,1,1,600,1,0.0,0.0,,10,2,15,0.0,3,2,1,1655,1,2,20,0,2.0,1,24,3,0.0,18,0.0,0.0
2,3,2.0,102,11,1,10,2,1,348,1,0.0,0.0,,13,1,10,0.0,3,5,1,1654,3,2,30,0,2.0,1,31,14,0.0,19,0.0,0.0
2,3,2.0,2,22,1,10,2,1,600,1,0.0,0.0,CONSTRUCTION,10,2,15,0.0,3,6,1,1652,1,2,25,0,2.0,1,8,3,0.0,14,0.0,0.0
1,3,2.0,6299,18,1,4,1,5,394,1,0.0,0.0,,12,5,5,0.0,2,7,1,331,5,2,20,4,1.0,0,24,15,0.0,23,0.0,0.0
2,3,2.0,3,17,0,2,2,1,600,1,0.0,0.0,,10,2,15,0.0,3,1,1,1653,4,2,20,0,2.0,1,31,3,0.0,33,0.0,0.0
2,3,2.0,10020,14,1,1,2,1,143,1,0.0,0.0,,12,2,7,0.0,3,6,6,1654,3,2,15,5,1.0,1,31,3,0.0,12,0.0,0.0
2,3,2.0,162,15,0,12,2,1,155,1,0.0,0.0,,8,2,2,0.0,1,4,1,1654,1,2,35,1,2.0,1,31,3,0.0,36,0.0,0.0
2,3,2.0,850,16,1,12,2,5,501,1,0.0,0.0,,8,5,15,0.0,3,5,2,1654,4,2,30,5,2.0,1,24,14,0.0,22,0.0,0.0
2,3,2.0,50,13,0,2,2,5,348,1,0.0,0.0,,10,2,10,0.0,3,4,9,1654,3,2,30,3,2.0,1,31,3,0.0,33,0.0,0.0
2,0,1.0,2199,2,0,11,2,5,324,1,1.0,1.0,,3,1,2,0.0,0,6,1,331,1,0,35,0,0.0,1,15,14,0.0,17,0.0,0.0
0,2,2.0,2,8,0,10,2,5,600,1,0.0,1.0,,10,2,9,0.0,3,5,1,1652,3,4,25,0,1.0,1,24,15,0.0,33,0.0,1.0
2,3,1.0,4697,19,0,11,2,1,257,1,0.0,0.0,,8,5,2,0.0,2,6,6,221,5,2,35,5,1.0,1,31,15,0.0,33,0.0,0.0
1,3,2.0,3,22,1,11,2,1,600,1,0.0,0.0,,10,2,10,0.0,3,6,1,1653,1,2,20,0,2.0,1,24,3,0.0,22,0.0,0.0
2,3,2.0,893,18,1,10,2,1,501,1,0.0,0.0,,12,2,7,0.0,3,6,6,1654,0,2,10,5,1.0,1,24,3,0.0,36,0.0,0.0
2,3,2.0,524,15,1,11,1,1,501,1,0.0,0.0,,12,2,15,0.0,3,7,1,1654,3,2,15,0,2.0,1,16,3,0.0,22,0.0,0.0
2,3,2.0,649,15,1,11,2,1,131,1,0.0,0.0,,8,2,0,0.0,1,7,1,1215,4,2,30,0,2.0,1,24,3,0.0,25,0.0,0.0
2,3,2.0,1,11,1,10,2,1,515,1,0.0,0.0,,12,2,7,0.0,3,5,2,1654,3,2,20,0,1.0,1,31,3,0.0,33,0.0,0.0
2,0,2.0,6629,9,0,10,2,1,200,1,0.0,1.0,,3,1,15,0.0,2,5,2,312,3,4,45,0,1.0,1,20,5,0.0,17,0.0,1.0
1,3,2.0,3,11,1,10,2,1,600,1,0.0,0.0,,10,2,15,0.0,3,7,1,1653,3,2,20,0,2.0,1,16,3,0.0,18,0.0,0.0
2,3,1.0,3421,18,1,11,2,1,180,1,0.0,0.0,,4,0,5,0.0,2,4,6,211,4,2,25,5,1.0,1,24,3,0.0,25,0.0,0.0
2,3,2.0,9502,14,0,11,2,1,157,1,0.0,1.0,,11,2,16,0.0,2,3,1,2213,3,3,30,0,1.0,1,22,3,0.0,18,1.0,0.0
0,3,2.0,3098,17,0,1,2,1,546,1,0.0,2.0,,6,1,10,0.0,2,7,1,1034,2,3,30,0,1.0,1,10,14,0.0,19,1.0,1.0
2,3,1.0,300,13,1,1,2,5,389,1,0.0,0.0,,17,5,5,0.0,1,4,1,1831,3,2,30,4,1.0,1,24,15,0.0,19,0.0,0.0
2,3,2.0,524,4,1,2,2,1,501,1,0.0,0.0,,12,2,10,0.0,3,3,1,1654,1,2,10,0,2.0,1,7,3,0.0,8,0.0,0.0
1,3,2.0,6601,17,1,12,1,1,304,1,0.0,0.0,,8,1,15,0.0,3,2,1,2512,1,2,30,0,3.0,1,24,14,0.0,23,0.0,0.0
2,3,2.0,1,20,1,11,1,5,327,1,0.0,0.0,,10,2,15,0.0,3,1,10,1654,5,2,20,4,2.0,1,31,3,0.0,33,0.0,0.0
1,3,2.0,527,13,1,11,2,1,501,1,0.0,0.0,,10,2,15,0.0,3,7,1,1654,3,2,25,0,2.0,1,16,3,0.0,23,0.0,0.0
0,3,2.0,2629,12,1,11,2,1,178,1,0.0,0.0,,3,2,16,0.0,2,3,1,1034,3,2,30,0,2.0,1,22,3,0.0,21,0.0,0.0
0,3,3.0,1,12,1,12,2,1,248,1,0.0,0.0,,10,2,10,0.0,2,2,1,813,3,2,15,0,2.0,1,24,3,0.0,19,0.0,0.0
1,3,2.0,412,15,1,11,2,1,501,1,0.0,0.0,,3,2,7,0.0,3,3,1,1654,3,2,15,0,1.0,1,31,3,0.0,12,0.0,0.0
2,3,4.0,9800,17,1,11,2,1,372,1,0.0,0.0,,11,2,10,0.0,3,6,1,1654,3,2,40,0,4.0,1,17,3,0.0,19,0.0,0.0
2,3,2.0,8350,12,1,11,1,1,576,1,0.0,0.0,,3,1,15,0.0,2,2,1,424,3,2,30,0,2.0,1,31,3,0.0,23,0.0,0.0
2,3,1.0,4550,10,0,12,1,1,390,1,0.0,0.0,,10,2,4,0.0,2,6,1,215,3,2,30,0,1.0,1,24,3,0.0,30,0.0,0.0
2,2,2.0,522,10,0,11,2,1,501,1,0.0,1.0,,3,2,15,0.0,3,5,1,1654,3,4,35,0,1.0,1,20,3,0.0,23,0.0,1.0
2,4,2.0,630,20,1,10,2,1,501,1,0.0,0.0,,4,2,7,0.0,3,6,6,1654,1,2,15,5,1.0,1,31,3,0.0,12,0.0,0.0
2,3,2.0,6299,18,1,11,1,1,394,1,0.0,0.0,,3,1,10,0.0,2,6,1,331,1,2,30,0,3.0,1,24,14,0.0,19,0.0,0.0
2,3,2.0,7150,12,1,11,1,1,302,1,0.0,0.0,,8,2,7,0.0,1,3,10,2423,5,2,20,4,1.0,1,24,3,0.0,33,0.0,0.0
2,3,2.0,100,5,1,2,2,1,348,1,0.0,0.0,,10,2,10,0.0,3,6,1,1654,1,2,55,0,2.0,1,10,3,0.0,19,0.0,0.0
2,3,2.0,612,7,1,1,2,1,501,1,0.0,0.0,,8,2,15,0.0,3,3,1,1654,3,2,30,0,2.0,1,10,3,0.0,12,0.0,0.0
2,3,4.0,9800,16,1,1,2,5,372,1,0.0,0.0,,11,2,10,0.0,3,6,2,1654,3,2,55,5,4.0,1,24,3,0.0,33,0.0,0.0
2,3,2.0,2601,5,0,2,2,1,178,1,0.0,1.0,,6,1,0,0.0,2,7,1,1034,1,4,30,1,1.0,1,31,14,0.0,33,0.0,1.0
0,3,2.0,560,21,1,2,2,1,501,1,0.0,0.0,,2,2,15,0.0,3,2,1,1654,1,2,30,5,5.0,1,24,3,0.0,12,0.0,0.0
2,3,2.0,3,11,1,2,2,1,600,1,0.0,0.0,,10,2,15,0.0,3,5,1,1653,3,2,30,5,2.0,1,10,3,0.0,22,0.0,0.0
2,3,2.0,1900,18,1,12,2,5,344,1,0.0,0.0,,8,1,16,0.0,1,5,1,1421,0,2,30,0,2.0,1,24,14,0.0,24,0.0,0.0
2,3,2.0,1,17,1,11,1,1,600,1,0.0,0.0,,10,2,15,0.0,3,7,1,1651,1,2,20,0,2.0,1,24,3,0.0,22,0.0,0.0
2,4,2.0,5104,20,0,10,2,5,631,1,0.0,1.0,,8,1,0,0.0,2,1,6,225,1,4,30,5,2.0,1,31,14,0.0,25,0.0,1.0
0,3,2.0,9502,15,0,10,2,1,157,1,0.0,1.0,,8,2,8,0.0,2,5,6,2213,3,3,35,5,2.0,1,31,3,0.0,33,1.0,0.0
0,3,2.0,3,7,0,11,2,1,600,1,0.0,1.0,,13,2,9,0.0,3,3,1,1653,3,3,30,0,1.0,1,24,3,0.0,33,1.0,0.0
2,3,2.0,2425,15,1,11,1,5,83,1,0.0,0.0,,15,2,15,0.0,0,3,10,334,3,2,25,2,2.0,1,31,3,0.0,33,0.0,0.0
1,3,2.0,895,9,1,12,2,1,501,1,0.0,0.0,,12,2,7,0.0,3,2,1,1654,3,2,15,0,2.0,1,16,3,0.0,18,0.0,0.0
2,2,1.0,8700,9,1,12,2,1,201,1,0.0,0.0,,3,1,2,0.0,2,6,1,412,3,2,35,0,1.0,1,31,7,0.0,12,0.0,0.0
2,3,2.0,845,16,1,11,2,2,92,1,0.0,0.0,,8,2,10,0.0,3,6,6,621,3,2,30,5,2.0,1,24,3,0.0,36,0.0,0.0
2,3,2.0,5,14,1,10,1,5,600,1,0.0,0.0,,10,2,15,0.0,3,6,1,1655,3,2,30,0,2.0,1,31,3,0.0,33,0.0,0.0
2,3,2.0,2400,16,1,11,2,5,83,1,0.0,0.0,,5,1,16,0.0,0,6,6,334,1,2,30,5,4.0,1,31,14,0.0,33,0.0,0.0
0,3,1.0,2119,8,1,11,2,1,465,1,0.0,0.0,,0,2,2,0.0,3,5,6,1434,3,2,15,0,1.0,1,24,3,0.0,33,0.0,0.0
2,3,2.0,3,4,0,10,2,1,600,1,0.0,0.0,,10,2,10,0.0,3,6,6,1653,1,2,20,5,3.0,1,31,3,0.0,33,0.0,0.0
1,3,2.0,3,8,1,10,1,5,600,1,0.0,0.0,,10,2,7,0.0,3,7,2,1653,1,2,20,0,1.0,1,31,3,0.0,22,0.0,0.0
2,3,2.0,1,9,0,10,2,1,155,1,0.0,1.0,,10,2,10,0.0,1,7,1,1654,3,3,30,0,2.0,1,31,3,0.0,33,1.0,0.0
2,3,2.0,5500,2,1,11,2,1,631,1,0.0,0.0,,8,2,16,0.0,2,1,4,225,1,2,30,5,2.0,1,31,3,0.0,33,0.0,0.0
2,3,2.0,1,13,1,11,2,1,600,1,0.0,0.0,,10,2,15,0.0,3,2,1,1651,3,2,20,0,2.0,1,24,3,0.0,33,0.0,0.0
2,3,2.0,1,10,1,11,2,1,518,1,0.0,0.0,,12,2,13,0.0,3,6,1,1654,3,2,10,0,2.0,1,31,3,0.0,33,0.0,0.0
2,4,2.0,1750,22,1,10,1,1,197,1,0.0,0.0,,8,2,7,0.0,3,3,1,2212,1,2,20,4,1.0,1,15,3,0.0,9,0.0,0.0
0,2,2.0,2,9,1,11,1,1,600,1,0.0,0.0,,11,2,7,0.0,3,5,1,1652,3,2,25,0,1.0,1,24,3,0.0,33,0.0,0.0
1,3,2.0,1,11,1,11,2,1,600,1,0.0,0.0,,10,2,15,0.0,3,3,1,1651,3,2,30,0,2.0,1,16,3,0.0,18,0.0,0.0
2,3,2.0,5700,18,0,12,2,5,224,1,0.0,0.0,,8,2,3,0.0,2,1,6,331,4,2,30,5,3.0,1,31,3,0.0,36,0.0,0.0
2,3,2.0,7198,13,1,10,1,1,126,1,0.0,0.0,,2,2,0,0.0,3,1,6,811,3,2,30,5,2.0,1,10,3,0.0,18,0.0,0.0
2,3,2.0,2814,16,0,10,2,1,316,1,0.0,0.0,,11,2,0,0.0,1,2,1,2523,3,2,20,5,2.0,1,24,3,0.0,25,0.0,0.0
2,3,2.0,1,6,1,11,2,1,600,1,0.0,0.0,,10,2,15,0.0,3,6,1,1651,3,2,30,0,2.0,1,24,3,0.0,33,0.0,0.0
1,2,1.0,700,14,1,10,2,1,501,1,0.0,0.0,,10,2,2,0.0,3,2,2,1654,3,2,30,5,1.0,1,24,3,0.0,36,0.0,0.0
2,3,2.0,13000,18,0,10,2,5,590,1,0.0,4.0,,2,0,16,0.0,2,6,6,434,1,3,30,5,1.0,1,24,14,0.0,33,4.0,0.0
2,3,2.0,560,15,0,11,2,1,501,1,0.0,1.0,,12,2,0,0.0,3,6,1,1654,3,3,15,0,1.0,1,24,3,0.0,18,1.0,0.0
1,3,2.0,1599,13,0,10,1,1,635,1,0.0,1.0,,10,2,8,0.0,1,6,6,1424,3,3,30,5,1.0,1,31,3,0.0,33,1.0,0.0
0,3,2.0,5620,11,1,11,2,1,479,1,0.0,0.0,,8,2,10,0.0,1,6,6,1612,3,2,30,5,2.0,1,24,3,0.0,25,0.0,0.0
2,3,2.0,3100,21,1,11,2,1,313,1,0.0,0.0,,2,1,16,0.0,1,1,1,1933,1,2,30,0,4.0,1,31,14,0.0,18,0.0,0.0
0,3,2.0,3,18,1,10,2,1,600,1,0.0,0.0,,10,2,10,0.0,3,2,1,1653,1,2,15,0,2.0,1,10,3,0.0,19,0.0,0.0
2,3,1.0,6259,3,0,11,1,1,394,1,0.0,0.0,,3,2,2,0.0,2,1,1,331,1,2,45,0,1.0,1,31,3,0.0,33,0.0,0.0
1,3,2.0,524,19,1,10,2,1,501,1,0.0,0.0,,12,1,16,0.0,3,5,6,1654,1,2,15,5,2.0,1,24,14,0.0,23,0.0,0.0
2,3,2.0,632,9,1,10,2,1,501,1,0.0,0.0,,12,2,7,0.0,3,7,1,1654,3,2,20,0,2.0,1,16,3,0.0,18,0.0,0.0
2,3,2.0,3340,21,0,10,2,1,219,1,0.0,0.0,,10,2,15,0.0,3,1,1,1134,1,2,30,0,2.0,1,31,3,0.0,18,0.0,0.0
0,2,2.0,2,22,1,11,2,1,600,1,0.0,0.0,,10,2,15,0.0,3,3,1,1652,1,2,30,0,2.0,1,24,3,0.0,18,0.0,0.0
1,3,2.0,1,6,1,11,1,1,600,1,0.0,0.0,,10,2,15,0.0,3,5,1,1651,1,2,20,0,2.0,1,16,3,0.0,18,0.0,0.0
2,3,2.0,660,11,1,12,2,1,501,1,0.0,0.0,,8,2,14,0.0,3,5,1,1654,3,2,25,0,2.0,1,10,3,0.0,18,0.0,0.0
2,3,2.0,93,7,0,11,2,1,155,1,0.0,0.0,,12,2,14,0.0,1,4,1,1654,3,2,15,0,2.0,1,16,3,0.0,18,0.0,0.0
0,3,2.0,1,21,1,12,2,1,513,0,0.0,0.0,,12,2,15,0.0,3,4,1,1654,1,2,15,0,2.0,1,24,3,0.0,33,0.0,0.0
2,3,2.0,524,13,0,11,2,1,501,1,0.0,1.0,,6,1,16,0.0,3,3,1,1654,3,3,35,0,1.0,1,31,14,0.0,33,1.0,0.0
2,3,2.0,1,20,1,11,2,1,515,1,0.0,0.0,,12,2,15,0.0,3,2,1,1654,1,2,10,0,3.0,1,16,3,0.0,18,0.0,0.0
1,3,1.0,1,5,1,11,2,1,515,1,0.0,0.0,,12,2,2,0.0,3,2,1,1654,1,2,15,0,1.0,1,31,5,0.0,27,0.0,0.0
2,3,2.0,5,19,1,1,2,1,600,0,0.0,0.0,,10,2,15,0.0,3,2,1,1655,1,2,15,0,2.0,1,31,3,0.0,35,0.0,0.0
0,3,1.0,700,15,1,12,2,1,501,1,0.0,0.0,,11,1,5,0.0,3,7,1,1654,3,2,20,0,1.0,1,24,5,0.0,34,0.0,0.0
2,3,2.0,1,19,1,11,2,5,600,1,0.0,0.0,,10,2,15,0.0,3,4,1,1651,1,2,25,0,2.0,1,31,3,0.0,19,0.0,0.0
2,3,2.0,5100,14,1,1,1,1,631,1,0.0,0.0,,2,1,15,0.0,2,5,1,225,3,2,35,0,2.0,1,24,14,0.0,23,0.0,0.0
1,3,2.0,1,16,1,1,2,1,516,1,0.0,0.0,,12,2,0,0.0,3,7,9,1654,1,2,10,3,2.0,1,24,3,0.0,36,0.0,0.0
2,3,2.0,617,15,1,12,2,5,501,1,0.0,0.0,,12,2,14,0.0,3,6,1,1654,3,2,10,0,2.0,1,31,3,0.0,33,0.0,0.0
2,3,2.0,2959,17,1,12,1,5,582,1,0.0,0.0,,6,4,0,0.0,2,3,1,1031,1,2,30,4,2.0,1,31,13,0.0,5,0.0,0.0
0,3,2.0,172,18,1,1,2,5,155,1,0.0,0.0,,10,1,10,0.0,1,1,1,1654,1,2,30,0,2.0,1,31,14,0.0,33,0.0,0.0
2,3,2.0,513,19,1,11,2,1,501,1,0.0,0.0,,8,2,7,0.0,3,7,1,1654,1,2,20,4,1.0,1,31,3,0.0,33,0.0,0.0
2,3,2.0,8700,7,1,11,2,1,201,1,0.0,0.0,,3,1,11,0.0,2,5,1,412,3,2,45,0,2.0,1,24,6,0.0,21,0.0,0.0
2,3,1.0,6259,1,0,12,2,1,394,1,0.0,1.0,,3,1,2,0.0,2,6,1,331,1,3,35,0,2.0,1,31,14,0.0,33,1.0,0.0
2,3,2.0,1,18,1,12,2,1,515,1,0.0,0.0,,12,2,0,0.0,3,1,6,1654,1,2,10,5,3.0,1,24,3,0.0,18,0.0,0.0
2,3,2.0,10021,20,0,1,2,1,372,1,0.0,0.0,,3,2,10,0.0,3,1,1,1654,1,2,55,0,3.0,1,31,3,0.0,19,0.0,0.0
2,4,1.0,10000,6,0,11,2,1,201,1,0.0,0.0,,3,1,2,0.0,2,3,1,432,3,2,45,1,1.0,1,31,5,0.0,36,0.0,0.0
1,3,2.0,2510,19,1,1,1,5,83,1,0.0,0.0,,10,5,11,0.0,0,7,9,334,0,2,30,3,2.0,1,24,15,0.0,21,0.0,0.0
2,3,2.0,342,3,1,11,2,1,429,1,0.0,0.0,,3,1,0,0.0,1,1,1,114,1,2,30,0,2.0,1,15,14,0.0,18,0.0,0.0
2,3,2.0,5100,20,1,12,1,1,631,1,0.0,0.0,,8,1,10,0.0,2,2,1,225,1,2,30,0,2.0,1,15,14,0.0,6,0.0,0.0
0,3,2.0,613,17,1,11,2,1,501,1,0.0,0.0,,12,2,7,0.0,3,4,2,1654,1,2,20,5,1.0,1,24,3,0.0,12,0.0,0.0
2,3,2.0,891,13,1,11,2,1,501,1,0.0,0.0,,12,2,7,0.0,3,4,2,1654,3,2,10,0,1.0,1,24,3,0.0,33,0.0,0.0
2,3,2.0,1,22,1,12,2,1,515,1,0.0,0.0,,12,2,10,0.0,3,7,1,1654,1,2,10,0,2.0,1,24,3,0.0,21,0.0,0.0
2,3,2.0,1,18,1,1,1,1,600,1,0.0,0.0,,10,2,15,0.0,3,3,1,1651,1,2,15,0,2.0,1,31,3,0.0,18,0.0,0.0
2,3,2.0,5500,0,0,12,2,5,631,1,0.0,0.0,,6,5,3,0.0,2,5,10,225,0,2,30,4,1.0,1,31,14,0.0,33,0.0,0.0
1,3,2.0,630,22,1,1,2,1,501,1,0.0,0.0,,12,2,7,0.0,3,4,1,1654,1,2,10,5,1.0,1,31,3,0.0,33,0.0,0.0
2,3,2.0,5500,13,1,11,2,1,631,1,0.0,0.0,,8,1,0,0.0,2,5,1,225,3,2,35,0,4.0,1,3,14,0.0,3,0.0,0.0
2,3,2.0,513,6,1,11,2,5,501,1,0.0,0.0,,8,1,11,0.0,3,5,2,1654,2,2,20,0,2.0,1,24,13,0.0,22,0.0,0.0
2,3,2.0,4656,19,1,12,1,1,629,1,0.0,0.0,,6,1,16,0.0,2,3,1,925,1,2,30,5,3.0,1,16,14,0.0,18,0.0,0.0
1,2,2.0,3,7,1,11,1,1,600,1,0.0,0.0,,11,2,15,0.0,3,1,2,1653,1,2,15,2,2.0,1,24,3,0.0,33,0.0,0.0
2,3,2.0,1,12,1,2,2,1,600,1,0.0,0.0,,8,2,10,0.0,3,4,1,1651,3,2,25,0,2.0,1,24,3,0.0,19,0.0,0.0
2,3,2.0,4698,18,1,2,2,1,390,1,0.0,0.0,,6,1,0,0.0,2,4,1,215,1,2,30,0,3.0,1,31,14,0.0,6,0.0,0.0
2,3,2.0,162,10,0,11,2,1,155,1,0.0,0.0,,2,1,16,0.0,1,1,1,1654,3,2,30,0,2.0,1,16,14,0.0,18,0.0,0.0
1,3,2.0,3,11,1,11,2,1,600,1,0.0,0.0,,10,2,10,0.0,3,6,1,1653,3,2,25,0,2.0,1,31,3,0.0,19,0.0,0.0
1,3,2.0,3,19,1,11,2,1,600,1,0.0,0.0,,10,2,15,0.0,3,4,1,1653,1,2,10,0,2.0,1,24,3,0.0,33,0.0,0.0
2,3,2.0,2800,15,0,12,2,1,380,1,0.0,1.0,,2,1,9,0.0,1,5,1,1412,3,3,30,0,1.0,1,24,14,0.0,25,1.0,0.0
1,3,2.0,3,7,1,11,2,1,600,1,0.0,0.0,,11,2,15,0.0,3,4,6,1653,3,2,15,5,2.0,1,31,3,0.0,33,0.0,0.0
2,3,2.0,13,13,1,11,1,5,348,1,0.0,0.0,,10,5,15,0.0,3,3,10,1654,5,2,30,4,2.0,1,24,15,0.0,33,0.0,0.0
1,3,2.0,5,21,1,1,2,1,600,1,0.0,0.0,,10,2,15,0.0,3,4,1,1655,1,2,20,0,2.0,1,31,3,0.0,33,0.0,0.0
2,3,1.0,118,18,1,12,2,1,155,1,0.0,0.0,,3,2,2,0.0,1,4,1,1654,1,2,20,0,1.0,1,24,3,0.0,8,0.0,0.0
2,4,1.0,1,11,0,1,2,1,600,1,0.0,0.0,,10,2,5,0.0,3,1,1,1651,3,2,35,5,1.0,1,25,3,0.0,17,0.0,0.0
1,0,2.0,6500,14,1,11,2,1,201,1,0.0,0.0,,13,2,15,0.0,2,2,1,722,3,2,45,0,2.0,1,24,3,0.0,23,0.0,0.0
2,3,2.0,162,6,1,12,2,1,155,1,0.0,0.0,,3,1,10,0.0,1,6,1,1654,1,2,25,0,2.0,1,24,14,0.0,33,0.0,0.0
2,3,2.0,1198,12,1,12,1,1,401,1,0.0,0.0,,6,1,0,0.0,2,7,1,1522,3,2,30,0,2.0,1,31,14,0.0,33,0.0,0.0
2,3,2.0,3943,16,1,12,2,1,319,1,0.0,0.0,,8,2,16,0.0,1,2,1,1632,1,2,30,0,3.0,1,24,3,0.0,25,0.0,0.0
1,3,2.0,13,5,1,11,2,1,155,1,0.0,0.0,,8,2,10,0.0,1,5,1,1654,1,2,30,0,2.0,1,31,3,0.0,19,0.0,0.0
1,3,2.0,5500,6,1,12,1,5,631,1,0.0,0.0,,18,5,0,0.0,2,2,1,225,0,2,30,0,2.0,1,31,14,0.0,33,0.0,0.0
2,3,2.0,1,20,0,12,2,1,516,1,0.0,0.0,,12,2,0,0.0,3,5,1,1654,1,2,15,0,2.0,1,31,3,0.0,35,0.0,0.0
0,3,2.0,3,7,0,11,1,5,600,1,0.0,1.0,,10,2,9,0.0,3,3,1,1653,3,3,20,0,2.0,1,15,3,0.0,18,1.0,0.0
0,3,2.0,2,19,1,11,2,5,600,1,0.0,0.0,,13,5,7,0.0,3,1,1,1652,1,2,30,4,3.0,1,24,3,0.0,33,0.0,0.0
2,3,2.0,1,20,1,11,2,1,600,1,0.0,0.0,,11,2,15,0.0,3,5,1,1651,1,2,15,0,2.0,1,16,3,0.0,18,0.0,0.0
0,3,2.0,727,5,1,11,2,1,501,1,0.0,0.0,,12,2,7,0.0,3,1,1,1654,5,2,15,0,1.0,1,31,3,0.0,33,0.0,0.0
2,3,2.0,3,19,1,11,2,5,600,1,0.0,0.0,,10,2,15,0.0,3,5,1,1653,1,2,25,4,2.0,1,31,3,0.0,19,0.0,0.0
2,3,2.0,2,16,1,12,2,1,600,1,0.0,0.0,,11,2,15,0.0,3,5,1,1652,4,2,20,0,2.0,1,24,3,0.0,18,0.0,0.0
1,3,2.0,756,16,1,10,1,1,539,1,0.0,0.0,,2,2,10,0.0,0,5,1,233,3,2,30,0,3.0,1,24,3,0.0,33,0.0,0.0
2,3,1.0,2999,7,0,2,2,1,283,1,0.0,2.0,,10,1,2,0.0,3,5,4,2011,3,3,25,1,0.0,1,34,13,0.0,36,2.0,0.0
2,3,2.0,613,19,1,1,2,1,501,1,0.0,0.0,,12,2,15,0.0,3,6,1,1654,1,2,15,0,2.0,1,24,3,0.0,33,0.0,0.0
2,4,1.0,8401,0,0,10,2,1,200,1,0.0,1.0,CONSTRUCTION,3,1,5,0.0,2,4,1,412,1,3,35,0,0.0,1,26,5,0.0,17,1.0,0.0
2,3,2.0,4348,14,1,1,2,1,442,1,0.0,0.0,,3,1,10,0.0,1,4,1,1654,3,2,40,0,2.0,1,31,14,0.0,33,0.0,0.0
2,3,2.0,3,13,1,12,1,1,600,1,0.0,0.0,,10,2,10,0.0,3,1,6,1653,3,2,20,5,5.0,1,24,3,0.0,19,0.0,0.0
1,3,2.0,6296,18,1,12,1,5,631,1,0.0,0.0,,8,2,10,0.0,2,2,1,311,1,2,30,0,2.0,1,24,3,0.0,33,0.0,0.0
2,3,2.0,5,14,1,11,2,5,600,1,0.0,0.0,,12,2,15,0.0,3,3,1,1655,3,2,10,0,2.0,1,31,3,0.0,33,0.0,0.0
1,2,1.0,524,20,0,11,1,1,501,1,0.0,0.0,,1,1,2,0.0,3,5,1,1654,1,2,35,0,1.0,1,31,5,0.0,25,0.0,0.0
1,3,2.0,162,16,1,1,2,5,155,1,0.0,0.0,,10,5,10,0.0,1,4,1,1654,1,2,30,4,2.0,1,31,14,0.0,33,0.0,0.0
1,3,2.0,1,10,1,12,2,1,600,1,0.0,0.0,,8,2,15,0.0,3,4,1,1651,3,2,15,0,2.0,1,24,3,0.0,33,0.0,0.0
0,3,2.0,500,4,1,12,1,1,506,1,0.0,0.0,,8,1,10,0.0,3,4,1,1831,3,2,30,0,2.0,1,24,14,0.0,33,0.0,0.0
2,3,2.0,3370,0,1,11,1,5,376,1,0.0,0.0,,10,2,7,0.0,1,4,10,1731,0,2,30,4,1.0,1,31,3,0.0,33,0.0,0.0
2,3,2.0,3,8,1,11,1,1,600,1,0.0,0.0,,10,2,7,0.0,3,2,1,1653,3,2,25,0,4.0,1,24,3,0.0,18,0.0,0.0
2,3,2.0,1,20,0,1,2,5,600,1,0.0,1.0,,11,2,10,0.0,3,7,9,1651,1,4,20,3,1.0,1,34,3,0.0,36,0.0,1.0
2,3,2.0,3,10,1,12,2,1,600,1,0.0,0.0,,10,2,15,0.0,3,2,1,1653,3,2,35,0,2.0,1,24,3,0.0,18,0.0,0.0
2,3,2.0,2425,15,1,12,1,5,83,1,0.0,0.0,,12,2,7,0.0,0,7,1,334,3,2,30,0,1.0,1,31,3,0.0,33,0.0,0.0
1,3,2.0,1,18,1,11,2,1,600,1,0.0,0.0,CONSTRUCTION,15,1,16,0.0,3,6,1,1651,1,2,15,0,2.0,1,24,13,0.0,33,0.0,0.0
2,3,3.0,3,19,1,12,2,1,600,1,0.0,0.0,,10,2,10,0.0,3,4,1,1653,1,2,10,0,6.0,1,24,3,0.0,33,0.0,0.0
2,2,2.0,2,12,1,12,1,2,600,1,0.0,0.0,,11,2,7,0.0,3,6,1,1652,3,2,20,0,4.0,1,24,3,0.0,33,0.0,0.0
0,2,2.0,3,6,1,12,2,1,600,1,0.0,0.0,,11,2,15,0.0,3,7,6,1653,1,2,25,5,2.0,1,24,3,0.0,36,0.0,0.0
2,3,2.0,436,11,1,1,1,1,499,1,0.0,0.0,,8,2,15,0.0,1,4,1,1215,3,2,30,0,3.0,1,20,3,0.0,22,0.0,0.0
2,2,1.0,6629,4,1,12,2,1,200,1,0.0,0.0,,3,2,2,0.0,2,4,6,312,1,2,45,5,1.0,0,31,3,0.0,36,0.0,0.0
1,3,2.0,1,13,1,1,2,1,600,1,0.0,0.0,,10,2,15,0.0,3,6,1,1651,3,2,25,0,2.0,1,20,3,0.0,18,0.0,0.0
1,3,2.0,3,9,1,11,1,1,600,1,0.0,0.0,,10,2,15,0.0,3,4,1,1653,3,2,20,0,2.0,1,16,3,0.0,18,0.0,0.0
1,3,3.0,850,10,1,12,2,1,501,1,0.0,0.0,,15,1,10,0.0,3,5,1,1654,3,2,25,0,3.0,1,31,14,0.0,19,0.0,0.0
2,3,1.0,6259,22,1,11,1,1,394,1,0.0,0.0,,12,2,2,0.0,2,1,1,331,0,2,15,0,2.0,1,24,3,0.0,14,0.0,0.0
1,3,2.0,3,5,1,12,2,1,600,1,0.0,0.0,,10,2,11,0.0,3,6,1,1653,1,2,15,0,2.0,1,16,3,0.0,18,0.0,0.0
2,3,2.0,9800,17,0,11,2,1,372,1,0.0,1.0,,3,2,10,0.0,3,7,1,1654,1,1,55,0,2.0,1,17,3,1.0,19,0.0,0.0
2,3,2.0,5,16,1,1,2,1,600,1,0.0,0.0,,12,2,15,0.0,3,2,1,1655,3,2,10,0,2.0,1,24,3,0.0,33,0.0,0.0
2,3,2.0,4800,13,1,12,1,1,257,1,0.0,0.0,,10,2,15,0.0,2,3,1,224,3,2,30,0,2.0,1,31,3,0.0,27,0.0,0.0
2,3,2.0,5,13,1,12,1,1,600,1,0.0,0.0,,11,2,7,0.0,3,6,2,1655,3,2,20,0,1.0,1,24,3,0.0,33,0.0,0.0
2,3,2.0,13,8,1,12,2,1,348,1,0.0,0.0,,3,2,15,0.0,3,6,1,1654,3,2,40,0,3.0,1,31,3,0.0,22,0.0,0.0
1,3,2.0,3,11,1,11,2,1,600,1,0.0,0.0,,10,2,15,0.0,3,4,1,1653,3,2,30,0,2.0,1,16,3,0.0,18,0.0,0.0
0,3,2.0,513,18,1,1,2,5,501,1,0.0,0.0,,12,2,15,0.0,3,2,1,1654,1,2,10,0,2.0,1,31,3,0.0,33,0.0,0.0
2,3,2.0,7177,15,1,1,1,1,66,1,0.0,0.0,,8,2,7,0.0,3,6,1,811,3,2,20,0,3.0,1,10,3,0.0,24,0.0,0.0
1,2,2.0,11500,6,1,1,1,5,355,1,0.0,0.0,,2,2,10,0.0,3,5,1,1654,1,2,35,0,2.0,1,31,3,0.0,33,0.0,0.0
1,3,2.0,560,21,1,12,2,1,501,1,0.0,0.0,,8,1,15,0.0,3,2,1,1654,1,2,30,0,2.0,1,24,14,0.0,23,0.0,0.0
1,3,1.0,521,4,1,2,1,1,501,1,0.0,0.0,,19,2,2,0.0,3,4,9,1654,1,2,20,3,1.0,1,34,3,0.0,36,0.0,0.0
0,3,2.0,3599,19,1,1,2,1,52,1,0.0,0.0,,10,2,7,0.0,3,1,9,821,0,2,30,3,1.0,1,31,3,0.0,33,0.0,0.0
1,3,2.0,93,22,1,2,2,1,155,1,0.0,0.0,,6,1,15,0.0,1,4,0,1654,1,2,30,3,2.0,1,24,14,0.0,33,0.0,0.0
2,3,1.0,6250,7,1,1,1,3,631,1,0.0,0.0,,10,2,2,0.0,2,7,4,311,1,2,30,1,1.0,1,31,3,0.0,33,0.0,0.0
2,4,1.0,10500,8,0,1,2,1,201,1,0.0,1.0,,3,4,2,0.0,2,1,0,432,3,3,45,3,0.0,1,24,6,0.0,36,1.0,0.0
2,3,2.0,2,2,1,1,1,1,600,1,0.0,0.0,,10,5,15,0.0,3,3,5,1652,1,2,30,5,2.0,1,24,15,0.0,18,0.0,0.0
0,3,2.0,5900,23,1,12,2,1,631,1,0.0,0.0,,6,1,16,0.0,2,3,1,232,1,2,30,0,2.0,1,24,14,0.0,23,0.0,0.0
2,0,2.0,3,8,1,1,2,0,600,1,0.0,0.0,,10,2,0,0.0,3,1,1,1653,3,2,25,3,2.0,1,34,3,0.0,33,0.0,0.0
1,3,2.0,5,13,1,1,2,1,600,1,0.0,0.0,,11,2,15,0.0,3,1,1,1655,3,2,30,0,2.0,1,31,3,0.0,33,0.0,0.0
2,3,2.0,3,18,1,1,1,1,600,1,0.0,0.0,,11,2,15,0.0,3,2,1,1653,1,2,20,0,2.0,1,16,3,0.0,18,0.0,0.0
0,3,2.0,1,20,1,12,2,1,600,1,0.0,0.0,,11,2,9,0.0,3,6,1,1651,1,2,10,0,2.0,1,24,3,0.0,12,0.0,0.0
0,3,2.0,3,11,1,12,1,1,600,1,0.0,0.0,,10,2,7,0.0,3,3,1,1653,3,2,25,0,1.0,1,24,3,0.0,33,0.0,0.0
2,3,3.0,801,2,0,10,2,1,135,1,0.0,0.0,,6,1,16,0.0,2,1,1,1513,1,2,30,0,5.0,1,22,14,0.0,18,0.0,0.0
1,2,2.0,2,4,1,12,2,1,600,1,0.0,0.0,,10,2,15,0.0,3,6,1,1652,1,2,20,0,3.0,1,24,3,0.0,33,0.0,0.0
2,0,2.0,5,7,0,12,2,1,600,1,0.0,1.0,,10,2,7,0.0,3,1,1,1655,3,4,25,0,0.0,1,25,3,0.0,2,0.0,1.0
2,3,2.0,1,15,1,12,2,1,600,1,0.0,0.0,,10,2,15,0.0,3,5,1,1651,3,2,20,0,3.0,1,31,3,0.0,12,0.0,0.0
2,3,2.0,609,13,1,1,2,1,501,1,0.0,0.0,,12,2,7,0.0,3,6,1,1654,3,2,30,5,1.0,1,31,3,0.0,33,0.0,0.0
0,3,3.0,4716,9,1,1,2,1,440,1,0.0,0.0,,8,2,5,0.0,1,4,1,1913,3,2,30,0,1.0,1,24,3,0.0,25,0.0,0.0
2,3,2.0,4000,3,0,12,2,1,636,1,0.0,0.0,,6,4,0,0.0,3,1,1,1115,1,2,30,0,2.0,1,24,13,0.0,5,0.0,0.0
2,3,2.0,1,21,0,12,2,1,516,1,0.0,2.0,,12,2,0,0.0,3,5,1,1654,1,3,15,0,0.0,1,31,3,0.0,18,1.0,1.0
2,3,2.0,808,16,1,2,2,5,92,1,0.0,0.0,,10,5,11,0.0,0,3,1,624,1,2,30,0,2.0,1,24,3,0.0,21,0.0,0.0
2,3,2.0,2001,8,1,1,2,1,457,1,0.0,0.0,,11,2,0,0.0,2,3,1,132,3,2,30,0,2.0,1,24,3,0.0,21,0.0,0.0
2,3,2.0,5500,15,1,2,1,1,319,1,0.0,0.0,,2,1,10,0.0,1,7,1,1613,3,2,30,0,3.0,1,15,14,0.0,19,0.0,0.0
0,3,2.0,6200,20,1,12,1,0,236,1,0.0,0.0,,11,1,5,0.0,2,5,1,711,1,2,55,0,3.0,1,24,5,0.0,25,0.0,0.0
2,3,2.0,517,18,1,1,2,5,501,1,0.0,0.0,,12,2,7,0.0,3,3,1,1654,1,2,10,0,1.0,1,24,3,0.0,19,0.0,0.0
1,3,2.0,524,18,1,12,2,1,501,1,0.0,0.0,,12,2,11,0.0,3,2,1,1654,1,2,15,0,2.0,1,31,3,0.0,35,0.0,0.0
1,3,1.0,524,4,1,12,2,1,501,1,0.0,0.0,,10,1,2,0.0,3,3,1,1654,1,2,15,0,1.0,1,24,5,0.0,3,0.0,0.0
1,3,2.0,1730,23,1,1,1,1,158,1,0.0,0.0,,8,1,10,0.0,3,7,4,2422,1,2,25,5,2.0,1,31,14,0.0,33,0.0,0.0
1,3,2.0,5,19,1,12,1,1,600,1,0.0,0.0,,11,2,7,0.0,3,4,1,1655,1,2,15,0,1.0,1,24,3,0.0,21,0.0,0.0
2,3,3.0,560,16,0,1,2,1,501,1,0.0,2.0,,6,1,15,0.0,3,7,1,1654,3,3,35,0,1.0,1,20,14,0.0,18,2.0,0.0
2,3,2.0,564,12,0,12,2,1,501,1,0.0,0.0,,12,2,16,0.0,3,4,1,1654,3,2,20,5,2.0,1,22,3,0.0,18,0.0,0.0
2,3,2.0,516,9,1,12,2,1,501,1,0.0,0.0,,12,2,11,0.0,3,1,1,1654,3,2,15,0,2.0,1,16,3,0.0,18,0.0,0.0
2,3,2.0,564,13,0,1,2,1,501,1,0.0,0.0,,12,2,11,0.0,3,3,1,1654,3,2,25,1,2.0,1,33,3,0.0,21,0.0,0.0
2,3,1.0,1,13,0,12,2,1,600,1,0.0,0.0,,10,2,2,0.0,3,7,1,1651,3,2,40,0,1.0,1,31,3,0.0,33,0.0,0.0
0,3,2.0,5900,22,1,12,1,5,631,1,0.0,0.0,,6,1,10,0.0,2,5,1,232,3,2,30,0,2.0,1,24,14,0.0,17,0.0,0.0
2,3,2.0,5794,4,1,1,2,5,510,1,0.0,0.0,,10,2,7,0.0,3,2,9,2515,1,2,30,3,1.0,1,24,3,0.0,33,0.0,0.0
1,3,2.0,4331,11,1,12,2,1,442,1,0.0,0.0,,2,1,15,0.0,1,6,1,1654,3,2,40,0,2.0,1,16,14,0.0,18,0.0,0.0
2,2,2.0,1,2,1,12,1,1,458,1,0.0,0.0,,17,2,7,0.0,2,4,1,813,1,2,15,0,1.0,1,31,3,0.0,23,0.0,0.0
1,3,2.0,2529,16,1,1,1,1,83,1,0.0,0.0,,8,2,10,0.0,0,4,1,334,3,2,20,0,2.0,1,24,3,0.0,33,0.0,0.0
2,3,2.0,1,14,0,2,2,1,512,1,0.0,0.0,,12,2,15,0.0,3,6,1,1654,3,2,10,0,2.0,1,24,3,0.0,18,0.0,0.0
2,3,2.0,5,5,1,1,2,1,600,1,0.0,0.0,,11,2,15,0.0,3,7,1,1655,1,2,10,0,2.0,1,24,3,0.0,23,0.0,0.0
2,0,2.0,1,0,1,1,2,1,249,1,0.0,0.0,,11,2,15,0.0,2,2,1,813,1,2,15,0,2.0,1,10,3,0.0,18,0.0,0.0
2,3,2.0,5500,6,1,1,1,1,631,1,0.0,0.0,,2,1,16,0.0,2,1,2,225,2,2,30,3,2.0,1,17,14,0.0,24,0.0,0.0
1,3,2.0,1,10,1,1,2,1,600,1,0.0,0.0,,10,2,15,0.0,3,2,1,1651,3,2,20,0,2.0,1,16,3,0.0,18,0.0,0.0
2,3,4.0,1936,16,0,1,2,5,182,1,0.0,0.0,,6,2,16,0.0,2,5,1,1235,2,2,30,0,4.0,1,10,3,0.0,33,0.0,0.0
2,3,2.0,5700,17,0,12,2,1,631,1,0.0,4.0,,18,1,16,0.0,2,5,1,232,1,1,30,0,1.0,1,7,14,3.0,6,1.0,0.0
2,3,2.0,1,18,1,1,2,1,600,1,0.0,0.0,,11,4,7,0.0,3,6,1,1651,1,2,25,5,1.0,1,21,5,0.0,23,0.0,0.0
2,3,1.0,4603,14,0,1,2,1,499,1,0.0,0.0,,8,2,2,0.0,3,1,1,1013,3,2,30,1,1.0,1,24,3,0.0,25,0.0,0.0
2,3,2.0,524,12,1,1,2,1,501,1,0.0,0.0,,12,2,15,0.0,3,2,1,1654,3,2,10,0,2.0,1,24,3,0.0,33,0.0,0.0
0,3,2.0,1,22,1,12,2,1,600,1,0.0,0.0,,10,2,10,0.0,3,5,1,1651,1,2,30,0,2.0,1,31,3,0.0,17,0.0,0.0
2,3,2.0,3,5,1,12,2,5,600,1,0.0,0.0,,10,2,10,0.0,3,5,4,1653,1,2,10,5,2.0,1,24,3,0.0,33,0.0,0.0
2,3,2.0,1130,21,1,12,1,1,10,1,0.0,0.0,,8,2,7,0.0,3,4,1,2234,1,2,30,0,2.0,1,24,3,0.0,33,0.0,0.0
1,3,2.0,13,20,1,1,2,5,348,1,0.0,0.0,,10,2,15,0.0,3,1,1,1654,1,2,55,0,2.0,1,31,3,0.0,33,0.0,0.0
2,3,2.0,5700,13,1,12,1,1,631,1,0.0,0.0,,10,2,7,0.0,2,6,1,232,3,2,30,0,3.0,1,10,3,0.0,33,0.0,0.0
2,3,2.0,6259,13,1,12,2,1,394,1,0.0,0.0,,6,1,10,0.0,2,2,6,331,3,2,55,5,2.0,1,24,14,0.0,36,0.0,0.0
2,3,2.0,5,17,1,12,1,1,600,1,0.0,0.0,,10,2,15,0.0,3,1,1,1655,1,2,20,0,2.0,1,24,3,0.0,33,0.0,0.0
1,3,2.0,727,15,1,12,2,1,501,1,0.0,0.0,,12,2,13,0.0,3,5,1,1654,3,2,15,0,2.0,1,24,3,0.0,33,0.0,0.0
2,3,2.0,6258,11,1,1,1,1,394,1,0.0,0.0,,3,1,10,0.0,2,4,1,331,3,2,45,0,3.0,1,24,14,0.0,19,0.0,0.0
2,2,2.0,8716,15,1,12,2,1,201,1,0.0,0.0,,3,2,15,0.0,2,6,1,412,3,2,45,0,3.0,1,24,3,0.0,25,0.0,0.0
2,3,2.0,173,14,1,1,2,1,155,1,0.0,0.0,,8,1,16,0.0,1,3,1,1654,3,2,30,0,2.0,1,16,14,0.0,18,0.0,0.0
2,3,1.0,5448,2,0,1,2,1,631,1,0.0,0.0,,13,1,2,0.0,2,2,1,225,1,2,30,0,3.0,1,9,14,0.0,33,0.0,0.0
2,2,3.0,1,20,0,12,2,1,155,1,0.0,3.0,,13,2,10,0.0,1,3,1,1654,1,3,25,0,6.0,1,17,3,0.0,23,3.0,0.0
1,3,2.0,5,22,1,1,1,1,600,1,0.0,0.0,,12,2,11,0.0,3,6,1,1655,0,2,15,3,3.0,1,24,3,0.0,21,0.0,0.0
2,3,2.0,8725,8,1,2,2,1,229,1,0.0,0.0,,8,2,7,0.0,2,5,9,412,3,2,20,3,3.0,1,34,3,0.0,36,0.0,0.0
2,2,2.0,3059,16,0,12,2,1,179,1,0.0,0.0,,8,1,3,0.0,2,6,2,1034,0,2,15,5,5.0,1,24,7,0.0,33,0.0,0.0
1,3,2.0,3,10,1,12,2,1,600,1,0.0,0.0,,10,2,15,0.0,3,2,6,1653,3,2,35,5,2.0,1,34,3,0.0,19,0.0,0.0
2,3,1.0,1,19,0,12,2,1,512,1,0.0,0.0,,10,2,2,0.0,3,4,2,1654,1,2,15,5,1.0,1,31,3,0.0,12,0.0,0.0
2,3,2.0,10700,6,1,1,2,1,331,1,0.0,0.0,,2,1,10,0.0,3,6,1,1654,1,2,30,1,2.0,1,17,14,0.0,19,0.0,0.0
1,3,2.0,5500,15,1,12,1,1,631,1,0.0,0.0,,6,1,10,0.0,2,2,1,225,3,2,30,0,2.0,1,24,14,0.0,19,0.0,0.0
2,3,2.0,8701,7,1,1,1,1,200,1,0.0,0.0,,3,1,11,0.0,2,2,1,412,2,2,40,0,5.0,1,31,7,0.0,21,0.0,0.0
2,3,3.0,10700,13,0,12,2,5,331,1,0.0,2.0,,3,2,10,0.0,3,7,1,1654,3,3,35,0,1.0,1,31,3,0.0,17,2.0,0.0
1,3,2.0,2401,12,1,12,1,1,83,1,0.0,0.0,,6,1,10,0.0,0,6,1,334,3,2,30,0,3.0,1,24,14,0.0,19,0.0,0.0
2,3,2.0,2,20,1,2,2,1,600,1,0.0,0.0,,3,2,7,0.0,3,7,1,1652,0,2,20,0,1.0,1,24,3,0.0,22,0.0,0.0
2,4,2.0,9500,18,0,12,2,1,201,1,0.0,2.0,,3,2,10,0.0,2,4,1,431,1,3,55,0,2.0,1,24,3,0.0,19,2.0,0.0
2,3,1.0,521,4,1,2,1,5,501,1,0.0,0.0,,10,2,2,0.0,3,4,9,1654,0,2,30,3,1.0,1,24,3,0.0,36,0.0,0.0
2,2,2.0,3,9,1,1,1,1,600,1,0.0,0.0,,11,2,15,0.0,3,2,1,1653,3,2,25,0,3.0,1,24,3,0.0,23,0.0,0.0
2,3,2.0,7199,4,0,1,2,5,126,1,0.0,0.0,,15,1,16,0.0,3,6,9,811,1,2,30,3,6.0,1,24,14,0.0,18,0.0,0.0
0,3,2.0,3033,13,1,2,1,5,313,1,0.0,0.0,,12,2,16,0.0,2,2,1,914,3,2,30,1,2.0,1,24,3,0.0,36,0.0,0.0
1,3,2.0,2,16,1,1,2,1,600,1,0.0,0.0,,10,2,11,0.0,3,2,1,1652,3,2,15,1,2.0,1,31,3,0.0,21,0.0,0.0
2,3,2.0,2208,12,1,12,2,1,643,1,0.0,0.0,,8,2,11,0.0,2,6,1,1034,3,2,30,0,2.0,1,24,3,0.0,33,0.0,0.0
2,3,1.0,13,8,0,1,2,1,348,1,0.0,0.0,,3,2,2,0.0,3,2,1,1654,3,2,30,0,1.0,1,24,3,0.0,13,0.0,0.0
2,3,2.0,6299,14,0,1,1,1,394,1,0.0,1.0,,6,1,10,0.0,2,2,9,331,3,3,30,3,1.0,1,24,14,0.0,19,1.0,0.0
2,2,2.0,6601,10,1,1,2,2,200,1,0.0,0.0,,3,1,10,0.0,2,2,1,312,3,2,45,3,2.0,1,24,7,0.0,25,0.0,0.0
1,5,2.0,1,10,1,2,2,1,512,1,0.0,0.0,,12,2,7,0.0,3,6,1,1654,3,2,15,3,1.0,1,34,3,0.0,35,0.0,0.0
2,3,2.0,13,7,1,2,2,1,348,1,0.0,0.0,,10,2,10,0.0,3,2,1,1654,3,2,20,0,2.0,1,31,3,0.0,33,0.0,0.0
2,3,2.0,1,19,1,1,2,1,600,1,0.0,0.0,,10,2,15,0.0,3,5,1,1651,1,2,20,1,2.0,1,31,3,0.0,33,0.0,0.0
2,4,2.0,5,14,1,2,2,1,600,1,0.0,0.0,,11,2,7,0.0,3,3,1,1655,3,2,15,0,1.0,1,24,3,0.0,33,0.0,0.0
1,3,2.0,280,9,1,10,2,1,430,1,0.0,0.0,,10,2,7,0.0,0,2,1,1834,3,2,30,0,1.0,1,24,3,0.0,21,0.0,0.0
2,3,3.0,903,11,0,2,2,1,501,1,0.0,2.0,,8,2,16,0.0,3,5,1,1654,3,3,30,0,1.0,1,31,13,0.0,18,1.0,1.0
2,3,4.0,524,10,1,2,2,5,501,1,0.0,0.0,,12,2,7,0.0,3,3,1,1654,3,2,20,0,3.0,1,24,3,0.0,21,0.0,0.0
2,3,2.0,1,10,1,2,2,1,600,1,0.0,0.0,,10,2,15,0.0,3,7,2,1651,3,2,25,5,2.0,1,10,3,0.0,22,0.0,0.0
2,3,2.0,6385,8,1,1,1,1,65,1,0.0,0.0,,2,2,15,0.0,3,4,1,811,3,2,30,0,2.0,1,15,3,0.0,4,0.0,0.0
1,3,2.0,412,15,1,1,2,1,501,1,0.0,0.0,,11,2,11,0.0,3,4,1,1654,0,2,10,0,2.0,1,24,3,0.0,21,0.0,0.0
2,2,1.0,600,3,0,2,2,1,501,1,0.0,0.0,,8,2,6,0.0,3,1,3,1654,1,2,10,0,1.0,1,24,3,0.0,17,0.0,0.0
2,3,2.0,3,5,1,2,2,1,600,1,0.0,0.0,,10,2,15,0.0,3,6,4,1653,2,2,20,5,2.0,1,20,3,0.0,19,0.0,0.0
2,3,2.0,700,6,1,2,2,5,501,1,0.0,0.0,,11,1,10,0.0,3,3,1,1654,3,2,30,0,2.0,1,31,14,0.0,33,0.0,0.0
0,3,2.0,1,21,1,1,2,5,600,1,0.0,0.0,,17,2,15,0.0,3,5,1,1651,1,2,25,0,2.0,1,31,3,0.0,33,0.0,0.0
2,3,2.0,7556,12,1,12,2,1,131,1,0.0,0.0,,8,2,7,0.0,1,4,1,2422,3,2,30,0,1.0,1,19,13,0.0,26,0.0,0.0
1,3,2.0,1352,16,1,2,2,1,343,1,0.0,0.0,,11,2,10,0.0,1,5,1,1821,3,2,30,0,2.0,1,24,3,0.0,33,0.0,0.0
2,3,2.0,616,15,1,2,2,1,501,1,0.0,0.0,,8,2,15,0.0,3,3,6,1654,3,2,30,5,2.0,1,31,3,0.0,33,0.0,0.0
2,3,2.0,1,8,1,2,2,1,327,1,0.0,0.0,,6,1,10,0.0,3,6,1,1654,3,2,30,5,2.0,1,10,14,0.0,19,0.0,0.0
1,3,2.0,225,19,1,2,1,1,230,1,0.0,0.0,,10,2,0,0.0,3,3,6,914,1,2,35,5,2.0,1,24,3,0.0,18,0.0,0.0
2,3,1.0,8800,14,0,1,2,1,201,1,0.0,1.0,,3,1,2,0.0,2,4,1,412,3,1,10,0,0.0,1,10,5,1.0,26,0.0,0.0
2,2,1.0,10700,9,0,2,2,1,331,1,0.0,0.0,,3,2,2,0.0,3,6,1,1654,3,2,35,1,1.0,1,31,3,0.0,36,0.0,0.0
2,5,2.0,176,19,0,1,2,1,155,1,0.0,0.0,,3,1,10,0.0,1,7,2,1654,1,2,25,0,2.0,1,24,14,0.0,19,0.0,0.0
1,0,2.0,1,13,1,2,1,1,155,1,0.0,0.0,,6,1,10,0.0,1,2,1,1654,3,2,25,0,2.0,1,31,14,0.0,33,0.0,0.0
2,3,2.0,1,13,0,1,2,1,600,1,0.0,0.0,,10,2,15,0.0,3,6,1,1651,3,2,20,5,2.0,1,1,3,0.0,23,0.0,0.0
1,3,1.0,521,7,1,1,2,1,501,1,0.0,0.0,,12,2,2,0.0,3,5,1,1654,3,2,15,0,1.0,1,16,3,0.0,18,0.0,0.0
2,3,2.0,516,20,1,2,2,1,501,1,0.0,0.0,,13,2,7,0.0,3,6,1,1654,1,2,0,0,1.0,1,24,3,0.0,33,0.0,0.0
2,3,2.0,3148,11,1,2,2,1,288,1,0.0,0.0,,10,2,0,0.0,3,6,1,1134,3,2,25,1,2.0,1,24,3,0.0,36,0.0,0.0
2,3,2.0,660,22,1,2,2,5,501,1,0.0,0.0,,12,2,10,0.0,3,7,1,1654,1,2,10,0,2.0,1,24,3,0.0,33,0.0,0.0
1,3,2.0,6299,11,1,2,2,5,380,1,0.0,0.0,,2,1,0,0.0,1,6,1,1711,3,2,30,0,2.0,1,10,14,0.0,33,0.0,0.0
2,3,2.0,598,14,1,2,2,1,215,1,0.0,0.0,,6,1,10,0.0,1,4,1,1834,3,2,30,0,4.0,1,15,14,0.0,19,0.0,0.0
1,3,2.0,1,19,1,1,2,1,600,1,0.0,0.0,,11,2,15,0.0,3,7,1,1651,0,2,30,0,2.0,1,24,3,0.0,22,0.0,0.0
2,3,2.0,516,14,1,2,2,1,501,1,0.0,0.0,,12,4,7,0.0,3,7,1,1654,3,2,10,0,1.0,1,24,5,0.0,25,0.0,0.0
2,3,2.0,9346,7,1,2,2,5,277,1,0.0,0.0,,8,2,3,0.0,2,6,9,633,3,2,20,3,2.0,1,31,3,0.0,33,0.0,0.0
1,3,2.0,3,16,1,2,2,1,600,1,0.0,0.0,,10,1,7,0.0,3,6,1,1653,1,2,20,5,1.0,1,21,5,0.0,23,0.0,0.0
2,3,2.0,1,7,1,2,1,1,600,1,0.0,0.0,,10,2,15,0.0,3,1,1,1651,3,2,25,0,2.0,1,10,3,0.0,22,0.0,0.0
2,3,2.0,1,10,1,1,2,1,600,1,0.0,0.0,,10,2,15,0.0,3,2,1,1651,3,2,25,1,2.0,1,20,3,0.0,18,0.0,0.0
2,3,2.0,1,5,1,2,2,1,600,1,0.0,0.0,,11,2,15,0.0,3,5,1,1651,1,2,20,5,2.0,1,24,3,0.0,8,0.0,0.0
2,3,2.0,2501,13,0,2,2,1,178,1,0.0,0.0,,3,1,10,0.0,2,4,9,1034,3,2,25,3,2.0,1,17,14,0.0,36,0.0,0.0
2,3,2.0,6111,14,1,3,2,1,632,1,0.0,0.0,,11,2,10,0.0,1,4,1,2413,3,2,35,0,3.0,1,31,3,0.0,33,0.0,0.0
2,3,2.0,7231,19,1,2,1,5,546,1,0.0,0.0,,8,2,7,0.0,1,6,10,2411,1,2,25,4,1.0,1,20,3,0.0,11,0.0,0.0
1,3,2.0,521,4,1,2,1,1,501,1,0.0,0.0,,19,2,2,0.0,3,4,9,1654,1,2,30,3,1.0,1,34,3,0.0,36,0.0,0.0
2,3,4.0,2,6,1,1,2,1,600,1,0.0,0.0,,11,2,7,0.0,3,6,1,1652,2,2,15,0,1.0,1,31,3,0.0,33,0.0,0.0
2,3,2.0,3908,17,1,2,2,5,34,1,0.0,0.0,,8,5,15,0.0,3,4,10,1014,3,2,30,4,2.0,1,24,15,0.0,25,0.0,0.0
0,3,2.0,173,18,1,2,2,5,155,1,0.0,0.0,,10,5,10,0.0,1,4,6,1654,1,2,30,5,2.0,1,24,14,0.0,19,0.0,0.0
1,3,2.0,1,1,1,3,2,1,516,1,0.0,0.0,,8,1,16,0.0,3,4,6,1654,1,2,25,5,2.0,1,24,13,0.0,24,0.0,0.0
2,3,2.0,5,19,0,2,2,1,131,1,0.0,0.0,,6,1,16,0.0,2,2,1,1224,1,2,30,0,4.0,1,31,14,0.0,18,0.0,0.0
2,3,2.0,5700,15,1,2,2,1,631,1,0.0,0.0,,10,1,10,0.0,2,5,9,232,3,2,30,3,2.0,1,24,14,0.0,17,0.0,0.0
0,3,2.0,7910,16,1,1,2,5,274,1,0.0,0.0,,10,2,0,0.0,2,3,9,422,3,2,20,3,2.0,1,34,3,0.0,36,0.0,0.0
1,3,2.0,1,7,1,2,2,1,600,1,0.0,0.0,,10,2,15,0.0,3,4,1,1651,3,2,25,0,2.0,1,16,3,0.0,22,0.0,0.0
2,3,2.0,5454,23,1,1,2,5,631,1,0.0,0.0,,2,1,15,0.0,2,1,9,225,1,2,30,3,2.0,1,24,14,0.0,33,0.0,0.0
2,0,1.0,5,12,0,2,1,1,600,1,0.0,0.0,,11,2,2,0.0,3,1,1,1655,3,2,20,0,1.0,1,24,3,0.0,33,0.0,0.0
2,3,2.0,2,6,1,3,2,1,600,1,0.0,0.0,,10,2,10,0.0,3,7,1,1652,3,2,20,0,2.0,1,10,3,0.0,19,0.0,0.0
1,3,1.0,74,1,1,1,2,5,348,0,0.0,0.0,,3,2,2,0.0,3,4,10,1654,1,2,30,4,1.0,1,31,3,0.0,33,0.0,0.0
2,3,2.0,1,14,1,3,2,1,600,1,0.0,0.0,,10,2,15,0.0,3,3,1,1651,3,2,30,0,2.0,1,31,3,0.0,33,0.0,0.0
1,3,2.0,5504,7,1,1,1,1,319,1,0.0,0.0,,2,2,10,0.0,1,4,1,1613,3,2,30,0,2.0,1,15,14,0.0,19,0.0,0.0
2,3,2.0,500,7,1,2,2,1,555,1,0.0,0.0,,6,1,16,0.0,2,5,1,1134,3,2,30,5,2.0,1,24,14,0.0,18,0.0,0.0
2,3,3.0,1,20,0,1,1,1,512,1,0.0,1.0,,12,2,14,0.0,3,6,1,1654,1,3,15,0,3.0,1,25,3,0.0,11,1.0,0.0
2,3,2.0,500,15,1,1,1,1,555,1,0.0,0.0,,2,1,16,0.0,2,6,1,1134,3,2,30,0,2.0,1,31,14,0.0,33,0.0,0.0
2,3,2.0,1198,21,1,2,2,1,401,1,0.0,0.0,,8,1,16,0.0,2,4,6,1522,1,2,30,5,2.0,1,24,14,0.0,22,0.0,0.0
1,3,2.0,100,7,1,2,2,1,155,1,0.0,0.0,,10,1,10,0.0,1,4,1,1654,3,2,35,5,2.0,1,31,14,0.0,36,0.0,0.0
2,0,2.0,6500,14,1,2,2,1,201,1,0.0,0.0,,3,2,15,0.0,2,3,6,722,3,2,35,5,2.0,1,24,3,0.0,27,0.0,0.0
1,3,2.0,4546,19,1,1,1,1,300,1,0.0,0.0,,10,2,10,0.0,3,2,1,1131,0,2,25,0,5.0,1,24,3,0.0,25,0.0,0.0
1,3,2.0,500,15,1,2,1,5,555,1,0.0,0.0,,8,1,0,0.0,2,6,1,1134,3,2,30,0,2.0,1,10,14,0.0,6,0.0,0.0
2,3,2.0,504,19,1,2,2,1,501,1,0.0,0.0,,12,2,7,0.0,3,5,1,1654,0,2,20,5,1.0,1,25,3,0.0,21,0.0,0.0
2,3,2.0,727,13,0,3,2,1,501,1,0.0,0.0,,12,1,0,0.0,3,1,1,1654,3,2,20,0,2.0,1,29,13,0.0,18,0.0,0.0
2,3,2.0,1,11,1,1,1,1,515,1,0.0,0.0,,12,2,7,0.0,3,3,1,1654,3,2,15,0,1.0,1,31,3,0.0,22,0.0,0.0
1,3,2.0,4555,14,1,2,2,5,633,1,0.0,0.0,,8,5,10,0.0,2,4,10,924,3,2,30,4,3.0,1,24,14,0.0,33,0.0,0.0
2,3,2.0,6225,5,0,11,2,1,647,1,0.0,3.0,,11,2,10,0.0,2,2,1,711,2,1,30,0,0.0,1,24,3,1.0,33,0.0,2.0
1,3,2.0,2215,7,1,2,2,1,352,1,0.0,0.0,,8,2,10,0.0,2,7,1,132,3,2,30,0,2.0,1,24,3,0.0,19,0.0,0.0
2,3,2.0,6241,12,1,7,1,5,647,1,0.0,0.0,,10,1,15,0.0,2,6,6,711,3,2,30,5,2.0,1,24,14,0.0,33,0.0,0.0
2,3,2.0,1700,19,1,1,1,5,368,1,0.0,0.0,,8,1,3,0.0,2,4,1,1022,1,2,25,4,2.0,1,24,14,0.0,33,0.0,0.0
1,3,2.0,524,19,1,2,1,2,501,1,0.0,0.0,,12,2,10,0.0,3,5,9,1654,3,2,20,3,2.0,1,10,3,0.0,36,0.0,0.0
0,3,2.0,2398,9,1,2,2,5,481,1,0.0,0.0,,8,2,16,0.0,1,2,2,2512,3,2,30,3,2.0,1,24,3,0.0,12,0.0,0.0
2,1,1.0,1,5,0,3,2,1,600,1,0.0,0.0,,10,2,2,0.0,3,1,1,1651,2,2,25,0,2.0,1,10,3,0.0,22,0.0,0.0
2,3,2.0,514,19,1,1,2,5,501,1,0.0,0.0,,12,2,7,0.0,3,3,5,1654,1,2,30,5,1.0,1,24,3,0.0,33,0.0,0.0
2,3,2.0,1,4,1,2,2,1,249,1,0.0,0.0,,10,2,15,0.0,2,7,1,813,1,2,15,0,2.0,1,10,3,0.0,12,0.0,0.0
1,3,2.0,176,17,1,2,2,5,155,1,0.0,0.0,,10,2,10,0.0,1,5,9,1654,1,2,30,3,2.0,1,24,3,0.0,36,0.0,0.0
0,3,2.0,9100,17,1,2,2,1,201,1,0.0,0.0,,3,1,10,0.0,2,6,1,423,1,2,30,0,2.0,1,8,5,0.0,21,0.0,0.0
1,5,2.0,176,19,1,1,2,1,155,1,0.0,0.0,,3,2,15,0.0,1,7,2,1654,1,2,25,0,2.0,1,24,3,0.0,18,0.0,0.0
2,3,2.0,804,16,0,3,1,5,501,1,0.0,0.0,,17,2,14,0.0,3,2,2,1654,3,2,10,5,2.0,1,31,3,0.0,33,0.0,0.0
2,3,2.0,410,18,1,3,2,1,501,1,0.0,0.0,,12,2,7,0.0,3,7,1,1651,4,2,10,0,2.0,1,24,3,0.0,21,0.0,0.0
2,3,2.0,2532,6,1,1,1,1,83,1,0.0,0.0,,8,2,7,0.0,0,2,1,334,3,2,30,0,1.0,1,31,3,0.0,33,0.0,0.0
1,3,2.0,12700,20,0,2,2,1,355,1,0.0,0.0,,8,1,16,0.0,3,6,1,1654,1,2,30,0,2.0,1,24,14,0.0,18,0.0,0.0
2,3,2.0,5500,13,1,6,1,1,631,1,0.0,0.0,,8,1,16,0.0,2,6,1,225,3,2,30,0,4.0,1,31,14,0.0,33,0.0,0.0
0,3,2.0,3,20,1,1,2,1,600,1,0.0,0.0,,10,6,9,0.0,3,1,1,1653,1,2,25,3,2.0,1,31,9,0.0,35,0.0,0.0
2,3,1.0,13,2,1,2,2,1,348,1,0.0,0.0,,10,2,5,0.0,3,3,6,1654,1,2,35,5,3.0,1,31,3,0.0,33,0.0,0.0
2,3,2.0,1,10,1,2,2,5,512,1,0.0,0.0,,12,4,11,0.0,3,5,1,1654,1,2,10,5,4.0,1,31,5,0.0,33,0.0,0.0
1,3,2.0,3,22,1,2,2,1,600,1,0.0,0.0,,10,2,13,0.0,3,7,1,1653,1,2,15,0,2.0,1,24,3,0.0,18,0.0,0.0
2,3,2.0,6252,12,0,2,2,1,631,1,0.0,3.0,,6,0,16,0.0,2,4,1,311,3,3,30,5,1.0,1,16,14,0.0,17,3.0,0.0
0,3,2.0,3920,16,1,2,1,5,500,1,0.0,0.0,,10,2,7,0.0,3,2,1,1014,3,2,10,5,1.0,1,16,3,0.0,23,0.0,0.0
2,3,2.0,1753,13,1,2,1,1,183,1,0.0,0.0,,10,1,11,0.0,2,3,9,1235,3,2,30,3,4.0,1,31,14,0.0,21,0.0,0.0
0,3,2.0,5,15,1,1,2,5,600,1,0.0,0.0,,10,2,15,0.0,3,3,1,1655,3,2,35,0,2.0,1,24,3,0.0,33,0.0,0.0
2,3,2.0,3959,12,0,1,2,1,599,1,0.0,1.0,,8,2,0,0.0,3,4,1,1132,3,4,30,0,1.0,1,31,3,0.0,33,0.0,1.0
2,3,2.0,5599,18,1,2,2,1,476,1,0.0,0.0,,8,2,15,0.0,1,4,1,1622,0,2,15,0,2.0,1,16,3,0.0,18,0.0,0.0
1,3,2.0,2358,11,1,4,2,5,196,1,0.0,0.0,,10,2,10,0.0,3,5,1,2411,3,2,10,0,2.0,1,24,3,0.0,19,0.0,0.0
1,3,2.0,1,18,1,4,2,1,600,1,0.0,0.0,,10,2,15,0.0,3,7,6,1651,3,2,15,5,2.0,1,24,3,0.0,33,0.0,0.0
1,3,2.0,1,0,1,2,2,1,458,1,0.0,0.0,,17,2,7,0.0,2,6,9,813,1,2,10,5,1.0,1,24,3,0.0,12,0.0,0.0
1,3,2.0,524,22,1,4,2,1,501,1,0.0,0.0,,12,2,10,0.0,3,5,1,1654,1,2,10,0,2.0,1,24,3,0.0,33,0.0,0.0
2,3,2.0,10901,12,1,2,1,1,331,1,0.0,0.0,,8,2,15,0.0,3,1,1,1654,3,2,30,0,2.0,1,24,3,0.0,33,0.0,0.0
0,3,2.0,1,7,1,2,2,1,600,1,0.0,0.0,,10,2,15,0.0,3,2,1,1651,3,2,20,5,2.0,1,31,3,0.0,22,0.0,0.0
1,3,2.0,1,22,1,3,2,1,513,1,0.0,0.0,,12,2,7,0.0,3,7,1,1654,1,2,10,5,1.0,1,31,3,0.0,33,0.0,0.0
1,3,2.0,3835,14,1,4,2,1,42,1,0.0,0.0,,8,1,0,0.0,3,7,6,1031,3,2,30,5,2.0,1,31,13,0.0,36,0.0,0.0
0,3,2.0,540,10,0,3,2,1,209,1,0.0,1.0,,2,1,9,0.0,1,4,6,1214,3,3,30,5,1.0,1,31,14,0.0,18,1.0,0.0
2,3,2.0,5,20,1,3,2,5,600,1,0.0,0.0,,10,2,15,0.0,3,4,1,1655,1,2,25,0,2.0,1,24,3,0.0,33,0.0,0.0
2,3,2.0,3,23,1,3,2,5,600,1,0.0,0.0,,10,2,7,0.0,3,6,1,1653,1,2,20,0,3.0,1,24,3,0.0,25,0.0,0.0
2,3,2.0,630,19,1,3,2,1,501,1,0.0,0.0,,12,0,7,0.0,3,3,1,1654,1,2,20,0,1.0,1,22,6,0.0,24,0.0,0.0
2,3,2.0,1,10,1,4,1,1,600,1,0.0,0.0,,10,2,15,0.0,3,6,1,1651,3,2,25,0,2.0,1,10,3,0.0,18,0.0,0.0
1,3,2.0,12379,21,1,3,2,1,355,1,0.0,0.0,,3,2,15,0.0,3,2,1,1654,1,2,55,0,2.0,1,24,3,0.0,22,0.0,0.0
1,3,2.0,8801,6,1,3,2,1,200,1,0.0,0.0,,3,1,14,0.0,2,4,1,423,2,2,45,0,2.0,1,24,5,0.0,21,0.0,0.0
2,3,2.0,100,13,1,3,1,5,155,1,0.0,0.0,,12,2,7,0.0,1,6,10,1654,5,2,20,4,1.0,1,24,3,0.0,33,0.0,0.0
2,3,2.0,9759,14,1,3,2,1,373,1,0.0,0.0,,3,2,15,0.0,3,3,1,1654,3,2,55,0,2.0,1,31,3,0.0,33,0.0,0.0
0,3,1.0,831,7,1,3,1,1,135,1,0.0,0.0,,2,2,5,0.0,2,6,1,1513,3,2,20,0,1.0,1,24,3,0.0,33,0.0,0.0
2,3,2.0,5,8,1,2,1,5,40,1,0.0,0.0,,10,2,15,0.0,0,3,6,133,5,2,30,5,2.0,1,24,3,0.0,33,0.0,0.0
1,3,2.0,1441,2,1,2,1,1,31,1,0.0,0.0,,2,2,7,0.0,3,5,8,1233,0,2,25,1,1.0,1,31,3,0.0,36,0.0,0.0
2,3,2.0,1,5,1,2,2,1,514,1,0.0,0.0,,12,2,11,0.0,3,5,1,1654,1,2,10,1,2.0,1,19,3,0.0,21,0.0,0.0
2,3,2.0,400,9,0,10,2,1,511,1,0.0,0.0,,8,1,16,0.0,1,6,1,1834,3,2,15,0,2.0,1,22,13,0.0,19,0.0,0.0
1,3,2.0,1,20,1,1,2,1,600,1,0.0,0.0,,11,2,7,0.0,3,1,1,1651,1,2,25,0,1.0,1,10,3,0.0,21,0.0,0.0
2,3,2.0,9510,12,0,10,2,1,157,1,0.0,1.0,,8,2,16,0.0,2,3,1,2213,3,4,30,0,1.0,1,24,3,0.0,18,0.0,1.0
2,0,2.0,1,17,1,2,2,1,600,1,0.0,0.0,,11,2,15,0.0,3,7,1,1651,1,2,15,5,2.0,1,24,3,0.0,33,0.0,0.0
2,3,1.0,2607,4,0,5,2,1,178,1,0.0,0.0,,8,2,2,0.0,2,7,1,1034,1,2,30,0,1.0,1,14,3,0.0,27,0.0,0.0
2,3,2.0,612,19,0,1,2,1,501,1,0.0,1.0,,2,1,10,0.0,3,6,1,1654,1,1,30,0,1.0,1,31,13,1.0,33,0.0,0.0
2,3,2.0,1,15,1,4,2,1,516,1,0.0,0.0,,12,2,0,0.0,3,2,1,1654,3,2,10,0,2.0,1,31,3,0.0,33,0.0,0.0
1,3,2.0,618,11,1,4,2,1,501,1,0.0,0.0,,12,2,7,0.0,3,7,1,1654,3,2,15,0,2.0,1,16,3,0.0,18,0.0,0.0
2,3,2.0,2504,1,0,2,2,1,83,1,0.0,0.0,,8,2,10,0.0,0,7,1,334,3,2,30,0,3.0,1,10,3,0.0,12,0.0,0.0
2,3,2.0,5,12,1,2,1,1,600,1,0.0,0.0,,12,2,7,0.0,3,3,2,1655,3,2,20,0,1.0,1,10,3,0.0,19,0.0,0.0
2,3,2.0,515,17,0,2,1,1,555,1,0.0,0.0,,6,1,10,0.0,2,5,9,1135,0,2,35,3,5.0,1,24,14,0.0,33,0.0,0.0
2,3,2.0,5,12,1,4,2,1,600,1,0.0,0.0,,10,2,15,0.0,3,2,1,1655,3,2,30,0,2.0,1,16,3,0.0,18,0.0,0.0
2,3,2.0,3,6,1,3,2,1,600,1,0.0,0.0,,10,2,15,0.0,3,3,1,1653,3,2,25,0,2.0,1,10,3,0.0,18,0.0,0.0
2,3,2.0,3,6,1,3,2,1,600,1,0.0,0.0,,10,2,15,0.0,3,4,1,1653,3,2,25,0,4.0,1,10,3,0.0,22,0.0,0.0
1,3,2.0,1,22,1,2,2,1,512,1,0.0,0.0,,12,2,7,0.0,3,2,1,1654,1,2,10,0,1.0,1,31,3,0.0,33,0.0,0.0
2,3,1.0,13000,14,1,3,2,1,590,1,0.0,0.0,,2,2,2,0.0,2,3,1,434,3,2,40,0,1.0,1,31,3,0.0,33,0.0,0.0
2,3,2.0,817,7,0,2,2,1,135,1,0.0,0.0,,8,1,16,0.0,2,4,1,1513,3,2,35,3,2.0,1,24,13,0.0,18,0.0,0.0
2,3,2.0,700,19,0,2,2,1,501,1,0.0,0.0,,10,2,1,0.0,3,6,1,1654,1,2,25,5,1.0,1,31,3,0.0,33,0.0,0.0
2,3,2.0,10000,12,1,2,2,1,501,1,0.0,0.0,,11,2,10,0.0,3,6,1,1651,3,2,40,1,4.0,1,17,3,0.0,19,0.0,0.0
2,3,2.0,1,15,1,3,2,1,600,1,0.0,0.0,,11,0,15,0.0,3,4,1,1651,3,2,25,0,2.0,1,24,6,0.0,25,0.0,0.0
2,3,2.0,60,20,1,4,2,5,348,1,0.0,0.0,,11,2,15,0.0,3,5,6,1654,1,2,30,5,3.0,1,24,3,0.0,22,0.0,0.0
2,3,1.0,102,17,1,2,2,1,348,1,0.0,0.0,,10,2,5,0.0,3,7,1,1654,3,2,25,0,1.0,1,31,3,0.0,33,0.0,0.0
1,3,2.0,801,0,1,2,1,1,135,1,0.0,0.0,,6,1,16,0.0,2,2,1,1513,1,2,30,0,3.0,1,24,14,0.0,33,0.0,0.0
2,3,2.0,5,22,1,1,2,1,600,1,0.0,0.0,,10,2,15,0.0,3,3,1,1655,1,2,30,0,2.0,1,24,3,0.0,33,0.0,0.0
2,3,2.0,10000,10,1,1,1,5,143,1,0.0,0.0,,10,2,7,0.0,3,1,10,1654,5,2,30,4,1.0,1,31,3,0.0,33,0.0,0.0
1,3,2.0,2,17,1,1,1,1,600,1,0.0,0.0,,10,2,7,0.0,3,4,1,1652,1,2,20,0,1.0,1,24,3,0.0,22,0.0,0.0
2,3,2.0,100,9,0,2,2,1,155,1,0.0,1.0,,6,1,16,0.0,1,7,1,1654,3,3,35,0,2.0,1,33,14,0.0,18,1.0,0.0
2,3,2.0,2,14,1,1,2,1,600,1,0.0,0.0,,11,2,0,0.0,3,4,1,1652,3,2,20,0,2.0,1,24,3,0.0,33,0.0,0.0
2,3,3.0,543,17,1,1,2,1,445,1,0.0,0.0,,8,5,10,0.0,3,6,1,722,4,2,30,0,3.0,1,24,3,0.0,19,0.0,0.0
2,3,2.0,476,8,1,3,2,5,432,1,0.0,0.0,,18,1,16,0.0,1,6,6,1834,3,2,30,5,2.0,1,20,14,0.0,22,0.0,0.0
2,2,2.0,2,10,1,2,2,1,600,1,0.0,0.0,,10,2,16,0.0,3,2,1,1652,3,2,20,0,2.0,1,16,3,0.0,24,0.0,0.0
1,3,1.0,6299,9,1,4,1,3,394,1,0.0,0.0,,10,2,5,0.0,2,1,1,331,3,2,30,0,1.0,1,24,3,0.0,25,0.0,0.0
0,3,1.0,1,15,1,2,1,5,600,1,0.0,0.0,,10,2,2,0.0,3,4,1,1651,3,2,20,0,1.0,1,19,3,0.0,21,0.0,0.0
0,3,2.0,517,9,1,3,2,1,501,1,0.0,0.0,,4,3,14,0.0,3,5,1,1654,3,2,20,0,2.0,1,24,3,0.0,33,0.0,0.0
2,3,2.0,5500,14,1,2,1,1,631,1,0.0,0.0,,15,1,10,0.0,2,3,2,225,3,2,25,5,2.0,1,6,14,0.0,19,0.0,0.0
1,3,2.0,93,21,1,2,2,1,155,1,0.0,0.0,,6,1,16,0.0,1,3,0,1654,1,2,30,1,2.0,1,34,14,0.0,33,0.0,0.0
2,3,3.0,3830,14,1,4,2,1,414,1,0.0,0.0,,8,2,10,0.0,1,7,1,1922,3,2,30,0,4.0,1,19,3,0.0,21,0.0,0.0
1,3,3.0,13000,22,1,3,1,1,590,1,0.0,0.0,,8,1,10,0.0,2,3,1,434,1,2,30,0,3.0,1,31,3,0.0,33,0.0,0.0
2,0,2.0,5,21,1,4,1,1,600,1,0.0,0.0,,10,2,15,0.0,3,5,6,1655,1,2,20,5,4.0,1,31,3,0.0,33,0.0,0.0
0,3,2.0,516,15,1,3,2,1,501,1,0.0,0.0,,12,4,16,0.0,3,3,1,1654,3,2,10,0,1.0,1,24,5,0.0,25,0.0,0.0
1,3,2.0,1730,12,1,2,1,1,389,1,0.0,0.0,,8,2,10,0.0,1,7,1,1814,3,2,30,0,3.0,1,31,3,0.0,33,0.0,0.0
0,3,1.0,851,14,1,3,1,1,135,1,0.0,0.0,,2,2,2,0.0,2,5,2,1513,3,2,30,0,1.0,1,24,3,0.0,33,0.0,0.0
2,4,2.0,9750,15,0,3,2,1,201,1,0.0,1.0,,3,2,10,0.0,2,3,2,432,3,3,55,5,1.0,1,7,3,0.0,19,1.0,0.0
2,3,1.0,561,0,0,1,1,5,501,1,0.0,0.0,,11,5,2,0.0,3,7,1,1654,1,2,10,0,1.0,1,24,3,0.0,34,0.0,0.0
1,3,2.0,1700,18,1,3,1,5,368,1,0.0,0.0,,8,1,10,0.0,2,1,1,1022,3,2,30,4,2.0,1,17,14,0.0,19,0.0,0.0
0,3,1.0,2,23,1,4,2,1,600,1,0.0,0.0,,3,2,2,0.0,3,5,6,1652,1,2,20,5,1.0,1,24,3,0.0,36,0.0,0.0
2,3,2.0,3059,13,1,2,1,5,546,1,0.0,0.0,,8,5,10,0.0,2,7,1,1034,3,2,30,4,2.0,1,31,14,0.0,33,0.0,0.0
2,3,2.0,6000,14,1,2,2,1,291,1,0.0,0.0,,8,5,16,0.0,3,7,1,1622,3,2,35,0,2.0,1,31,15,0.0,33,0.0,0.0
2,3,2.0,522,9,1,2,2,1,501,1,0.0,0.0,,12,2,7,0.0,3,1,1,1654,3,2,15,0,1.0,1,31,3,0.0,33,0.0,0.0
2,3,2.0,176,0,0,3,2,1,155,1,0.0,4.0,,6,1,10,0.0,1,2,1,1654,1,4,30,0,3.0,1,24,14,0.0,33,0.0,4.0
2,3,2.0,9838,16,0,2,2,5,428,1,0.0,0.0,,10,5,7,0.0,2,6,0,2223,3,2,30,3,1.0,1,24,3,0.0,33,0.0,0.0
2,3,2.0,517,17,1,2,2,1,501,1,0.0,0.0,,4,2,7,0.0,3,3,1,1654,4,2,15,0,1.0,1,31,3,0.0,12,0.0,0.0
2,3,2.0,9800,23,1,3,2,1,372,1,0.0,0.0,,2,2,10,0.0,3,3,1,1654,1,2,45,0,3.0,1,24,3,0.0,19,0.0,0.0
2,3,2.0,3,6,1,3,2,1,600,1,0.0,0.0,,10,2,15,0.0,3,7,1,1653,3,2,20,0,2.0,1,24,3,0.0,8,0.0,0.0
2,3,2.0,3,12,1,3,1,1,600,1,0.0,0.0,,10,2,15,0.0,3,6,1,1653,3,2,30,0,2.0,1,24,3,0.0,33,0.0,0.0
2,3,2.0,2501,14,1,3,1,1,83,1,0.0,0.0,,8,2,15,0.0,0,4,1,334,3,2,30,0,2.0,1,24,3,0.0,23,0.0,0.0
2,3,2.0,1,20,0,2,2,5,600,1,0.0,0.0,,10,5,15,0.0,3,6,0,1651,1,2,25,5,2.0,1,24,3,0.0,33,0.0,0.0
2,3,2.0,5466,5,0,3,2,5,631,1,0.0,1.0,,15,1,0,0.0,2,5,6,225,1,1,30,5,1.0,1,31,14,1.0,33,0.0,0.0
1,0,2.0,521,10,1,3,2,1,501,1,0.0,0.0,,3,2,15,0.0,3,4,1,1654,3,2,35,0,3.0,1,21,3,0.0,22,0.0,0.0
1,3,2.0,1,9,1,2,2,1,514,1,0.0,0.0,,12,2,7,0.0,3,6,1,1654,3,2,15,1,1.0,1,24,3,0.0,36,0.0,0.0
1,4,1.0,5,6,1,3,2,1,600,1,0.0,0.0,,13,2,2,0.0,3,3,1,1655,3,2,15,0,1.0,1,16,3,0.0,18,0.0,0.0
2,3,2.0,10001,18,0,3,2,1,396,1,0.0,1.0,,3,2,10,0.0,1,5,1,1824,1,3,40,0,2.0,1,31,3,0.0,33,1.0,0.0
2,3,2.0,7100,12,1,7,2,5,279,1,0.0,0.0,,5,1,16,0.0,2,4,6,334,3,2,30,5,2.0,1,31,14,0.0,33,0.0,0.0
0,3,2.0,412,23,1,2,2,1,501,1,0.0,0.0,,10,2,15,0.0,3,2,1,1654,1,2,5,0,2.0,1,31,3,0.0,33,0.0,0.0
1,3,2.0,3,6,1,2,2,1,600,1,0.0,0.0,,12,2,7,0.0,3,4,1,1653,1,2,15,0,1.0,1,24,3,0.0,21,0.0,0.0
2,3,2.0,514,7,1,3,1,1,555,1,0.0,0.0,,8,1,10,0.0,2,4,2,1134,3,2,30,0,8.0,1,31,14,0.0,22,0.0,0.0
2,3,1.0,801,8,0,3,2,1,135,1,0.0,1.0,,6,1,2,0.0,2,7,1,1513,3,3,30,0,0.0,1,24,14,0.0,25,1.0,0.0
2,3,2.0,3,9,1,3,2,1,600,1,0.0,0.0,,10,2,15,0.0,3,3,1,1653,3,2,20,0,2.0,1,10,3,0.0,22,0.0,0.0
2,3,2.0,13000,16,1,2,1,1,590,1,0.0,0.0,,2,1,15,0.0,2,4,2,434,3,2,30,3,2.0,1,31,14,0.0,18,0.0,0.0
2,3,2.0,8700,23,1,4,2,1,201,1,0.0,0.0,,10,2,10,0.0,2,7,1,412,0,2,5,0,2.0,1,31,3,0.0,33,0.0,0.0
2,3,2.0,40,20,1,3,2,5,155,1,0.0,0.0,,15,2,15,0.0,1,5,6,1654,1,2,30,5,2.0,0,24,3,0.0,33,0.0,0.0
2,3,2.0,1,8,1,3,2,1,512,1,0.0,0.0,,12,2,7,0.0,3,6,1,1654,3,2,15,0,1.0,1,31,3,0.0,33,0.0,0.0
2,3,2.0,3849,23,1,2,2,5,91,1,0.0,0.0,,17,5,10,0.0,3,6,10,833,5,2,35,4,2.0,1,31,15,0.0,33,0.0,0.0
2,3,1.0,127,5,1,3,2,1,39,1,0.0,0.0,,12,2,4,0.0,3,6,1,131,3,2,30,0,1.0,1,24,3,0.0,21,0.0,0.0
0,3,1.0,521,0,1,2,2,1,501,1,0.0,0.0,,2,2,2,0.0,3,6,9,1654,1,2,25,3,1.0,1,24,3,0.0,36,0.0,0.0
1,3,2.0,162,15,1,4,2,1,155,1,0.0,0.0,,3,2,15,0.0,1,3,1,1654,3,2,55,0,2.0,1,24,3,0.0,33,0.0,0.0
1,3,2.0,817,15,1,3,2,1,135,1,0.0,0.0,,6,2,16,0.0,2,1,1,1513,3,2,30,0,3.0,1,22,3,0.0,18,0.0,0.0
1,3,1.0,3314,16,1,3,2,1,377,1,0.0,0.0,,8,2,1,0.0,1,1,1,1731,3,2,30,0,2.0,1,0,3,0.0,0,0.0,0.0
2,3,2.0,3,9,1,3,2,1,600,1,0.0,0.0,,10,2,15,0.0,3,1,1,1653,3,2,25,0,2.0,1,10,3,0.0,22,0.0,0.0
2,3,2.0,3,7,1,3,2,1,600,1,0.0,0.0,,11,2,0,0.0,3,5,1,1653,3,2,15,0,2.0,1,24,3,0.0,18,0.0,0.0
2,3,2.0,1,7,1,4,2,1,600,1,0.0,0.0,,10,2,15,0.0,3,2,1,1651,3,2,15,0,2.0,1,16,3,0.0,18,0.0,0.0
2,3,2.0,600,1,1,4,2,1,502,1,0.0,0.0,,10,2,10,0.0,0,1,1,1834,0,2,30,0,2.0,1,24,3,0.0,19,0.0,0.0
2,3,2.0,8301,16,1,4,2,5,200,1,0.0,0.0,,3,5,11,0.0,2,5,6,412,3,2,55,4,3.0,1,31,7,0.0,33,0.0,0.0
2,3,2.0,2601,7,1,3,2,1,178,1,0.0,0.0,,8,2,15,0.0,2,5,6,1034,3,2,30,5,2.0,1,31,3,0.0,33,0.0,0.0
2,3,2.0,7130,15,1,3,2,5,590,1,0.0,0.0,,2,2,16,0.0,2,3,1,324,3,2,30,0,3.0,1,24,13,0.0,33,0.0,0.0
2,3,2.0,10001,7,1,3,1,5,613,1,0.0,0.0,,8,5,10,0.0,2,5,10,2232,3,2,30,4,2.0,1,31,15,0.0,33,0.0,0.0
1,3,2.0,1,11,1,3,2,1,518,1,0.0,0.0,,12,2,7,0.0,3,6,1,1654,3,2,15,0,1.0,1,31,3,0.0,17,0.0,0.0
2,3,1.0,6259,1,1,3,2,5,394,1,0.0,0.0,,3,5,2,0.0,2,1,5,331,1,2,45,0,1.0,1,31,15,0.0,33,0.0,0.0
1,3,2.0,5115,13,1,4,2,1,74,1,0.0,0.0,,11,2,0,0.0,3,4,1,813,3,2,30,0,2.0,1,24,3,0.0,25,0.0,0.0
2,3,2.0,2132,22,1,3,1,5,75,1,0.0,0.0,,14,1,10,0.0,3,7,10,726,1,2,30,4,5.0,1,24,13,0.0,17,0.0,0.0
2,3,2.0,3,6,1,3,2,1,600,1,0.0,0.0,,11,2,0,0.0,3,4,1,1653,3,2,15,0,2.0,1,24,3,0.0,33,0.0,0.0
2,4,2.0,4751,18,1,3,2,1,326,1,0.0,0.0,,10,1,10,0.0,3,5,6,813,3,2,15,5,4.0,1,31,14,0.0,9,0.0,0.0
0,3,2.0,850,5,1,4,2,5,501,1,0.0,0.0,,12,2,7,0.0,3,3,10,1654,5,2,20,4,1.0,1,24,3,0.0,33,0.0,0.0
2,3,2.0,5100,18,0,4,2,1,631,1,0.0,1.0,,6,1,16,0.0,2,1,1,225,3,4,30,0,7.0,1,24,14,0.0,6,0.0,1.0
0,3,2.0,13000,15,1,4,2,5,166,1,0.0,0.0,,8,2,15,0.0,2,4,1,433,3,2,35,0,2.0,1,24,3,0.0,33,0.0,0.0
2,3,2.0,9430,14,0,3,1,1,125,1,0.0,0.0,,8,2,0,0.0,2,5,5,423,3,2,30,5,2.0,1,31,3,0.0,26,0.0,0.0
1,3,2.0,1,17,1,3,1,5,515,1,0.0,0.0,,10,2,0,0.0,3,3,1,1654,3,2,15,0,2.0,1,31,3,0.0,33,0.0,0.0
2,3,2.0,1,6,1,3,2,1,600,1,0.0,0.0,,10,2,7,0.0,3,6,2,1651,2,2,25,5,1.0,1,10,3,0.0,22,0.0,0.0
1,3,2.0,7556,20,1,4,2,1,131,1,0.0,0.0,,8,2,7,0.0,1,2,1,2422,0,2,30,0,1.0,1,31,3,0.0,22,0.0,0.0
2,3,3.0,10936,15,0,4,2,1,368,1,0.0,0.0,,8,2,10,0.0,2,7,6,2211,2,2,35,5,7.0,1,34,3,0.0,19,0.0,0.0
1,0,2.0,2,18,1,3,2,5,600,1,0.0,0.0,,2,2,15,0.0,3,5,1,1652,1,2,20,0,2.0,1,20,3,0.0,22,0.0,0.0
0,3,2.0,1,14,1,4,2,1,516,1,0.0,0.0,,12,1,10,0.0,3,4,2,1654,3,2,30,0,2.0,1,17,13,0.0,19,0.0,0.0
2,3,2.0,171,19,1,3,1,1,155,1,0.0,0.0,,11,2,15,0.0,1,1,1,1654,4,2,30,0,2.0,1,21,3,0.0,23,0.0,0.0
1,3,2.0,1,13,1,4,2,1,516,1,0.0,0.0,,12,2,10,0.0,3,1,6,1654,3,2,20,5,2.0,1,34,3,0.0,12,0.0,0.0
2,3,2.0,4000,21,1,4,1,5,636,1,0.0,0.0,,8,1,0,0.0,3,3,10,1115,1,2,30,4,5.0,1,31,13,0.0,33,0.0,0.0
1,3,2.0,3,15,1,4,2,1,600,1,0.0,0.0,,3,2,15,0.0,3,3,1,1653,3,2,15,0,2.0,1,31,3,0.0,33,0.0,0.0
2,3,2.0,3,10,1,5,2,1,600,1,0.0,0.0,,10,2,15,0.0,3,3,6,1653,3,2,15,5,2.0,1,24,3,0.0,18,0.0,0.0
0,2,2.0,618,22,0,3,2,1,501,1,0.0,1.0,,15,1,9,0.0,3,4,6,1654,1,3,15,5,1.0,1,31,13,0.0,36,1.0,0.0
1,3,2.0,7305,10,1,5,1,1,330,1,0.0,0.0,,8,2,10,0.0,3,3,6,1613,3,2,30,5,2.0,1,17,3,0.0,19,0.0,0.0
2,3,2.0,630,12,0,4,2,1,501,1,0.0,1.0,,8,2,16,0.0,3,6,6,1654,3,4,20,5,1.0,1,24,3,0.0,33,0.0,1.0
0,3,2.0,5199,1,1,4,2,1,444,1,0.0,0.0,,8,1,10,0.0,1,1,1,2024,1,2,30,0,3.0,1,10,14,0.0,17,0.0,0.0
2,3,2.0,2,22,1,5,2,1,600,1,0.0,0.0,,10,2,0,0.0,3,3,6,1652,1,2,20,5,5.0,1,31,3,0.0,33,0.0,0.0
2,3,2.0,4634,7,1,3,1,1,378,1,0.0,0.0,,8,1,0,0.0,1,5,6,1722,3,2,30,5,3.0,1,24,13,0.0,33,0.0,0.0
0,3,2.0,6500,21,1,3,2,1,442,1,0.0,0.0,,15,1,16,0.0,1,3,1,1654,1,2,35,0,2.0,1,24,14,0.0,24,0.0,0.0
1,3,2.0,1,12,1,3,1,1,600,1,0.0,0.0,,10,2,15,0.0,3,2,1,1651,3,2,15,0,2.0,1,16,3,0.0,18,0.0,0.0
2,3,2.0,9159,2,0,3,2,1,200,1,0.0,2.0,,10,2,15,0.0,2,3,1,423,0,4,45,0,2.0,1,31,3,0.0,33,0.0,2.0
2,3,2.0,524,19,1,3,2,5,501,1,0.0,0.0,,10,2,15,0.0,3,7,1,1654,1,2,25,0,2.0,1,24,3,0.0,33,0.0,0.0
2,2,2.0,3,8,1,4,2,1,600,1,0.0,0.0,,10,2,15,0.0,3,6,1,1653,3,2,35,0,2.0,1,24,3,0.0,33,0.0,0.0
0,3,2.0,1,18,1,3,2,1,516,1,0.0,0.0,,12,2,10,0.0,3,1,1,1654,3,2,15,0,2.0,1,24,3,0.0,18,0.0,0.0
2,3,2.0,2537,11,1,4,1,1,178,1,0.0,0.0,,2,2,10,0.0,2,4,6,1034,3,2,30,5,2.0,1,31,3,0.0,33,0.0,0.0
2,3,2.0,9800,18,0,3,2,1,372,1,0.0,0.0,,10,2,10,0.0,3,5,6,1654,3,2,55,5,2.0,1,24,3,0.0,19,0.0,0.0
2,3,2.0,5,16,1,4,1,1,600,1,0.0,0.0,,12,2,11,0.0,3,7,1,1655,3,2,15,0,2.0,1,31,3,0.0,33,0.0,0.0
2,3,2.0,3,12,1,4,2,1,600,1,0.0,0.0,,11,2,15,0.0,3,2,1,1653,3,2,30,0,2.0,1,20,3,0.0,22,0.0,0.0
2,3,2.0,1,12,1,3,2,1,155,1,0.0,0.0,,12,5,7,0.0,1,5,10,1654,5,2,10,4,1.0,1,31,3,0.0,33,0.0,0.0
2,3,2.0,173,22,1,3,2,1,155,1,0.0,0.0,,3,1,10,0.0,1,3,1,1654,1,2,35,0,2.0,1,24,14,0.0,8,0.0,0.0
2,3,2.0,6299,14,1,3,1,5,394,1,0.0,0.0,,17,5,10,0.0,2,6,10,331,5,2,30,4,2.0,1,31,15,0.0,33,0.0,0.0
2,3,2.0,93,23,0,3,2,5,155,1,0.0,1.0,,10,1,10,0.0,1,3,6,1654,1,3,35,5,1.0,1,24,14,0.0,33,1.0,0.0
2,3,2.0,12657,13,0,4,2,1,588,1,0.0,0.0,,8,4,7,0.0,2,7,1,532,3,2,30,5,2.0,1,24,14,0.0,13,0.0,0.0
2,0,2.0,6700,15,1,3,2,1,201,1,0.0,0.0,,13,2,15,0.0,2,4,6,322,3,2,45,5,2.0,1,24,3,0.0,9,0.0,0.0
0,3,2.0,2,17,1,3,2,1,600,1,0.0,0.0,,3,2,15,0.0,3,5,6,1652,3,2,30,5,2.0,1,24,3,0.0,24,0.0,0.0
2,3,1.0,524,18,1,3,1,5,501,1,0.0,0.0,,10,2,2,0.0,3,1,1,1654,3,2,5,0,1.0,1,31,3,0.0,33,0.0,0.0
1,3,2.0,3,13,1,4,2,1,600,1,0.0,0.0,,10,2,7,0.0,3,5,7,1653,3,2,20,0,1.0,1,31,3,0.0,33,0.0,0.0
0,3,2.0,4331,16,1,4,2,1,442,1,0.0,0.0,,3,1,10,0.0,1,4,1,1654,3,2,30,0,2.0,1,31,14,0.0,33,0.0,0.0
1,3,2.0,6481,15,1,4,2,1,565,1,0.0,0.0,,8,2,16,0.0,1,2,1,2412,3,2,30,0,2.0,1,24,3,0.0,25,0.0,0.0
2,3,1.0,1685,21,0,5,2,1,13,1,0.0,0.0,,8,2,2,0.0,3,2,1,2234,1,2,30,0,1.0,1,24,3,0.0,33,0.0,0.0
2,3,2.0,3,6,1,4,1,5,600,1,0.0,0.0,,11,2,10,0.0,3,2,10,1653,2,2,20,4,2.0,1,24,3,0.0,19,0.0,0.0
1,3,2.0,3,7,1,3,2,1,600,1,0.0,0.0,,10,2,7,0.0,3,2,1,1653,3,2,20,0,2.0,1,16,3,0.0,18,0.0,0.0
2,3,1.0,582,22,1,4,2,1,501,1,0.0,0.0,,11,2,2,0.0,3,7,1,1654,1,2,10,5,1.0,1,24,3,0.0,33,0.0,0.0
2,3,2.0,2810,8,1,5,2,1,368,1,0.0,0.0,,8,2,0,0.0,1,5,1,1412,3,2,30,0,2.0,1,31,3,0.0,33,0.0,0.0
2,3,2.0,3,5,1,4,2,1,600,1,0.0,0.0,,10,2,11,0.0,3,7,1,1653,1,2,20,0,2.0,1,16,3,0.0,18,0.0,0.0
2,3,2.0,4500,9,1,3,1,1,53,1,0.0,0.0,,8,2,7,0.0,3,6,1,815,3,2,10,0,1.0,1,24,3,0.0,21,0.0,0.0
2,3,2.0,2050,14,1,4,1,1,258,1,0.0,0.0,,10,2,7,0.0,2,7,1,1024,3,2,30,0,1.0,1,24,3,0.0,25,0.0,0.0
2,3,2.0,1,11,0,3,2,1,518,1,0.0,0.0,,12,2,7,0.0,3,2,1,1654,3,2,20,0,1.0,1,24,3,0.0,33,0.0,0.0
2,3,2.0,13,12,1,4,2,1,348,1,0.0,0.0,,10,2,15,0.0,3,4,1,1654,3,2,30,0,2.0,1,31,3,0.0,33,0.0,0.0
2,3,2.0,2,23,1,3,2,1,600,1,0.0,0.0,,10,2,10,0.0,3,4,1,1652,1,2,10,0,2.0,1,24,3,0.0,23,0.0,0.0
2,4,2.0,503,19,1,3,2,1,555,1,0.0,0.0,,8,1,16,0.0,2,2,1,1135,1,2,30,0,3.0,1,31,14,0.0,23,0.0,0.0
2,3,1.0,6661,3,0,3,2,1,224,1,0.0,0.0,,6,1,2,0.0,2,1,1,331,1,2,35,0,1.0,1,24,14,0.0,33,0.0,0.0
2,0,2.0,12700,16,1,4,2,1,355,1,0.0,0.0,,2,2,10,0.0,3,5,6,1654,3,2,30,5,2.0,1,31,3,0.0,33,0.0,0.0
2,3,2.0,555,14,1,3,2,5,439,1,0.0,0.0,,4,2,8,0.0,3,4,6,121,3,2,30,5,2.0,1,31,5,0.0,33,0.0,0.0
2,3,2.0,3,14,1,4,2,1,600,1,0.0,0.0,,10,2,15,0.0,3,4,1,1653,3,2,20,0,2.0,1,31,3,0.0,33,0.0,0.0
2,3,2.0,630,11,1,4,2,1,501,1,0.0,0.0,,12,2,7,0.0,3,7,1,1654,3,2,10,0,1.0,1,31,3,0.0,33,0.0,0.0
2,3,3.0,500,11,0,3,2,1,506,1,0.0,0.0,,13,2,10,0.0,3,2,1,1831,3,2,55,0,3.0,1,21,3,0.0,19,0.0,0.0
1,3,2.0,850,8,1,3,2,1,501,1,0.0,0.0,,13,2,7,0.0,3,4,1,1654,3,2,15,5,1.0,1,24,3,0.0,33,0.0,0.0
0,3,2.0,3,12,0,3,2,1,600,1,0.0,1.0,,10,2,9,0.0,3,1,1,1653,3,3,20,0,1.0,1,31,3,0.0,18,1.0,0.0
2,3,1.0,616,23,1,5,2,1,501,1,0.0,0.0,,12,2,2,0.0,3,4,1,1654,1,2,0,0,1.0,1,31,3,0.0,21,0.0,0.0
2,3,2.0,4000,14,1,5,1,1,636,1,0.0,0.0,,3,1,0,0.0,3,7,1,1115,3,2,25,0,2.0,1,31,13,0.0,33,0.0,0.0
2,3,1.0,8650,14,0,4,2,1,201,1,0.0,0.0,,3,2,2,0.0,2,7,1,412,3,2,30,0,4.0,1,24,3,0.0,8,0.0,0.0
0,3,2.0,1232,16,0,10,2,1,311,1,0.0,1.0,,8,1,9,0.0,3,3,1,2033,3,3,30,0,1.0,1,8,13,0.0,33,1.0,0.0
2,3,2.0,5,6,1,2,2,1,600,1,0.0,0.0,,10,2,15,0.0,3,1,9,1655,1,2,20,3,2.0,1,31,3,0.0,22,0.0,0.0
2,3,2.0,2651,8,1,10,1,1,178,1,0.0,0.0,,8,1,15,0.0,2,5,1,1034,3,2,25,0,2.0,1,15,13,0.0,22,0.0,0.0
2,3,2.0,5500,22,0,2,2,1,631,1,0.0,2.0,,8,1,0,0.0,2,7,1,225,1,3,30,0,3.0,1,25,14,0.0,6,2.0,0.0
2,3,2.0,3432,8,1,1,2,1,499,1,0.0,0.0,,6,2,0,0.0,3,4,1,1021,3,2,30,0,2.0,1,31,3,0.0,33,0.0,0.0
2,3,2.0,171,15,1,1,2,1,155,1,0.0,0.0,,12,2,13,0.0,1,2,1,1654,3,2,15,0,2.0,1,24,3,0.0,33,0.0,0.0
2,3,2.0,2,22,1,2,2,1,348,1,0.0,0.0,,3,2,15,0.0,3,4,4,1654,1,2,30,1,2.0,1,24,3,0.0,36,0.0,0.0
2,3,2.0,1025,19,1,1,2,1,151,1,0.0,0.0,,8,2,11,0.0,3,7,1,1933,3,2,30,0,2.0,1,24,3,0.0,19,0.0,0.0
1,3,2.0,2499,8,1,2,2,1,42,1,0.0,0.0,,5,1,15,0.0,3,3,1,1034,3,2,25,0,3.0,1,31,14,0.0,17,0.0,0.0
2,3,2.0,5217,17,1,10,2,5,467,1,0.0,0.0,,0,2,0,0.0,3,4,1,1522,3,2,0,0,2.0,1,31,3,0.0,33,0.0,0.0
0,3,2.0,540,10,1,5,2,1,548,1,0.0,0.0,,8,2,10,0.0,3,2,1,124,3,2,15,0,3.0,1,24,3,0.0,25,0.0,0.0
2,2,2.0,15,10,0,4,2,1,348,1,0.0,0.0,,10,2,15,0.0,3,4,2,1654,3,2,55,0,2.0,1,24,3,0.0,18,0.0,0.0
2,3,2.0,554,7,1,5,1,1,215,1,0.0,0.0,,8,1,15,0.0,1,6,6,1834,3,2,30,5,2.0,1,24,3,0.0,22,0.0,0.0
1,3,2.0,13000,17,1,4,1,1,590,1,0.0,0.0,,8,2,10,0.0,2,6,4,434,3,2,30,0,3.0,1,17,3,0.0,19,0.0,0.0
1,3,2.0,173,16,1,4,1,1,155,1,0.0,0.0,,8,1,15,0.0,1,5,1,1654,1,2,30,0,2.0,1,24,14,0.0,23,0.0,0.0
2,3,1.0,580,11,0,5,2,1,501,1,0.0,0.0,,2,2,2,0.0,3,2,1,1654,3,2,30,0,1.0,1,25,3,0.0,8,0.0,0.0
2,3,2.0,2625,21,1,5,1,5,178,1,0.0,0.0,,12,5,13,0.0,2,1,10,1034,5,2,20,4,5.0,1,24,15,0.0,33,0.0,0.0
2,3,1.0,5961,15,1,4,2,1,126,1,0.0,0.0,,12,2,2,0.0,2,2,1,811,3,2,10,0,1.0,1,24,3,0.0,25,0.0,0.0
2,3,2.0,3,6,1,4,2,1,600,1,0.0,0.0,,10,2,15,0.0,3,4,1,1653,3,2,25,0,2.0,1,31,3,0.0,33,0.0,0.0
2,3,2.0,8701,13,1,4,2,1,200,1,0.0,0.0,,11,0,10,0.0,2,7,1,412,3,2,30,0,2.0,1,24,5,0.0,22,0.0,0.0
0,2,2.0,1,21,1,4,2,1,567,1,0.0,0.0,,3,1,16,0.0,3,7,6,1654,0,2,25,5,2.0,1,31,13,0.0,36,0.0,0.0
2,3,2.0,9759,13,1,6,2,5,373,1,0.0,0.0,,3,2,15,0.0,3,6,1,1654,3,2,45,0,2.0,1,24,3,0.0,33,0.0,0.0
1,3,2.0,2,18,1,5,2,1,600,1,0.0,0.0,,11,2,15,0.0,3,3,1,1652,3,2,30,0,2.0,1,31,3,0.0,33,0.0,0.0
2,3,2.0,8716,10,1,5,1,1,618,1,0.0,0.0,,12,2,7,0.0,2,5,1,2223,3,2,10,0,1.0,1,24,3,0.0,33,0.0,0.0
1,3,2.0,3,12,1,4,1,1,600,1,0.0,0.0,,11,2,7,0.0,3,5,7,1653,3,2,20,0,3.0,1,34,3,0.0,18,0.0,0.0
2,3,2.0,5,4,1,4,2,1,600,1,0.0,0.0,,10,2,15,0.0,3,4,1,1655,2,2,25,0,2.0,1,10,3,0.0,18,0.0,0.0
2,3,2.0,80,10,0,4,2,1,348,1,0.0,2.0,,10,2,15,0.0,3,4,2,1654,3,4,45,0,1.0,1,10,3,0.0,22,0.0,2.0
1,3,2.0,701,16,1,5,1,1,234,1,0.0,0.0,,6,1,16,0.0,2,3,1,1225,3,2,30,0,2.0,1,22,14,0.0,18,0.0,0.0
1,3,2.0,502,13,1,5,2,1,501,1,0.0,0.0,,12,2,0,0.0,3,5,6,1653,3,2,10,5,2.0,1,31,3,0.0,18,0.0,0.0
0,3,2.0,3,2,1,5,2,1,600,1,0.0,0.0,,8,2,15,0.0,3,6,6,1653,1,2,30,5,2.0,1,24,3,0.0,18,0.0,0.0
0,3,2.0,804,17,1,4,2,1,501,0,0.0,0.0,,12,2,7,0.0,3,2,1,1654,3,2,10,0,1.0,1,24,3,0.0,25,0.0,0.0
2,3,2.0,5500,20,0,5,2,1,631,1,0.0,3.0,,10,1,0,0.0,2,4,6,225,0,3,30,5,3.0,1,6,14,0.0,6,3.0,0.0
2,0,2.0,102,8,1,5,1,1,348,1,0.0,0.0,,10,2,15,0.0,3,1,1,1654,3,2,25,0,4.0,1,24,3,0.0,23,0.0,0.0
2,3,2.0,7313,17,1,4,2,1,330,1,0.0,0.0,,8,0,15,0.0,3,5,1,1613,3,2,30,0,3.0,1,20,13,0.0,18,0.0,0.0
2,3,2.0,500,10,0,4,2,1,555,1,0.0,2.0,,2,1,0,0.0,2,2,1,1134,3,4,35,0,2.0,1,16,14,0.0,18,0.0,2.0
2,3,2.0,11500,17,1,4,2,1,355,1,0.0,0.0,,3,2,10,0.0,3,3,1,1654,3,2,55,0,6.0,1,24,3,0.0,19,0.0,0.0
2,3,2.0,3,17,1,5,1,1,600,1,0.0,0.0,,10,2,11,0.0,3,4,1,1653,3,2,30,0,2.0,1,24,3,0.0,33,0.0,0.0
2,3,2.0,740,14,1,4,1,1,472,1,0.0,0.0,,8,2,10,0.0,0,4,1,233,3,2,30,0,2.0,1,31,3,0.0,33,0.0,0.0
0,2,2.0,3,6,1,4,1,1,600,1,0.0,0.0,,10,2,10,0.0,3,6,6,1653,3,2,20,5,2.0,1,31,3,0.0,33,0.0,0.0
2,3,2.0,6299,16,1,4,2,1,394,1,0.0,0.0,,3,1,10,0.0,2,7,1,331,3,2,35,0,3.0,1,24,14,0.0,33,0.0,0.0
2,3,2.0,9650,23,1,5,2,1,373,1,0.0,0.0,,3,1,15,0.0,3,1,1,1654,1,2,30,0,2.0,1,24,14,0.0,18,0.0,0.0
2,3,2.0,2,13,1,5,2,1,600,1,0.0,0.0,,11,2,15,0.0,3,3,6,1652,3,2,15,5,2.0,1,24,3,0.0,33,0.0,0.0
2,3,2.0,3,16,1,4,2,1,600,1,0.0,0.0,,10,2,15,0.0,3,3,1,1653,3,2,20,0,4.0,1,31,3,0.0,18,0.0,0.0
1,0,2.0,3,7,1,4,2,1,600,1,0.0,0.0,,11,2,15,0.0,3,5,1,1653,3,2,20,4,2.0,1,24,3,0.0,22,0.0,0.0
0,3,2.0,2800,3,1,5,2,1,380,1,0.0,0.0,,5,1,16,0.0,1,7,1,1412,1,2,35,0,2.0,1,17,14,0.0,17,0.0,0.0
0,3,2.0,1,6,1,5,2,1,519,1,0.0,0.0,,12,1,10,0.0,2,7,1,813,3,2,15,0,2.0,1,24,5,0.0,19,0.0,0.0
0,3,2.0,3,17,1,4,2,5,501,1,0.0,0.0,,10,5,15,0.0,3,5,1,1654,3,2,30,0,2.0,1,24,3,0.0,25,0.0,0.0
0,3,2.0,1,23,0,4,2,5,600,1,0.0,0.0,,10,2,7,0.0,3,6,1,1651,1,2,20,0,1.0,1,24,3,0.0,13,0.0,0.0
0,2,1.0,170,5,0,4,1,3,155,1,0.0,0.0,,13,1,5,0.0,1,4,1,1654,3,2,35,0,1.0,1,24,14,0.0,25,0.0,0.0
2,4,2.0,10501,10,0,5,2,1,200,1,0.0,0.0,,3,1,15,0.0,2,3,6,432,3,2,45,5,2.0,1,31,5,0.0,33,0.0,0.0
2,3,2.0,1,17,1,5,2,1,600,1,0.0,0.0,,10,2,15,0.0,3,4,1,1651,3,2,25,0,2.0,1,31,3,0.0,23,0.0,0.0
0,3,2.0,5,19,1,5,1,1,600,1,0.0,0.0,,10,2,15,0.0,3,6,6,1655,3,2,30,5,2.0,1,24,3,0.0,33,0.0,0.0
0,3,2.0,7198,8,0,4,2,1,126,1,0.0,1.0,,6,1,9,0.0,3,6,1,811,3,3,30,0,1.0,1,31,14,0.0,33,1.0,0.0
1,3,2.0,1,12,1,4,2,1,600,1,0.0,0.0,,10,2,15,0.0,3,6,1,1651,3,2,25,0,2.0,1,31,3,0.0,18,0.0,0.0
0,3,2.0,1,15,1,4,2,1,512,1,0.0,0.0,,12,2,14,0.0,3,2,1,1654,3,2,10,0,2.0,1,24,3,0.0,21,0.0,0.0
0,3,2.0,13000,17,1,4,2,1,590,1,0.0,0.0,,8,2,15,0.0,2,7,6,434,3,2,30,5,3.0,1,24,3,0.0,33,0.0,0.0
1,3,2.0,500,13,1,4,1,1,555,1,0.0,0.0,,2,2,0,0.0,2,5,1,1134,3,2,25,0,3.0,1,24,3,0.0,25,0.0,0.0
2,3,2.0,1,19,1,5,1,5,600,1,0.0,0.0,,17,2,15,0.0,3,5,1,1651,3,2,30,0,2.0,1,24,3,0.0,33,0.0,0.0
2,3,4.0,1,18,0,5,2,1,514,1,0.0,0.0,,12,2,7,0.0,3,3,1,1654,4,2,15,0,1.0,1,31,3,0.0,33,0.0,0.0
2,3,2.0,1,7,1,2,2,1,518,1,0.0,0.0,,8,2,16,0.0,3,2,1,1654,3,2,30,0,2.0,1,31,3,0.0,24,0.0,0.0
1,3,2.0,10000,9,1,2,1,1,143,1,0.0,0.0,,8,2,10,0.0,3,2,1,1654,3,2,30,0,3.0,1,24,3,0.0,33,0.0,0.0
2,3,2.0,1,9,1,2,2,1,600,1,0.0,0.0,,10,2,15,0.0,3,3,1,1651,3,2,20,0,2.0,1,24,3,0.0,25,0.0,0.0
2,3,2.0,460,8,1,1,2,1,501,1,0.0,0.0,,10,2,7,0.0,3,4,9,1654,3,2,30,5,1.0,1,31,3,0.0,33,0.0,0.0
2,3,2.0,515,19,0,1,2,1,555,1,0.0,0.0,,6,1,0,0.0,2,4,1,1135,1,2,30,0,2.0,1,16,14,0.0,18,0.0,0.0
2,3,2.0,10000,14,1,1,1,5,143,1,0.0,0.0,,11,5,15,0.0,3,1,10,1654,5,2,30,4,3.0,1,31,15,0.0,33,0.0,0.0
1,3,2.0,1198,11,1,9,2,1,401,1,0.0,0.0,,8,1,15,0.0,2,3,1,1522,3,2,30,0,3.0,1,15,14,0.0,22,0.0,0.0
2,3,2.0,4100,15,0,10,2,1,257,1,0.0,0.0,,8,1,0,0.0,2,7,6,213,3,2,30,5,4.0,1,34,14,0.0,6,0.0,0.0
0,3,2.0,524,3,1,2,2,1,501,1,0.0,0.0,,12,2,10,0.0,3,2,1,1654,1,2,10,0,2.0,1,24,3,0.0,12,0.0,0.0
2,2,2.0,6268,2,0,5,2,1,394,1,0.0,1.0,,8,1,15,0.0,2,2,1,331,1,3,35,0,1.0,1,31,14,0.0,33,1.0,0.0
1,3,2.0,2699,5,1,4,1,5,108,1,0.0,0.0,,8,2,10,0.0,0,5,1,423,3,2,30,0,2.0,1,31,3,0.0,33,0.0,0.0
2,0,2.0,3,17,0,4,2,1,600,1,0.0,0.0,,11,2,16,0.0,3,5,1,1653,3,2,30,0,2.0,1,24,3,0.0,33,0.0,0.0
1,3,2.0,93,22,1,5,2,1,155,1,0.0,0.0,,8,1,16,0.0,1,1,1,1654,1,2,30,0,2.0,0,24,14,0.0,22,0.0,0.0
0,4,2.0,613,17,1,4,2,2,501,1,0.0,0.0,,12,2,15,0.0,3,4,6,1654,4,2,20,5,2.0,1,31,3,0.0,33,0.0,0.0
0,3,2.0,1,12,1,5,2,1,600,1,0.0,0.0,,10,2,15,0.0,3,4,6,1651,3,2,25,5,2.0,1,31,3,0.0,18,0.0,0.0
2,3,2.0,3701,16,1,5,1,5,500,1,0.0,0.0,,10,2,7,0.0,3,4,1,1014,3,2,20,0,1.0,1,31,3,0.0,33,0.0,0.0
1,3,2.0,1554,18,1,5,2,5,103,1,0.0,0.0,,8,2,16,0.0,0,7,1,412,3,2,30,0,2.0,1,31,3,0.0,18,0.0,0.0
1,3,1.0,8731,8,1,5,1,0,200,1,0.0,0.0,,3,2,4,0.0,2,5,6,412,3,2,45,5,2.0,1,31,3,0.0,33,0.0,0.0
1,3,2.0,6100,19,1,5,1,1,631,1,0.0,0.0,,10,1,10,0.0,2,6,1,311,4,2,30,0,4.0,1,17,14,0.0,14,0.0,0.0
2,3,2.0,1,17,1,4,2,1,513,1,0.0,0.0,,12,2,7,0.0,3,5,1,1654,3,2,20,0,1.0,1,24,3,0.0,33,0.0,0.0
2,2,1.0,700,5,0,5,2,5,292,1,0.0,1.0,,11,2,2,0.0,3,7,10,2023,5,3,15,4,1.0,1,31,15,0.0,33,1.0,0.0
1,3,2.0,660,1,1,4,2,1,501,0,0.0,0.0,,12,2,7,0.0,3,4,1,1654,0,2,15,0,1.0,1,24,3,0.0,33,0.0,0.0
2,3,2.0,250,18,1,4,1,1,429,1,0.0,0.0,,8,1,15,0.0,1,2,1,114,1,2,30,0,2.0,1,31,14,0.0,23,0.0,0.0
1,3,2.0,4800,11,0,4,2,1,257,1,0.0,1.0,,2,1,9,0.0,2,3,1,224,3,4,30,0,10.0,1,24,14,0.0,28,0.0,1.0
2,3,2.0,5500,0,0,5,2,1,631,1,0.0,0.0,,10,1,10,0.0,2,2,1,225,1,2,30,0,2.0,0,24,14,0.0,13,0.0,0.0
2,3,2.0,741,12,1,4,2,1,501,1,0.0,0.0,,12,2,7,0.0,3,2,1,1654,3,2,20,0,1.0,1,10,3,0.0,24,0.0,0.0
0,3,2.0,137,17,1,5,2,1,155,1,0.0,0.0,,6,1,10,0.0,1,3,1,1654,3,2,30,0,2.0,1,24,14,0.0,19,0.0,0.0
1,3,2.0,221,2,1,4,2,5,80,1,0.0,0.0,,10,2,0,0.0,0,5,1,322,0,2,30,0,2.0,1,19,3,0.0,21,0.0,0.0
1,3,2.0,2,10,1,5,2,1,600,1,0.0,0.0,,10,2,15,0.0,3,4,6,1652,3,2,25,5,2.0,1,20,3,0.0,18,0.0,0.0
1,3,3.0,3318,15,1,6,1,5,500,1,0.0,0.0,,10,2,7,0.0,3,5,1,1021,3,2,30,0,3.0,1,24,3,0.0,33,0.0,0.0
1,3,1.0,614,4,1,6,2,1,501,1,0.0,0.0,,11,2,5,0.0,3,4,1,1654,1,2,10,0,1.0,1,24,3,0.0,12,0.0,0.0
2,3,2.0,12700,17,0,5,2,5,608,1,0.0,1.0,,8,2,8,0.0,2,5,1,523,3,1,30,0,1.0,1,24,3,1.0,25,0.0,0.0
2,3,2.0,5,17,0,6,2,1,600,1,0.0,0.0,,10,2,15,0.0,3,5,1,1655,3,2,25,0,2.0,1,31,3,0.0,12,0.0,0.0
1,3,2.0,5,15,1,6,2,1,600,1,0.0,0.0,,11,2,7,0.0,3,1,1,1655,3,2,15,0,1.0,1,24,3,0.0,21,0.0,0.0
2,0,3.0,6247,10,0,5,2,1,394,1,0.0,1.0,,3,1,15,0.0,2,5,1,331,3,3,35,0,2.0,1,21,14,0.0,23,1.0,0.0
1,3,2.0,1,10,1,6,2,1,516,1,0.0,0.0,,12,1,16,0.0,3,1,1,1654,3,2,15,0,2.0,1,31,13,0.0,33,0.0,0.0
2,3,2.0,1099,0,0,4,2,1,19,1,0.0,1.0,,8,2,16,0.0,0,6,1,532,0,3,30,0,1.0,1,24,3,0.0,24,1.0,0.0
2,3,2.0,3,15,1,6,2,1,600,1,0.0,0.0,,10,2,0,0.0,3,6,1,1653,3,2,15,0,2.0,1,24,3,0.0,18,0.0,0.0
2,3,2.0,75,6,1,6,2,1,348,1,0.0,0.0,,10,2,15,0.0,3,7,1,1654,2,2,55,0,2.0,1,10,3,0.0,22,0.0,0.0
0,3,1.0,8801,15,1,5,2,5,125,1,0.0,0.0,,11,1,5,0.0,2,7,6,412,3,2,30,5,1.0,1,24,5,0.0,25,0.0,0.0
2,3,2.0,4641,0,0,1,2,2,257,1,0.0,0.0,,11,2,7,0.0,2,2,9,221,0,2,30,3,1.0,1,34,3,0.0,34,0.0,0.0
2,0,2.0,599,14,1,5,1,5,506,1,0.0,0.0,,13,2,15,0.0,3,6,1,1831,3,2,40,0,3.0,1,24,14,0.0,23,0.0,0.0
2,3,3.0,5500,0,0,5,2,1,631,1,0.0,1.0,,6,1,0,0.0,2,1,1,225,1,3,30,0,3.0,1,24,14,0.0,6,1.0,0.0
2,3,2.0,3,6,1,6,2,1,600,1,0.0,0.0,,11,2,15,0.0,3,2,1,1653,3,2,15,0,2.0,1,24,3,0.0,33,0.0,0.0
2,3,1.0,7300,0,1,5,2,0,201,1,0.0,0.0,,3,2,5,0.0,2,4,1,323,1,2,55,0,1.0,1,24,3,0.0,25,0.0,0.0
2,3,2.0,3304,17,1,5,1,1,122,1,0.0,0.0,,10,2,7,0.0,2,6,6,1733,4,2,20,5,1.0,1,31,3,0.0,33,0.0,0.0
2,3,3.0,1220,19,1,5,2,3,401,1,0.0,0.0,,8,2,10,0.0,1,1,6,2532,4,2,30,5,3.0,1,34,3,0.0,36,0.0,0.0
2,3,2.0,49,9,0,5,2,1,348,1,0.0,0.0,,10,2,10,0.0,3,1,1,1654,3,2,30,0,2.0,1,31,3,0.0,33,0.0,0.0
0,3,2.0,5,20,1,5,2,1,600,1,0.0,0.0,,16,2,2,0.0,3,1,1,1655,1,2,15,0,2.0,1,24,3,0.0,21,0.0,0.0
2,3,2.0,13,6,0,6,2,1,348,1,0.0,1.0,,11,1,10,0.0,3,3,1,1654,3,4,20,0,2.0,1,24,1,0.0,33,0.0,1.0
2,3,2.0,4435,8,1,5,1,1,257,1,0.0,0.0,,10,2,15,0.0,2,4,1,221,3,2,20,0,7.0,1,24,3,0.0,25,0.0,0.0
0,3,2.0,1,5,1,5,2,1,250,0,0.0,0.0,,10,2,15,0.0,2,4,1,813,3,2,15,0,2.0,1,24,3,0.0,33,0.0,0.0
2,3,2.0,7000,3,1,6,2,1,201,1,0.0,0.0,,10,2,5,0.0,2,2,1,322,0,2,55,0,2.0,1,31,3,0.0,33,0.0,0.0
1,3,2.0,3,13,1,6,2,1,501,1,0.0,0.0,,10,1,16,0.0,3,1,1,1654,3,2,25,0,2.0,1,16,13,0.0,24,0.0,0.0
2,3,2.0,3,7,1,6,2,1,600,1,0.0,0.0,,10,2,15,0.0,3,5,1,1653,3,2,25,0,2.0,1,20,3,0.0,23,0.0,0.0
2,0,2.0,1,10,1,6,2,1,600,1,0.0,0.0,,11,2,15,0.0,3,1,1,1651,3,2,25,0,2.0,1,24,3,0.0,18,0.0,0.0
0,3,2.0,162,22,1,6,2,1,155,1,0.0,0.0,,3,1,10,0.0,1,2,1,1654,1,2,35,0,2.0,1,24,14,0.0,17,0.0,0.0
2,3,2.0,800,14,1,6,2,1,501,1,0.0,0.0,,12,2,14,0.0,3,5,1,1654,3,2,15,0,2.0,1,31,3,0.0,33,0.0,0.0
2,3,2.0,3635,9,1,5,2,1,495,1,0.0,0.0,,8,1,7,0.0,2,2,1,912,3,2,30,0,1.0,1,31,14,0.0,24,0.0,0.0
1,3,2.0,6299,13,1,6,1,5,394,1,0.0,0.0,CONSTRUCTION,3,1,15,0.0,2,2,1,331,3,2,45,0,2.0,1,24,14,0.0,25,0.0,0.0
0,3,2.0,3,22,1,5,2,1,600,1,0.0,0.0,,10,2,10,0.0,3,4,1,1653,1,2,15,0,2.0,1,24,3,0.0,17,0.0,0.0
0,3,2.0,3,17,1,5,2,1,600,1,0.0,0.0,,10,2,15,0.0,3,7,1,1653,3,2,25,0,2.0,1,31,3,0.0,22,0.0,0.0
1,3,2.0,1,11,1,6,2,1,600,1,0.0,0.0,,10,2,15,0.0,3,4,1,1651,3,2,25,0,2.0,1,7,3,0.0,22,0.0,0.0
2,3,2.0,3,13,1,5,2,1,600,1,0.0,0.0,,10,2,15,0.0,3,3,1,1653,3,2,25,0,2.0,1,20,3,0.0,18,0.0,0.0
2,3,2.0,2801,11,1,5,1,1,500,1,0.0,0.0,,11,2,15,0.0,3,3,1,1022,3,2,30,0,3.0,1,24,3,0.0,18,0.0,0.0
0,3,2.0,10700,12,1,5,2,1,331,1,0.0,0.0,,15,1,10,0.0,3,2,1,1654,3,2,25,0,3.0,1,31,13,0.0,33,0.0,0.0
0,3,2.0,1,16,1,6,2,1,514,1,0.0,0.0,,12,2,7,0.0,3,7,1,1654,3,2,20,0,1.0,1,24,3,0.0,33,0.0,0.0
1,3,2.0,172,19,1,6,2,1,155,1,0.0,0.0,,10,1,15,0.0,1,5,1,1654,3,2,20,0,5.0,1,24,14,0.0,18,0.0,0.0
2,3,2.0,5900,9,1,5,1,1,482,1,0.0,0.0,,11,1,9,0.0,2,2,1,811,3,2,35,0,2.0,1,24,14,0.0,33,0.0,0.0
2,3,2.0,173,12,1,5,1,1,155,1,0.0,0.0,,6,4,15,0.0,1,5,1,1654,3,2,25,0,2.0,1,24,1,0.0,22,0.0,0.0
1,3,2.0,524,7,1,6,2,1,501,1,0.0,0.0,,12,2,10,0.0,3,6,1,1654,3,2,15,0,2.0,1,24,3,0.0,21,0.0,0.0
2,3,2.0,5552,16,1,5,2,1,629,1,0.0,0.0,,10,2,2,0.0,2,3,1,711,3,2,30,0,2.0,1,20,3,0.0,22,0.0,0.0
2,3,2.0,618,19,1,6,2,1,501,1,0.0,0.0,,12,2,7,0.0,3,5,1,1654,4,2,15,0,1.0,1,24,3,0.0,21,0.0,0.0
2,3,2.0,800,10,1,6,2,1,501,1,0.0,0.0,,2,2,16,0.0,3,6,1,1654,3,2,30,0,3.0,1,16,3,0.0,22,0.0,0.0
2,3,2.0,5,19,1,6,1,1,600,1,0.0,0.0,,10,2,15,0.0,3,3,1,1655,3,2,20,0,3.0,1,24,3,0.0,23,0.0,0.0
2,3,2.0,5500,12,1,5,1,1,631,1,0.0,0.0,,6,1,0,0.0,2,1,1,225,1,2,30,0,3.0,1,15,14,0.0,18,0.0,0.0
1,3,2.0,800,23,1,6,2,5,74,1,0.0,0.0,,8,5,16,0.0,0,2,1,313,5,2,35,0,2.0,1,31,14,0.0,22,0.0,0.0
1,3,2.0,2132,18,1,5,1,1,338,1,0.0,0.0,,6,1,15,0.0,3,4,1,2413,3,2,25,0,2.0,1,10,13,0.0,23,0.0,0.0
1,3,2.0,3201,17,1,6,1,5,313,1,0.0,0.0,,8,5,10,0.0,1,6,1,1925,2,2,30,0,2.0,1,31,15,0.0,33,0.0,0.0
1,3,2.0,1,7,1,6,2,1,600,1,0.0,0.0,,10,2,15,0.0,3,2,1,1651,3,2,20,0,2.0,1,31,3,0.0,33,0.0,0.0
2,3,2.0,1,15,1,5,1,1,600,1,0.0,0.0,,10,2,15,0.0,3,3,2,1651,3,2,20,0,2.0,1,31,3,0.0,22,0.0,0.0
2,3,2.0,5500,11,1,5,1,1,631,1,0.0,0.0,,10,2,10,0.0,2,5,1,225,3,2,30,0,2.0,1,17,14,0.0,19,0.0,0.0
2,3,2.0,6667,20,0,6,2,5,457,1,0.0,1.0,,17,5,2,0.0,2,5,1,322,3,3,30,0,1.0,1,24,15,0.0,33,1.0,0.0
1,3,2.0,660,22,1,5,2,1,501,1,0.0,0.0,,12,2,7,0.0,3,2,1,1654,1,2,15,0,1.0,1,31,3,0.0,22,0.0,0.0
2,3,2.0,919,14,1,6,2,5,151,1,0.0,0.0,,12,2,16,0.0,3,5,1,1933,3,2,15,0,2.0,1,31,3,0.0,33,0.0,0.0
2,5,2.0,162,14,0,6,2,1,155,1,0.0,0.0,,3,1,10,0.0,1,2,2,1654,3,2,30,5,2.0,1,34,14,0.0,19,0.0,0.0
2,3,2.0,3,19,1,5,2,1,600,1,0.0,0.0,,10,2,15,0.0,3,2,1,1653,3,2,35,0,2.0,1,24,3,0.0,33,0.0,0.0
1,3,2.0,2,16,1,6,2,1,600,1,0.0,0.0,,11,2,15,0.0,3,4,1,1652,3,2,20,0,2.0,1,24,3,0.0,18,0.0,0.0
2,3,2.0,6251,11,0,5,2,1,647,1,0.0,0.0,,10,2,10,0.0,2,4,6,711,3,2,35,5,2.0,1,31,3,0.0,19,0.0,0.0
1,3,2.0,1,7,1,5,2,1,600,1,0.0,0.0,,10,2,15,0.0,3,3,1,1651,3,2,30,0,2.0,1,20,3,0.0,18,0.0,0.0
1,3,2.0,1400,20,1,5,1,1,323,1,0.0,0.0,,8,2,7,0.0,3,6,1,1233,3,2,30,0,2.0,1,24,3,0.0,22,0.0,0.0
2,3,2.0,3499,15,1,6,1,1,25,1,0.0,0.0,,8,2,10,0.0,0,2,1,433,3,2,30,0,2.0,1,31,3,0.0,19,0.0,0.0
2,3,2.0,93,22,1,7,2,1,155,1,0.0,0.0,,12,2,0,0.0,1,3,1,1654,1,2,10,0,2.0,1,24,3,0.0,12,0.0,0.0
2,3,2.0,5,17,1,7,2,1,600,1,0.0,0.0,,8,2,7,0.0,3,1,1,1655,3,2,30,0,1.0,1,24,3,0.0,25,0.0,0.0
2,3,2.0,1855,16,1,6,2,1,23,1,0.0,0.0,,11,2,10,0.0,0,3,1,434,3,2,20,0,2.0,1,24,3,0.0,25,0.0,0.0
2,3,2.0,3099,18,0,6,2,1,179,1,0.0,0.0,,6,1,16,0.0,2,2,1,1034,3,2,30,0,2.0,1,16,14,0.0,24,0.0,0.0
2,3,2.0,1,20,1,7,2,1,600,1,0.0,0.0,,11,2,15,0.0,3,6,1,1651,1,2,15,0,2.0,1,24,3,0.0,18,0.0,0.0
0,3,2.0,630,14,1,7,2,1,501,1,0.0,0.0,,12,2,7,0.0,3,5,1,1654,1,2,15,0,1.0,1,24,3,0.0,33,0.0,0.0
0,3,2.0,93,19,1,6,2,5,155,1,0.0,0.0,,12,5,7,0.0,1,5,1,1654,4,2,20,0,1.0,1,24,15,0.0,25,0.0,0.0
2,3,2.0,5,9,1,6,2,1,600,1,0.0,0.0,,10,2,10,0.0,3,3,2,1655,3,2,25,0,2.0,1,10,3,0.0,19,0.0,0.0
2,3,1.0,7300,12,1,6,2,5,545,1,0.0,0.0,,0,2,2,0.0,1,2,1,2411,3,2,10,0,1.0,1,24,3,0.0,19,0.0,0.0
2,4,2.0,7700,11,1,7,2,1,201,1,0.0,0.0,,3,1,15,0.0,2,6,6,411,3,2,55,0,4.0,1,10,5,0.0,22,0.0,0.0
0,3,2.0,710,15,1,7,2,1,234,1,0.0,0.0,,8,1,10,0.0,2,2,1,1225,3,2,30,0,3.0,1,24,14,0.0,33,0.0,0.0
2,3,2.0,13,17,1,7,1,1,348,1,0.0,0.0,,10,2,15,0.0,3,6,1,1654,3,2,45,0,2.0,1,24,3,0.0,19,0.0,0.0
2,3,2.0,5500,1,1,7,1,5,631,1,0.0,0.0,,10,1,16,0.0,2,6,1,225,0,2,30,0,2.0,1,20,14,0.0,22,0.0,0.0
2,3,2.0,961,15,1,6,1,1,501,1,0.0,0.0,,10,2,7,0.0,3,3,1,1654,3,2,30,0,2.0,1,24,3,0.0,12,0.0,0.0
2,3,2.0,1,11,0,6,2,1,461,1,0.0,0.0,,10,1,15,0.0,2,2,1,813,1,2,15,0,2.0,1,31,13,0.0,18,0.0,0.0
2,3,2.0,171,18,1,6,2,1,493,1,0.0,0.0,,8,2,7,0.0,3,3,1,1832,3,2,20,0,2.0,1,24,3,0.0,33,0.0,0.0
2,3,2.0,5,18,0,7,2,1,600,1,0.0,0.0,,10,2,15,0.0,3,1,1,1655,3,2,25,0,2.0,1,31,3,0.0,12,0.0,0.0
0,3,2.0,740,23,1,7,1,1,472,1,0.0,0.0,,11,2,7,0.0,0,2,1,233,1,2,30,0,1.0,1,31,13,0.0,33,0.0,0.0
2,3,2.0,525,23,1,7,2,5,501,1,0.0,0.0,,12,2,15,0.0,3,6,1,1654,1,2,10,0,2.0,1,24,3,0.0,33,0.0,0.0
1,3,2.0,8800,16,1,6,2,1,201,1,0.0,0.0,,11,1,15,0.0,2,2,1,412,3,2,5,0,3.0,1,31,5,0.0,23,0.0,0.0
1,3,2.0,172,16,1,6,2,1,155,1,0.0,0.0,,13,2,15,0.0,1,7,1,1654,3,2,30,0,2.0,1,24,3,0.0,18,0.0,0.0
0,3,2.0,2,17,1,6,2,1,600,1,0.0,0.0,CONSTRUCTION,10,2,5,0.0,3,2,7,1652,1,2,15,5,1.0,1,24,3,0.0,36,0.0,0.0
2,3,2.0,582,12,1,7,2,1,501,1,0.0,0.0,,8,2,10,0.0,3,6,2,1654,3,2,10,0,2.0,1,24,3,0.0,33,0.0,0.0
2,3,2.0,502,15,1,7,2,5,501,1,0.0,0.0,,12,2,7,0.0,3,7,1,1653,1,2,10,0,1.0,1,24,3,0.0,33,0.0,0.0
1,3,2.0,2,17,1,6,2,1,600,1,0.0,0.0,,11,2,15,0.0,3,2,1,1652,3,2,20,0,4.0,1,24,3,0.0,18,0.0,0.0
1,3,2.0,5195,16,0,7,2,1,444,1,0.0,0.0,,8,2,7,0.0,1,4,1,2024,3,2,30,0,1.0,1,31,3,0.0,22,0.0,0.0
1,3,2.0,5500,0,0,6,1,5,631,1,0.0,1.0,,6,1,0,0.0,2,1,1,225,1,3,30,4,1.0,1,16,14,0.0,18,1.0,0.0
2,3,2.0,5900,15,1,6,1,5,631,1,0.0,0.0,,10,5,16,0.0,2,1,1,232,3,2,30,4,3.0,1,21,14,0.0,24,0.0,0.0
1,3,2.0,5,18,1,6,2,5,600,1,0.0,0.0,,11,2,15,0.0,3,4,1,1655,3,2,25,0,2.0,1,24,3,0.0,33,0.0,0.0
1,3,2.0,5500,12,1,7,1,5,631,1,0.0,0.0,,10,0,10,0.0,2,6,6,225,3,2,30,5,2.0,1,15,14,0.0,25,0.0,0.0
2,3,2.0,3,0,1,6,1,1,600,1,0.0,0.0,,10,2,7,0.0,3,4,1,1653,1,2,25,0,1.0,1,10,3,0.0,23,0.0,0.0
2,3,2.0,6299,18,1,6,1,1,394,1,0.0,0.0,,12,2,15,0.0,2,6,1,331,3,2,30,0,2.0,1,24,3,0.0,23,0.0,0.0
1,3,2.0,701,22,1,7,1,1,234,1,0.0,0.0,,3,1,10,0.0,2,7,1,1225,1,2,30,0,2.0,1,24,14,0.0,24,0.0,0.0
1,0,2.0,3,18,1,7,2,1,600,1,0.0,0.0,,11,2,15,0.0,3,1,1,1653,3,2,25,0,5.0,1,24,3,0.0,22,0.0,0.0
2,3,2.0,7900,23,0,7,2,1,201,1,0.0,1.0,,10,5,10,0.0,2,7,1,411,0,4,55,0,1.0,1,31,3,0.0,33,0.0,1.0
2,3,2.0,2609,11,1,6,2,1,367,1,0.0,0.0,,11,2,10,0.0,2,6,1,1031,3,2,15,0,4.0,1,24,3,0.0,25,0.0,0.0
2,3,2.0,13014,17,0,6,1,5,166,1,0.0,6.0,,8,5,10,0.0,2,3,1,433,3,4,30,0,1.0,1,31,14,0.0,33,0.0,6.0
2,3,2.0,21,18,0,6,2,1,348,1,0.0,2.0,,10,2,15,0.0,3,2,1,1654,3,3,35,0,5.0,1,10,3,0.0,22,2.0,0.0
2,3,2.0,5500,6,0,7,2,1,631,1,0.0,1.0,,6,4,0,0.0,2,2,1,225,3,3,30,0,1.0,1,3,13,0.0,18,1.0,0.0
0,5,2.0,5,12,0,7,2,1,600,1,0.0,1.0,,10,2,9,0.0,3,4,1,1655,3,4,20,0,1.0,1,31,3,0.0,33,0.0,1.0
2,2,2.0,5,18,1,7,1,1,600,1,0.0,0.0,,10,2,10,0.0,3,5,1,1655,3,2,20,0,4.0,1,24,3,0.0,19,0.0,0.0
2,3,2.0,1,21,1,6,2,1,516,1,0.0,0.0,,12,2,15,0.0,3,5,1,1654,1,2,20,0,2.0,1,31,3,0.0,33,0.0,0.0
1,3,2.0,524,21,1,6,2,1,501,1,0.0,0.0,,11,2,0,0.0,3,4,1,1654,3,2,15,0,2.0,1,24,3,0.0,18,0.0,0.0
0,3,2.0,3607,23,1,7,1,1,92,1,0.0,0.0,,15,5,10,0.0,3,7,1,834,5,2,35,0,2.0,1,24,15,0.0,22,0.0,0.0
0,3,2.0,1,18,1,6,2,1,600,1,0.0,0.0,,11,2,15,0.0,3,1,1,1651,3,2,20,0,2.0,1,24,3,0.0,18,0.0,0.0
1,3,2.0,2,13,1,7,2,1,600,1,0.0,0.0,,10,2,7,0.0,3,5,1,1652,3,2,20,0,1.0,1,24,3,0.0,33,0.0,0.0
2,3,2.0,4440,2,1,7,2,5,151,1,0.0,0.0,,8,5,0,0.0,3,5,1,1731,0,2,35,0,2.0,1,24,15,0.0,5,0.0,0.0
2,3,2.0,1,4,1,7,2,1,461,1,0.0,0.0,,10,2,15,0.0,2,1,6,813,1,2,15,5,2.0,1,31,3,0.0,18,0.0,0.0
1,3,2.0,2,17,1,6,2,1,348,1,0.0,0.0,,3,2,15,0.0,3,4,1,1654,3,2,55,0,2.0,1,31,3,0.0,33,0.0,0.0
1,3,2.0,613,12,1,7,2,1,501,1,0.0,0.0,,11,2,7,0.0,3,4,1,1654,3,2,30,0,1.0,1,24,3,0.0,33,0.0,0.0
1,3,2.0,9700,12,1,6,2,1,372,1,0.0,0.0,,13,1,15,0.0,3,4,6,1654,3,2,25,5,2.0,1,24,14,0.0,18,0.0,0.0
0,3,1.0,5,8,0,6,2,1,600,1,0.0,2.0,,10,1,4,0.0,3,2,1,1655,3,4,25,0,1.0,1,24,14,0.0,33,0.0,2.0
2,3,2.0,3,14,1,6,2,1,600,1,0.0,0.0,,10,2,15,0.0,3,5,1,1653,3,2,25,0,2.0,1,31,3,0.0,33,0.0,0.0
2,3,3.0,13000,17,0,7,2,1,590,1,0.0,1.0,,2,1,10,0.0,2,6,6,434,3,4,35,5,2.0,1,31,14,0.0,33,0.0,1.0
1,2,2.0,2,12,1,7,2,1,600,1,0.0,0.0,,10,2,15,0.0,3,2,1,1652,3,2,25,0,2.0,1,16,3,0.0,22,0.0,0.0
2,3,2.0,450,6,0,6,2,1,501,1,0.0,0.0,,11,2,10,0.0,3,6,1,1654,3,2,30,0,2.0,1,24,3,0.0,19,0.0,0.0
2,3,2.0,140,14,1,6,1,1,155,1,0.0,0.0,,2,1,10,0.0,1,1,1,1654,3,2,30,0,2.0,1,31,14,0.0,33,0.0,0.0
0,3,1.0,814,16,1,7,2,2,329,1,0.0,0.0,,0,2,2,0.0,1,4,1,1213,3,2,15,0,1.0,1,24,3,0.0,33,0.0,0.0
2,3,2.0,1,13,1,6,1,5,600,1,0.0,0.0,,10,2,15,0.0,3,5,1,1651,3,2,45,0,2.0,1,31,3,0.0,33,0.0,0.0
2,3,2.0,1799,18,1,6,2,1,67,1,0.0,0.0,,11,1,15,0.0,0,5,1,331,3,2,35,0,2.0,1,24,14,0.0,12,0.0,0.0
1,3,2.0,4053,12,1,7,1,1,319,1,0.0,0.0,,2,1,10,0.0,1,7,1,1632,3,2,30,0,2.0,1,24,14,0.0,19,0.0,0.0
1,3,2.0,1,22,1,6,2,1,515,1,0.0,0.0,,12,2,0,0.0,3,4,1,1654,1,2,20,0,2.0,1,24,3,0.0,18,0.0,0.0
0,3,2.0,1,9,1,6,2,1,515,1,0.0,0.0,,12,2,13,0.0,3,6,1,1654,3,2,15,0,2.0,1,16,3,0.0,21,0.0,0.0
1,2,1.0,3,12,1,7,1,1,600,1,0.0,0.0,,11,0,2,0.0,3,5,1,1653,3,2,15,0,1.0,1,24,13,0.0,18,0.0,0.0
2,3,2.0,1,5,1,7,2,1,600,1,0.0,0.0,,10,2,11,0.0,3,6,1,1651,1,2,20,0,2.0,1,10,3,0.0,21,0.0,0.0
2,3,2.0,13000,16,1,6,1,1,590,1,0.0,0.0,,2,1,15,0.0,2,6,1,434,3,2,30,0,2.0,1,31,14,0.0,33,0.0,0.0
2,5,2.0,162,14,0,6,2,1,155,1,0.0,0.0,,3,1,10,0.0,1,2,2,1654,3,2,30,5,2.0,1,34,14,0.0,19,0.0,0.0
2,3,2.0,3,19,1,5,2,1,600,1,0.0,0.0,,10,2,15,0.0,3,2,1,1653,3,2,35,0,2.0,1,24,3,0.0,33,0.0,0.0
1,3,2.0,2,16,1,6,2,1,600,1,0.0,0.0,,11,2,15,0.0,3,4,1,1652,3,2,20,0,2.0,1,24,3,0.0,18,0.0,0.0
2,3,2.0,6251,11,0,5,2,1,647,1,0.0,0.0,,10,2,10,0.0,2,4,6,711,3,2,35,5,2.0,1,31,3,0.0,19,0.0,0.0
1,3,2.0,1,7,1,5,2,1,600,1,0.0,0.0,,10,2,15,0.0,3,3,1,1651,3,2,30,0,2.0,1,20,3,0.0,18,0.0,0.0
1,3,2.0,1400,20,1,5,1,1,323,1,0.0,0.0,,8,2,7,0.0,3,6,1,1233,3,2,30,0,2.0,1,24,3,0.0,22,0.0,0.0
2,3,2.0,3499,15,1,6,1,1,25,1,0.0,0.0,,8,2,10,0.0,0,2,1,433,3,2,30,0,2.0,1,31,3,0.0,19,0.0,0.0
2,3,2.0,93,22,1,7,2,1,155,1,0.0,0.0,,12,2,0,0.0,1,3,1,1654,1,2,10,0,2.0,1,24,3,0.0,12,0.0,0.0
2,3,2.0,5,17,1,7,2,1,600,1,0.0,0.0,,8,2,7,0.0,3,1,1,1655,3,2,30,0,1.0,1,24,3,0.0,25,0.0,0.0
2,3,2.0,1855,16,1,6,2,1,23,1,0.0,0.0,,11,2,10,0.0,0,3,1,434,3,2,20,0,2.0,1,24,3,0.0,25,0.0,0.0
2,3,2.0,3099,18,0,6,2,1,179,1,0.0,0.0,,6,1,16,0.0,2,2,1,1034,3,2,30,0,2.0,1,16,14,0.0,24,0.0,0.0
2,3,2.0,1,20,1,7,2,1,600,1,0.0,0.0,,11,2,15,0.0,3,6,1,1651,1,2,15,0,2.0,1,24,3,0.0,18,0.0,0.0
0,3,2.0,630,14,1,7,2,1,501,1,0.0,0.0,,12,2,7,0.0,3,5,1,1654,1,2,15,0,1.0,1,24,3,0.0,33,0.0,0.0
0,3,2.0,93,19,1,6,2,5,155,1,0.0,0.0,,12,5,7,0.0,1,5,1,1654,4,2,20,0,1.0,1,24,15,0.0,25,0.0,0.0
2,3,2.0,5,9,1,6,2,1,600,1,0.0,0.0,,10,2,10,0.0,3,3,2,1655,3,2,25,0,2.0,1,10,3,0.0,19,0.0,0.0
2,3,1.0,7300,12,1,6,2,5,545,1,0.0,0.0,,0,2,2,0.0,1,2,1,2411,3,2,10,0,1.0,1,24,3,0.0,19,0.0,0.0
2,4,2.0,7700,11,1,7,2,1,201,1,0.0,0.0,,3,1,15,0.0,2,6,6,411,3,2,55,0,4.0,1,10,5,0.0,22,0.0,0.0
0,3,2.0,710,15,1,7,2,1,234,1,0.0,0.0,,8,1,10,0.0,2,2,1,1225,3,2,30,0,3.0,1,24,14,0.0,33,0.0,0.0
2,3,2.0,13,17,1,7,1,1,348,1,0.0,0.0,,10,2,15,0.0,3,6,1,1654,3,2,45,0,2.0,1,24,3,0.0,19,0.0,0.0
2,3,2.0,5500,1,1,7,1,5,631,1,0.0,0.0,,10,1,16,0.0,2,6,1,225,0,2,30,0,2.0,1,20,14,0.0,22,0.0,0.0
2,3,2.0,961,15,1,6,1,1,501,1,0.0,0.0,,10,2,7,0.0,3,3,1,1654,3,2,30,0,2.0,1,24,3,0.0,12,0.0,0.0
2,3,2.0,1,11,0,6,2,1,461,1,0.0,0.0,,10,1,15,0.0,2,2,1,813,1,2,15,0,2.0,1,31,13,0.0,18,0.0,0.0
2,3,2.0,171,18,1,6,2,1,493,1,0.0,0.0,,8,2,7,0.0,3,3,1,1832,3,2,20,0,2.0,1,24,3,0.0,33,0.0,0.0
2,3,2.0,5,18,0,7,2,1,600,1,0.0,0.0,,10,2,15,0.0,3,1,1,1655,3,2,25,0,2.0,1,31,3,0.0,12,0.0,0.0
0,3,2.0,740,23,1,7,1,1,472,1,0.0,0.0,,11,2,7,0.0,0,2,1,233,1,2,30,0,1.0,1,31,13,0.0,33,0.0,0.0
2,3,2.0,525,23,1,7,2,5,501,1,0.0,0.0,,12,2,15,0.0,3,6,1,1654,1,2,10,0,2.0,1,24,3,0.0,33,0.0,0.0
1,3,2.0,8800,16,1,6,2,1,201,1,0.0,0.0,,11,1,15,0.0,2,2,1,412,3,2,5,0,3.0,1,31,5,0.0,23,0.0,0.0
1,3,2.0,172,16,1,6,2,1,155,1,0.0,0.0,,13,2,15,0.0,1,7,1,1654,3,2,30,0,2.0,1,24,3,0.0,18,0.0,0.0
0,3,2.0,2,17,1,6,2,1,600,1,0.0,0.0,CONSTRUCTION,10,2,5,0.0,3,2,7,1652,1,2,15,5,1.0,1,24,3,0.0,36,0.0,0.0
2,3,2.0,582,12,1,7,2,1,501,1,0.0,0.0,,8,2,10,0.0,3,6,2,1654,3,2,10,0,2.0,1,24,3,0.0,33,0.0,0.0
2,3,2.0,502,15,1,7,2,5,501,1,0.0,0.0,,12,2,7,0.0,3,7,1,1653,1,2,10,0,1.0,1,24,3,0.0,33,0.0,0.0
1,3,2.0,2,17,1,6,2,1,600,1,0.0,0.0,,11,2,15,0.0,3,2,1,1652,3,2,20,0,4.0,1,24,3,0.0,18,0.0,0.0
1,3,2.0,5195,16,0,7,2,1,444,1,0.0,0.0,,8,2,7,0.0,1,4,1,2024,3,2,30,0,1.0,1,31,3,0.0,22,0.0,0.0
1,3,2.0,5500,0,0,6,1,5,631,1,0.0,1.0,,6,1,0,0.0,2,1,1,225,1,3,30,4,1.0,1,16,14,0.0,18,1.0,0.0
2,3,2.0,5900,15,1,6,1,5,631,1,0.0,0.0,,10,5,16,0.0,2,1,1,232,3,2,30,4,3.0,1,21,14,0.0,24,0.0,0.0
1,3,2.0,5,18,1,6,2,5,600,1,0.0,0.0,,11,2,15,0.0,3,4,1,1655,3,2,25,0,2.0,1,24,3,0.0,33,0.0,0.0
1,3,2.0,5500,12,1,7,1,5,631,1,0.0,0.0,,10,0,10,0.0,2,6,6,225,3,2,30,5,2.0,1,15,14,0.0,25,0.0,0.0
2,3,2.0,3,0,1,6,1,1,600,1,0.0,0.0,,10,2,7,0.0,3,4,1,1653,1,2,25,0,1.0,1,10,3,0.0,23,0.0,0.0
2,3,2.0,6299,18,1,6,1,1,394,1,0.0,0.0,,12,2,15,0.0,2,6,1,331,3,2,30,0,2.0,1,24,3,0.0,23,0.0,0.0
1,3,2.0,701,22,1,7,1,1,234,1,0.0,0.0,,3,1,10,0.0,2,7,1,1225,1,2,30,0,2.0,1,24,14,0.0,24,0.0,0.0
1,0,2.0,3,18,1,7,2,1,600,1,0.0,0.0,,11,2,15,0.0,3,1,1,1653,3,2,25,0,5.0,1,24,3,0.0,22,0.0,0.0
2,3,2.0,7900,23,0,7,2,1,201,1,0.0,1.0,,10,5,10,0.0,2,7,1,411,0,4,55,0,1.0,1,31,3,0.0,33,0.0,1.0
2,3,2.0,2609,11,1,6,2,1,367,1,0.0,0.0,,11,2,10,0.0,2,6,1,1031,3,2,15,0,4.0,1,24,3,0.0,25,0.0,0.0
2,3,2.0,13014,17,0,6,1,5,166,1,0.0,6.0,,8,5,10,0.0,2,3,1,433,3,4,30,0,1.0,1,31,14,0.0,33,0.0,6.0
2,3,2.0,21,18,0,6,2,1,348,1,0.0,2.0,,10,2,15,0.0,3,2,1,1654,3,3,35,0,5.0,1,10,3,0.0,22,2.0,0.0
2,3,2.0,5500,6,0,7,2,1,631,1,0.0,1.0,,6,4,0,0.0,2,2,1,225,3,3,30,0,1.0,1,3,13,0.0,18,1.0,0.0
0,5,2.0,5,12,0,7,2,1,600,1,0.0,1.0,,10,2,9,0.0,3,4,1,1655,3,4,20,0,1.0,1,31,3,0.0,33,0.0,1.0
2,2,2.0,5,18,1,7,1,1,600,1,0.0,0.0,,10,2,10,0.0,3,5,1,1655,3,2,20,0,4.0,1,24,3,0.0,19,0.0,0.0
2,3,2.0,1,21,1,6,2,1,516,1,0.0,0.0,,12,2,15,0.0,3,5,1,1654,1,2,20,0,2.0,1,31,3,0.0,33,0.0,0.0
1,3,2.0,524,21,1,6,2,1,501,1,0.0,0.0,,11,2,0,0.0,3,4,1,1654,3,2,15,0,2.0,1,24,3,0.0,18,0.0,0.0
0,3,2.0,3607,23,1,7,1,1,92,1,0.0,0.0,,15,5,10,0.0,3,7,1,834,5,2,35,0,2.0,1,24,15,0.0,22,0.0,0.0
0,3,2.0,1,18,1,6,2,1,600,1,0.0,0.0,,11,2,15,0.0,3,1,1,1651,3,2,20,0,2.0,1,24,3,0.0,18,0.0,0.0
1,3,2.0,2,13,1,7,2,1,600,1,0.0,0.0,,10,2,7,0.0,3,5,1,1652,3,2,20,0,1.0,1,24,3,0.0,33,0.0,0.0
2,3,2.0,4440,2,1,7,2,5,151,1,0.0,0.0,,8,5,0,0.0,3,5,1,1731,0,2,35,0,2.0,1,24,15,0.0,5,0.0,0.0
2,3,2.0,1,4,1,7,2,1,461,1,0.0,0.0,,10,2,15,0.0,2,1,6,813,1,2,15,5,2.0,1,31,3,0.0,18,0.0,0.0
1,3,2.0,2,17,1,6,2,1,348,1,0.0,0.0,,3,2,15,0.0,3,4,1,1654,3,2,55,0,2.0,1,31,3,0.0,33,0.0,0.0
1,3,2.0,613,12,1,7,2,1,501,1,0.0,0.0,,11,2,7,0.0,3,4,1,1654,3,2,30,0,1.0,1,24,3,0.0,33,0.0,0.0
1,3,2.0,9700,12,1,6,2,1,372,1,0.0,0.0,,13,1,15,0.0,3,4,6,1654,3,2,25,5,2.0,1,24,14,0.0,18,0.0,0.0
0,3,1.0,5,8,0,6,2,1,600,1,0.0,2.0,,10,1,4,0.0,3,2,1,1655,3,4,25,0,1.0,1,24,14,0.0,33,0.0,2.0
2,3,2.0,3,14,1,6,2,1,600,1,0.0,0.0,,10,2,15,0.0,3,5,1,1653,3,2,25,0,2.0,1,31,3,0.0,33,0.0,0.0
2,3,3.0,13000,17,0,7,2,1,590,1,0.0,1.0,,2,1,10,0.0,2,6,6,434,3,4,35,5,2.0,1,31,14,0.0,33,0.0,1.0
1,2,2.0,2,12,1,7,2,1,600,1,0.0,0.0,,10,2,15,0.0,3,2,1,1652,3,2,25,0,2.0,1,16,3,0.0,22,0.0,0.0
2,3,2.0,450,6,0,6,2,1,501,1,0.0,0.0,,11,2,10,0.0,3,6,1,1654,3,2,30,0,2.0,1,24,3,0.0,19,0.0,0.0
2,3,2.0,140,14,1,6,1,1,155,1,0.0,0.0,,2,1,10,0.0,1,1,1,1654,3,2,30,0,2.0,1,31,14,0.0,33,0.0,0.0
0,3,1.0,814,16,1,7,2,2,329,1,0.0,0.0,,0,2,2,0.0,1,4,1,1213,3,2,15,0,1.0,1,24,3,0.0,33,0.0,0.0
2,3,2.0,1,13,1,6,1,5,600,1,0.0,0.0,,10,2,15,0.0,3,5,1,1651,3,2,45,0,2.0,1,31,3,0.0,33,0.0,0.0
2,3,2.0,1799,18,1,6,2,1,67,1,0.0,0.0,,11,1,15,0.0,0,5,1,331,3,2,35,0,2.0,1,24,14,0.0,12,0.0,0.0
1,3,2.0,4053,12,1,7,1,1,319,1,0.0,0.0,,2,1,10,0.0,1,7,1,1632,3,2,30,0,2.0,1,24,14,0.0,19,0.0,0.0
1,3,2.0,1,22,1,6,2,1,515,1,0.0,0.0,,12,2,0,0.0,3,4,1,1654,1,2,20,0,2.0,1,24,3,0.0,18,0.0,0.0
0,3,2.0,1,9,1,6,2,1,515,1,0.0,0.0,,12,2,13,0.0,3,6,1,1654,3,2,15,0,2.0,1,16,3,0.0,21,0.0,0.0
1,2,1.0,3,12,1,7,1,1,600,1,0.0,0.0,,11,0,2,0.0,3,5,1,1653,3,2,15,0,1.0,1,24,13,0.0,18,0.0,0.0
2,3,2.0,1,5,1,7,2,1,600,1,0.0,0.0,,10,2,11,0.0,3,6,1,1651,1,2,20,0,2.0,1,10,3,0.0,21,0.0,0.0
2,3,2.0,13000,16,1,6,1,1,590,1,0.0,0.0,,2,1,15,0.0,2,6,1,434,3,2,30,0,2.0,1,31,14,0.0,33,0.0,0.0
2,3,1.0,6259,0,0,7,2,1,394,1,0.0,0.0,,3,5,2,0.0,2,7,6,331,1,2,35,5,1.0,1,31,14,0.0,33,0.0,0.0
2,3,2.0,799,10,1,7,2,1,13,1,0.0,0.0,,8,2,0,0.0,3,3,1,2233,3,2,30,0,2.0,1,24,3,0.0,25,0.0,0.0
2,3,2.0,1,22,1,1,2,1,249,1,0.0,0.0,,10,2,7,0.0,2,1,1,813,1,2,15,0,1.0,1,24,3,0.0,28,0.0,0.0
1,3,2.0,536,1,1,6,1,1,506,1,0.0,0.0,,13,2,15,0.0,3,1,1,1831,1,2,35,0,2.0,1,31,3,0.0,33,0.0,0.0
1,3,2.0,100,12,1,7,2,1,155,1,0.0,0.0,,10,1,10,0.0,1,6,6,1654,3,2,35,5,2.0,1,15,14,0.0,19,0.0,0.0
2,3,2.0,17,17,1,7,2,5,348,1,0.0,0.0,,10,2,15,0.0,3,1,1,1654,3,2,30,0,2.0,1,24,3,0.0,33,0.0,0.0
2,3,2.0,500,8,1,7,2,1,555,1,0.0,0.0,,15,1,16,0.0,2,2,1,1134,3,2,30,0,2.0,1,16,14,0.0,6,0.0,0.0
2,3,1.0,891,11,0,6,2,1,501,1,0.0,0.0,,11,2,2,0.0,3,1,1,1654,5,2,0,4,1.0,1,24,3,0.0,25,0.0,0.0
2,0,2.0,1,19,0,6,2,1,327,1,0.0,1.0,,3,1,0,0.0,3,2,1,1654,3,4,30,0,1.0,1,24,13,0.0,18,0.0,1.0
2,3,2.0,4640,6,1,6,1,1,390,1,0.0,0.0,,10,2,5,0.0,2,4,1,215,3,2,30,0,2.0,1,18,3,0.0,33,0.0,0.0
2,3,2.0,3,8,1,6,2,1,600,1,0.0,0.0,,10,2,15,0.0,3,7,1,1653,3,2,25,0,2.0,1,10,3,0.0,22,0.0,0.0
1,3,2.0,3,6,1,6,2,1,501,1,0.0,0.0,,10,2,7,0.0,3,7,1,1654,3,2,25,0,3.0,1,31,3,0.0,19,0.0,0.0
2,0,2.0,6600,7,0,6,2,1,201,1,0.0,0.0,,13,1,10,0.0,2,4,1,312,3,2,35,0,2.0,1,24,0,0.0,12,0.0,0.0
2,3,2.0,100,13,1,7,2,1,155,1,0.0,0.0,,15,1,0,0.0,1,1,1,1654,3,2,30,0,2.0,1,7,14,0.0,6,0.0,0.0
1,3,2.0,804,20,1,6,1,5,501,1,0.0,0.0,,12,5,7,0.0,3,6,10,1654,1,2,15,4,1.0,1,31,15,0.0,33,0.0,0.0
2,3,2.0,6701,15,0,6,2,5,588,1,0.0,1.0,,8,5,10,0.0,2,3,1,322,3,4,30,0,1.0,1,24,15,0.0,33,0.0,1.0
1,3,2.0,524,12,1,6,2,1,501,1,0.0,0.0,,12,2,2,0.0,3,4,6,1654,3,2,15,5,2.0,1,31,3,0.0,33,0.0,0.0
0,3,2.0,1,11,1,6,2,1,512,1,0.0,0.0,,12,2,7,0.0,3,2,1,1654,5,2,10,0,1.0,1,31,3,0.0,33,0.0,0.0
1,3,1.0,3931,10,1,6,1,1,272,1,0.0,0.0,,0,2,2,0.0,3,2,6,1122,3,2,20,5,1.0,1,31,3,0.0,33,0.0,0.0
2,3,2.0,730,18,0,7,1,1,404,1,0.0,0.0,,10,1,0,0.0,2,6,1,1533,2,2,30,0,2.0,1,5,13,0.0,5,0.0,0.0
1,3,2.0,1,22,1,6,2,1,600,1,0.0,0.0,,11,2,15,0.0,3,3,1,1651,1,2,15,0,4.0,1,24,3,0.0,23,0.0,0.0
2,2,2.0,9744,8,1,7,2,1,373,1,0.0,0.0,,11,2,15,0.0,3,5,1,1654,3,2,35,0,3.0,1,24,5,0.0,23,0.0,0.0
1,3,2.0,1814,14,1,7,2,1,486,1,0.0,0.0,,10,2,7,0.0,3,6,1,1922,3,2,30,0,1.0,1,24,3,0.0,25,0.0,0.0
2,3,2.0,412,3,1,7,2,5,501,1,0.0,0.0,,12,1,10,0.0,3,4,1,1654,1,2,10,0,2.0,1,24,14,0.0,33,0.0,0.0
2,3,1.0,23,20,0,7,2,5,348,1,0.0,0.0,,10,2,2,0.0,3,6,6,1654,1,2,30,5,1.0,1,24,3,0.0,33,0.0,0.0
2,3,2.0,1,1,1,2,2,1,516,1,0.0,0.0,,12,2,7,0.0,3,5,4,1654,1,2,15,1,1.0,1,24,3,0.0,33,0.0,0.0
1,3,2.0,2599,18,0,1,2,5,178,1,0.0,1.0,,6,1,9,0.0,2,4,1,1034,1,3,30,5,2.0,1,24,14,0.0,18,1.0,0.0
0,3,2.0,8300,20,0,1,2,1,217,1,0.0,1.0,,8,2,9,0.0,2,5,2,424,1,4,30,0,1.0,1,31,3,0.0,33,0.0,1.0
2,3,3.0,524,4,0,1,2,1,501,1,0.0,0.0,,12,2,15,0.0,3,3,1,1654,1,2,25,0,3.0,1,21,3,0.0,12,0.0,0.0
2,3,3.0,2541,2,0,10,2,1,178,1,0.0,0.0,,3,2,10,0.0,2,5,1,1034,1,2,30,0,6.0,1,15,3,0.0,19,0.0,0.0
2,3,2.0,5900,20,0,1,2,1,631,1,0.0,0.0,,15,1,0,0.0,2,4,1,232,1,2,30,0,4.0,1,31,14,0.0,25,0.0,0.0
2,3,3.0,1,6,1,2,2,1,514,1,0.0,0.0,,12,2,7,0.0,3,5,1,1654,3,2,15,1,1.0,1,24,3,0.0,36,0.0,0.0
2,3,2.0,2804,8,1,3,2,5,380,1,0.0,0.0,,2,1,16,0.0,1,6,1,1412,3,2,30,0,2.0,1,31,14,0.0,33,0.0,0.0
1,2,2.0,2,16,0,1,2,1,600,1,0.0,2.0,,11,2,16,0.0,3,4,1,1652,3,4,5,0,1.0,1,31,3,0.0,24,0.0,2.0
1,3,2.0,1,19,1,7,2,1,515,1,0.0,0.0,,12,2,0,0.0,3,7,1,1654,3,2,20,0,4.0,1,31,3,0.0,33,0.0,0.0
0,3,2.0,524,8,1,7,2,1,501,1,0.0,0.0,,12,2,7,0.0,3,4,1,1654,3,2,15,0,1.0,1,24,3,0.0,21,0.0,0.0
1,3,2.0,5,10,1,7,2,1,600,1,0.0,0.0,,10,2,10,0.0,3,1,1,1655,3,2,25,0,2.0,1,16,3,0.0,19,0.0,0.0
2,3,2.0,10500,15,0,8,2,1,201,1,0.0,0.0,,3,2,15,0.0,2,4,1,432,3,2,55,2,4.0,1,24,3,0.0,33,0.0,0.0
1,5,2.0,13000,14,1,7,1,1,590,1,0.0,0.0,,8,2,10,0.0,2,2,1,434,3,2,30,0,6.0,1,31,3,0.0,33,0.0,0.0
2,3,2.0,499,22,0,8,2,5,432,1,0.0,2.0,,6,1,0,0.0,1,5,1,1834,1,1,30,0,1.0,1,31,14,2.0,33,0.0,0.0
2,3,2.0,500,3,1,7,2,1,97,1,0.0,0.0,,1,1,16,0.0,3,1,1,622,1,2,30,0,3.0,1,15,14,0.0,17,0.0,0.0
2,3,1.0,4025,12,1,7,2,1,8,1,0.0,0.0,,12,2,2,0.0,0,6,1,432,3,2,15,0,1.0,1,31,3,0.0,33,0.0,0.0
2,3,2.0,12809,6,0,7,2,1,355,1,0.0,1.0,,2,1,10,0.0,3,6,1,1654,3,3,45,0,1.0,1,24,14,0.0,33,1.0,0.0
2,3,2.0,761,8,1,8,1,1,156,1,0.0,0.0,,10,2,15,0.0,0,3,1,233,3,2,30,0,2.0,1,31,3,0.0,33,0.0,0.0
2,3,2.0,2,12,1,7,1,1,600,1,0.0,0.0,,10,2,7,0.0,3,2,1,1652,3,2,25,0,1.0,1,24,3,0.0,12,0.0,0.0
0,3,2.0,6259,20,1,8,1,5,394,1,0.0,0.0,,12,2,14,0.0,2,3,10,331,5,2,15,4,2.0,1,24,3,0.0,33,0.0,0.0
0,3,2.0,20,12,0,6,1,1,591,1,0.0,1.0,,10,2,15,0.0,1,5,1,1834,3,4,20,0,2.0,1,31,3,0.0,18,0.0,1.0
2,3,2.0,8300,1,0,7,2,1,201,1,0.0,0.0,,10,2,10,0.0,2,1,1,412,0,2,55,0,4.0,1,31,3,0.0,19,0.0,0.0
2,3,2.0,4500,11,1,7,2,1,442,1,0.0,0.0,,6,1,16,0.0,1,5,1,1654,3,2,45,0,2.0,1,10,14,0.0,22,0.0,0.0
2,3,2.0,5500,6,1,6,2,5,631,1,0.0,0.0,,8,1,15,0.0,2,5,1,225,3,2,30,0,3.0,1,24,14,0.0,33,0.0,0.0
2,3,2.0,558,0,1,7,1,1,506,1,0.0,0.0,,10,2,0,0.0,3,3,1,1831,3,2,35,0,2.0,1,16,16,0.0,18,0.0,0.0
1,3,2.0,1,6,1,12,1,1,600,1,0.0,0.0,,10,2,7,0.0,3,4,6,1651,1,2,20,5,1.0,1,31,3,0.0,18,0.0,0.0
2,3,2.0,1,17,1,1,2,1,515,1,0.0,0.0,,12,2,7,0.0,3,6,6,1654,1,2,5,5,1.0,1,31,3,0.0,12,0.0,0.0
1,3,2.0,722,18,1,1,2,1,501,1,0.0,0.0,,12,2,7,0.0,3,1,1,1654,1,2,10,0,1.0,1,31,3,0.0,33,0.0,0.0
2,3,2.0,3,13,1,2,1,1,600,1,0.0,0.0,,10,2,15,0.0,3,5,1,1653,3,2,25,5,2.0,1,24,3,0.0,23,0.0,0.0
1,3,2.0,1,13,1,2,1,1,600,1,0.0,0.0,,11,2,7,0.0,3,5,1,1651,3,2,20,0,1.0,1,24,3,0.0,23,0.0,0.0
0,3,2.0,4946,16,1,10,2,1,233,1,0.0,0.0,,10,2,7,0.0,3,6,6,1624,4,2,25,5,1.0,1,24,3,0.0,25,0.0,0.0
0,3,2.0,172,8,0,10,1,1,155,1,0.0,3.0,,10,2,10,0.0,1,1,1,1654,1,4,30,0,2.0,1,24,3,0.0,19,0.0,3.0
2,3,2.0,10020,8,1,1,2,1,143,1,0.0,0.0,,12,2,10,0.0,3,3,1,1654,3,2,25,0,2.0,1,10,3,0.0,26,0.0,0.0
1,3,2.0,17,15,1,2,1,1,131,1,0.0,0.0,,2,1,16,0.0,2,2,1,1224,3,2,30,0,2.0,1,24,14,0.0,23,0.0,0.0
2,3,2.0,521,23,1,2,2,1,501,1,0.0,0.0,,12,2,7,0.0,3,2,1,1654,1,2,10,0,1.0,1,24,3,0.0,25,0.0,0.0
2,3,3.0,5500,11,1,10,1,1,631,1,0.0,0.0,,10,1,10,0.0,2,3,1,225,3,2,30,0,3.0,1,17,13,0.0,26,0.0,0.0
2,3,2.0,98,12,1,7,1,5,32,1,0.0,0.0,,8,2,8,0.0,3,1,1,131,3,2,30,0,2.0,1,20,3,0.0,11,0.0,0.0
2,3,2.0,1,22,1,7,2,1,458,1,0.0,0.0,,11,2,10,0.0,2,4,1,813,1,2,15,0,2.0,1,31,3,0.0,18,0.0,0.0
2,3,2.0,2,11,1,7,2,1,600,1,0.0,0.0,,10,2,15,0.0,3,3,1,1652,3,2,25,0,2.0,1,10,3,0.0,18,0.0,0.0
1,3,2.0,5100,2,1,7,2,1,631,1,0.0,0.0,,6,5,10,0.0,2,5,1,225,0,2,30,0,3.0,1,31,14,0.0,33,0.0,0.0
0,3,2.0,2,20,1,8,2,5,600,1,0.0,0.0,,10,5,9,0.0,3,7,1,1652,1,2,25,0,2.0,1,31,3,0.0,33,0.0,0.0
1,3,2.0,515,19,1,7,2,5,501,1,0.0,0.0,,12,2,7,0.0,3,1,1,1654,4,2,25,0,1.0,1,24,3,0.0,33,0.0,0.0
1,5,2.0,5,13,1,7,2,1,600,1,0.0,0.0,,17,2,11,0.0,3,4,1,1655,3,2,20,0,2.0,1,24,3,0.0,21,0.0,0.0
1,3,2.0,6259,21,1,7,1,1,394,1,0.0,0.0,,12,2,7,0.0,2,1,1,331,0,2,15,0,1.0,1,15,3,0.0,12,0.0,0.0
2,3,2.0,517,12,1,8,2,1,501,1,0.0,0.0,,13,2,7,0.0,3,4,1,1654,3,2,20,0,1.0,1,24,3,0.0,21,0.0,0.0
2,3,2.0,2,9,1,7,2,1,600,1,0.0,0.0,,10,2,7,0.0,3,4,1,1652,3,2,20,0,2.0,1,10,3,0.0,22,0.0,0.0
1,3,2.0,100,8,1,8,2,1,155,1,0.0,0.0,,10,1,10,0.0,1,2,1,1654,3,2,35,0,2.0,1,31,14,0.0,19,0.0,0.0
2,0,2.0,700,15,1,7,2,1,501,1,0.0,0.0,,13,2,15,0.0,3,4,1,1654,3,2,25,0,2.0,1,24,3,0.0,23,0.0,0.0
2,3,2.0,582,5,1,7,2,1,501,1,0.0,0.0,,12,2,7,0.0,3,1,6,1654,2,2,20,5,1.0,1,10,3,0.0,22,0.0,0.0
2,3,2.0,6299,10,1,6,2,5,394,1,0.0,0.0,,3,1,10,0.0,2,7,6,331,3,2,30,5,4.0,1,24,14,0.0,33,0.0,0.0
2,3,2.0,3,12,1,7,2,1,600,1,0.0,0.0,,10,2,0,0.0,3,6,1,1653,3,2,30,0,3.0,1,31,3,0.0,33,0.0,0.0
2,3,2.0,1,16,1,7,1,1,600,1,0.0,0.0,,10,2,15,0.0,3,6,1,1651,3,2,25,0,2.0,1,31,3,0.0,33,0.0,0.0
2,3,2.0,5500,13,1,7,1,5,631,1,0.0,0.0,,6,3,0,0.0,2,6,1,225,3,2,30,0,2.0,1,31,14,0.0,33,0.0,0.0
2,3,1.0,5700,13,1,7,2,1,631,1,0.0,0.0,,2,2,2,0.0,2,6,1,232,3,2,25,0,1.0,1,10,3,0.0,3,0.0,0.0
1,2,2.0,12809,14,1,7,2,1,355,1,0.0,0.0,,3,1,10,0.0,3,5,1,1654,3,2,30,0,2.0,1,31,14,0.0,33,0.0,0.0
2,3,2.0,5,15,1,7,1,5,600,1,0.0,0.0,,10,1,10,0.0,3,2,1,1655,3,2,35,0,2.0,1,24,14,0.0,33,0.0,0.0
2,3,2.0,2,8,1,8,2,1,600,1,0.0,0.0,,10,2,10,0.0,3,2,1,1652,3,2,20,0,2.0,1,10,3,0.0,19,0.0,0.0
2,3,2.0,4630,17,1,6,2,1,598,1,0.0,0.0,,10,2,10,0.0,2,5,1,922,3,2,30,0,2.0,1,24,3,0.0,33,0.0,0.0
2,3,2.0,1,15,1,7,1,1,600,1,0.0,0.0,,10,2,15,0.0,3,5,1,1651,3,2,20,0,2.0,1,24,3,0.0,33,0.0,0.0
2,3,2.0,1,6,1,8,2,1,513,1,0.0,0.0,,12,2,11,0.0,3,3,1,1654,3,2,10,0,2.0,1,24,3,0.0,33,0.0,0.0
2,3,2.0,7099,15,1,8,1,1,125,1,0.0,0.0,,8,2,15,0.0,2,4,6,322,3,2,30,5,2.0,1,10,3,0.0,18,0.0,0.0
2,3,2.0,5500,12,1,7,1,1,631,1,0.0,0.0,,8,3,0,0.0,2,1,2,225,3,2,25,0,2.0,1,21,14,0.0,33,0.0,0.0
2,3,2.0,1,9,0,7,2,5,512,1,0.0,0.0,,12,2,16,0.0,3,5,1,1654,1,2,10,0,2.0,1,31,13,0.0,33,0.0,0.0
2,3,2.0,1,21,1,8,2,1,248,1,0.0,0.0,,10,2,7,0.0,2,6,1,813,1,2,15,0,2.0,1,24,3,0.0,33,0.0,0.0
2,3,2.0,13,21,1,7,1,5,131,1,0.0,0.0,,2,1,11,0.0,2,7,10,1224,1,2,35,4,2.0,1,24,14,0.0,21,0.0,0.0
2,3,3.0,9800,14,1,8,2,5,372,1,0.0,0.0,,3,2,10,0.0,3,1,1,1654,3,2,45,0,3.0,1,24,3,0.0,33,0.0,0.0
2,3,4.0,4331,21,0,7,2,1,442,1,1.0,6.0,,6,1,16,0.0,1,5,1,1654,1,0,40,0,0.0,1,24,14,1.0,6,2.0,2.0
2,3,2.0,6710,10,1,7,2,1,228,1,0.0,0.0,,10,2,10,0.0,2,2,1,331,3,2,25,0,2.0,1,24,3,0.0,33,0.0,0.0
2,3,2.0,1,22,1,7,2,1,512,1,0.0,0.0,,12,2,7,0.0,3,3,1,1654,1,2,10,0,1.0,1,24,3,0.0,33,0.0,0.0
2,3,1.0,3059,3,0,7,2,1,179,1,0.0,0.0,,8,2,6,0.0,2,1,1,1034,1,2,30,0,1.0,1,24,3,0.0,33,0.0,0.0
1,3,2.0,93,22,1,8,2,5,155,1,0.0,0.0,,3,1,15,0.0,1,3,1,1654,1,2,20,0,3.0,1,24,14,0.0,33,0.0,0.0
2,3,2.0,6299,16,0,7,2,1,647,1,0.0,2.0,,6,5,0,0.0,2,6,1,711,3,1,35,0,2.0,1,24,14,2.0,18,0.0,0.0
2,3,2.0,3,0,1,7,2,5,600,1,0.0,0.0,,10,2,15,0.0,3,7,1,1653,1,2,20,0,4.0,1,24,3,0.0,33,0.0,0.0
2,3,2.0,1,5,1,8,2,1,600,1,0.0,0.0,,10,2,15,0.0,3,5,2,1651,1,2,25,0,2.0,1,10,3,0.0,18,0.0,0.0
1,3,2.0,3,9,1,7,1,1,600,1,0.0,0.0,,11,2,15,0.0,3,2,1,1653,3,2,30,0,2.0,1,31,3,0.0,33,0.0,0.0
2,3,2.0,13000,17,1,8,1,1,166,1,0.0,0.0,,8,1,15,0.0,2,2,1,433,3,2,30,0,2.0,1,31,13,0.0,33,0.0,0.0
2,3,2.0,3,7,1,7,2,1,600,1,0.0,0.0,,10,2,7,0.0,3,7,1,1653,3,2,25,0,1.0,1,31,3,0.0,9,0.0,0.0
2,3,1.0,5500,21,1,6,1,3,631,1,0.0,0.0,,10,2,2,0.0,2,3,1,225,1,2,30,0,1.0,1,24,3,0.0,30,0.0,0.0
2,3,2.0,50,12,0,8,2,1,155,1,0.0,1.0,,8,1,16,0.0,1,3,1,1654,3,3,30,0,1.0,1,24,13,0.0,33,1.0,0.0
2,3,2.0,5500,0,0,7,2,5,631,1,0.0,1.0,,15,3,0,0.0,2,2,1,225,1,3,30,0,1.0,1,6,14,0.0,18,1.0,0.0
2,3,2.0,13000,14,0,7,2,1,590,1,0.0,0.0,,8,2,14,0.0,2,6,1,434,3,2,30,0,2.0,1,24,3,0.0,17,0.0,0.0
1,3,2.0,3908,6,1,8,2,1,536,1,0.0,0.0,,8,2,16,0.0,2,2,1,925,3,2,30,0,2.0,1,24,3,0.0,33,0.0,0.0
1,3,2.0,516,20,1,7,2,5,501,1,0.0,0.0,,11,2,7,0.0,3,3,1,1654,1,2,30,4,1.0,1,31,3,0.0,33,0.0,0.0
2,3,2.0,1,11,1,7,1,1,600,1,0.0,0.0,,10,2,10,0.0,3,4,1,1651,3,2,25,0,2.0,1,24,3,0.0,33,0.0,0.0
1,3,2.0,500,14,1,8,1,1,97,1,0.0,0.0,,8,1,10,0.0,3,4,1,622,3,2,30,0,4.0,1,24,14,0.0,25,0.0,0.0
2,3,2.0,153,18,0,12,2,1,155,1,0.0,1.0,,3,1,10,0.0,1,2,1,1654,1,4,30,0,1.0,1,24,14,0.0,19,0.0,1.0
2,3,2.0,2,7,1,10,2,1,600,1,0.0,0.0,,10,2,15,0.0,3,2,1,1652,3,2,30,0,2.0,1,16,3,0.0,19,0.0,0.0
0,3,2.0,8801,13,1,7,2,1,200,1,0.0,0.0,,11,4,10,0.0,2,3,1,423,3,2,15,0,2.0,1,24,5,0.0,19,0.0,0.0
1,3,2.0,524,9,1,7,2,1,501,1,0.0,0.0,,3,1,16,0.0,3,2,1,1654,3,2,30,0,2.0,1,21,14,0.0,24,0.0,0.0
1,3,1.0,1,7,1,8,1,1,512,1,0.0,0.0,,12,2,2,0.0,3,3,1,1654,3,2,15,0,1.0,1,33,3,0.0,21,0.0,0.0
2,3,2.0,2144,16,1,8,2,5,341,1,0.0,0.0,,8,2,16,0.0,2,3,1,1234,3,2,20,0,2.0,1,24,3,0.0,33,0.0,0.0
2,3,2.0,5500,13,1,9,1,1,631,1,0.0,0.0,,10,1,15,0.0,2,2,1,225,3,2,30,0,2.0,1,24,14,0.0,33,0.0,0.0
2,3,2.0,521,13,1,9,1,1,501,1,0.0,0.0,,2,1,10,0.0,3,6,1,1654,3,2,30,0,3.0,1,24,14,0.0,19,0.0,0.0
1,3,2.0,10909,4,1,8,2,1,331,1,0.0,0.0,,2,2,16,0.0,3,2,6,1654,1,2,30,5,2.0,1,16,3,0.0,23,0.0,0.0
2,2,2.0,8701,6,1,8,2,1,200,1,0.0,0.0,,3,1,11,0.0,2,1,2,412,3,2,35,0,8.0,1,3,6,0.0,21,0.0,0.0
2,3,2.0,7948,8,1,9,2,1,259,1,0.0,0.0,,10,2,11,0.0,2,2,6,624,3,2,25,5,2.0,1,24,3,0.0,36,0.0,0.0
2,3,2.0,7130,18,1,8,1,1,590,1,0.0,0.0,,3,2,15,0.0,2,5,1,324,3,2,30,0,4.0,1,15,3,0.0,26,0.0,0.0
1,3,2.0,172,13,1,8,1,1,155,1,0.0,0.0,,6,1,0,0.0,1,6,1,1654,3,2,15,0,2.0,1,16,14,0.0,18,0.0,0.0
1,3,2.0,10001,7,1,8,1,5,613,1,0.0,0.0,,8,5,10,0.0,2,3,10,2232,5,2,30,4,2.0,1,24,14,0.0,33,0.0,0.0
2,3,2.0,617,23,0,2,2,1,501,1,0.0,2.0,,8,2,16,0.0,3,6,1,1654,1,3,30,0,1.0,1,24,3,0.0,18,1.0,1.0
2,3,2.0,2,10,1,3,2,1,600,1,0.0,0.0,,10,2,15,0.0,3,1,1,1652,3,2,25,0,2.0,1,10,3,0.0,18,0.0,0.0
2,3,2.0,6701,15,1,3,2,1,245,1,0.0,0.0,,10,2,10,0.0,3,7,1,2512,3,2,30,0,5.0,1,24,3,0.0,19,0.0,0.0
2,3,1.0,6564,18,0,3,2,1,304,1,0.0,0.0,,8,2,5,0.0,3,1,1,2512,3,2,30,0,2.0,1,24,3,0.0,12,0.0,0.0
0,3,2.0,539,12,1,2,2,5,501,1,0.0,0.0,,11,2,2,0.0,3,6,1,1654,3,2,15,0,5.0,1,24,3,0.0,33,0.0,0.0
2,2,2.0,1,3,1,2,2,1,461,1,0.0,0.0,,10,2,3,0.0,2,7,1,813,1,2,15,0,2.0,1,31,3,0.0,11,0.0,0.0
2,3,2.0,5500,18,1,9,1,1,631,1,0.0,0.0,,10,1,16,0.0,2,4,1,225,1,2,20,0,2.0,1,24,14,0.0,18,0.0,0.0
2,3,2.0,265,19,1,8,1,5,374,1,0.0,0.0,,8,2,3,0.0,1,5,10,1113,5,2,20,4,4.0,1,31,3,0.0,26,0.0,0.0
1,3,2.0,1438,14,1,6,2,5,74,1,0.0,0.0,,11,2,2,0.0,3,2,1,713,5,2,30,0,1.0,1,24,5,0.0,25,0.0,0.0
2,3,2.0,5700,16,1,8,1,1,631,1,0.0,0.0,,10,2,10,0.0,2,6,1,232,3,2,30,0,2.0,1,17,3,0.0,19,0.0,0.0
2,3,1.0,8800,16,1,7,1,5,201,1,0.0,0.0,,3,5,2,0.0,2,4,1,412,3,2,50,0,1.0,1,24,15,0.0,25,0.0,0.0
2,3,2.0,1,14,1,8,2,1,600,1,0.0,0.0,,10,2,10,0.0,3,1,1,1651,3,2,15,0,3.0,1,24,3,0.0,33,0.0,0.0
2,3,2.0,3,15,1,7,2,5,600,1,0.0,0.0,,10,2,15,0.0,3,4,6,1653,3,2,22,5,2.0,1,24,3,0.0,19,0.0,0.0
2,3,2.0,8801,14,1,8,2,1,200,1,0.0,0.0,,3,1,15,0.0,2,6,1,423,3,2,55,0,2.0,1,24,5,0.0,23,0.0,0.0
2,2,1.0,1,4,1,8,2,1,461,1,0.0,0.0,,13,2,2,0.0,2,2,1,813,1,2,15,0,1.0,1,31,3,0.0,21,0.0,0.0
0,2,2.0,412,12,1,9,2,1,501,1,0.0,0.0,,11,2,7,0.0,3,1,1,1654,3,2,20,0,2.0,1,24,3,0.0,22,0.0,0.0
2,3,2.0,2,8,1,8,2,1,600,1,0.0,0.0,,10,2,14,0.0,3,2,6,1652,3,2,25,5,2.0,1,34,3,0.0,26,0.0,0.0
2,3,2.0,137,21,1,9,1,1,155,1,0.0,0.0,,6,0,16,0.0,1,6,1,1654,1,2,25,0,2.0,1,24,14,0.0,24,0.0,0.0
2,3,2.0,1,16,1,8,2,1,600,1,0.0,0.0,,10,2,15,0.0,3,6,1,1651,3,2,25,0,2.0,1,31,3,0.0,33,0.0,0.0
2,5,2.0,3,6,1,7,2,1,600,1,0.0,0.0,,10,2,15,0.0,3,6,1,1653,3,2,30,0,3.0,1,31,3,0.0,33,0.0,0.0
2,3,1.0,0,0,1,9,2,5,610,1,0.0,0.0,,11,5,5,0.0,1,5,1,6100,1,2,30,0,1.0,1,24,15,0.0,33,0.0,0.0
2,3,2.0,3099,22,0,8,2,1,179,1,0.0,0.0,,8,2,4,0.0,2,4,1,1034,1,2,30,0,2.0,1,20,3,0.0,23,0.0,0.0
2,3,2.0,2,19,1,9,2,1,600,1,0.0,0.0,,10,2,15,0.0,3,1,6,1652,1,2,25,5,2.0,1,31,3,0.0,12,0.0,0.0
1,3,2.0,851,13,1,7,1,5,135,1,0.0,0.0,,6,5,10,0.0,2,6,1,1513,3,2,30,0,2.0,1,31,14,0.0,19,0.0,0.0
0,3,2.0,5,19,0,8,2,1,600,1,0.0,1.0,,10,2,9,0.0,3,2,1,1655,4,3,25,0,1.0,1,31,3,0.0,12,1.0,0.0
2,4,2.0,859,9,0,8,2,1,135,1,0.0,0.0,,8,1,0,0.0,2,6,1,1513,3,2,30,0,2.0,1,24,13,0.0,18,0.0,0.0
2,3,2.0,1,21,1,9,2,1,516,1,0.0,0.0,,3,1,10,0.0,3,7,1,1654,1,2,20,0,2.0,1,24,13,0.0,19,0.0,0.0
2,3,2.0,895,10,1,8,2,1,501,1,0.0,0.0,,12,2,7,0.0,3,4,1,1654,3,2,10,0,1.0,1,31,3,0.0,33,0.0,0.0
2,3,2.0,143,8,0,8,2,1,155,1,0.0,0.0,,6,1,15,0.0,1,1,1,1654,3,2,30,0,5.0,1,10,14,0.0,22,0.0,0.0
2,3,2.0,6258,13,1,8,1,5,394,1,0.0,0.0,,2,2,15,0.0,2,2,1,331,3,2,30,0,2.0,1,31,3,0.0,33,0.0,0.0
0,3,2.0,400,21,0,9,1,1,511,1,0.0,1.0,,8,2,9,0.0,1,4,1,1834,0,1,30,0,1.0,1,24,3,1.0,33,0.0,0.0
1,3,2.0,5101,17,1,7,1,1,444,1,0.0,0.0,,8,2,16,0.0,1,7,1,2024,3,2,30,0,2.0,1,31,3,0.0,18,0.0,0.0
1,3,2.0,3,21,1,8,2,1,600,1,0.0,0.0,,10,2,0,0.0,3,7,1,1653,1,2,15,0,2.0,1,24,3,0.0,18,0.0,0.0
2,3,2.0,4930,9,1,8,2,1,525,1,0.0,0.0,,8,2,15,0.0,2,4,1,933,3,2,30,0,2.0,1,24,3,0.0,33,0.0,0.0
2,3,2.0,7130,15,0,7,2,5,590,1,0.0,2.0,,6,2,16,0.0,2,7,1,324,3,3,30,0,0.0,1,22,3,0.0,24,2.0,0.0
2,3,2.0,5,13,1,9,1,1,600,1,0.0,0.0,,12,2,16,0.0,3,2,2,1655,3,2,20,0,2.0,1,24,3,0.0,23,0.0,0.0
2,3,2.0,3,18,1,9,2,5,600,1,0.0,0.0,,10,2,15,0.0,3,1,6,1653,3,2,25,5,2.0,1,24,3,0.0,33,0.0,0.0
2,3,2.0,6299,22,1,8,1,5,536,1,0.0,0.0,,8,5,15,0.0,2,1,1,711,1,2,30,4,2.0,1,24,15,0.0,23,0.0,0.0
2,3,2.0,3,10,1,8,2,1,600,1,0.0,0.0,,10,2,15,0.0,3,1,1,1653,3,2,10,0,2.0,1,24,3,0.0,33,0.0,0.0
2,3,2.0,1,10,1,8,2,1,600,1,0.0,0.0,,10,2,7,0.0,3,2,1,1651,3,2,10,0,1.0,1,31,3,0.0,33,0.0,0.0
2,3,1.0,6539,4,0,8,2,1,200,1,0.0,0.0,,13,2,2,0.0,2,1,1,312,0,2,45,0,1.0,1,10,3,0.0,12,0.0,0.0
1,3,2.0,1,22,1,7,2,1,600,1,0.0,0.0,,11,2,15,0.0,3,4,1,1651,1,2,15,0,2.0,1,24,3,0.0,22,0.0,0.0
2,3,2.0,830,11,0,8,2,1,501,1,0.0,1.0,,8,2,15,0.0,3,1,1,1654,3,4,30,0,1.0,1,31,3,0.0,33,0.0,1.0
2,3,2.0,5,15,1,8,2,1,600,1,0.0,0.0,,10,2,15,0.0,3,2,1,1655,3,2,25,0,3.0,1,31,3,0.0,22,0.0,0.0
2,3,2.0,524,11,1,8,2,1,501,1,0.0,0.0,,2,1,16,0.0,3,1,1,1654,3,2,30,0,2.0,1,24,14,0.0,24,0.0,0.0
2,0,2.0,6701,8,0,8,2,1,200,1,0.0,1.0,,3,1,15,0.0,2,2,6,322,3,4,45,5,2.0,1,10,5,0.0,17,0.0,1.0
1,3,2.0,859,22,1,8,1,1,135,1,0.0,0.0,,8,1,16,0.0,2,6,1,1513,1,2,30,0,3.0,1,31,14,0.0,33,0.0,0.0
1,3,2.0,1,17,1,9,2,1,600,1,0.0,0.0,,10,2,15,0.0,3,7,1,1651,3,2,20,0,2.0,1,20,3,0.0,22,0.0,0.0
2,3,2.0,12600,19,1,7,2,1,355,1,0.0,0.0,,6,1,10,0.0,3,6,1,1654,4,2,45,0,2.0,1,24,14,0.0,19,0.0,0.0
1,3,2.0,1,9,1,8,2,1,600,1,0.0,0.0,,10,2,15,0.0,3,4,1,1651,3,2,20,0,2.0,1,31,3,0.0,33,0.0,0.0
2,3,1.0,583,7,0,8,2,1,501,1,0.0,1.0,,12,2,2,0.0,3,4,1,1654,3,1,20,0,0.0,1,24,3,1.0,27,0.0,0.0
2,3,2.0,710,9,1,8,2,1,501,1,0.0,0.0,,6,1,10,0.0,3,7,1,1654,3,2,45,0,2.0,1,10,14,0.0,19,0.0,0.0
1,3,2.0,2651,6,1,9,1,1,178,1,0.0,0.0,,8,2,10,0.0,2,4,1,1034,3,2,30,0,2.0,1,31,3,0.0,19,0.0,0.0
2,3,2.0,2518,1,1,8,1,1,83,1,0.0,0.0,,10,2,7,0.0,0,3,1,334,1,2,0,0,1.0,1,24,3,0.0,33,0.0,0.0
1,3,2.0,6299,14,1,8,1,1,394,1,0.0,0.0,,3,2,15,0.0,2,6,1,331,3,2,45,0,2.0,1,21,3,0.0,22,0.0,0.0
2,3,2.0,804,9,1,8,2,1,501,1,0.0,0.0,,12,2,7,0.0,3,2,1,1654,3,2,20,0,1.0,1,31,3,0.0,33,0.0,0.0
2,3,2.0,825,10,0,8,2,1,501,1,0.0,0.0,,12,2,11,0.0,3,4,1,1651,3,2,15,0,2.0,1,31,3,0.0,21,0.0,0.0
1,3,2.0,1,12,1,8,2,1,515,1,0.0,0.0,,12,2,7,0.0,3,3,1,1654,3,2,20,0,2.0,1,10,3,0.0,19,0.0,0.0
2,3,2.0,13000,7,1,9,1,5,166,1,0.0,0.0,,8,5,10,0.0,2,5,1,433,3,2,30,4,4.0,1,31,14,0.0,33,0.0,0.0
2,3,2.0,535,6,1,9,2,1,102,1,0.0,0.0,,10,2,7,0.0,3,2,1,2223,1,2,20,0,1.0,1,31,3,0.0,17,0.0,0.0
2,3,2.0,1,9,1,8,1,1,600,1,0.0,0.0,,10,2,15,0.0,3,6,1,1651,3,2,25,0,2.0,1,10,3,0.0,18,0.0,0.0
2,2,2.0,1,7,1,8,1,1,600,1,0.0,0.0,,10,2,15,0.0,3,3,1,1651,3,2,20,0,2.0,1,24,3,0.0,23,0.0,0.0
2,3,2.0,9700,12,1,8,2,1,372,1,0.0,0.0,,10,2,10,0.0,3,2,1,1654,3,2,55,0,5.0,1,31,3,0.0,33,0.0,0.0
1,3,2.0,3514,9,1,8,2,1,319,1,0.0,0.0,,8,2,10,0.0,1,4,1,1631,3,2,30,0,2.0,1,24,3,0.0,19,0.0,0.0
2,3,2.0,1,22,1,8,2,1,512,1,0.0,0.0,,12,2,7,0.0,3,6,1,1654,1,2,15,0,1.0,1,31,3,0.0,21,0.0,0.0
1,3,2.0,5500,8,1,9,1,5,631,1,0.0,0.0,,15,1,10,0.0,2,4,1,225,3,2,30,0,2.0,1,17,14,0.0,19,0.0,0.0
2,3,2.0,1,6,1,10,2,1,600,1,0.0,0.0,,10,2,10,0.0,3,7,1,1651,2,2,20,0,2.0,1,10,3,0.0,19,0.0,0.0
2,3,2.0,1201,16,1,9,2,5,388,1,0.0,0.0,,6,5,0,0.0,2,2,1,1011,3,2,30,4,2.0,1,24,14,0.0,25,0.0,0.0
1,3,2.0,412,17,1,9,2,1,501,1,0.0,0.0,,17,2,7,0.0,3,3,1,1654,3,2,25,0,1.0,1,24,3,0.0,23,0.0,0.0
2,3,2.0,1,21,1,12,2,1,600,1,0.0,0.0,,11,2,15,0.0,3,5,1,1651,1,2,15,0,3.0,1,16,3,0.0,23,0.0,0.0
2,3,2.0,5500,11,0,8,2,1,631,1,0.0,2.0,,6,1,0,0.0,2,3,1,225,3,3,30,0,1.0,1,31,14,0.0,6,2.0,0.0
1,3,2.0,3,23,1,8,2,1,600,1,0.0,0.0,,11,2,15,0.0,3,1,1,1653,1,2,20,0,2.0,1,31,3,0.0,33,0.0,0.0
2,3,2.0,895,18,1,9,2,1,501,1,0.0,0.0,,12,2,7,0.0,3,3,1,1654,3,2,15,0,1.0,1,31,3,0.0,21,0.0,0.0
0,0,2.0,6500,13,0,8,2,1,201,1,0.0,1.0,,13,2,15,0.0,2,4,1,722,3,3,45,0,1.0,1,24,3,0.0,22,1.0,0.0
2,4,1.0,119,17,1,9,2,1,207,1,0.0,0.0,,13,2,2,0.0,1,2,1,111,3,2,10,0,1.0,1,24,3,0.0,25,0.0,0.0
2,3,2.0,1,6,1,9,2,1,600,1,0.0,0.0,,11,2,15,0.0,3,5,1,1651,3,2,15,0,2.0,1,24,3,0.0,33,0.0,0.0
0,3,2.0,1,11,1,9,1,1,600,1,0.0,0.0,,11,2,15,0.0,3,5,1,1651,3,2,30,0,2.0,1,24,3,0.0,33,0.0,0.0
2,3,2.0,77,18,0,9,2,5,434,1,0.0,1.0,,10,5,0,0.0,3,3,1,111,0,3,30,0,1.0,1,20,15,0.0,22,1.0,0.0
2,3,2.0,173,17,0,8,2,1,155,1,0.0,1.0,,11,2,15,0.0,1,3,1,1654,3,1,20,0,3.0,0,20,3,1.0,18,0.0,0.0
2,3,2.0,1,13,1,9,2,1,516,1,0.0,0.0,,12,2,16,0.0,3,5,1,1654,3,2,15,0,2.0,1,10,3,0.0,18,0.0,0.0
2,3,2.0,3,14,1,9,2,1,600,1,0.0,0.0,,10,2,15,0.0,3,4,1,1653,3,2,20,0,2.0,1,31,3,0.0,33,0.0,0.0
1,3,2.0,2,8,1,8,2,1,600,1,0.0,0.0,,11,2,15,0.0,3,5,6,1652,3,2,20,5,4.0,1,31,3,0.0,33,0.0,0.0
2,2,2.0,6601,12,0,10,2,1,200,1,0.0,1.0,,3,2,15,0.0,2,4,6,312,3,3,45,5,1.0,1,31,3,0.0,33,1.0,0.0
2,3,2.0,6231,5,0,8,2,6,647,1,0.0,0.0,,11,2,10,0.0,2,1,1,711,2,2,30,0,2.0,1,17,3,0.0,17,0.0,0.0
1,3,2.0,895,15,1,9,2,1,501,1,0.0,0.0,,12,2,7,0.0,3,2,1,1654,3,2,10,0,1.0,1,31,3,0.0,33,0.0,0.0
2,3,2.0,3340,11,1,2,2,1,219,1,0.0,0.0,,10,2,7,0.0,3,3,1,1134,3,2,30,0,1.0,1,24,3,0.0,33,0.0,0.0
2,3,2.0,5500,1,0,11,2,1,631,1,0.0,1.0,,10,1,0,0.0,2,1,6,225,1,4,30,5,5.0,1,24,14,0.0,6,0.0,1.0
2,3,2.0,10100,14,1,2,1,1,143,1,0.0,0.0,,12,2,0,0.0,3,5,1,1654,3,2,15,0,2.0,1,31,3,0.0,33,0.0,0.0
1,3,3.0,1,5,1,2,2,1,516,1,0.0,0.0,,12,2,7,0.0,3,2,1,1654,5,2,10,0,1.0,1,24,3,0.0,33,0.0,0.0
2,3,2.0,5500,13,1,2,1,5,631,1,0.0,0.0,,17,5,10,0.0,2,3,1,225,3,2,30,0,2.0,1,31,15,0.0,33,0.0,0.0
2,3,2.0,500,2,0,8,2,1,555,1,0.0,0.0,,6,1,16,0.0,2,7,1,1134,1,2,30,0,4.0,1,24,14,0.0,33,0.0,0.0
2,3,2.0,5900,17,1,8,1,1,631,1,0.0,0.0,,8,1,16,0.0,2,3,1,232,3,2,30,0,2.0,1,21,14,0.0,23,0.0,0.0
2,3,2.0,524,15,1,9,2,1,501,1,0.0,0.0,,6,1,10,0.0,3,2,1,1654,3,2,35,0,2.0,1,24,14,0.0,19,0.0,0.0
2,3,2.0,2,10,1,9,2,1,600,1,0.0,0.0,,11,2,15,0.0,3,6,1,1652,3,2,25,0,3.0,1,24,3,0.0,18,0.0,0.0
2,3,2.0,5500,14,0,9,1,1,631,1,0.0,1.0,,3,2,9,0.0,2,7,1,225,3,4,25,0,1.0,1,24,3,0.0,33,0.0,1.0
1,3,2.0,1,15,1,10,2,1,155,1,0.0,0.0,,6,1,16,0.0,1,7,1,1654,3,2,20,0,2.0,1,16,14,0.0,32,0.0,0.0
1,3,2.0,1,9,1,9,2,1,515,1,0.0,0.0,,12,2,7,0.0,3,7,1,1654,3,2,10,0,1.0,1,24,3,0.0,18,0.0,0.0
2,3,2.0,5502,16,1,9,2,1,319,1,0.0,0.0,,6,5,15,0.0,1,6,1,1613,3,2,30,0,2.0,1,31,14,0.0,22,0.0,0.0
1,3,2.0,1,5,1,8,2,1,600,1,0.0,0.0,,11,2,15,0.0,3,2,1,1651,3,2,30,0,3.0,1,24,3,0.0,25,0.0,0.0
2,3,2.0,6299,13,1,8,1,1,394,1,0.0,0.0,,2,1,15,0.0,2,3,1,331,3,2,30,0,2.0,1,24,14,0.0,23,0.0,0.0
2,3,5.0,6299,18,1,9,2,1,394,1,0.0,0.0,,3,1,10,0.0,2,4,1,331,3,2,30,0,5.0,1,24,14,0.0,33,0.0,0.0
2,3,2.0,240,20,0,8,2,1,430,0,0.0,0.0,,10,1,10,0.0,0,4,1,1834,1,2,30,0,6.0,1,2,3,0.0,27,0.0,0.0
0,3,2.0,2,18,1,9,2,5,600,1,0.0,0.0,,10,2,15,0.0,3,2,1,1652,1,2,10,0,2.0,1,24,3,0.0,33,0.0,0.0
1,3,2.0,516,11,1,9,2,1,501,1,0.0,0.0,,12,2,16,0.0,3,6,1,1654,3,2,10,0,2.0,1,24,3,0.0,33,0.0,0.0
2,3,2.0,1,7,1,9,2,1,600,1,0.0,0.0,,10,2,15,0.0,3,4,1,1651,3,2,25,0,2.0,1,27,3,0.0,18,0.0,0.0
2,3,1.0,6398,19,0,8,2,1,65,1,0.0,1.0,,10,2,2,0.0,3,6,1,811,3,4,30,0,0.0,1,31,3,0.0,33,0.0,1.0
2,3,2.0,151,9,0,9,2,1,155,1,0.0,1.0,,15,1,16,0.0,1,4,1,1654,3,3,30,0,1.0,1,31,13,0.0,18,1.0,0.0
2,3,2.0,11,10,1,10,2,1,155,1,0.0,0.0,,6,1,0,0.0,1,7,1,1654,3,2,30,0,2.0,1,24,14,0.0,3,0.0,0.0
1,3,2.0,5100,22,0,9,2,1,631,1,0.0,2.0,,16,5,16,0.0,2,6,1,225,1,4,30,0,0.0,1,31,14,0.0,33,0.0,2.0
0,3,1.0,1,13,1,9,2,1,600,1,0.0,0.0,,11,4,2,0.0,3,1,6,1651,3,2,20,0,1.0,1,24,5,0.0,12,0.0,0.0
1,3,2.0,8800,14,1,10,1,5,201,1,0.0,0.0,,3,2,15,0.0,2,4,1,412,3,2,45,5,2.0,1,31,3,0.0,23,0.0,0.0
2,3,2.0,501,0,0,10,2,5,555,1,0.0,0.0,,6,1,0,0.0,2,7,1,1135,1,2,30,0,1.0,1,31,14,0.0,18,0.0,0.0
2,3,2.0,8300,8,1,10,1,1,217,1,0.0,0.0,,10,2,15,0.0,2,2,1,424,3,2,20,0,2.0,1,24,3,0.0,23,0.0,0.0
2,3,1.0,10500,14,0,9,2,1,201,1,0.0,0.0,,3,2,2,0.0,2,1,6,432,3,2,45,5,1.0,1,34,3,0.0,12,0.0,0.0
2,3,2.0,5,14,1,9,1,1,600,1,0.0,0.0,,11,4,15,0.0,3,7,2,1655,3,2,20,0,2.0,1,24,5,0.0,25,0.0,0.0
2,3,2.0,3345,12,1,8,2,1,612,1,0.0,0.0,,8,2,11,0.0,2,7,1,211,3,2,30,0,2.0,1,15,3,0.0,21,0.0,0.0
1,3,2.0,93,20,1,9,2,5,155,1,0.0,0.0,,1,1,16,0.0,1,5,1,1654,1,2,30,0,2.0,1,16,14,0.0,24,0.0,0.0
2,3,2.0,173,9,1,9,2,1,155,1,0.0,0.0,,12,2,16,0.0,1,6,1,1654,3,2,15,0,2.0,1,17,3,0.0,18,0.0,0.0
2,3,2.0,8900,10,1,3,2,1,201,1,0.0,0.0,,3,1,15,0.0,2,1,1,423,3,2,35,0,2.0,1,31,5,0.0,22,0.0,0.0
2,3,2.0,5,6,1,3,2,1,600,1,0.0,0.0,,10,2,15,0.0,3,7,2,1655,2,2,25,0,2.0,1,10,3,0.0,18,0.0,0.0
2,3,2.0,6258,8,1,11,2,1,394,1,0.0,0.0,,3,1,10,0.0,2,6,9,331,3,2,30,3,2.0,1,24,14,0.0,36,0.0,0.0
1,3,2.0,10000,12,1,3,1,1,143,1,0.0,0.0,,8,2,10,0.0,3,3,1,1654,2,2,30,4,3.0,1,31,3,0.0,33,0.0,0.0
2,3,2.0,1,18,1,2,2,1,600,1,0.0,0.0,,11,2,7,0.0,3,5,1,1651,3,2,30,0,1.0,1,24,3,0.0,22,0.0,0.0
2,3,2.0,1,6,1,2,2,1,600,1,0.0,0.0,,10,2,15,0.0,3,2,1,1651,2,2,30,5,2.0,1,24,3,0.0,18,0.0,0.0
1,3,2.0,524,15,1,3,1,1,501,1,0.0,0.0,,12,2,7,0.0,3,5,1,1654,3,2,10,0,1.0,1,31,3,0.0,33,0.0,0.0
2,3,2.0,4051,8,1,3,1,1,319,1,0.0,0.0,,2,1,10,0.0,1,7,1,1632,3,2,30,0,5.0,1,31,14,0.0,19,0.0,0.0
1,3,2.0,3,6,0,2,2,1,600,1,0.0,1.0,,11,2,9,0.0,3,3,1,1653,3,3,30,0,1.0,1,31,3,0.0,33,1.0,0.0
2,3,2.0,342,12,1,9,1,5,429,1,0.0,0.0,,8,1,16,0.0,1,6,1,114,3,2,30,0,2.0,1,24,14,0.0,22,0.0,0.0
2,3,2.0,700,17,1,9,1,1,292,1,0.0,0.0,,8,2,15,0.0,3,4,1,2023,3,2,30,0,3.0,1,24,3,0.0,17,0.0,0.0
1,3,2.0,6250,17,1,8,1,1,631,1,0.0,0.0,,10,2,15,0.0,2,5,1,311,3,2,30,0,2.0,1,24,3,0.0,33,0.0,0.0
0,3,1.0,125,8,1,9,2,1,155,1,0.0,0.0,,11,5,5,0.0,1,7,1,1654,3,2,20,0,1.0,1,24,5,0.0,33,0.0,0.0
1,3,2.0,5400,16,1,9,1,1,631,1,0.0,0.0,,10,2,15,0.0,2,3,1,225,3,2,30,0,2.0,1,24,3,0.0,33,0.0,0.0
2,3,2.0,580,20,1,9,2,1,501,1,0.0,0.0,,12,2,7,0.0,3,1,1,1654,0,2,25,5,1.0,1,24,3,0.0,33,0.0,0.0
2,3,2.0,524,14,1,10,2,1,501,1,0.0,0.0,,15,1,10,0.0,3,5,1,1654,3,2,25,0,2.0,1,31,14,0.0,19,0.0,0.0
1,3,2.0,160,9,1,9,1,1,155,1,0.0,0.0,,3,2,10,0.0,1,3,1,1654,3,2,30,5,2.0,1,15,3,0.0,19,0.0,0.0
2,3,1.0,6299,19,0,9,2,3,394,1,0.0,1.0,CONSTRUCTION,3,2,2,0.0,2,2,1,331,1,3,40,0,0.0,1,24,7,0.0,29,1.0,0.0
2,3,2.0,524,11,0,9,2,1,501,1,0.0,1.0,,12,2,9,0.0,3,1,1,1654,3,3,15,0,1.0,1,19,3,0.0,18,1.0,0.0
1,3,2.0,2600,13,1,11,1,5,178,1,0.0,0.0,,12,2,7,0.0,2,2,1,1033,3,2,35,0,1.0,1,21,3,0.0,23,0.0,0.0
2,3,2.0,2556,5,1,4,1,1,178,1,0.0,0.0,,11,1,15,0.0,2,7,1,1033,2,2,30,0,2.0,1,31,14,0.0,22,0.0,0.0
2,3,1.0,11216,2,0,12,2,1,140,1,0.0,0.0,,8,2,2,0.0,2,1,1,433,1,2,30,0,1.0,1,31,3,0.0,33,0.0,0.0
2,3,1.0,4600,9,1,2,2,1,227,1,0.0,0.0,,11,2,2,0.0,2,6,1,221,3,2,30,0,1.0,1,31,3,0.0,33,0.0,0.0
1,3,2.0,615,2,1,10,2,1,178,1,0.0,0.0,,2,2,15,0.0,2,2,1,1135,1,2,35,0,2.0,1,10,3,0.0,18,0.0,0.0
2,3,2.0,1240,16,1,9,1,1,247,1,0.0,0.0,,8,2,15,0.0,3,5,1,1433,3,2,30,0,2.0,1,31,3,0.0,33,0.0,0.0
2,3,2.0,9253,14,1,3,1,5,267,1,0.0,0.0,,8,2,7,0.0,2,2,1,2222,3,2,20,0,1.0,1,31,3,0.0,33,0.0,0.0
1,3,2.0,6350,6,1,1,1,1,131,1,0.0,0.0,,2,2,0,0.0,2,5,1,725,1,2,30,0,2.0,1,24,3,0.0,12,0.0,0.0
1,3,2.0,2801,11,1,1,1,1,296,1,0.0,0.0,,11,2,7,0.0,3,3,1,1414,3,2,5,0,1.0,1,31,3,0.0,33,0.0,0.0
2,3,2.0,4140,15,1,10,2,5,291,1,0.0,0.0,,8,2,15,0.0,3,2,1,1712,3,2,30,0,3.0,1,24,3,0.0,22,0.0,0.0
2,3,2.0,97,22,1,1,1,1,434,1,0.0,0.0,,6,1,15,0.0,0,4,1,111,3,2,30,0,2.0,1,24,14,0.0,22,0.0,0.0
2,3,3.0,4404,14,0,8,2,1,580,1,0.0,0.0,,10,2,7,0.0,1,1,1,1724,3,2,20,0,1.0,1,31,3,0.0,33,0.0,0.0
1,3,2.0,2932,8,1,6,1,1,527,1,0.0,0.0,,6,1,16,0.0,3,4,6,2413,3,2,30,5,2.0,1,16,14,0.0,6,0.0,0.0
2,3,2.0,2545,10,0,2,2,1,92,1,0.0,2.0,,2,1,16,0.0,0,2,1,422,3,4,30,0,1.0,1,16,14,0.0,24,0.0,2.0
2,3,2.0,799,21,1,8,1,1,396,1,0.0,0.0,,10,1,15,0.0,1,6,1,1833,1,2,35,0,3.0,1,20,2,0.0,22,0.0,0.0
1,3,2.0,4705,13,1,2,1,1,368,1,0.0,0.0,,12,2,7,0.0,2,3,1,922,3,2,30,0,2.0,1,24,3,0.0,25,0.0,0.0
2,3,2.0,1600,9,0,8,2,1,89,1,0.0,1.0,,6,1,16,0.0,0,4,1,411,3,4,30,0,1.0,1,16,14,0.0,6,0.0,1.0
2,3,2.0,2034,6,1,5,1,1,559,1,0.0,0.0,,10,2,7,0.0,1,3,1,1413,3,2,30,0,1.0,1,24,3,0.0,33,0.0,0.0
1,3,2.0,1432,9,1,9,2,5,37,1,0.0,0.0,,8,5,7,0.0,3,4,1,1235,3,2,30,0,1.0,1,31,15,0.0,33,0.0,0.0
2,3,2.0,4441,12,1,4,1,1,245,1,0.0,0.0,,12,2,7,0.0,3,2,1,2524,3,2,10,0,1.0,1,24,3,0.0,33,0.0,0.0
0,3,2.0,5233,21,1,3,1,1,414,1,0.0,0.0,,12,2,10,0.0,1,6,1,2011,1,2,30,0,2.0,1,24,3,0.0,33,0.0,0.0
2,3,2.0,1325,9,0,4,2,1,124,1,0.0,1.0,,8,2,0,0.0,3,4,1,1932,3,3,20,0,2.0,1,31,3,0.0,33,1.0,0.0
2,3,2.0,2004,1,1,3,2,1,128,1,0.0,0.0,,8,2,10,0.0,3,1,1,1432,1,2,30,0,2.0,1,17,3,0.0,19,0.0,0.0
2,3,2.0,3951,13,1,12,1,1,319,1,0.0,0.0,,8,2,10,0.0,1,2,1,1632,3,2,35,0,4.0,1,15,3,0.0,19,0.0,0.0
1,3,2.0,2631,16,1,4,2,1,310,1,0.0,0.0,,10,2,15,0.0,3,1,1,2011,3,2,20,0,2.0,1,24,3,0.0,12,0.0,0.0
0,3,2.0,2350,8,1,11,2,6,644,1,0.0,0.0,,8,2,11,0.0,2,4,1,1034,3,2,30,0,2.0,1,31,3,0.0,33,0.0,0.0
1,3,2.0,5550,10,1,3,1,1,537,1,0.0,0.0,,8,2,15,0.0,2,6,1,813,3,2,30,0,2.0,1,21,3,0.0,18,0.0,0.0
2,3,2.0,5046,17,1,5,1,5,128,1,0.0,0.0,,8,5,15,0.0,3,7,10,2522,5,2,35,4,3.0,1,24,14,0.0,23,0.0,0.0
2,3,2.0,4701,6,1,1,1,1,623,1,0.0,0.0,,2,1,0,0.0,3,5,1,1113,1,2,20,0,2.0,1,24,13,0.0,25,0.0,0.0
1,3,2.0,6223,16,1,3,2,1,178,1,0.0,0.0,,8,2,0,0.0,1,4,1,2413,3,2,30,0,4.0,1,24,3,0.0,18,0.0,0.0
1,3,2.0,6400,17,1,1,1,1,554,1,0.0,0.0,,8,2,16,0.0,2,6,1,823,3,2,30,0,2.0,1,24,3,0.0,25,0.0,0.0
2,3,3.0,3100,15,1,9,1,1,632,1,0.0,0.0,,8,1,16,0.0,2,6,1,911,3,2,30,0,3.0,1,17,14,0.0,19,0.0,0.0
2,3,2.0,2101,22,0,7,2,1,103,1,0.0,2.0,,3,2,10,0.0,3,2,1,2221,1,3,30,0,0.0,1,31,3,0.0,17,2.0,0.0
0,3,2.0,2338,15,1,4,1,1,554,1,0.0,0.0,,8,1,16,0.0,1,2,6,1414,3,2,30,5,2.0,1,31,14,0.0,33,0.0,0.0
2,3,3.0,4343,20,1,10,1,5,527,1,0.0,0.0,,6,1,0,0.0,3,4,1,1711,1,2,30,0,4.0,1,31,14,0.0,6,0.0,0.0
1,3,2.0,4855,15,1,5,1,1,470,1,0.0,0.0,,8,2,16,0.0,3,2,1,1624,3,2,30,0,2.0,1,31,3,0.0,33,0.0,0.0
2,3,2.0,3155,10,1,11,1,5,380,1,0.0,0.0,,2,5,15,0.0,1,6,1,1412,3,2,35,0,2.0,1,31,15,0.0,33,0.0,0.0
0,3,2.0,6346,11,1,5,2,1,207,1,0.0,0.0,,6,1,8,0.0,1,1,1,2433,3,2,30,0,2.0,1,15,14,0.0,18,0.0,0.0
2,3,2.0,3216,18,1,1,1,5,319,1,0.0,0.0,,2,2,10,0.0,1,2,10,1631,3,2,30,4,2.0,1,24,3,0.0,33,0.0,0.0
2,3,2.0,3600,15,1,3,1,1,533,1,0.0,0.0,,8,2,15,0.0,3,3,1,2535,3,2,30,0,3.0,1,31,3,0.0,33,0.0,0.0
2,2,2.0,1000,15,1,5,1,1,394,1,0.0,0.0,,3,2,10,0.0,1,2,1,1824,3,2,40,0,3.0,1,24,3,0.0,19,0.0,0.0
2,3,2.0,811,9,1,8,1,1,114,1,0.0,0.0,,10,2,15,0.0,3,3,1,2232,3,2,30,0,2.0,1,31,3,0.0,33,0.0,0.0
1,3,2.0,7500,16,1,4,1,1,648,1,0.0,0.0,,2,1,10,0.0,2,3,1,414,3,2,35,0,2.0,1,31,14,0.0,33,0.0,0.0
1,3,2.0,2911,16,0,10,1,1,57,1,0.0,1.0,,8,2,11,0.0,3,5,1,922,3,3,30,0,1.0,1,19,3,0.0,21,1.0,0.0
2,3,2.0,3000,18,1,5,2,1,445,1,0.0,0.0,,0,2,11,0.0,3,4,1,831,3,2,10,0,4.0,1,19,3,0.0,21,0.0,0.0
2,3,2.0,4601,8,1,1,1,1,638,1,0.0,0.0,,8,2,7,0.0,3,5,1,1722,3,2,30,0,1.0,1,31,3,0.0,33,0.0,0.0
2,3,2.0,3700,10,0,2,2,1,65,1,0.0,0.0,,6,1,16,0.0,3,6,1,822,3,2,30,0,3.0,1,31,14,0.0,18,0.0,0.0
2,3,2.0,10598,6,0,8,2,5,478,1,0.0,0.0,,8,1,0,0.0,2,3,1,434,3,2,35,0,2.0,1,11,13,0.0,13,0.0,0.0
1,3,3.0,1114,13,1,12,2,1,57,1,0.0,0.0,,8,1,10,0.0,0,3,9,222,3,2,30,3,5.0,1,31,13,0.0,33,0.0,0.0
2,3,2.0,831,9,1,5,1,5,520,1,0.0,0.0,,10,2,7,0.0,1,6,6,1511,0,2,30,0,1.0,1,31,3,0.0,33,0.0,0.0
2,3,2.0,11050,15,1,10,1,1,368,1,0.0,0.0,,2,1,10,0.0,2,6,1,2211,3,2,30,0,3.0,1,24,14,0.0,23,0.0,0.0
0,2,2.0,1422,18,1,8,2,6,337,1,0.0,0.0,,8,4,13,0.0,1,5,1,1424,3,2,30,0,2.0,1,24,3,0.0,21,0.0,0.0
2,3,2.0,700,9,0,9,2,4,599,1,0.0,0.0,,2,1,0,0.0,3,2,1,124,3,2,30,0,3.0,1,15,14,0.0,6,0.0,0.0
1,3,2.0,10,16,1,5,1,1,241,1,0.0,0.0,,8,2,15,0.0,3,3,1,1832,3,2,30,0,3.0,1,31,3,0.0,33,0.0,0.0
1,3,2.0,759,14,1,10,1,1,5,1,0.0,0.0,,8,5,10,0.0,3,3,1,2232,3,2,30,0,2.0,1,31,14,0.0,33,0.0,0.0
2,3,2.0,3227,19,1,11,1,1,368,1,0.0,0.0,,8,2,16,0.0,1,2,1,1733,1,2,30,0,2.0,1,31,3,0.0,22,0.0,0.0
1,3,2.0,4402,17,1,7,2,1,388,1,0.0,0.0,,8,2,10,0.0,1,3,1,1722,3,2,30,0,5.0,1,31,3,0.0,33,0.0,0.0
2,3,2.0,2112,18,1,5,1,1,527,1,0.0,0.0,,12,2,0,0.0,3,2,1,2413,3,2,20,0,3.0,1,24,3,0.0,33,0.0,0.0
2,3,2.0,3538,0,1,3,2,1,256,1,0.0,0.0,,10,2,7,0.0,2,1,1,212,5,2,30,0,1.0,1,20,3,0.0,17,0.0,0.0
2,3,2.0,8200,16,0,12,1,1,131,1,0.0,1.0,,8,2,10,0.0,2,2,1,614,1,4,30,5,3.0,1,31,3,0.0,19,0.0,1.0
1,3,2.0,10925,15,1,9,2,1,313,1,0.0,0.0,,3,2,7,0.0,2,3,1,2233,3,2,30,0,1.0,1,31,3,0.0,17,0.0,0.0
2,3,2.0,2718,3,1,6,2,1,594,1,0.0,0.0,,8,2,7,0.0,3,4,1,1724,5,2,25,0,1.0,1,24,3,0.0,33,0.0,0.0
1,3,2.0,8334,21,1,7,2,1,377,1,0.0,0.0,,8,2,7,0.0,2,2,1,834,1,2,15,0,1.0,1,24,3,0.0,33,0.0,0.0
2,3,2.0,1589,17,1,11,1,1,445,1,0.0,0.0,,8,1,0,0.0,0,5,1,321,1,2,15,0,2.0,1,10,14,0.0,18,0.0,0.0
0,3,2.0,517,10,1,1,1,5,313,1,0.0,0.0,,8,5,15,0.0,1,6,1,1214,3,2,25,3,2.0,1,17,15,0.0,23,0.0,0.0
1,3,2.0,838,21,1,5,2,1,103,1,0.0,0.0,,3,1,16,0.0,3,3,1,613,1,2,30,0,3.0,1,16,14,0.0,18,0.0,0.0
2,3,2.0,3200,17,1,3,2,5,445,1,0.0,0.0,,15,1,16,0.0,3,4,1,831,3,2,30,0,2.0,1,31,14,0.0,18,0.0,0.0
2,3,2.0,401,12,0,7,2,1,131,1,0.0,0.0,,2,1,16,0.0,2,4,1,1231,3,2,30,0,2.0,1,15,14,0.0,6,0.0,0.0
2,3,2.0,2301,15,0,2,2,1,457,1,0.0,1.0,,8,1,9,0.0,2,4,6,132,1,1,30,5,1.0,1,31,13,1.0,18,0.0,0.0
0,3,2.0,800,9,1,11,1,1,395,1,0.0,0.0,,11,2,10,0.0,2,4,1,114,3,2,30,0,2.0,1,31,3,0.0,12,0.0,0.0
1,3,2.0,5061,15,0,1,2,5,385,1,0.0,1.0,,8,1,5,0.0,2,7,1,815,3,3,25,0,1.0,1,24,13,0.0,17,1.0,0.0
0,3,2.0,219,13,0,7,2,1,199,1,0.0,1.0,,2,2,9,0.0,3,5,1,1831,3,3,30,0,1.0,1,24,3,0.0,12,1.0,0.0
2,3,2.0,5200,14,0,2,2,1,204,1,0.0,3.0,,8,1,0,0.0,1,7,1,1621,3,1,30,0,1.0,1,31,14,3.0,6,0.0,0.0
1,3,2.0,1825,12,1,12,1,1,355,1,0.0,0.0,,2,2,10,0.0,3,7,3,1922,3,2,30,5,3.0,1,17,3,0.0,19,0.0,0.0
2,2,2.0,1931,12,1,12,2,1,378,1,0.0,0.0,,10,2,16,0.0,2,2,1,1012,3,2,30,0,4.0,1,24,3,0.0,3,0.0,0.0
0,3,2.0,159,7,1,2,2,1,616,1,0.0,0.0,,3,2,15,0.0,1,5,9,122,3,2,25,3,2.0,1,10,3,0.0,23,0.0,0.0
2,3,2.0,2753,14,1,2,2,1,489,1,0.0,0.0,,2,5,10,0.0,3,3,9,1423,3,2,30,3,2.0,1,24,14,0.0,19,0.0,0.0
2,3,3.0,3000,8,1,1,2,5,397,1,0.0,0.0,,11,2,15,0.0,1,2,1,1934,3,2,45,4,3.0,1,31,3,0.0,33,0.0,0.0
2,3,2.0,8523,10,1,8,2,1,538,1,0.0,0.0,,8,2,7,0.0,2,7,1,613,3,2,30,0,1.0,1,24,3,0.0,33,0.0,0.0
1,3,2.0,4747,17,1,11,1,1,537,1,0.0,0.0,,2,1,10,0.0,2,3,1,821,3,2,25,0,2.0,1,31,14,0.0,33,0.0,0.0
2,3,2.0,9500,3,1,12,1,5,361,1,0.0,0.0,,8,5,16,0.0,2,7,10,431,5,2,25,4,2.0,1,24,15,0.0,25,0.0,0.0
2,3,2.0,4807,0,1,10,2,5,234,1,0.0,0.0,,8,5,15,0.0,2,3,1,931,1,2,30,4,2.0,1,24,14,0.0,18,0.0,0.0
2,3,2.0,1,0,1,3,1,1,588,1,0.0,0.0,,8,1,10,0.0,1,1,1,112,1,2,30,0,3.0,1,24,14,0.0,33,0.0,0.0
1,3,1.0,3621,15,1,10,1,5,639,1,0.0,0.0,,10,2,2,0.0,1,1,1,1923,3,2,30,4,1.0,1,28,3,0.0,29,0.0,0.0
1,3,2.0,5601,16,0,1,2,1,368,1,0.0,1.0,,6,2,9,0.0,2,3,1,824,3,3,30,0,1.0,1,31,3,0.0,33,1.0,0.0
2,3,2.0,1000,12,1,10,1,5,623,1,0.0,0.0,,8,5,11,0.0,3,3,10,1224,5,2,30,4,2.0,1,31,15,0.0,33,0.0,0.0
2,3,3.0,234,23,0,9,2,1,182,1,0.0,1.0,,10,2,7,0.0,1,6,6,1214,1,4,30,5,1.0,1,15,3,0.0,22,0.0,1.0
2,3,2.0,459,17,1,6,1,1,204,1,0.0,0.0,,2,2,10,0.0,1,6,1,1111,3,2,30,0,2.0,1,24,3,0.0,33,0.0,0.0
2,3,2.0,3200,13,1,6,1,1,394,1,0.0,0.0,,8,1,16,0.0,1,6,1,1925,3,2,30,0,2.0,1,31,14,0.0,6,0.0,0.0
2,3,2.0,2401,12,1,10,1,1,234,1,0.0,0.0,,8,1,10,0.0,2,6,1,1034,3,2,30,0,2.0,1,22,14,0.0,19,0.0,0.0
0,3,2.0,755,11,1,10,2,1,173,1,0.0,0.0,,8,2,7,0.0,3,6,1,1915,3,2,30,0,2.0,1,24,3,0.0,33,0.0,0.0
0,3,2.0,655,13,1,7,1,1,394,1,0.0,0.0,,8,1,0,0.0,1,3,1,1834,3,2,40,0,3.0,1,20,14,0.0,33,0.0,0.0
2,3,2.0,2200,14,1,6,1,5,632,1,0.0,0.0,,6,1,16,0.0,2,6,1,1034,3,2,35,0,2.0,1,31,14,0.0,33,0.0,0.0
2,3,1.0,13535,2,0,11,2,5,603,1,0.0,0.0,,12,2,2,0.0,2,6,10,433,0,2,20,4,1.0,1,31,3,0.0,33,0.0,0.0
0,3,2.0,4626,0,1,4,2,1,367,1,0.0,0.0,,0,2,10,0.0,1,2,6,1722,0,2,15,5,3.0,1,31,3,0.0,33,0.0,0.0
2,3,2.0,1342,9,1,12,2,5,64,0,0.0,0.0,,8,2,15,0.0,0,6,6,234,3,2,30,5,3.0,1,24,3,0.0,33,0.0,0.0
2,3,2.0,11103,9,1,2,1,1,204,1,0.0,0.0,,8,1,10,0.0,2,2,1,2211,3,2,30,0,2.0,1,24,14,0.0,19,0.0,0.0
2,3,2.0,2405,11,0,4,2,1,247,1,0.0,0.0,,8,1,10,0.0,3,5,1,1212,3,2,30,0,2.0,1,31,14,0.0,33,0.0,0.0
0,3,2.0,4128,18,1,1,2,1,42,1,0.0,0.0,,8,1,10,0.0,3,2,1,1031,4,2,30,5,2.0,1,17,14,0.0,36,0.0,0.0
1,3,2.0,2416,20,1,9,1,1,388,1,0.0,0.0,,8,2,10,0.0,1,6,1,2524,1,2,30,0,2.0,1,24,3,0.0,19,0.0,0.0
2,3,2.0,1832,20,0,5,1,1,422,1,0.0,0.0,,10,2,7,0.0,1,1,1,2532,1,2,15,0,1.0,1,24,3,0.0,33,0.0,0.0
2,3,2.0,498,8,0,12,2,1,540,1,0.0,0.0,,10,1,16,0.0,3,2,1,121,3,2,30,0,2.0,1,10,14,0.0,23,0.0,0.0
2,3,2.0,328,11,1,2,2,1,6,1,0.0,0.0,,8,2,7,0.0,3,4,1,512,3,2,20,0,1.0,1,24,3,0.0,24,0.0,0.0
2,3,1.0,5001,13,1,4,2,1,569,1,0.0,0.0,,0,2,5,0.0,1,4,6,2024,3,2,15,5,1.0,1,24,3,0.0,33,0.0,0.0
1,3,2.0,1641,12,1,11,2,1,582,1,0.0,0.0,,10,2,7,0.0,2,5,1,1014,3,2,30,0,1.0,1,31,3,0.0,33,0.0,0.0
1,3,2.0,2626,17,1,3,2,1,70,1,0.0,0.0,,8,2,15,0.0,3,3,1,824,3,2,30,0,2.0,1,31,3,0.0,24,0.0,0.0
2,3,4.0,3243,7,1,3,2,5,121,1,0.0,0.0,,10,2,7,0.0,3,1,10,1713,5,2,30,5,1.0,1,31,3,0.0,19,0.0,0.0
2,3,1.0,3408,22,0,2,2,1,334,1,0.0,0.0,,0,3,2,0.0,3,3,1,1711,0,2,15,0,1.0,1,24,3,0.0,33,0.0,0.0
2,3,2.0,1564,10,1,2,2,1,313,1,0.0,0.0,,8,1,10,0.0,1,4,1,1822,3,2,35,0,2.0,1,31,14,0.0,2,0.0,0.0
0,3,2.0,3101,17,0,11,2,1,537,1,0.0,1.0,,1,1,9,0.0,2,5,1,1031,0,3,30,5,1.0,1,31,14,0.0,33,1.0,0.0
2,3,2.0,11656,21,0,6,2,1,313,1,0.0,1.0,,8,2,7,0.0,2,4,1,524,1,4,30,0,1.0,1,24,3,0.0,22,0.0,1.0
2,3,2.0,5601,17,1,12,1,5,296,1,0.0,0.0,,6,5,10,0.0,3,7,6,2515,4,2,30,4,2.0,1,17,14,0.0,19,0.0,0.0
2,3,2.0,41,20,0,9,2,1,88,1,0.0,1.0,,6,1,16,0.0,3,5,1,623,1,3,20,0,1.0,1,16,14,0.0,18,1.0,0.0
2,3,2.0,200,12,0,5,2,1,457,1,0.0,1.0,,3,1,10,0.0,1,7,1,111,3,3,30,0,1.0,1,15,14,0.0,17,1.0,0.0
2,3,3.0,740,10,1,6,1,1,295,1,0.0,0.0,,8,2,15,0.0,1,5,1,1831,3,2,20,0,2.0,1,31,3,0.0,33,0.0,0.0
0,3,2.0,1830,15,1,6,1,1,446,1,0.0,0.0,,10,2,7,0.0,1,2,1,2531,3,2,30,0,1.0,1,31,3,0.0,33,0.0,0.0
2,3,2.0,4700,22,1,7,1,1,368,1,0.0,0.0,,8,1,16,0.0,2,3,1,821,0,2,30,0,4.0,1,31,14,0.0,33,0.0,0.0
1,3,2.0,785,10,1,9,1,1,103,1,0.0,0.0,,8,1,10,0.0,0,4,1,632,3,2,30,0,3.0,1,31,14,0.0,19,0.0,0.0
2,3,2.0,8315,16,1,1,1,1,267,1,0.0,0.0,,10,2,7,0.0,2,1,10,613,5,2,30,3,1.0,1,31,3,0.0,33,0.0,0.0
0,3,3.0,3415,15,1,1,2,1,130,0,0.0,0.0,,8,2,9,0.0,3,4,2,1133,3,2,10,0,3.0,1,31,3,0.0,33,0.0,0.0
1,3,2.0,2000,7,0,9,2,1,234,1,0.0,1.0,,8,1,8,0.0,2,3,6,1234,3,3,35,5,1.0,0,24,14,0.0,18,1.0,0.0
2,3,2.0,2900,11,0,1,2,5,588,1,0.0,2.0,,3,1,16,0.0,2,7,5,133,3,4,30,5,2.0,1,24,14,0.0,17,0.0,2.0
1,3,2.0,2900,21,1,11,1,1,270,1,0.0,0.0,,8,1,0,0.0,1,4,6,1411,1,2,30,5,2.0,1,31,13,0.0,5,0.0,0.0
2,3,2.0,2309,11,1,5,2,1,92,1,0.0,0.0,,8,2,7,0.0,0,2,6,414,3,2,30,5,1.0,1,24,3,0.0,33,0.0,0.0
1,3,2.0,4715,7,1,3,1,5,146,1,0.0,0.0,,10,2,7,0.0,3,7,10,2521,5,2,30,4,1.0,1,31,3,0.0,33,0.0,0.0
2,3,2.0,3500,5,1,8,1,1,537,1,0.0,0.0,,8,1,15,0.0,2,2,1,1031,2,2,30,0,2.0,1,22,14,0.0,18,0.0,0.0
2,1,6.0,530,6,0,10,2,1,397,1,0.0,1.0,,3,2,10,0.0,2,4,6,114,2,3,40,5,7.0,1,15,3,0.0,19,1.0,0.0
1,3,2.0,10406,16,1,1,2,1,278,1,0.0,0.0,,12,2,7,0.0,2,4,6,432,1,2,35,5,1.0,1,31,3,0.0,33,0.0,0.0
2,3,2.0,2859,22,1,9,1,5,580,1,0.0,0.0,,8,5,10,0.0,2,7,1,1032,0,2,30,4,2.0,1,24,15,0.0,21,0.0,0.0
2,3,2.0,1354,18,1,7,2,1,328,1,0.0,0.0,,8,2,7,0.0,3,2,1,1924,3,2,15,0,1.0,1,31,3,0.0,33,0.0,0.0
2,3,2.0,1500,9,1,1,1,1,394,1,0.0,0.0,,2,1,15,0.0,1,4,1,1824,3,2,0,0,3.0,1,31,14,0.0,33,0.0,0.0
2,3,2.0,2509,19,1,6,1,5,193,1,0.0,0.0,,8,2,7,0.0,3,2,10,1034,5,2,30,4,1.0,1,31,3,0.0,33,0.0,0.0
0,3,2.0,2417,19,1,6,1,5,604,1,0.0,0.0,,8,5,15,0.0,3,2,10,2411,5,2,30,4,3.0,1,24,14,0.0,23,0.0,0.0
0,3,2.0,4036,9,1,9,2,1,638,1,0.0,0.0,,10,2,7,0.0,3,6,1,1722,3,2,30,0,1.0,1,24,3,0.0,33,0.0,0.0
2,3,2.0,4100,9,1,4,2,5,204,1,0.0,0.0,,2,1,16,0.0,2,4,2,814,3,2,30,0,3.0,1,24,14,0.0,33,0.0,0.0
2,3,2.0,1101,14,1,10,1,1,404,1,0.0,0.0,,10,2,15,0.0,1,3,1,1531,3,2,25,0,2.0,1,31,3,0.0,33,0.0,0.0
2,3,1.0,1515,2,0,12,2,1,131,1,0.0,1.0,,3,5,2,0.0,2,3,9,1233,1,4,30,5,0.0,1,24,3,0.0,34,0.0,1.0
2,3,2.0,1137,12,1,3,1,5,399,1,0.0,0.0,,17,5,7,0.0,1,1,10,1531,5,2,30,4,1.0,1,24,15,0.0,33,0.0,0.0
1,3,2.0,4422,18,1,12,2,1,70,1,0.0,0.0,,6,1,0,0.0,3,6,6,813,0,2,20,5,3.0,1,16,13,0.0,5,0.0,0.0
2,3,2.0,4626,11,1,10,1,1,245,1,0.0,0.0,,12,2,13,0.0,3,6,1,2521,3,2,15,0,3.0,1,31,3,0.0,21,0.0,0.0
2,3,2.0,5731,13,1,10,1,1,129,1,0.0,0.0,,10,2,7,0.0,1,2,1,2011,3,2,30,0,1.0,1,31,3,0.0,33,0.0,0.0
2,3,2.0,3645,22,0,4,2,1,199,1,0.0,1.0,,8,1,10,0.0,3,4,1,1112,1,1,30,0,3.0,1,31,13,1.0,33,0.0,0.0
0,3,2.0,7900,7,0,1,2,1,648,1,0.0,1.0,,6,1,10,0.0,2,1,2,414,3,4,30,0,1.0,1,24,14,0.0,33,0.0,1.0
2,3,2.0,1703,20,1,1,2,1,106,1,0.0,0.0,,8,2,7,0.0,3,4,9,2221,1,2,30,1,1.0,1,31,3,0.0,33,0.0,0.0
2,3,2.0,4502,19,1,12,1,5,632,1,0.0,0.0,,8,1,15,0.0,1,5,10,1911,1,2,30,4,2.0,1,24,14,0.0,33,0.0,0.0
2,3,2.0,5130,8,0,1,2,1,126,1,0.0,1.0,,8,2,10,0.0,2,3,1,815,3,3,30,0,1.0,1,11,3,0.0,18,1.0,0.0
2,3,2.0,143,23,1,8,1,1,13,1,0.0,0.0,,8,2,7,0.0,0,7,1,531,1,2,25,0,1.0,1,31,3,0.0,33,0.0,0.0
0,3,2.0,6504,16,0,12,2,1,313,1,0.0,1.0,,8,2,15,0.0,2,2,1,723,4,4,30,0,1.0,1,24,3,0.0,8,0.0,1.0
2,3,3.0,5800,12,0,2,2,0,457,1,0.0,4.0,,10,1,0,0.0,2,7,1,232,3,4,30,4,1.0,1,10,13,0.0,18,0.0,4.0
2,3,2.0,5352,17,1,8,1,5,270,1,0.0,0.0,,12,5,10,0.0,1,5,10,1623,5,2,30,4,2.0,1,24,15,0.0,33,0.0,0.0
2,3,2.0,5858,9,1,6,1,1,569,1,0.0,0.0,,8,2,10,0.0,1,2,1,2022,3,2,30,0,4.0,1,17,3,0.0,19,0.0,0.0
2,3,2.0,4500,13,1,3,1,1,527,1,0.0,0.0,,3,1,10,0.0,3,5,1,1711,3,2,30,0,3.0,1,31,14,0.0,19,0.0,0.0
0,3,2.0,1916,13,1,10,1,1,380,1,0.0,0.0,,8,2,0,0.0,1,1,1,1422,3,2,30,0,2.0,1,24,3,0.0,33,0.0,0.0
1,3,2.0,11114,21,0,7,1,5,425,1,0.0,0.0,,10,2,7,0.0,2,6,6,2234,1,2,20,0,1.0,1,24,3,0.0,33,0.0,0.0
2,3,2.0,8206,0,1,2,1,1,194,0,0.0,0.0,,10,2,7,0.0,2,1,1,631,1,2,30,0,1.0,1,24,3,0.0,22,0.0,0.0
1,3,1.0,9300,21,1,7,1,1,131,1,0.0,0.0,,8,1,2,0.0,2,1,6,2221,1,2,30,5,1.0,1,24,13,0.0,33,0.0,0.0
2,3,2.0,2011,17,1,10,2,1,92,1,0.0,0.0,,8,2,0,0.0,3,2,1,611,3,2,30,0,2.0,1,24,3,0.0,18,0.0,0.0
2,3,2.0,301,13,1,11,1,5,135,1,0.0,0.0,,8,1,15,0.0,2,4,1,1513,3,2,30,0,3.0,1,24,14,0.0,33,0.0,0.0
1,3,2.0,8101,10,1,5,1,1,590,1,0.0,0.0,,8,2,15,0.0,2,1,1,411,4,2,30,0,2.0,1,31,3,0.0,22,0.0,0.0
2,3,2.0,2400,7,1,12,1,1,407,1,0.0,0.0,,6,1,10,0.0,3,5,1,2031,3,2,30,0,2.0,1,24,14,0.0,19,0.0,0.0
2,3,2.0,11100,17,0,1,2,1,368,1,0.0,1.0,,6,1,16,0.0,2,2,1,2211,1,4,30,3,1.0,1,22,14,0.0,12,0.0,1.0
1,3,2.0,3941,17,0,7,2,1,541,1,0.0,1.0,,8,2,10,0.0,1,7,1,1922,3,4,30,0,1.0,1,20,3,0.0,8,0.0,1.0
1,3,2.0,4431,8,1,1,2,5,633,1,0.0,0.0,,2,2,15,0.0,2,4,1,924,3,2,30,5,3.0,1,21,3,0.0,23,0.0,0.0
2,3,2.0,3604,10,1,9,1,5,39,1,0.0,0.0,,10,2,15,0.0,3,3,2,1013,3,2,30,4,2.0,1,24,3,0.0,18,0.0,0.0
1,3,2.0,6352,12,1,1,2,1,569,1,0.0,0.0,,2,1,15,0.0,1,3,9,2433,3,2,30,3,2.0,1,21,14,0.0,24,0.0,0.0
2,3,3.0,4830,13,1,11,2,1,57,1,0.0,0.0,,2,1,0,0.0,3,4,1,814,3,2,30,0,3.0,1,24,13,0.0,18,0.0,0.0
2,3,2.0,1525,16,1,6,1,5,62,1,0.0,0.0,,2,5,15,0.0,0,5,1,234,3,2,30,0,2.0,1,24,15,0.0,33,0.0,0.0
2,3,2.0,4803,17,0,11,2,1,291,1,0.0,0.0,,8,1,16,0.0,3,3,1,1621,0,2,30,0,2.0,1,31,14,0.0,18,0.0,0.0
0,3,2.0,1432,18,1,6,1,1,74,1,0.0,0.0,,8,2,7,0.0,3,3,1,713,4,2,30,0,1.0,1,31,3,0.0,33,0.0,0.0
2,3,2.0,5298,18,1,10,1,1,191,1,0.0,0.0,,8,5,0,0.0,2,4,6,811,3,2,30,5,2.0,1,31,15,0.0,33,0.0,0.0
2,3,3.0,3309,6,0,12,2,1,623,1,0.0,3.0,,10,2,7,0.0,3,1,3,1123,1,4,30,5,1.0,1,20,3,0.0,26,0.0,3.0
2,3,2.0,2009,6,1,7,1,1,219,1,0.0,0.0,,10,2,15,0.0,3,3,1,1225,3,2,30,0,2.0,1,31,3,0.0,23,0.0,0.0
2,3,2.0,3000,12,1,2,1,5,611,1,0.0,0.0,,9,1,16,0.0,3,4,1,1124,3,2,30,0,2.0,1,16,14,0.0,24,0.0,0.0
2,3,3.0,750,0,0,5,2,1,549,1,0.0,0.0,,8,2,10,0.0,3,1,1,925,1,2,30,0,8.0,1,24,3,0.0,33,0.0,0.0
1,3,2.0,10601,15,1,12,1,5,313,1,0.0,0.0,,6,2,16,0.0,2,7,1,2233,3,2,30,0,2.0,1,24,3,0.0,33,0.0,0.0
2,3,2.0,6111,18,0,2,2,1,550,1,0.0,1.0,,10,2,7,0.0,3,1,9,1633,1,3,30,3,0.0,1,24,3,0.0,33,1.0,0.0
2,3,2.0,2528,7,1,12,1,1,175,1,0.0,0.0,,10,2,7,0.0,1,5,1,1935,3,2,30,0,1.0,1,31,3,0.0,33,0.0,0.0
2,3,2.0,630,14,1,9,1,5,246,1,0.0,0.0,,2,1,15,0.0,3,6,1,1934,3,2,30,0,2.0,1,7,14,0.0,18,0.0,0.0
0,3,2.0,2011,13,1,3,2,1,111,1,0.0,0.0,,2,2,15,0.0,0,5,6,431,3,2,35,5,3.0,1,31,3,0.0,33,0.0,0.0
2,3,2.0,4128,20,1,7,2,1,97,1,0.0,0.0,,6,1,0,0.0,3,4,1,834,1,2,30,0,2.0,1,24,13,0.0,18,0.0,0.0
2,3,2.0,2900,15,1,12,1,1,480,1,0.0,0.0,,2,1,0,0.0,1,6,1,2511,3,2,30,0,2.0,1,31,13,0.0,33,0.0,0.0
1,3,2.0,3130,18,1,4,1,1,319,1,0.0,0.0,,11,2,10,0.0,1,5,1,2511,3,2,15,0,2.0,1,24,3,0.0,19,0.0,0.0
2,3,2.0,7231,11,1,1,1,1,204,1,0.0,0.0,,2,2,15,0.0,2,2,1,833,3,2,30,0,2.0,1,31,3,0.0,33,0.0,0.0
2,3,2.0,555,8,1,10,1,1,398,1,0.0,0.0,,8,2,7,0.0,3,3,1,121,3,2,30,5,1.0,1,24,3,0.0,21,0.0,0.0
2,3,3.0,2845,15,1,3,1,5,604,1,0.0,0.0,,8,1,10,0.0,3,7,1,2411,3,2,30,4,4.0,1,24,14,0.0,12,0.0,0.0
2,3,3.0,5200,5,0,8,2,1,537,1,0.0,1.0,,2,1,10,0.0,2,1,1,815,0,3,30,0,2.0,1,25,14,0.0,34,1.0,0.0
1,3,2.0,6952,10,1,1,2,1,211,1,0.0,0.0,,10,2,11,0.0,2,7,1,331,3,2,25,0,2.0,1,19,3,0.0,21,0.0,0.0
2,3,2.0,140,17,1,4,2,1,537,1,0.0,0.0,,2,2,15,0.0,2,4,1,1115,3,2,30,0,2.0,1,24,3,0.0,33,0.0,0.0
0,3,2.0,4500,2,0,8,1,5,370,1,0.0,1.0,,10,2,9,0.0,2,7,1,815,1,3,30,0,2.0,1,24,3,0.0,14,1.0,0.0
1,3,2.0,7900,19,1,10,1,1,590,1,0.0,0.0,,3,2,15,0.0,2,1,1,411,0,2,30,0,3.0,1,31,3,0.0,33,0.0,0.0
1,3,2.0,3199,15,1,7,2,5,57,1,0.0,0.0,,8,1,10,0.0,3,7,1,922,3,2,30,0,2.0,1,24,14,0.0,33,0.0,0.0
1,3,2.0,6800,11,1,7,1,1,584,1,0.0,0.0,,11,2,0,0.0,2,4,1,321,3,2,35,0,2.0,1,24,3,0.0,12,0.0,0.0
2,3,2.0,1710,14,0,10,1,1,644,1,0.0,0.0,,8,2,16,0.0,2,4,6,1234,3,2,30,5,4.0,1,24,3,0.0,18,0.0,0.0
2,3,2.0,6333,16,1,1,1,1,204,1,0.0,0.0,,8,2,16,0.0,2,2,1,813,3,2,30,0,4.0,1,24,3,0.0,24,0.0,0.0
0,3,2.0,1800,9,1,8,1,1,313,1,0.0,0.0,,8,1,16,0.0,2,5,1,1235,3,2,30,0,2.0,1,31,14,0.0,19,0.0,0.0
2,3,2.0,5100,9,1,1,2,1,538,1,0.0,0.0,,6,1,16,0.0,2,4,1,934,3,2,30,5,2.0,1,24,14,0.0,23,0.0,0.0
2,3,2.0,715,17,1,3,1,1,548,1,0.0,0.0,,8,2,15,0.0,3,1,1,1232,3,2,30,0,3.0,1,31,3,0.0,18,0.0,0.0
1,3,2.0,4711,23,1,2,1,5,70,1,0.0,0.0,,8,5,15,0.0,3,7,10,813,5,2,30,4,3.0,1,24,15,0.0,33,0.0,0.0
1,3,2.0,3100,15,1,9,1,1,397,1,0.0,0.0,,13,1,10,0.0,2,1,1,211,3,2,30,0,3.0,0,17,14,0.0,19,0.0,0.0
0,3,2.0,6149,21,1,3,2,1,65,1,0.0,0.0,,8,2,7,0.0,3,7,1,811,1,2,30,0,1.0,1,15,3,0.0,33,0.0,0.0
2,2,2.0,1200,18,1,12,2,1,215,1,0.0,0.0,,3,1,10,0.0,2,2,1,132,1,2,40,0,2.0,1,24,14,0.0,25,0.0,0.0
1,3,2.0,9420,15,1,2,1,1,590,1,0.0,0.0,,2,2,15,0.0,2,7,1,413,3,2,30,0,4.0,1,31,3,0.0,33,0.0,0.0
2,3,2.0,9900,21,1,6,2,1,313,1,0.0,0.0,,8,1,0,0.0,2,6,1,2232,0,2,30,0,2.0,1,24,14,0.0,23,0.0,0.0
0,3,2.0,322,21,1,7,1,1,350,1,0.0,0.0,,10,2,15,0.0,0,2,1,1834,0,2,35,0,2.0,1,31,3,0.0,33,0.0,0.0
2,3,2.0,804,11,1,7,2,1,368,1,0.0,0.0,,8,2,16,0.0,1,7,1,1121,3,2,30,0,2.0,1,24,3,0.0,18,0.0,0.0
2,3,2.0,4208,7,1,8,2,1,439,1,0.0,0.0,,8,1,15,0.0,3,4,1,1115,3,2,25,0,2.0,1,24,14,0.0,23,0.0,0.0
2,3,2.0,8700,13,1,11,1,1,131,1,0.0,0.0,,3,1,15,0.0,2,6,1,2221,3,2,30,0,3.0,1,24,14,0.0,33,0.0,0.0
1,3,2.0,40,11,1,12,1,1,313,1,0.0,0.0,,12,2,7,0.0,2,3,1,1232,3,2,30,5,1.0,1,31,3,0.0,33,0.0,0.0
2,3,2.0,1202,10,0,8,2,1,368,1,0.0,0.0,,8,1,10,0.0,1,5,1,1422,3,2,30,0,4.0,1,31,14,0.0,19,0.0,0.0
2,3,2.0,500,15,1,8,1,1,370,1,0.0,0.0,,8,1,3,0.0,2,3,1,1132,3,2,30,0,3.0,1,31,14,0.0,9,0.0,0.0
1,3,2.0,4252,14,1,8,1,5,57,1,0.0,0.0,,8,1,15,0.0,3,1,10,815,3,2,30,4,7.0,1,24,14,0.0,33,0.0,0.0
2,3,2.0,9454,17,0,10,2,1,227,1,0.0,0.0,,15,2,16,0.0,2,4,1,633,3,2,30,0,3.0,1,31,14,0.0,18,0.0,0.0
2,3,2.0,6701,9,1,3,2,1,538,1,0.0,0.0,,6,1,10,0.0,2,4,1,724,3,2,30,0,2.0,1,15,14,0.0,17,0.0,0.0
2,0,1.0,500,16,0,12,2,1,434,1,0.0,0.0,,10,5,2,0.0,2,7,10,123,1,2,30,4,1.0,1,31,3,0.0,33,0.0,0.0
1,3,2.0,1605,5,0,9,2,1,388,1,0.0,1.0,,8,1,8,0.0,1,3,1,2534,1,3,30,0,2.0,1,31,14,0.0,33,1.0,0.0
2,3,2.0,7000,14,1,9,1,1,576,1,0.0,0.0,,8,2,7,0.0,2,5,1,331,3,2,30,0,1.0,1,24,3,0.0,25,0.0,0.0
2,3,2.0,6620,17,1,6,2,5,631,1,0.0,0.0,,8,2,10,0.0,2,2,6,722,3,2,30,5,4.0,1,34,3,0.0,17,0.0,0.0
2,3,2.0,7500,16,1,9,1,5,180,0,0.0,0.0,,8,5,10,0.0,2,2,1,623,3,2,30,0,2.0,0,24,14,0.0,33,0.0,0.0
1,3,2.0,5214,13,1,5,2,1,204,1,0.0,0.0,,8,1,15,0.0,1,6,1,1621,4,2,30,0,2.0,1,24,14,0.0,23,0.0,0.0
0,3,1.0,6445,9,1,1,2,1,592,1,0.0,0.0,,8,4,5,0.0,3,5,1,1613,3,2,20,5,1.0,1,24,12,0.0,25,0.0,0.0
1,3,2.0,5601,11,1,12,1,1,120,1,0.0,0.0,,8,1,15,0.0,3,2,1,1633,3,2,30,0,2.0,1,31,14,0.0,24,0.0,0.0
1,3,2.0,43,15,1,3,1,5,336,1,0.0,0.0,,12,2,7,0.0,1,7,10,1123,3,2,30,4,1.0,1,31,3,0.0,33,0.0,0.0
2,3,2.0,600,0,0,9,2,1,629,1,0.0,2.0,,10,1,0,0.0,1,5,1,1831,1,3,30,0,1.0,1,6,14,0.0,18,2.0,0.0
2,3,2.0,100,13,0,11,1,1,389,1,0.0,1.0,,3,1,10,0.0,3,7,6,1814,1,4,30,5,3.0,1,24,14,0.0,19,0.0,1.0
2,3,2.0,7099,13,1,4,2,1,588,1,0.0,0.0,,8,1,10,0.0,2,2,1,322,3,2,30,0,2.0,1,24,14,0.0,17,0.0,0.0
2,3,1.0,161,4,0,10,2,1,199,1,0.0,0.0,,8,2,2,0.0,0,4,1,1833,2,2,30,0,1.0,1,24,3,0.0,21,0.0,0.0
1,3,2.0,2557,7,1,1,2,1,489,1,0.0,0.0,,8,2,10,0.0,3,7,9,1423,3,2,30,5,2.0,1,31,3,0.0,19,0.0,0.0
2,3,2.0,4318,19,1,1,1,5,36,1,0.0,0.0,,10,2,7,0.0,3,5,1,1012,3,2,30,0,1.0,1,24,3,0.0,33,0.0,0.0
2,3,3.0,78,18,0,6,2,1,58,1,0.0,0.0,,8,2,7,0.0,0,6,1,224,3,2,30,0,3.0,1,24,3,0.0,12,0.0,0.0
2,3,2.0,4436,13,1,5,2,1,128,1,0.0,0.0,,12,2,12,0.0,3,2,1,2522,3,2,10,0,3.0,1,24,3,0.0,33,0.0,0.0
1,3,2.0,3706,16,1,10,2,1,407,1,0.0,0.0,,8,2,3,0.0,3,4,2,1712,3,2,30,0,4.0,1,24,3,0.0,11,0.0,0.0
1,3,2.0,7150,21,1,7,1,1,245,1,0.0,0.0,,8,2,10,0.0,3,2,1,2511,1,2,30,0,4.0,1,15,3,0.0,19,0.0,0.0
2,3,2.0,2100,12,1,12,2,1,296,1,0.0,0.0,,8,2,15,0.0,3,3,1,1432,3,2,30,0,2.0,1,24,3,0.0,18,0.0,0.0
2,3,2.0,1200,12,1,12,1,1,93,1,0.0,0.0,,6,1,0,0.0,3,7,1,612,3,2,35,0,3.0,1,24,13,0.0,5,0.0,0.0
2,3,2.0,641,5,0,4,2,5,27,1,0.0,0.0,,8,2,7,0.0,0,7,10,533,5,2,15,4,1.0,1,31,3,0.0,33,0.0,0.0
2,3,2.0,430,12,1,3,1,1,313,1,0.0,0.0,,8,1,0,0.0,1,6,1,1214,3,2,30,0,2.0,1,24,13,0.0,33,0.0,0.0
0,3,2.0,15,12,1,12,1,1,537,1,0.0,0.0,,8,2,7,0.0,2,7,1,1122,3,2,20,0,1.0,1,31,3,0.0,33,0.0,0.0
2,3,2.0,2295,17,1,2,2,1,128,1,0.0,0.0,,6,2,0,0.0,3,4,1,1434,3,2,30,0,2.0,1,24,3,0.0,35,0.0,0.0
2,3,2.0,520,17,1,3,1,1,599,1,0.0,0.0,,12,2,7,0.0,3,5,1,124,3,2,30,0,1.0,1,24,3,0.0,33,0.0,0.0
2,3,2.0,2051,10,1,5,1,1,464,1,0.0,0.0,,2,2,7,0.0,1,6,1,1431,3,2,25,0,1.0,1,24,3,0.0,21,0.0,0.0
1,3,2.0,3734,18,1,11,2,1,92,1,0.0,0.0,,3,2,16,0.0,3,3,6,833,1,2,30,5,3.0,1,24,3,0.0,18,0.0,0.0
1,3,2.0,800,3,1,6,1,5,103,1,0.0,0.0,,8,1,10,0.0,0,1,1,632,1,2,30,4,2.0,1,31,14,0.0,33,0.0,0.0
0,3,2.0,1600,22,1,9,1,5,389,1,0.0,0.0,,13,1,10,0.0,1,6,1,1814,1,2,30,4,2.0,1,31,14,0.0,19,0.0,0.0
1,3,2.0,1255,10,0,8,1,1,207,1,0.0,1.0,,8,2,8,0.0,1,7,6,1824,3,3,30,5,1.0,1,31,3,0.0,18,1.0,0.0
2,3,1.0,4400,1,0,4,2,1,356,1,0.0,0.0,,6,1,2,0.0,3,3,1,1113,1,2,30,5,1.0,1,31,14,0.0,17,0.0,0.0
2,3,2.0,1831,15,1,8,2,1,388,1,0.0,0.0,,8,2,10,0.0,2,4,1,1012,3,2,30,0,4.0,1,17,3,0.0,27,0.0,0.0
2,3,2.0,30,9,1,9,1,5,219,1,0.0,0.0,,3,5,10,0.0,3,4,1,113,3,2,30,0,2.0,1,31,14,0.0,9,0.0,0.0
1,3,2.0,1400,16,0,11,2,1,585,1,0.0,1.0,,10,1,9,0.0,2,1,1,1021,4,3,30,0,1.0,1,31,13,0.0,18,1.0,0.0
2,3,1.0,3430,13,1,5,2,3,128,1,0.0,0.0,,0,2,5,0.0,3,6,1,1413,3,2,5,0,1.0,1,31,3,0.0,12,0.0,0.0
2,3,3.0,7699,8,0,3,2,5,575,1,0.0,0.0,,6,1,16,0.0,2,3,1,411,3,2,30,0,4.0,1,24,14,0.0,33,0.0,0.0
2,3,2.0,4132,11,0,4,2,1,57,1,0.0,0.0,,8,1,0,0.0,3,6,1,815,3,2,30,0,2.0,1,24,13,0.0,18,0.0,0.0
2,3,2.0,820,15,1,5,1,5,149,1,0.0,0.0,,1,2,7,0.0,3,3,1,1915,3,2,30,0,2.0,1,31,3,0.0,33,0.0,0.0
2,3,2.0,3208,2,1,9,1,5,313,1,0.0,0.0,,8,5,10,0.0,1,7,1,1924,1,2,30,4,3.0,1,24,2,0.0,33,0.0,0.0
2,5,2.0,9700,8,0,6,2,2,457,1,0.0,1.0,,2,1,10,0.0,2,6,1,511,3,3,30,0,1.0,1,24,14,0.0,33,1.0,0.0
1,3,2.0,3100,10,1,10,1,5,91,1,0.0,0.0,,12,5,11,0.0,3,3,10,835,5,2,10,5,2.0,1,24,15,0.0,33,0.0,0.0
0,3,2.0,59,12,1,2,1,5,611,1,0.0,0.0,,10,5,15,0.0,0,6,10,113,5,2,30,4,2.0,1,31,15,0.0,33,0.0,0.0
1,3,2.0,2000,10,1,5,1,1,183,1,0.0,0.0,,10,1,16,0.0,2,4,1,1235,3,2,30,0,3.0,1,31,14,0.0,8,0.0,0.0
2,3,2.0,1440,2,1,2,2,1,571,1,0.0,0.0,,8,2,7,0.0,3,5,6,2423,0,2,30,5,1.0,1,10,3,0.0,24,0.0,0.0
2,3,2.0,1520,23,1,2,1,1,234,1,0.0,0.0,,8,2,0,0.0,1,5,1,1424,1,2,30,0,2.0,1,31,3,0.0,33,0.0,0.0
0,3,2.0,221,7,1,12,1,1,131,1,0.0,0.0,,8,2,15,0.0,1,4,1,1215,3,2,30,0,3.0,1,24,3,0.0,23,0.0,0.0
1,3,2.0,6540,22,1,5,2,1,151,1,0.0,0.0,,12,2,7,0.0,3,1,10,1632,0,2,10,0,2.0,1,15,3,0.0,17,0.0,0.0
0,3,2.0,21,16,1,12,2,1,83,1,0.0,0.0,,8,2,15,0.0,3,7,1,731,1,2,30,0,2.0,1,20,3,0.0,23,0.0,0.0
1,3,2.0,1101,17,1,6,1,1,304,1,0.0,0.0,,3,1,10,0.0,3,5,1,1214,3,2,30,0,2.0,1,24,14,0.0,19,0.0,0.0
1,3,2.0,1300,20,1,11,1,1,632,1,0.0,0.0,,2,1,10,0.0,2,5,1,1023,1,2,30,0,3.0,1,15,14,0.0,19,0.0,0.0
2,3,2.0,39,9,0,1,2,1,52,1,0.0,1.0,,8,2,0,0.0,0,3,8,215,3,3,30,3,1.0,1,34,13,0.0,18,1.0,0.0
0,3,2.0,9900,5,1,12,1,1,313,1,0.0,0.0,,2,1,16,0.0,2,2,1,2232,3,2,30,0,3.0,1,16,14,0.0,24,0.0,0.0
2,3,2.0,6628,10,1,3,1,1,546,1,0.0,0.0,,8,2,7,0.0,2,7,1,831,3,2,20,0,1.0,1,31,3,0.0,33,0.0,0.0
1,3,2.0,4224,14,0,10,2,1,569,1,0.0,1.0,,8,2,8,0.0,1,6,1,1915,3,3,30,0,1.0,1,24,3,0.0,33,1.0,0.0
0,3,2.0,6033,14,1,1,2,5,187,1,0.0,0.0,,10,2,7,0.0,2,1,9,712,4,2,25,3,1.0,1,31,3,0.0,36,0.0,0.0
1,3,2.0,2787,14,1,1,1,1,245,1,0.0,0.0,,8,1,16,0.0,3,6,1,1411,3,2,30,0,2.0,1,24,14,0.0,33,0.0,0.0
0,3,2.0,4017,17,1,7,2,1,499,1,0.0,0.0,,8,2,15,0.0,3,2,1,1013,3,2,30,0,3.0,1,24,3,0.0,18,0.0,0.0
0,3,2.0,1232,16,0,12,1,1,199,1,0.0,1.0,,8,1,10,0.0,3,6,1,1213,4,4,30,0,1.0,1,24,3,0.0,12,0.0,1.0
1,3,1.0,4301,20,0,11,2,1,615,0,0.0,1.0,,8,5,2,0.0,2,3,1,215,1,3,35,0,0.0,1,31,15,0.0,33,1.0,0.0
2,3,2.0,10148,17,1,7,2,5,273,1,0.0,0.0,,8,2,7,0.0,2,3,1,431,3,2,30,0,1.0,1,19,3,0.0,21,0.0,0.0
2,3,4.0,4130,16,1,5,2,1,304,1,0.0,0.0,,8,1,0,0.0,3,3,1,2534,3,2,30,0,4.0,1,24,13,0.0,18,0.0,0.0
2,3,2.0,3137,12,1,9,1,1,282,1,0.0,0.0,,8,2,7,0.0,3,7,1,2411,3,2,30,0,1.0,1,24,3,0.0,25,0.0,0.0
2,3,2.0,4863,6,0,11,2,1,191,1,0.0,0.0,,8,1,16,0.0,1,5,1,1623,3,2,30,0,2.0,1,24,13,0.0,24,0.0,0.0
2,3,2.0,4758,10,1,10,1,5,413,1,0.0,0.0,,2,5,16,0.0,3,5,1,1131,3,2,30,4,2.0,1,24,14,0.0,25,0.0,0.0
2,3,1.0,3380,3,0,6,2,1,103,1,0.0,0.0,,2,2,2,0.0,3,1,1,834,1,2,35,0,1.0,1,31,3,0.0,22,0.0,0.0
2,3,2.0,3904,17,1,8,2,1,57,1,0.0,0.0,,8,2,7,0.0,3,7,1,821,3,2,30,0,1.0,1,31,3,0.0,33,0.0,0.0
2,3,2.0,2392,10,1,11,1,1,464,1,0.0,0.0,,8,2,10,0.0,1,5,9,1414,3,2,30,3,2.0,1,24,3,0.0,19,0.0,0.0
1,3,2.0,2140,21,1,4,1,1,191,1,0.0,0.0,,2,2,15,0.0,1,3,6,2515,1,2,35,5,2.0,1,24,3,0.0,23,0.0,0.0
2,3,2.0,3250,15,1,2,1,5,644,1,0.0,0.0,,8,5,10,0.0,2,1,9,912,3,2,30,3,3.0,1,24,14,0.0,36,0.0,0.0
2,3,2.0,4700,11,1,1,2,5,645,1,0.0,0.0,,6,2,0,0.0,2,3,1,222,3,2,30,0,2.0,1,6,14,0.0,18,0.0,0.0
0,3,2.0,1417,7,0,4,2,5,60,1,0.0,1.0,,2,2,8,0.0,3,4,1,934,3,4,30,4,1.0,1,24,3,0.0,27,0.0,1.0
2,3,2.0,7101,3,0,8,2,1,632,1,0.0,0.0,,8,1,10,0.0,2,7,1,832,1,2,30,0,3.0,1,31,14,0.0,17,0.0,0.0
1,3,1.0,8700,5,1,9,1,1,362,1,0.0,0.0,,2,2,2,0.0,2,1,10,412,1,2,30,4,2.0,1,24,3,0.0,33,0.0,0.0
1,3,3.0,11133,17,1,8,2,4,368,1,0.0,0.0,,8,2,10,0.0,2,7,1,2211,3,2,30,0,3.0,1,7,3,0.0,33,0.0,0.0
2,3,2.0,7400,19,0,5,2,1,115,1,0.0,1.0,,8,1,15,0.0,2,7,1,733,3,3,30,0,2.0,1,31,13,0.0,33,1.0,0.0
0,3,2.0,3441,18,1,9,2,1,407,1,0.0,0.0,,8,2,10,0.0,3,3,1,1723,3,2,30,0,2.0,1,24,3,0.0,19,0.0,0.0
1,3,3.0,1090,13,1,11,1,1,435,1,0.0,0.0,,8,1,10,0.0,3,1,1,2432,3,2,25,0,6.0,1,11,14,0.0,21,0.0,0.0
0,3,2.0,3957,7,1,11,2,1,133,1,0.0,0.0,,8,2,15,0.0,3,3,1,1112,3,2,30,0,4.0,1,31,3,0.0,23,0.0,0.0
1,3,2.0,4535,18,1,4,2,1,245,1,0.0,0.0,,2,2,10,0.0,3,6,1,2521,3,2,30,0,2.0,1,24,3,0.0,33,0.0,0.0
1,3,2.0,6001,19,0,10,2,5,245,1,0.0,1.0,,8,1,8,0.0,3,6,6,2512,1,1,35,0,1.0,1,31,14,1.0,6,0.0,0.0
2,3,2.0,902,16,1,10,2,1,520,1,0.0,0.0,,11,2,7,0.0,1,4,6,1511,4,2,30,5,2.0,1,24,3,0.0,33,0.0,0.0
2,3,2.0,3207,15,1,6,1,1,245,1,0.0,0.0,,8,1,10,0.0,3,5,2,1412,3,2,30,0,3.0,1,24,14,0.0,33,0.0,0.0
2,4,2.0,2000,16,1,12,1,1,103,1,0.0,0.0,,6,1,10,0.0,3,3,1,614,3,2,30,0,2.0,1,31,14,0.0,26,0.0,0.0
2,3,2.0,7525,14,1,6,1,1,146,1,0.0,0.0,,8,2,7,0.0,3,2,10,2511,5,2,30,4,1.0,1,24,3,0.0,33,0.0,0.0
1,3,2.0,4534,15,1,8,2,5,580,1,0.0,0.0,,10,2,7,0.0,1,4,10,1724,5,2,20,0,1.0,1,31,3,0.0,33,0.0,0.0
1,3,2.0,5152,12,1,8,1,1,204,1,0.0,0.0,,8,2,10,0.0,1,2,1,1621,3,2,30,0,2.0,1,24,3,0.0,33,0.0,0.0
2,3,3.0,320,8,0,3,2,1,401,1,0.0,0.0,,8,2,7,0.0,1,4,1,1523,3,2,30,0,1.0,1,25,3,0.0,26,0.0,0.0
1,3,2.0,2200,15,1,5,1,1,296,1,0.0,0.0,,8,2,13,0.0,3,6,1,1432,3,2,30,0,3.0,1,24,3,0.0,33,0.0,0.0
1,3,2.0,4953,2,1,3,1,5,169,1,0.0,0.0,,8,1,10,0.0,1,1,10,2033,1,2,30,4,2.0,1,31,14,0.0,33,0.0,0.0
2,3,2.0,600,15,1,9,1,1,583,1,0.0,0.0,,8,1,16,0.0,1,6,1,1834,3,2,30,0,2.0,1,24,14,0.0,23,0.0,0.0
2,3,2.0,501,9,1,7,1,1,629,1,0.0,0.0,,8,1,10,0.0,2,7,1,123,3,2,25,0,2.0,1,24,14,0.0,19,0.0,0.0
1,3,2.0,1331,14,0,8,2,1,247,1,0.0,0.0,,2,1,16,0.0,3,4,1,1213,3,2,30,0,2.0,1,16,14,0.0,6,0.0,0.0
2,3,3.0,500,12,0,3,2,1,632,1,0.0,0.0,,2,1,16,0.0,1,4,1,1221,3,2,30,0,4.0,1,24,14,0.0,18,0.0,0.0
2,3,2.0,1703,15,1,12,1,5,484,1,0.0,0.0,,2,2,7,0.0,2,3,10,1235,3,2,30,4,3.0,1,24,3,0.0,12,0.0,0.0
2,3,2.0,7500,18,0,7,1,5,309,1,0.0,0.0,,5,5,16,0.0,2,2,1,624,3,2,30,0,2.0,1,31,15,0.0,33,0.0,0.0
2,3,1.0,10031,8,0,11,2,1,423,1,0.0,0.0,,8,2,2,0.0,2,7,1,2213,3,2,30,0,1.0,1,22,3,0.0,17,0.0,0.0
2,3,2.0,1099,16,1,6,1,1,615,1,0.0,0.0,,11,1,0,0.0,2,4,6,123,3,2,35,5,2.0,1,24,14,0.0,25,0.0,0.0
2,3,2.0,4600,9,1,2,2,1,386,1,0.0,0.0,,8,2,14,0.0,2,6,1,815,3,2,30,0,3.0,1,10,3,0.0,23,0.0,0.0
1,3,2.0,1643,18,1,1,1,1,399,1,0.0,0.0,,8,2,7,0.0,1,7,10,2533,3,2,30,4,1.0,1,31,3,0.0,33,0.0,0.0
2,3,2.0,3001,9,1,12,1,1,178,1,0.0,0.0,,8,1,10,0.0,1,5,1,1411,3,2,30,0,3.0,1,31,14,0.0,19,0.0,0.0
1,3,2.0,2125,8,0,4,1,5,414,1,0.0,1.0,,8,1,10,0.0,1,4,1,1812,3,4,30,0,2.0,1,24,14,0.0,33,0.0,1.0
2,3,2.0,1100,12,1,8,1,1,215,1,0.0,0.0,,2,2,10,0.0,2,2,1,114,3,2,35,0,2.0,1,24,3,0.0,25,0.0,0.0
2,3,2.0,1902,17,1,7,1,1,406,1,0.0,0.0,,10,1,7,0.0,2,7,1,1014,3,2,30,0,1.0,0,31,13,0.0,33,0.0,0.0
2,3,2.0,7555,16,1,9,1,1,632,1,0.0,0.0,,8,2,15,0.0,1,5,1,2411,3,2,30,0,2.0,1,21,3,0.0,25,0.0,0.0
0,3,2.0,1057,13,1,3,2,5,291,1,0.0,0.0,,2,2,7,0.0,3,6,1,2024,3,2,30,0,1.0,1,24,3,0.0,33,0.0,0.0
2,3,2.0,4400,17,1,1,1,5,134,1,0.0,0.0,,3,1,10,0.0,1,3,10,1622,5,2,30,4,2.0,1,31,14,0.0,33,0.0,0.0
1,3,2.0,343,22,1,4,1,1,457,1,0.0,0.0,,8,1,16,0.0,1,5,1,114,1,2,35,0,2.0,1,24,14,0.0,24,0.0,0.0
1,3,1.0,2758,7,1,2,1,3,489,1,0.0,0.0,,2,1,2,0.0,3,5,1,1421,3,2,30,0,1.0,0,24,14,0.0,30,0.0,0.0
1,3,2.0,1601,7,1,5,1,1,352,1,0.0,0.0,,11,2,10,0.0,2,4,6,132,3,2,35,5,2.0,1,31,3,0.0,12,0.0,0.0
2,3,2.0,7100,20,1,7,1,1,588,1,0.0,0.0,,2,1,10,0.0,2,2,1,323,1,2,30,0,2.0,1,24,14,0.0,33,0.0,0.0
2,3,2.0,1229,20,1,5,2,1,587,1,0.0,0.0,,8,1,16,0.0,1,2,1,1824,1,2,30,0,2.0,1,15,13,0.0,18,0.0,0.0
2,3,2.0,1217,17,1,1,1,1,599,1,0.0,0.0,,8,1,10,0.0,3,3,6,1231,3,2,30,5,2.0,1,24,14,0.0,33,0.0,0.0
2,3,2.0,1649,14,1,4,2,1,151,1,0.0,0.0,,8,2,15,0.0,3,6,6,1931,3,2,30,5,2.0,1,31,3,0.0,36,0.0,0.0
2,3,2.0,1395,13,0,4,2,1,464,1,0.0,0.0,,2,1,10,0.0,1,6,1,1433,3,2,30,0,2.0,1,24,14,0.0,33,0.0,0.0
2,4,2.0,400,10,0,11,2,1,313,1,0.0,0.0,,6,1,0,0.0,1,7,2,1214,3,2,30,5,2.0,1,24,13,0.0,18,0.0,0.0
2,3,2.0,901,19,1,11,1,1,343,1,0.0,0.0,,2,1,0,0.0,1,6,9,1823,0,2,30,1,2.0,1,5,13,0.0,5,0.0,0.0
1,3,2.0,7158,9,0,4,2,1,313,0,0.0,1.0,,6,2,9,0.0,2,5,1,733,3,3,30,0,1.0,1,15,3,0.0,28,1.0,0.0
2,3,2.0,5699,16,1,6,1,1,232,1,0.0,0.0,,8,2,10,0.0,1,6,1,1614,3,2,30,0,2.0,1,24,3,0.0,19,0.0,0.0
1,3,2.0,7549,12,1,6,2,5,537,1,0.0,0.0,,8,2,10,0.0,2,7,1,833,3,2,30,0,5.0,1,24,3,0.0,29,0.0,0.0
2,3,2.0,2000,19,0,10,2,1,594,1,0.0,1.0,,2,2,8,0.0,3,3,1,1911,1,3,30,5,1.0,1,31,3,0.0,18,1.0,0.0
1,3,2.0,5950,12,1,8,1,1,304,1,0.0,0.0,,8,1,10,0.0,3,4,1,2515,3,2,30,0,2.0,1,24,14,0.0,17,0.0,0.0
1,3,2.0,1596,7,1,4,1,1,321,1,0.0,0.0,,3,1,10,0.0,3,2,1,1231,3,2,30,0,2.0,1,24,14,0.0,33,0.0,0.0
0,3,2.0,1359,16,0,10,2,1,81,1,0.0,1.0,,6,1,9,0.0,3,5,6,734,3,3,30,5,1.0,1,31,14,0.0,6,1.0,0.0
2,3,2.0,4200,16,0,5,2,1,256,1,0.0,0.0,,6,2,16,0.0,2,7,1,213,3,2,30,5,4.0,1,31,3,0.0,33,0.0,0.0
2,3,2.0,3400,7,0,12,2,1,151,1,0.0,1.0,,8,1,16,0.0,3,1,1,1732,3,1,35,0,1.0,1,24,14,1.0,18,0.0,0.0
2,3,2.0,2610,20,0,7,2,5,526,1,0.0,1.0,,6,5,8,0.0,3,2,1,911,2,1,35,0,3.0,1,31,14,1.0,18,0.0,0.0
2,3,3.0,3800,15,1,2,2,1,632,1,0.0,0.0,,3,1,10,0.0,2,4,9,911,3,2,30,3,3.0,1,10,14,0.0,17,0.0,0.0
1,3,2.0,3003,6,1,4,2,1,604,1,0.0,0.0,,12,2,7,0.0,3,3,1,2411,3,2,15,0,1.0,1,24,3,0.0,33,0.0,0.0
2,3,2.0,4354,12,1,11,2,1,191,1,0.0,0.0,,8,1,16,0.0,1,6,1,1624,3,2,30,0,2.0,1,24,14,0.0,18,0.0,0.0
2,3,1.0,1525,0,1,2,1,1,83,1,0.0,0.0,,10,2,2,0.0,0,1,1,324,1,2,30,3,1.0,1,24,3,0.0,33,0.0,0.0
2,3,2.0,1000,20,1,5,1,5,207,1,0.0,0.0,,8,1,11,0.0,2,4,1,123,1,2,30,0,2.0,1,10,14,0.0,12,0.0,0.0
0,3,2.0,6699,16,1,11,1,1,226,1,0.0,0.0,,8,5,10,0.0,3,3,1,2513,1,2,30,1,2.0,1,24,15,0.0,17,0.0,0.0
0,3,3.0,625,19,1,12,1,1,388,1,0.0,0.0,,8,1,10,0.0,2,7,1,1131,1,2,30,0,3.0,1,31,14,0.0,33,0.0,0.0
2,3,2.0,5959,9,1,9,1,1,296,1,0.0,0.0,,6,5,0,0.0,3,2,6,2515,3,2,30,5,2.0,1,16,14,0.0,18,0.0,0.0
2,3,2.0,160,15,1,3,1,1,630,1,0.0,0.0,,10,2,7,0.0,3,2,1,1824,3,2,30,0,1.0,1,24,3,0.0,19,0.0,0.0
1,3,3.0,1831,20,1,11,1,1,407,1,0.0,0.0,,8,2,10,0.0,3,6,1,1912,1,2,35,0,3.0,1,24,13,0.0,25,0.0,0.0
1,3,2.0,1600,9,1,8,2,5,65,1,0.0,0.0,,6,1,10,0.0,0,1,1,234,3,2,30,4,2.0,1,24,14,0.0,25,0.0,0.0
2,3,2.0,5542,15,1,3,1,1,489,1,0.0,0.0,,8,2,15,0.0,3,2,1,2532,3,2,30,0,3.0,1,31,3,0.0,23,0.0,0.0
2,3,2.0,200,14,1,11,2,5,561,1,0.0,0.0,,10,5,7,0.0,3,6,1,1821,3,2,30,4,1.0,1,24,15,0.0,25,0.0,0.0
1,3,2.0,5558,13,1,3,1,1,296,1,0.0,0.0,,8,1,10,0.0,3,5,1,2515,3,2,30,5,2.0,1,15,14,0.0,21,0.0,0.0
1,3,2.0,6037,15,1,7,1,1,368,1,0.0,0.0,,8,2,15,0.0,2,6,2,823,3,2,30,0,3.0,1,24,3,0.0,25,0.0,0.0
1,3,2.0,10000,23,1,6,2,1,501,1,0.0,0.0,,12,2,7,0.0,3,5,1,1651,1,2,30,0,1.0,1,24,3,0.0,35,0.0,0.0
0,3,2.0,3855,13,1,7,1,1,247,1,0.0,0.0,,8,2,7,0.0,3,3,1,1112,3,2,30,0,1.0,1,15,3,0.0,23,0.0,0.0
1,3,3.0,5746,14,0,3,2,5,632,1,0.0,1.0,,8,2,14,0.0,1,1,1,2011,3,4,30,0,4.0,1,31,3,0.0,22,0.0,1.0
0,3,2.0,5703,14,0,4,1,1,569,1,0.0,1.0,,3,1,10,0.0,1,4,1,2022,3,4,25,0,3.0,1,31,14,0.0,19,0.0,1.0
2,3,2.0,5700,20,0,9,2,1,569,1,0.0,1.0,,8,1,9,0.0,1,4,1,2022,1,3,30,0,1.0,1,15,14,0.0,12,1.0,0.0
0,3,2.0,4659,10,0,8,2,1,204,1,0.0,1.0,,12,2,9,0.0,2,1,1,815,3,3,15,0,1.0,1,24,3,0.0,33,1.0,0.0
2,3,2.0,3229,18,0,4,2,1,401,1,0.0,1.0,,2,2,16,0.0,1,4,1,1634,3,3,30,0,2.0,1,24,13,0.0,18,1.0,0.0
2,3,3.0,5334,17,1,8,1,1,313,1,0.0,0.0,,8,2,10,0.0,2,4,1,934,3,2,30,0,5.0,1,31,15,0.0,33,0.0,0.0
1,3,2.0,5631,8,1,10,2,5,623,1,0.0,0.0,,2,2,10,0.0,3,7,1,1513,3,2,30,0,2.0,1,31,3,0.0,26,0.0,0.0
1,3,2.0,1298,11,1,11,1,1,551,1,0.0,0.0,,8,2,7,0.0,3,3,1,2433,3,2,30,0,1.0,1,24,3,0.0,33,0.0,0.0
2,3,2.0,1830,12,1,8,1,1,402,1,0.0,0.0,,8,2,7,0.0,1,4,10,1813,5,2,30,4,1.0,1,31,3,0.0,33,0.0,0.0
1,3,2.0,9500,0,1,6,1,5,590,1,0.0,0.0,,18,5,10,0.0,2,4,10,511,5,2,35,4,2.0,1,24,15,0.0,33,0.0,0.0
1,3,1.0,6700,11,1,8,1,1,576,1,0.0,0.0,,8,2,2,0.0,2,2,1,331,3,2,15,0,1.0,1,24,3,0.0,25,0.0,0.0
2,3,2.0,2737,15,1,2,2,2,406,1,0.0,0.0,,0,2,2,0.0,1,1,1,2524,3,2,15,3,1.0,1,24,3,0.0,17,0.0,0.0
2,3,2.0,922,13,1,11,1,1,550,1,0.0,0.0,,10,2,16,0.0,3,7,1,1924,3,2,25,0,3.0,1,24,3,0.0,24,0.0,0.0
2,3,2.0,624,16,0,9,2,1,207,1,0.0,2.0,,18,1,0,0.0,1,2,1,1832,3,4,35,0,1.0,1,10,14,0.0,6,0.0,2.0
2,3,2.0,12659,13,0,2,2,1,313,1,0.0,1.0,,6,1,16,0.0,2,5,1,523,3,4,30,0,1.0,1,22,14,0.0,24,0.0,1.0
1,3,2.0,5600,16,1,7,1,1,335,1,0.0,0.0,,10,1,0,0.0,2,4,1,822,3,2,30,5,2.0,1,24,13,0.0,5,0.0,0.0
2,3,3.0,6100,23,1,4,2,1,406,1,0.0,0.0,,6,1,7,0.0,2,7,10,823,0,2,30,4,1.0,1,24,13,0.0,24,0.0,0.0
0,3,2.0,700,7,1,9,2,1,457,1,0.0,0.0,,3,1,15,0.0,1,2,1,1834,3,2,30,0,2.0,1,20,14,0.0,18,0.0,0.0
2,3,2.0,2801,21,0,3,1,1,420,1,0.0,1.0,,17,2,9,0.0,3,5,1,1414,1,3,30,0,1.0,1,31,3,0.0,18,1.0,0.0
2,3,1.0,4607,6,1,1,2,1,70,1,0.0,0.0,,8,2,2,0.0,3,6,9,813,1,2,30,3,1.0,1,24,3,0.0,36,0.0,0.0
1,3,2.0,207,12,0,1,2,1,193,1,0.0,1.0,,6,1,10,0.0,3,3,1,914,3,3,30,0,1.0,1,24,14,0.0,33,1.0,0.0
1,3,2.0,7857,17,1,6,1,1,575,1,0.0,0.0,,8,2,3,0.0,2,5,1,411,3,2,30,0,4.0,1,31,3,0.0,33,0.0,0.0
2,3,2.0,2749,18,1,10,1,1,126,1,0.0,0.0,,2,2,15,0.0,2,7,1,913,3,2,30,0,2.0,1,24,3,0.0,33,0.0,0.0
1,3,2.0,9701,23,1,11,1,1,428,1,0.0,0.0,,10,2,7,0.0,2,5,10,2223,1,2,20,4,1.0,1,31,3,0.0,33,0.0,0.0
2,3,2.0,1701,7,1,10,1,1,321,1,0.0,0.0,,11,1,16,0.0,3,6,1,1231,3,2,30,0,3.0,1,24,14,0.0,18,0.0,0.0
2,3,2.0,3999,23,0,5,2,1,57,1,0.0,2.0,,6,1,0,0.0,3,6,1,821,1,3,30,0,3.0,1,25,14,0.0,11,2.0,0.0
2,3,2.0,5360,18,1,3,1,5,247,1,0.0,0.0,,12,2,13,0.0,3,5,1,2532,3,2,10,0,3.0,1,31,3,0.0,33,0.0,0.0
2,3,2.0,2906,11,1,4,1,5,530,1,0.0,0.0,,8,5,14,0.0,1,7,10,1934,5,2,30,4,3.0,1,31,15,0.0,33,0.0,0.0
2,3,3.0,1601,17,1,5,1,1,388,1,0.0,0.0,,8,1,10,0.0,2,4,1,1012,3,2,30,0,4.0,1,15,14,0.0,17,0.0,0.0
1,3,2.0,514,16,1,3,1,1,399,1,0.0,0.0,,8,2,7,0.0,1,6,1,1532,3,2,30,0,1.0,1,31,3,0.0,33,0.0,0.0
2,3,2.0,5300,12,1,3,1,1,645,1,0.0,0.0,,2,1,15,0.0,2,4,1,233,3,2,30,0,2.0,1,31,14,0.0,33,0.0,0.0
2,3,2.0,358,16,0,6,2,1,555,1,0.0,1.0,,2,1,16,0.0,2,1,1,1124,3,4,30,0,1.0,1,24,14,0.0,33,0.0,1.0
2,3,2.0,428,14,1,6,1,1,247,1,0.0,0.0,,12,2,16,0.0,3,1,1,1821,3,2,10,0,2.0,1,24,3,0.0,8,0.0,0.0
2,3,2.0,2523,17,1,4,1,1,369,1,0.0,0.0,,8,2,10,0.0,1,7,1,1414,3,2,30,0,2.0,1,24,3,0.0,19,0.0,0.0
1,3,2.0,345,17,1,6,2,5,401,1,0.0,0.0,,8,2,10,0.0,1,5,6,1532,3,2,30,5,3.0,1,31,3,0.0,36,0.0,0.0
1,3,2.0,3760,8,1,9,1,1,305,1,0.0,0.0,,8,2,7,0.0,3,2,1,1711,3,2,30,0,1.0,1,31,3,0.0,33,0.0,0.0
2,3,2.0,221,17,1,5,1,1,230,1,0.0,0.0,,3,2,11,0.0,0,6,1,132,3,2,30,0,2.0,1,31,3,0.0,33,0.0,0.0
0,3,2.0,3520,4,1,5,1,1,614,1,0.0,0.0,,8,2,7,0.0,3,5,10,1422,1,2,30,0,1.0,1,24,3,0.0,33,0.0,0.0
2,3,2.0,3958,16,0,11,2,1,296,1,0.0,1.0,,6,1,16,0.0,3,2,6,2524,4,3,30,5,2.0,1,21,14,0.0,18,1.0,0.0
2,3,3.0,4349,5,1,5,2,1,355,1,0.0,0.0,,2,2,7,0.0,3,6,1,1731,2,2,35,0,1.0,1,24,3,0.0,9,0.0,0.0
1,3,2.0,5316,19,1,12,1,1,464,1,0.0,0.0,,8,2,7,0.0,1,3,1,1622,1,2,30,0,1.0,1,24,3,0.0,33,0.0,0.0
2,3,2.0,725,4,0,11,1,1,588,1,0.0,1.0,,8,1,10,0.0,2,7,1,123,0,3,30,0,1.0,1,31,14,0.0,33,1.0,0.0
1,3,2.0,2810,17,1,2,1,1,131,1,0.0,0.0,,2,1,10,0.0,1,7,1,1931,3,2,30,0,2.0,1,31,14,0.0,33,0.0,0.0
0,3,2.0,1131,7,1,2,2,1,114,1,0.0,0.0,,18,1,16,0.0,3,4,1,2223,3,2,30,0,7.0,1,31,13,0.0,18,0.0,0.0
1,3,2.0,71,8,1,7,1,5,616,1,0.0,0.0,,3,5,15,0.0,2,5,10,122,5,2,30,4,5.0,1,31,15,0.0,33,0.0,0.0
0,3,2.0,3700,16,0,11,2,1,419,1,0.0,0.0,,6,1,0,0.0,1,1,2,1634,4,2,30,0,3.0,1,24,13,0.0,5,0.0,0.0
1,3,2.0,2317,7,1,8,1,1,204,1,0.0,0.0,,2,2,0,0.0,1,6,2,2522,3,2,30,0,3.0,1,31,3,0.0,21,0.0,0.0
1,3,2.0,2760,4,1,1,1,1,243,1,0.0,0.0,,8,2,10,0.0,3,3,6,2412,0,2,30,5,2.0,1,17,3,0.0,19,0.0,0.0
1,3,2.0,32,12,1,4,1,1,398,1,0.0,0.0,,10,2,16,0.0,0,3,1,111,3,2,30,0,3.0,1,31,14,0.0,18,0.0,0.0
2,0,2.0,9200,19,0,10,2,1,278,1,0.0,0.0,,2,2,14,0.0,2,7,6,424,4,2,35,5,3.0,1,34,3,0.0,16,0.0,0.0
1,3,2.0,742,18,1,7,1,5,389,1,0.0,0.0,,0,5,0,0.0,1,7,1,1832,3,2,30,0,2.0,1,24,15,0.0,25,0.0,0.0
1,3,2.0,3200,17,1,8,1,1,394,1,0.0,0.0,,3,2,15,0.0,1,4,1,1925,1,2,40,0,2.0,1,31,3,0.0,33,0.0,0.0
2,3,2.0,4700,17,1,8,1,1,281,1,0.0,0.0,,8,2,10,0.0,2,3,1,922,3,2,30,0,2.0,1,10,3,0.0,17,0.0,0.0
2,3,1.0,3855,7,0,8,2,1,390,1,0.0,2.0,,8,5,2,0.0,2,5,1,213,3,3,30,0,0.0,1,10,14,0.0,26,2.0,0.0
2,3,2.0,5400,5,0,1,2,1,243,1,0.0,1.0,,6,1,0,0.0,3,5,1,1621,1,4,30,0,1.0,1,31,14,0.0,33,0.0,1.0
1,3,2.0,654,15,1,6,2,5,280,1,0.0,0.0,,10,1,16,0.0,1,4,1,1834,3,2,30,0,2.0,1,20,14,0.0,22,0.0,0.0
1,3,2.0,4340,16,1,3,1,1,120,1,0.0,0.0,,2,1,15,0.0,3,2,1,1731,3,2,30,0,2.0,1,31,14,0.0,33,0.0,0.0
0,4,2.0,719,12,1,8,2,2,204,1,0.0,0.0,CONSTRUCTION,1,1,15,0.0,2,1,1,1131,3,2,30,0,2.0,1,34,14,0.0,33,0.0,0.0
2,3,2.0,5253,5,0,9,2,1,537,1,0.0,1.0,,8,2,16,0.0,2,3,1,822,1,3,30,0,2.0,1,20,3,0.0,22,1.0,0.0
2,3,2.0,3300,10,1,12,2,1,271,1,0.0,0.0,,12,2,7,0.0,2,6,1,915,3,2,15,3,1.0,1,31,3,0.0,33,0.0,0.0
2,3,2.0,1558,18,0,6,2,1,103,1,0.0,2.0,,2,1,16,0.0,3,1,1,614,3,3,30,0,3.0,1,31,14,0.0,24,2.0,0.0
2,3,1.0,10000,18,1,11,2,1,501,1,0.0,0.0,,11,2,2,0.0,3,1,1,1651,1,2,20,0,1.0,1,31,3,0.0,33,0.0,0.0
2,2,2.0,1001,15,1,9,1,5,396,1,0.0,0.0,,10,2,15,0.0,1,1,6,1824,4,2,30,5,3.0,1,31,3,0.0,36,0.0,0.0
1,3,2.0,2300,18,1,11,2,1,415,1,0.0,0.0,,8,1,7,0.0,1,7,9,1814,0,2,35,3,1.0,1,34,13,0.0,33,0.0,0.0
1,3,2.0,7129,7,1,10,1,1,368,1,0.0,0.0,,2,2,15,0.0,2,3,1,831,3,2,30,0,2.0,1,31,3,0.0,12,0.0,0.0
1,3,2.0,36,12,1,9,2,1,537,1,0.0,0.0,,2,2,10,0.0,2,1,1,1115,3,2,25,0,3.0,1,24,3,0.0,33,0.0,0.0
2,3,3.0,3027,6,1,2,2,1,104,1,0.0,0.0,,8,2,7,0.0,0,2,1,424,3,2,30,0,1.0,1,24,3,0.0,25,0.0,0.0
1,4,2.0,9255,9,1,5,2,5,632,1,0.0,0.0,,12,2,7,0.0,2,6,1,2221,3,2,30,0,1.0,1,24,3,0.0,33,0.0,0.0
2,3,2.0,2182,17,0,7,2,1,70,1,0.0,2.0,,8,2,10,0.0,3,3,1,715,3,3,30,0,3.0,1,24,3,0.0,17,2.0,0.0
1,3,2.0,5000,8,1,5,1,5,247,1,0.0,0.0,,8,5,10,0.0,3,3,1,2533,3,2,30,0,2.0,1,24,15,0.0,33,0.0,0.0
2,3,2.0,6200,15,1,12,1,1,178,1,0.0,0.0,,8,1,10,0.0,2,4,1,823,2,2,30,0,2.0,1,24,13,0.0,25,0.0,0.0
1,3,2.0,2004,16,0,10,1,5,388,1,0.0,1.0,,8,1,10,0.0,2,2,10,1012,3,3,30,5,1.0,1,17,10,0.0,19,1.0,0.0
2,3,2.0,2143,16,1,10,1,5,151,1,0.0,0.0,,8,2,10,0.0,3,5,1,1931,3,2,30,4,2.0,1,31,3,0.0,33,0.0,0.0
2,3,1.0,603,19,0,12,2,1,83,1,0.0,0.0,,9,1,2,0.0,0,2,6,323,1,2,30,5,1.0,1,24,14,0.0,25,0.0,0.0
1,3,2.0,8200,20,1,9,1,1,388,1,0.0,0.0,,6,2,0,0.0,2,4,1,834,1,2,30,0,3.0,1,31,13,0.0,33,0.0,0.0
2,3,2.0,11500,13,0,7,2,1,313,1,0.0,1.0,,3,1,16,0.0,2,3,1,524,3,3,25,0,1.0,1,24,14,0.0,33,1.0,0.0
1,3,3.0,3100,15,1,4,1,1,178,1,0.0,0.0,,8,1,10,0.0,2,6,1,1033,3,2,30,0,3.0,1,17,14,0.0,19,0.0,0.0
2,3,2.0,804,18,1,8,1,1,110,1,0.0,0.0,,10,2,10,0.0,3,5,1,2223,3,2,25,0,3.0,1,24,3,0.0,21,0.0,0.0
2,3,2.0,2401,8,1,11,1,1,499,1,0.0,0.0,,8,2,15,0.0,3,5,6,1023,3,2,35,5,3.0,1,31,3,0.0,33,0.0,0.0
2,3,2.0,7200,15,1,6,1,1,120,1,0.0,0.0,,8,2,10,0.0,3,4,1,1631,3,2,30,0,2.0,1,24,3,0.0,17,0.0,0.0
2,3,2.0,1009,8,0,1,2,1,70,1,0.0,4.0,,8,1,15,0.0,3,4,2,712,3,3,30,5,7.0,1,10,14,0.0,23,4.0,0.0
1,3,2.0,151,22,0,3,2,5,434,1,0.0,1.0,,3,2,10,0.0,0,5,1,114,1,4,30,0,1.0,1,17,3,0.0,8,0.0,1.0
0,3,2.0,3415,16,0,3,2,5,130,1,0.0,1.0,,8,2,9,0.0,3,5,1,1133,3,3,30,0,1.0,1,24,3,0.0,18,1.0,0.0
2,3,2.0,11600,20,1,6,1,1,355,1,0.0,0.0,,2,1,16,0.0,3,2,1,1654,5,2,30,0,2.0,1,22,14,0.0,18,0.0,0.0
2,3,2.0,723,20,1,4,2,1,394,1,0.0,0.0,,3,2,15,0.0,1,5,1,1834,1,2,40,0,2.0,1,15,3,0.0,23,0.0,0.0
2,3,2.0,11438,21,0,7,2,1,428,1,0.0,0.0,,8,2,7,0.0,2,2,1,2233,1,2,30,0,3.0,1,24,3,0.0,33,0.0,0.0
2,3,2.0,4000,17,1,8,1,1,151,1,0.0,0.0,,8,1,16,0.0,3,3,6,1731,3,2,30,5,2.0,1,31,14,0.0,23,0.0,0.0
1,3,2.0,1800,14,1,8,1,1,234,1,0.0,0.0,,2,5,2,0.0,2,1,2,1234,3,2,30,0,3.0,1,31,15,0.0,33,0.0,0.0
1,3,2.0,658,16,0,7,2,1,620,1,0.0,0.0,,8,2,7,0.0,3,7,2,1214,3,2,30,0,1.0,1,24,3,0.0,22,0.0,0.0
2,3,2.0,738,19,1,8,2,1,191,1,0.0,0.0,,2,2,7,0.0,1,1,1,1511,0,2,30,0,1.0,1,31,3,0.0,33,0.0,0.0
1,3,2.0,2933,12,1,4,1,5,569,1,0.0,0.0,,8,2,15,0.0,1,5,1,1934,3,2,30,4,2.0,1,24,3,0.0,22,0.0,0.0
2,3,2.0,5400,15,1,12,1,1,632,1,0.0,0.0,,8,1,10,0.0,2,1,1,923,3,2,30,0,2.0,1,31,14,0.0,19,0.0,0.0
0,3,2.0,7526,0,1,7,2,1,151,0,0.0,0.0,,8,2,8,0.0,3,7,1,1631,1,2,30,0,2.0,1,24,3,0.0,33,0.0,0.0
2,3,1.0,1205,18,1,10,1,1,356,1,0.0,0.0,,4,2,2,0.0,3,6,1,1231,1,2,30,0,1.0,1,19,3,0.0,12,0.0,0.0
2,3,2.0,1301,1,1,7,2,5,386,1,0.0,0.0,,17,1,15,0.0,2,2,1,1011,2,2,35,0,2.0,1,21,13,0.0,23,0.0,0.0
2,3,1.0,3601,16,0,5,2,1,130,1,0.0,0.0,,8,2,2,0.0,3,7,6,1133,3,2,30,5,1.0,1,24,3,0.0,36,0.0,0.0
2,3,2.0,3201,11,0,8,2,1,394,1,0.0,0.0,,2,1,10,0.0,1,1,1,1925,3,2,25,0,4.0,1,24,14,0.0,25,0.0,0.0
1,3,2.0,1600,2,1,12,1,1,629,1,0.0,0.0,,10,1,10,0.0,1,1,9,1814,1,2,35,3,2.0,1,31,14,0.0,33,0.0,0.0
2,3,1.0,2901,17,0,9,2,1,396,1,0.0,0.0,,3,2,2,0.0,2,7,1,133,3,2,45,0,1.0,1,24,3,0.0,25,0.0,0.0
2,3,2.0,4400,17,1,11,1,1,256,1,0.0,0.0,,15,2,14,0.0,2,2,9,215,4,2,30,3,2.0,1,34,3,0.0,35,0.0,0.0
2,3,2.0,7001,10,0,4,2,5,522,1,0.0,1.0,,6,1,0,0.0,2,7,2,735,3,4,30,0,3.0,1,31,13,0.0,18,0.0,1.0
2,3,2.0,6200,13,1,1,1,1,291,1,0.0,0.0,,8,2,10,0.0,3,6,1,1622,3,2,30,0,2.0,1,24,3,0.0,19,0.0,0.0
1,3,2.0,6700,7,1,4,2,1,558,1,0.0,0.0,,8,2,0,0.0,2,4,2,723,3,2,30,0,3.0,1,15,3,0.0,17,0.0,0.0
2,3,2.0,7500,16,1,5,1,1,589,1,0.0,0.0,,2,1,0,0.0,2,3,1,621,3,2,35,0,2.0,1,31,13,0.0,18,0.0,0.0
2,3,2.0,9000,13,0,8,2,4,229,1,0.0,3.0,,6,1,0,0.0,2,5,1,413,3,4,30,0,0.0,1,10,13,0.0,18,0.0,3.0
0,3,2.0,5701,14,1,9,2,1,204,1,0.0,0.0,,12,2,7,0.0,2,5,1,813,3,2,10,0,1.0,1,24,3,0.0,25,0.0,0.0
2,3,2.0,3358,17,0,4,2,1,41,1,0.0,1.0,,16,2,10,0.0,3,3,1,1024,3,4,25,0,1.0,1,10,3,0.0,19,0.0,1.0
1,3,2.0,444,8,0,4,2,5,83,1,0.0,0.0,,8,2,16,0.0,0,5,1,322,3,2,30,0,4.0,1,24,3,0.0,23,0.0,0.0
2,3,3.0,3330,7,0,8,2,1,57,1,0.0,0.0,,2,2,7,0.0,3,5,1,821,3,2,30,0,1.0,1,31,3,0.0,33,0.0,0.0
2,3,2.0,2400,11,1,10,1,1,396,1,0.0,0.0,,13,2,15,0.0,1,4,1,1935,3,2,40,0,2.0,1,21,3,0.0,23,0.0,0.0
2,3,2.0,1340,14,1,8,1,1,234,1,0.0,0.0,,8,2,7,0.0,2,3,1,1233,3,2,30,0,2.0,1,24,3,0.0,33,0.0,0.0
2,3,2.0,7009,18,1,11,1,5,522,1,0.0,0.0,,2,2,15,0.0,1,4,10,2423,5,2,25,4,2.0,1,24,3,0.0,18,0.0,0.0
2,3,3.0,5900,10,0,4,2,1,234,1,0.0,3.0,,6,1,0,0.0,2,6,5,714,3,3,30,4,3.0,1,31,14,0.0,33,3.0,0.0
0,3,2.0,2357,15,1,10,2,1,340,1,0.0,0.0,,6,1,16,0.0,3,4,1,2411,3,2,30,0,4.0,1,20,14,0.0,18,0.0,0.0
2,3,4.0,1610,19,1,1,2,1,470,1,0.0,0.0,,8,2,15,0.0,3,6,1,1912,1,2,30,0,2.0,1,25,3,0.0,12,0.0,0.0
2,3,2.0,7450,15,1,1,2,5,256,1,0.0,0.0,,8,2,14,0.0,2,6,1,323,3,2,30,3,2.0,1,24,3,0.0,33,0.0,0.0
2,3,2.0,4542,0,1,6,2,1,644,1,0.0,0.0,,2,2,7,0.0,2,1,6,924,1,2,30,5,1.0,1,24,3,0.0,33,0.0,0.0
2,3,3.0,5599,20,0,8,2,1,171,1,0.0,1.0,,2,1,0,0.0,3,6,1,1623,0,3,30,0,4.0,1,6,14,0.0,33,1.0,0.0
1,3,2.0,766,19,1,10,1,1,499,1,0.0,0.0,,15,2,16,0.0,1,4,1,1215,3,2,30,0,2.0,1,31,3,0.0,18,0.0,0.0
2,3,2.0,3200,17,1,5,2,5,204,1,0.0,0.0,,2,1,10,0.0,1,5,6,1634,3,2,30,5,2.0,1,24,14,0.0,17,0.0,0.0
1,3,2.0,6312,9,1,2,1,1,281,1,0.0,0.0,,10,2,15,0.0,1,2,1,2413,3,2,30,4,2.0,1,31,3,0.0,33,0.0,0.0
1,3,1.0,600,0,0,10,1,3,335,1,0.0,0.0,,8,2,5,0.0,2,2,6,1133,1,2,30,5,1.0,1,34,3,0.0,30,0.0,0.0
0,3,2.0,1213,10,1,5,1,1,34,1,0.0,0.0,,2,2,7,0.0,3,3,6,1233,3,2,30,5,1.0,1,31,3,0.0,33,0.0,0.0
2,3,2.0,3404,15,1,4,1,1,296,1,0.0,0.0,,2,2,7,0.0,3,2,1,1413,3,2,30,0,1.0,1,24,3,0.0,21,0.0,0.0
2,3,2.0,1313,16,1,12,1,1,604,1,0.0,0.0,,8,2,0,0.0,3,4,1,2423,3,2,30,0,2.0,1,24,3,0.0,18,0.0,0.0
2,3,2.0,2230,23,0,9,1,5,256,1,0.0,1.0,,8,2,15,0.0,2,6,1,132,0,3,30,0,1.0,1,31,3,0.0,23,1.0,0.0
2,3,2.0,2400,0,0,12,2,1,182,1,0.0,2.0,,8,1,0,0.0,2,1,1,914,1,3,30,5,2.0,1,15,13,0.0,6,2.0,0.0
2,3,3.0,8145,5,0,11,1,1,120,1,0.0,0.0,,8,4,7,0.0,3,5,1,1631,4,2,30,0,1.0,0,31,8,0.0,33,0.0,0.0
1,3,2.0,256,15,1,9,1,1,13,1,0.0,0.0,,8,2,15,0.0,0,3,1,513,3,2,30,0,4.0,1,21,3,0.0,23,0.0,0.0
2,3,2.0,551,10,1,3,1,1,204,1,0.0,0.0,,8,1,10,0.0,2,6,1,1131,3,2,30,0,3.0,1,24,13,0.0,17,0.0,0.0
2,3,2.0,10300,5,1,1,1,1,613,1,0.0,0.0,,2,1,10,0.0,2,4,1,2212,3,2,30,0,2.0,1,31,14,0.0,19,0.0,0.0
2,3,1.0,139,13,0,8,2,1,122,1,0.0,0.0,,0,2,2,0.0,2,3,1,1124,3,2,20,0,1.0,1,24,3,0.0,33,0.0,0.0
2,3,3.0,4102,15,1,7,1,1,401,1,0.0,0.0,,8,2,10,0.0,1,4,1,1624,3,2,30,0,3.0,1,24,3,0.0,33,0.0,0.0
2,3,2.0,801,5,1,7,1,1,81,1,0.0,0.0,,8,1,10,0.0,3,7,1,733,3,2,30,0,2.0,1,24,14,0.0,19,0.0,0.0
0,3,2.0,4945,5,1,4,1,1,569,1,0.0,0.0,,10,4,7,0.0,1,2,9,2024,3,2,20,3,1.0,1,31,5,0.0,33,0.0,0.0
0,3,2.0,1644,9,1,4,1,1,388,1,0.0,0.0,,2,2,10,0.0,1,4,6,2533,3,2,30,5,2.0,1,15,3,0.0,19,0.0,0.0
1,3,2.0,1346,22,1,3,1,5,34,1,0.0,0.0,,8,1,13,0.0,3,7,10,1233,5,2,25,4,2.0,1,31,14,0.0,33,0.0,0.0
1,3,2.0,5301,17,1,7,2,1,393,1,0.0,0.0,,3,1,15,0.0,2,1,6,234,3,2,30,5,2.0,1,31,14,0.0,33,0.0,0.0
2,3,1.0,6258,3,0,2,1,1,424,1,0.0,0.0,,6,1,2,0.0,2,1,1,713,1,2,30,0,1.0,1,22,14,0.0,34,0.0,0.0
2,3,2.0,1702,19,1,4,1,5,537,1,0.0,0.0,,2,1,10,0.0,1,7,1,2534,0,2,30,0,2.0,1,24,13,0.0,17,0.0,0.0
1,3,2.0,2159,14,1,5,1,1,319,1,0.0,0.0,,8,2,10,0.0,1,3,3,2512,3,2,30,5,2.0,1,15,3,0.0,19,0.0,0.0
2,3,2.0,6655,13,1,4,2,5,368,1,0.0,0.0,,8,5,0,0.0,2,7,1,831,3,2,30,4,6.0,1,24,14,0.0,33,0.0,0.0
1,3,2.0,945,17,1,11,1,1,552,1,0.0,0.0,,8,3,7,0.0,1,1,1,1833,1,2,30,0,2.0,1,31,3,0.0,33,0.0,0.0
2,3,2.0,1735,15,1,4,2,1,74,1,0.0,0.0,,8,1,10,0.0,3,6,1,725,3,2,30,0,2.0,1,31,13,0.0,19,0.0,0.0
2,3,2.0,1100,16,1,1,1,5,291,1,0.0,0.0,,2,1,10,0.0,3,1,10,2023,5,2,30,4,2.0,1,31,14,0.0,33,0.0,0.0
2,3,2.0,7908,20,1,6,1,1,400,1,0.0,0.0,,0,2,7,0.0,2,6,1,624,3,2,30,0,4.0,1,24,3,0.0,25,0.0,0.0
2,3,2.0,8300,14,1,10,1,1,227,1,0.0,0.0,,8,1,10,0.0,2,1,1,632,3,2,30,0,2.0,1,17,14,0.0,19,0.0,0.0
2,3,2.0,12900,18,0,2,2,1,186,1,0.0,0.0,,6,2,0,0.0,2,6,1,433,0,2,30,0,2.0,1,5,13,0.0,17,0.0,0.0
2,3,2.0,6659,21,1,3,1,1,234,1,0.0,0.0,,12,2,7,0.0,2,6,1,726,0,2,30,0,1.0,1,16,3,0.0,33,0.0,0.0
2,3,2.0,3600,14,1,9,1,1,2,1,0.0,0.0,,19,1,15,0.0,0,1,1,432,3,2,30,0,6.0,0,20,14,0.0,23,0.0,0.0
2,3,2.0,400,20,1,10,1,5,131,1,0.0,0.0,,8,5,16,0.0,2,6,1,1231,1,2,30,4,2.0,1,24,14,0.0,25,0.0,0.0
2,3,2.0,1200,20,1,12,1,1,388,1,0.0,0.0,,8,2,7,0.0,1,7,1,2533,1,2,30,0,1.0,1,31,3,0.0,33,0.0,0.0
2,3,2.0,513,0,0,7,2,1,5,1,0.0,4.0,,8,2,10,0.0,0,5,1,512,1,3,30,0,0.0,1,31,3,0.0,33,2.0,2.0
1,3,2.0,2008,12,1,9,1,1,632,1,0.0,0.0,,8,1,10,0.0,1,3,1,1431,3,2,30,0,2.0,1,24,14,0.0,19,0.0,0.0
2,3,2.0,5943,6,0,1,2,1,74,1,0.0,0.0,,8,2,7,0.0,3,2,1,812,2,2,30,5,1.0,1,24,3,0.0,33,0.0,0.0
1,3,2.0,6136,17,1,12,1,1,634,1,0.0,0.0,,10,2,7,0.0,2,3,2,823,0,2,30,0,1.0,1,24,3,0.0,25,0.0,0.0
0,3,2.0,142,12,1,6,1,1,199,1,0.0,0.0,,2,1,15,0.0,3,2,1,1832,3,2,30,0,2.0,1,24,14,0.0,33,0.0,0.0
0,3,2.0,3900,12,1,3,2,5,15,1,0.0,0.0,,8,2,16,0.0,0,6,1,433,3,2,30,0,3.0,1,24,13,0.0,25,0.0,0.0
1,3,2.0,2812,11,1,11,2,1,178,1,0.0,0.0,,1,2,15,0.0,1,1,1,1411,3,2,30,0,3.0,1,31,3,0.0,33,0.0,0.0
2,3,2.0,11503,19,0,8,2,1,313,1,0.0,1.0,,6,1,10,0.0,2,1,1,524,4,4,30,0,2.0,1,31,14,0.0,17,0.0,1.0
0,3,2.0,100,7,0,11,2,1,295,1,0.0,1.0,,10,1,9,0.0,1,5,9,122,3,3,30,5,3.0,1,24,14,0.0,18,1.0,0.0
1,3,2.0,1501,8,1,11,1,5,407,1,0.0,0.0,,2,1,10,0.0,3,3,1,1912,3,2,30,0,2.0,1,31,14,0.0,33,0.0,0.0
0,3,2.0,5700,11,1,8,1,5,408,1,0.0,0.0,,8,5,7,0.0,3,2,1,2531,5,2,30,4,1.0,1,24,15,0.0,25,0.0,0.0
0,3,2.0,2400,11,0,7,2,1,420,1,0.0,0.0,,6,1,0,0.0,3,3,1,1411,3,2,30,0,2.0,1,25,14,0.0,6,0.0,0.0
2,3,2.0,7419,20,1,2,1,5,569,1,0.0,0.0,,15,5,0,0.0,1,5,10,2422,5,2,30,4,2.0,1,31,14,0.0,33,0.0,0.0
2,3,2.0,1450,20,1,8,1,1,81,1,0.0,0.0,,8,2,15,0.0,3,3,1,725,1,2,30,0,4.0,1,31,3,0.0,33,0.0,0.0
1,3,2.0,801,6,1,5,2,1,5,1,0.0,0.0,,2,1,15,0.0,3,2,1,2232,3,2,30,0,4.0,1,16,13,0.0,28,0.0,0.0
2,3,2.0,4400,20,0,6,2,1,457,1,0.0,0.0,,11,1,0,0.0,2,7,1,215,3,2,30,0,3.0,1,24,13,0.0,33,0.0,0.0
0,3,2.0,2930,11,0,10,1,1,234,1,0.0,1.0,,8,2,10,0.0,1,7,1,1931,3,4,30,0,1.0,1,31,3,0.0,19,0.0,1.0
2,3,2.0,413,11,1,7,1,5,135,1,0.0,0.0,,2,5,10,0.0,1,2,10,1512,3,2,30,4,2.0,1,24,15,0.0,33,0.0,0.0
2,3,2.0,9652,8,0,6,1,5,457,1,0.0,5.0,,12,2,0,0.0,2,2,1,511,3,3,30,0,2.0,1,15,3,0.0,21,5.0,0.0
2,3,1.0,4845,21,0,8,2,1,120,1,0.0,2.0,,11,2,2,0.0,3,3,1,1634,0,4,5,0,1.0,1,33,3,0.0,35,0.0,2.0
2,3,2.0,7337,11,1,3,2,1,632,1,0.0,0.0,,8,2,15,0.0,1,4,1,2411,3,2,30,0,2.0,1,24,3,0.0,18,0.0,0.0
1,3,2.0,4233,10,1,1,1,5,370,1,0.0,0.0,,2,2,15,0.0,1,7,2,1722,3,2,30,5,2.0,1,31,3,0.0,33,0.0,0.0
2,3,2.0,9500,13,1,5,1,1,313,1,0.0,0.0,,11,2,15,0.0,2,7,1,2223,3,2,0,0,2.0,1,20,14,0.0,18,0.0,0.0
1,3,2.0,1451,11,1,5,1,1,231,1,0.0,0.0,,10,2,0,0.0,3,6,1,1912,3,2,30,0,2.0,1,10,3,0.0,18,0.0,0.0
1,3,3.0,1335,13,0,10,2,1,89,1,0.0,0.0,,8,2,7,0.0,3,4,1,612,3,2,30,0,1.0,1,24,3,0.0,33,0.0,0.0
2,3,2.0,3550,11,0,8,1,5,394,1,0.0,0.0,,8,2,7,0.0,1,7,10,1925,5,2,30,4,1.0,1,31,3,0.0,33,0.0,0.0
2,3,2.0,2900,16,1,4,1,5,632,1,0.0,0.0,,8,2,10,0.0,2,5,1,1034,3,2,30,0,2.0,1,31,3,0.0,33,0.0,0.0
2,3,2.0,400,23,0,9,2,1,215,1,0.0,1.0,,8,1,3,0.0,1,1,1,1834,1,3,30,0,5.0,1,15,14,0.0,17,1.0,0.0
2,3,2.0,6336,14,1,9,1,5,489,1,0.0,0.0,,15,5,16,0.0,3,7,1,2513,3,2,30,4,2.0,1,24,15,0.0,25,0.0,0.0
2,3,2.0,199,19,1,12,1,1,624,1,0.0,0.0,,8,2,15,0.0,3,6,1,122,1,2,30,0,2.0,1,24,3,0.0,18,0.0,0.0
1,3,2.0,4027,1,1,2,1,1,41,1,0.0,0.0,,2,2,7,0.0,3,2,1,1031,1,2,30,3,2.0,1,24,3,0.0,21,0.0,0.0
2,3,2.0,12600,17,0,9,2,1,603,1,0.0,0.0,,12,2,0,0.0,2,6,1,433,3,2,15,0,2.0,1,24,3,0.0,18,0.0,0.0
1,3,2.0,2901,17,0,7,2,1,480,1,0.0,1.0,,11,5,8,0.0,1,6,1,2511,3,4,35,0,1.0,1,31,15,0.0,33,0.0,1.0
1,3,2.0,10000,23,1,1,2,5,501,1,0.0,0.0,,6,5,10,0.0,3,5,9,1651,1,2,45,3,2.0,1,23,14,0.0,36,0.0,0.0
0,3,2.0,558,14,1,6,1,1,632,1,0.0,0.0,,6,1,10,0.0,2,5,1,1135,3,2,30,0,4.0,1,31,14,0.0,33,0.0,0.0
2,3,2.0,5600,18,1,10,1,5,65,1,0.0,0.0,,12,2,7,0.0,3,5,1,811,3,2,15,0,1.0,1,31,3,0.0,33,0.0,0.0
2,3,2.0,7200,8,1,5,2,1,151,1,0.0,0.0,,8,5,15,0.0,3,5,1,1631,3,2,25,0,2.0,1,21,14,0.0,24,0.0,0.0
2,3,2.0,5555,9,1,8,1,1,304,1,0.0,0.0,,11,2,7,0.0,3,5,1,2515,3,2,5,0,1.0,1,31,3,0.0,33,0.0,0.0
2,3,2.0,1521,0,0,3,2,1,124,1,0.0,0.0,,11,2,7,0.0,3,7,10,1932,5,2,20,4,1.0,1,31,3,0.0,33,0.0,0.0
2,3,2.0,1603,14,1,12,1,5,321,1,0.0,0.0,,6,1,16,0.0,3,6,1,1231,3,2,20,0,2.0,1,24,14,0.0,22,0.0,0.0
2,3,2.0,7200,18,1,11,2,1,632,1,0.0,0.0,,8,2,16,0.0,2,3,1,832,4,2,30,0,3.0,1,24,3,0.0,18,0.0,0.0
1,3,2.0,100,21,1,5,1,5,616,1,0.0,0.0,,6,1,10,0.0,1,5,1,122,1,2,30,0,3.0,1,31,14,0.0,33,0.0,0.0
2,3,2.0,4403,12,1,9,1,1,470,1,0.0,0.0,,2,1,10,0.0,3,6,1,1722,3,2,30,0,2.0,1,31,14,0.0,33,0.0,0.0
2,2,1.0,1000,0,0,11,2,1,396,1,0.0,0.0,,3,2,2,0.0,1,6,6,1824,1,2,25,5,1.0,1,25,3,0.0,26,0.0,0.0
1,3,2.0,3348,10,1,3,1,1,537,1,0.0,0.0,,12,2,7,0.0,2,2,1,1031,3,2,15,0,1.0,1,24,3,0.0,12,0.0,0.0
1,3,2.0,2357,6,1,3,2,1,296,1,0.0,0.0,,6,1,16,0.0,3,2,1,1432,3,2,30,0,2.0,1,25,14,0.0,11,0.0,0.0
2,3,2.0,8337,12,0,9,2,5,174,1,0.0,1.0,,8,2,10,0.0,2,5,1,424,3,3,30,0,1.0,1,31,3,0.0,22,1.0,0.0
2,3,2.0,2935,0,0,3,2,1,602,1,0.0,0.0,,15,1,16,0.0,2,4,1,913,1,2,30,0,2.0,1,15,13,0.0,5,0.0,0.0
1,3,2.0,5729,16,1,3,1,1,368,1,0.0,0.0,,8,2,15,0.0,2,6,1,824,3,2,30,0,3.0,1,24,3,0.0,23,0.0,0.0
2,3,2.0,2210,3,0,12,2,1,192,1,0.0,1.0,,8,2,7,0.0,2,6,9,1013,1,3,30,3,0.0,1,31,3,0.0,33,1.0,0.0
0,3,2.0,1467,18,0,10,2,4,464,1,0.0,1.0,,8,2,8,0.0,1,6,5,1424,1,4,30,2,1.0,1,31,3,0.0,4,0.0,1.0
2,3,2.0,3214,15,1,7,1,1,380,1,0.0,0.0,,6,1,16,0.0,1,6,1,1732,3,2,30,0,3.0,1,31,14,0.0,22,0.0,0.0
2,3,2.0,7700,19,1,5,1,1,557,1,0.0,0.0,,10,2,7,0.0,2,2,6,421,4,2,30,5,1.0,1,31,3,0.0,33,0.0,0.0
1,3,2.0,1500,16,1,9,2,5,347,1,0.0,0.0,,8,1,16,0.0,0,3,1,222,3,2,30,0,2.0,1,31,14,0.0,23,0.0,0.0
0,3,2.0,1801,14,0,8,2,1,210,1,0.0,1.0,,5,1,8,0.0,1,2,1,1811,3,3,30,0,1.0,1,16,14,0.0,18,1.0,0.0
1,3,1.0,3858,2,0,2,2,5,11,1,0.0,0.0,,6,1,5,0.0,3,2,9,2211,1,2,25,3,1.0,1,31,13,0.0,36,0.0,0.0
2,3,2.0,5931,10,1,11,2,1,332,1,0.0,0.0,,6,2,0,0.0,3,4,1,2531,3,2,25,0,2.0,1,31,3,0.0,33,0.0,0.0
0,3,2.0,1557,10,1,6,2,1,88,1,0.0,0.0,,2,1,15,0.0,0,1,1,411,3,2,30,0,4.0,1,24,14,0.0,23,0.0,0.0
2,3,2.0,957,11,1,9,1,1,13,1,0.0,0.0,,8,1,10,0.0,3,6,1,2234,3,2,0,0,2.0,1,10,13,0.0,19,0.0,0.0
2,3,2.0,5478,11,1,6,2,1,629,1,0.0,0.0,,8,1,16,0.0,2,4,6,935,3,2,30,5,2.0,1,22,14,0.0,24,0.0,0.0
2,3,3.0,2034,12,0,3,2,1,60,1,0.0,1.0,,8,2,15,0.0,3,4,6,931,3,3,30,5,1.0,1,16,3,0.0,18,1.0,0.0
1,3,2.0,11659,14,1,8,1,5,534,1,0.0,0.0,,8,2,7,0.0,2,1,1,532,3,2,20,0,1.0,1,8,3,0.0,9,0.0,0.0
2,3,2.0,6245,8,1,8,1,5,632,1,0.0,0.0,,15,1,10,0.0,2,3,1,825,3,2,30,0,2.0,1,31,14,0.0,33,0.0,0.0
2,3,3.0,8612,16,0,5,2,1,256,1,0.0,4.0,,2,2,10,0.0,2,4,1,632,3,3,30,0,2.0,1,24,3,0.0,8,4.0,0.0
2,3,2.0,2241,18,0,10,2,1,192,1,0.0,2.0,,8,2,3,0.0,2,1,1,1024,4,3,30,0,2.0,1,31,3,0.0,33,2.0,0.0
2,3,2.0,930,10,1,12,1,1,4,1,0.0,0.0,,8,2,7,0.0,3,2,1,2232,3,2,25,0,1.0,1,24,3,0.0,26,0.0,0.0
2,3,2.0,911,0,1,3,1,1,398,1,0.0,0.0,,8,1,10,0.0,3,1,1,1224,1,2,30,0,3.0,1,24,13,0.0,33,0.0,0.0
2,3,2.0,7100,10,1,9,1,1,588,1,0.0,0.0,,10,1,10,0.0,2,1,1,323,1,2,30,0,2.0,1,15,14,0.0,19,0.0,0.0
2,3,2.0,900,23,1,9,2,1,397,1,0.0,0.0,,3,2,10,0.0,1,2,1,1833,1,2,40,0,2.0,1,24,3,0.0,17,0.0,0.0
1,3,2.0,1600,11,1,7,1,5,103,1,0.0,0.0,,2,1,16,0.0,0,6,1,412,3,2,35,4,2.0,1,24,14,0.0,33,0.0,0.0
2,3,2.0,7811,19,1,11,1,1,383,1,0.0,0.0,,10,5,7,0.0,2,1,1,421,5,2,30,0,1.0,1,31,15,0.0,33,0.0,0.0
2,3,2.0,127,8,1,5,1,5,611,1,0.0,0.0,,10,2,15,0.0,3,5,1,122,3,2,30,0,2.0,1,24,3,0.0,23,0.0,0.0
2,3,2.0,4124,8,1,2,2,5,400,1,0.0,0.0,,10,2,10,0.0,2,5,4,214,3,2,30,1,1.0,1,34,3,0.0,36,0.0,0.0
0,3,2.0,1857,12,0,10,2,1,122,1,0.0,0.0,,8,2,7,0.0,2,7,1,1022,3,2,20,0,2.0,1,24,3,0.0,18,0.0,0.0
2,3,2.0,2806,10,1,7,1,5,193,1,0.0,0.0,,8,1,16,0.0,3,7,1,1023,3,2,30,0,2.0,1,31,14,0.0,22,0.0,0.0
0,3,2.0,4730,16,1,9,1,1,131,1,0.0,0.0,,3,2,10,0.0,2,6,1,931,3,2,30,0,2.0,1,24,3,0.0,25,0.0,0.0
1,3,1.0,2600,17,1,5,1,3,355,1,0.0,0.0,,8,2,2,0.0,3,6,1,1911,3,2,30,4,3.0,1,28,3,0.0,29,0.0,0.0
0,3,2.0,7045,18,0,11,2,1,368,1,0.0,1.0,,8,2,9,0.0,2,2,1,831,1,3,30,0,1.0,1,24,3,0.0,25,1.0,0.0
1,3,1.0,7322,9,1,11,2,1,640,1,0.0,0.0,,0,2,2,0.0,1,5,2,2424,3,2,15,0,1.0,1,24,3,0.0,12,0.0,0.0
2,3,2.0,758,12,1,10,1,1,297,1,0.0,0.0,,6,1,10,0.0,3,5,1,1214,3,2,30,0,2.0,1,17,14,0.0,19,0.0,0.0
2,3,2.0,210,23,1,8,1,1,103,1,0.0,0.0,,8,2,15,0.0,0,7,1,632,1,2,30,0,2.0,1,31,3,0.0,33,0.0,0.0
1,3,2.0,6456,16,0,9,1,1,204,1,0.0,0.0,,8,2,16,0.0,2,4,1,813,3,2,35,0,2.0,1,24,3,0.0,33,0.0,0.0
2,3,2.0,7601,15,1,8,2,1,575,1,0.0,0.0,,8,1,16,0.0,2,2,1,411,3,2,35,0,2.0,1,31,14,0.0,18,0.0,0.0
2,3,2.0,4138,9,1,7,1,5,520,1,0.0,0.0,,10,2,7,0.0,1,7,1,1624,1,2,30,4,1.0,1,12,3,0.0,0,0.0,0.0
1,3,1.0,500,1,1,1,2,1,574,1,0.0,0.0,,10,2,2,0.0,0,6,1,132,1,2,15,0,2.0,1,24,3,0.0,25,0.0,0.0
2,3,1.0,4445,10,1,5,2,1,537,1,0.0,0.0,,12,2,2,0.0,1,2,1,1723,3,2,15,0,1.0,1,31,5,0.0,33,0.0,0.0
2,3,2.0,4199,3,1,11,2,1,130,1,0.0,0.0,,6,1,0,0.0,3,7,1,1132,1,2,30,0,2.0,1,10,13,0.0,11,0.0,0.0
1,3,2.0,827,1,1,10,1,1,537,1,0.0,0.0,,8,2,7,0.0,1,1,1,1112,1,2,30,0,1.0,1,24,3,0.0,25,0.0,0.0
2,3,1.0,1801,0,0,11,2,1,588,1,0.0,1.0,CONSTRUCTION,3,1,2,0.0,2,1,1,131,1,3,30,0,0.0,1,31,14,0.0,29,1.0,0.0
2,3,2.0,6399,13,1,10,1,1,341,1,0.0,0.0,,2,2,0,0.0,1,5,1,2413,3,2,30,0,2.0,1,16,3,0.0,18,0.0,0.0
2,3,2.0,3149,20,1,5,1,1,582,1,0.0,0.0,,8,1,0,0.0,1,2,1,2523,1,2,30,0,2.0,1,31,13,0.0,18,0.0,0.0
2,3,3.0,2884,17,1,11,1,1,35,1,0.0,0.0,,8,1,10,0.0,3,2,1,1022,4,2,30,0,3.0,1,31,14,0.0,33,0.0,0.0
2,3,2.0,1804,10,1,10,2,1,407,1,0.0,0.0,,12,2,7,0.0,3,3,2,2032,3,2,20,0,2.0,1,31,3,0.0,33,0.0,0.0
0,3,2.0,3600,17,1,3,2,1,492,1,0.0,0.0,,11,1,10,0.0,1,6,1,1632,3,2,30,0,8.0,1,24,14,0.0,19,0.0,0.0
0,3,2.0,3401,14,1,4,1,1,527,1,0.0,0.0,,8,2,10,0.0,3,5,1,1711,3,2,30,0,2.0,1,17,3,0.0,18,0.0,0.0
1,3,2.0,2790,20,1,10,1,1,158,1,0.0,0.0,,8,1,15,0.0,3,5,1,2411,1,2,30,0,2.0,1,31,13,0.0,33,0.0,0.0
1,3,2.0,1340,16,1,7,1,1,182,1,0.0,0.0,,8,2,15,0.0,2,5,1,124,3,2,30,0,2.0,1,24,3,0.0,24,0.0,0.0
2,3,2.0,1160,14,1,5,2,1,402,1,0.0,0.0,,8,2,10,0.0,1,3,6,1822,3,2,30,5,2.0,1,24,3,0.0,17,0.0,0.0
2,3,2.0,2558,15,0,4,2,1,256,1,0.0,1.0,,8,1,16,0.0,2,3,1,133,3,3,30,0,2.0,1,24,14,0.0,19,1.0,0.0
1,3,2.0,1901,10,0,4,2,1,304,1,0.0,1.0,,2,1,8,0.0,3,5,2,1221,3,1,30,0,1.0,1,15,13,1.0,18,0.0,0.0
2,3,1.0,1000,22,0,12,2,1,397,1,0.0,0.0,,3,2,2,0.0,1,1,6,1824,0,2,55,5,1.0,1,34,3,0.0,36,0.0,0.0
2,3,2.0,3159,11,1,7,1,1,548,1,0.0,0.0,,8,1,15,0.0,3,6,1,1022,3,2,30,0,3.0,1,31,14,0.0,21,0.0,0.0
0,3,2.0,806,23,1,6,2,1,74,1,0.0,0.0,,8,2,10,0.0,0,7,6,313,1,2,30,5,3.0,1,24,3,0.0,18,0.0,0.0
2,3,2.0,1000,20,1,11,1,1,540,1,0.0,0.0,,10,2,11,0.0,3,2,1,1224,1,2,30,0,2.0,1,24,3,0.0,33,0.0,0.0
1,3,2.0,5158,13,1,11,1,1,245,1,0.0,0.0,,8,1,10,0.0,3,6,6,2521,3,2,30,5,2.0,1,24,14,0.0,17,0.0,0.0
2,3,2.0,7500,6,1,10,1,1,604,1,0.0,0.0,,8,1,16,0.0,3,5,1,1611,3,2,30,0,2.0,1,24,13,0.0,12,0.0,0.0
2,3,2.0,2518,12,1,1,1,1,189,1,0.0,0.0,,8,1,16,0.0,3,4,1,2011,3,2,30,0,2.0,1,16,14,0.0,18,0.0,0.0
2,3,2.0,2002,13,0,2,2,1,299,1,0.0,0.0,,10,1,16,0.0,3,1,1,932,3,2,30,0,2.0,1,31,14,0.0,18,0.0,0.0
1,3,2.0,120,19,1,1,1,1,342,1,0.0,0.0,,8,1,15,0.0,3,6,1,1831,1,2,30,0,2.0,1,31,14,0.0,33,0.0,0.0
2,3,2.0,5458,13,1,12,1,5,131,1,0.0,0.0,,6,1,10,0.0,1,5,1,2012,3,2,20,0,3.0,1,24,14,0.0,25,0.0,0.0
2,3,2.0,5115,16,0,7,2,1,632,1,0.0,0.0,,2,1,10,0.0,1,2,1,2031,3,2,30,0,3.0,1,24,14,0.0,17,0.0,0.0
2,3,2.0,2002,16,1,8,1,1,34,1,0.0,0.0,,0,2,10,0.0,3,3,1,1234,3,2,30,0,4.0,1,31,3,0.0,19,0.0,0.0
0,3,2.0,2732,15,0,11,2,5,243,1,0.0,1.0,,8,1,9,0.0,3,1,1,2412,3,3,30,0,1.0,0,31,13,0.0,33,1.0,0.0
0,3,2.0,2345,15,1,7,1,1,396,1,0.0,0.0,,3,2,15,0.0,1,1,1,1814,3,2,40,0,4.0,1,31,3,0.0,22,0.0,0.0
1,3,2.0,250,12,1,1,1,1,616,1,0.0,0.0,,3,1,16,0.0,2,6,1,122,3,2,30,0,2.0,1,31,14,0.0,24,0.0,0.0
0,4,2.0,5701,10,1,7,2,1,569,1,0.0,0.0,,8,1,16,0.0,1,5,2,2022,3,2,25,0,4.0,1,10,14,0.0,19,0.0,0.0
2,3,1.0,4958,23,1,6,2,1,611,1,0.0,0.0,,8,1,2,0.0,3,2,1,1533,0,2,30,0,2.0,1,19,13,0.0,21,0.0,0.0
2,3,2.0,4013,20,1,4,1,1,128,1,0.0,0.0,,2,1,10,0.0,3,5,1,2534,1,2,30,0,4.0,1,31,14,0.0,19,0.0,0.0
2,3,1.0,8300,8,1,4,2,1,362,1,0.0,0.0,,3,2,2,0.0,2,4,1,414,3,2,30,0,1.0,1,24,3,0.0,33,0.0,0.0
2,3,2.0,3150,18,0,11,2,1,569,1,0.0,1.0,,2,1,16,0.0,1,6,1,1934,1,4,30,0,1.0,1,31,14,0.0,18,0.0,1.0
1,3,2.0,5701,14,1,5,1,5,169,1,0.0,0.0,,6,5,16,0.0,1,6,1,2022,3,2,30,4,3.0,1,24,14,0.0,33,0.0,0.0
0,3,2.0,200,20,1,12,1,1,307,1,0.0,0.0,,8,2,15,0.0,1,1,1,1214,1,2,30,0,2.0,1,31,3,0.0,33,0.0,0.0
1,3,2.0,4811,12,1,8,2,1,368,1,0.0,0.0,,12,2,16,0.0,1,7,1,1713,3,2,10,0,2.0,1,24,3,0.0,12,0.0,0.0
1,3,2.0,2358,21,1,9,1,5,527,1,0.0,0.0,,8,1,10,0.0,3,4,1,2413,1,2,30,0,2.0,1,31,14,0.0,19,0.0,0.0
2,3,3.0,1565,15,1,1,2,1,340,1,0.0,0.0,,8,1,10,0.0,3,7,6,2422,3,2,30,5,3.0,1,24,13,0.0,19,0.0,0.0
1,3,2.0,2121,13,1,9,1,1,37,1,0.0,0.0,,12,2,7,0.0,3,6,1,1234,3,2,10,0,1.0,1,31,3,0.0,33,0.0,0.0
1,3,2.0,12740,3,1,7,1,1,313,1,0.0,0.0,,8,2,10,0.0,2,1,1,523,1,2,30,0,3.0,1,31,3,0.0,33,0.0,0.0
2,3,2.0,5089,9,0,7,2,1,126,1,0.0,0.0,,2,1,10,0.0,2,7,1,815,3,2,30,0,2.0,1,24,14,0.0,9,0.0,0.0
1,3,2.0,2811,14,1,8,1,1,554,1,0.0,0.0,,12,5,16,0.0,1,7,1,1411,3,2,30,0,2.0,1,24,3,0.0,11,0.0,0.0
2,3,2.0,7900,17,1,1,1,1,234,1,0.0,0.0,,6,1,16,0.0,2,2,1,611,1,2,30,0,2.0,1,24,14,0.0,18,0.0,0.0
2,3,2.0,3000,12,1,1,1,1,313,1,0.0,0.0,,8,2,0,0.0,1,4,1,1933,3,2,30,0,2.0,1,24,3,0.0,18,0.0,0.0
1,3,2.0,3401,15,1,5,0,5,243,1,0.0,0.0,,8,2,10,0.0,3,6,1,1711,3,2,30,0,2.0,1,24,3,0.0,9,0.0,0.0
2,3,2.0,6460,23,0,9,2,1,545,1,0.0,0.0,,8,2,7,0.0,1,2,1,2412,1,2,30,0,1.0,1,24,3,0.0,33,0.0,0.0
0,3,2.0,3740,20,1,7,2,1,638,1,0.0,0.0,,8,2,7,0.0,3,3,1,1723,4,2,30,0,1.0,1,31,3,0.0,33,0.0,0.0
2,3,2.0,4750,23,0,9,2,1,397,1,0.0,1.0,,17,5,15,0.0,2,2,1,222,1,3,40,0,1.0,1,31,15,0.0,33,1.0,0.0
2,3,2.0,4100,15,0,7,2,5,444,1,0.0,2.0,,7,2,16,0.0,1,2,1,1915,3,3,30,0,0.0,1,24,3,0.0,33,2.0,0.0
2,3,2.0,5400,14,1,7,1,1,565,1,0.0,0.0,,8,2,14,0.0,2,7,1,932,3,2,30,0,2.0,1,24,3,0.0,21,0.0,0.0
2,3,5.0,6350,23,0,4,2,1,368,1,0.0,3.0,,8,2,7,0.0,2,5,1,823,1,4,30,0,1.0,1,25,3,0.0,17,0.0,3.0
2,3,2.0,2200,4,0,7,2,6,296,1,0.0,0.0,,15,1,0,0.0,3,7,1,1432,1,2,30,0,5.0,1,24,14,0.0,6,0.0,0.0
2,3,3.0,6979,15,0,11,2,1,569,1,0.0,0.0,,6,1,15,0.0,1,3,1,2431,3,2,30,0,2.0,1,31,14,0.0,18,0.0,0.0
1,3,2.0,3943,13,1,11,1,1,6,1,0.0,0.0,,8,2,7,0.0,3,1,6,2211,3,2,30,5,1.0,1,31,3,0.0,33,0.0,0.0
2,3,2.0,5500,16,1,3,1,1,265,1,0.0,0.0,,8,1,10,0.0,3,3,1,1633,3,2,30,5,4.0,1,24,13,0.0,19,0.0,0.0
0,3,1.0,1703,11,0,1,2,1,625,1,0.0,0.0,,0,2,5,0.0,1,7,1,1421,3,2,20,0,1.0,1,26,3,0.0,34,0.0,0.0
1,3,1.0,1700,6,0,2,2,1,234,1,0.0,0.0,,3,2,2,0.0,2,2,1,1234,3,2,30,5,1.0,1,24,3,0.0,33,0.0,0.0
2,3,2.0,7900,7,1,7,1,5,424,1,0.0,0.0,,8,5,15,0.0,2,2,1,612,3,2,35,0,3.0,1,24,14,0.0,22,0.0,0.0
2,3,1.0,4159,7,1,8,2,1,374,1,0.0,0.0,,0,2,2,0.0,1,5,1,1722,3,2,20,0,1.0,1,33,3,0.0,35,0.0,0.0
0,3,2.0,10201,5,1,9,2,1,632,1,0.0,0.0,,2,2,15,0.0,2,4,1,2213,5,2,30,0,2.0,1,31,3,0.0,33,0.0,0.0
2,3,2.0,5140,21,0,11,2,1,191,1,0.0,3.0,,8,1,16,0.0,1,4,1,1622,1,1,30,0,2.0,1,10,14,1.0,18,1.0,1.0
1,3,2.0,7040,23,1,11,1,1,227,1,0.0,0.0,,12,2,7,0.0,2,3,1,321,3,2,10,0,1.0,1,24,5,0.0,33,0.0,0.0
2,3,2.0,552,8,0,6,2,1,60,1,0.0,1.0,,8,2,9,0.0,0,2,1,223,3,4,30,0,1.0,1,31,3,0.0,12,0.0,1.0
1,3,2.0,3825,14,1,10,1,1,319,1,0.0,0.0,,8,2,10,0.0,1,7,1,1632,3,2,30,0,6.0,1,15,3,0.0,19,0.0,0.0
2,3,2.0,4839,18,1,3,1,1,270,1,0.0,0.0,,2,2,16,0.0,1,4,1,1712,4,2,30,0,2.0,1,31,3,0.0,33,0.0,0.0
2,3,2.0,1199,13,0,7,2,5,70,1,0.0,1.0,,8,5,0,0.0,3,6,1,712,3,4,30,0,1.0,1,24,15,0.0,25,0.0,1.0
0,3,2.0,3900,12,1,2,1,5,548,1,0.0,0.0,,8,2,15,0.0,3,6,1,1132,3,2,30,0,2.0,1,16,3,0.0,33,0.0,0.0
2,3,2.0,5500,12,0,3,2,1,629,1,0.0,1.0,,15,1,16,0.0,2,5,1,711,3,4,30,0,1.0,1,24,14,0.0,3,0.0,1.0
2,3,2.0,6200,14,1,2,1,1,335,1,0.0,0.0,,8,2,0,0.0,2,2,1,823,3,2,30,0,2.0,1,19,3,0.0,21,0.0,0.0
1,3,2.0,8301,14,1,10,1,5,256,1,0.0,0.0,,8,1,15,0.0,2,3,1,632,3,2,30,0,2.0,1,21,14,0.0,23,0.0,0.0
2,3,2.0,6342,9,1,5,2,1,510,1,0.0,0.0,,10,2,7,0.0,3,1,1,2512,3,2,20,0,1.0,1,24,3,0.0,33,0.0,0.0
2,0,2.0,5200,17,0,9,2,5,397,1,0.0,2.0,,13,2,16,0.0,1,2,1,2024,3,3,30,0,1.0,1,24,3,0.0,33,2.0,0.0
1,3,2.0,1600,13,1,12,1,1,611,1,0.0,0.0,,8,1,10,0.0,3,3,1,1231,3,2,20,0,2.0,1,24,14,0.0,19,0.0,0.0
2,3,2.0,857,15,1,9,1,1,103,1,0.0,0.0,,8,2,16,0.0,0,5,1,632,3,2,30,0,2.0,1,16,3,0.0,24,0.0,0.0
1,3,2.0,4300,16,1,5,1,1,41,1,0.0,0.0,,8,2,16,0.0,3,4,1,1013,3,2,35,0,2.0,1,31,3,0.0,33,0.0,0.0
2,3,2.0,401,11,0,10,2,1,615,1,0.0,1.0,,8,2,10,0.0,1,5,1,1834,3,3,30,0,2.0,1,24,3,0.0,19,1.0,0.0
1,3,2.0,5031,9,1,9,1,1,128,1,0.0,0.0,,2,1,0,0.0,3,7,2,2533,3,2,30,5,2.0,1,16,13,0.0,18,0.0,0.0
2,3,2.0,1000,17,1,9,1,5,537,1,0.0,0.0,,2,5,15,0.0,1,7,1,1111,3,2,30,0,2.0,1,24,14,0.0,18,0.0,0.0
1,3,2.0,3519,18,0,9,2,5,296,1,0.0,1.0,,2,2,15,0.0,3,5,1,1413,3,3,30,0,1.0,1,31,3,0.0,33,1.0,0.0
2,3,3.0,1630,8,1,2,2,1,246,1,0.0,0.0,,15,1,16,0.0,3,6,1,1931,3,2,30,0,3.0,1,24,13,0.0,18,0.0,0.0
2,3,2.0,131,16,0,1,1,1,401,1,0.0,1.0,,2,2,14,0.0,1,5,1,1532,3,4,30,0,2.0,1,24,3,0.0,22,0.0,1.0
2,3,3.0,4725,18,0,7,2,1,632,1,0.0,0.0,,8,1,10,0.0,1,5,1,1911,3,2,30,0,4.0,1,24,14,0.0,33,0.0,0.0
2,3,2.0,1200,20,1,3,1,1,103,1,0.0,0.0,,8,1,10,0.0,0,5,10,412,1,2,30,4,2.0,1,24,14,0.0,33,0.0,0.0
2,3,2.0,2100,17,1,11,2,1,243,1,0.0,0.0,,8,2,15,0.0,3,4,1,2412,1,2,25,0,2.0,1,24,3,0.0,23,0.0,0.0
2,3,2.0,926,12,1,12,1,1,552,1,0.0,0.0,,8,2,15,0.0,1,1,1,1833,3,2,30,0,2.0,1,31,3,0.0,33,0.0,0.0
2,2,1.0,2901,3,0,6,2,1,457,1,0.0,0.0,,11,2,2,0.0,2,5,1,133,0,2,10,0,1.0,1,24,3,0.0,26,0.0,0.0
1,3,2.0,636,18,1,5,1,1,538,1,0.0,0.0,,8,2,15,0.0,1,6,1,1215,3,2,30,0,6.0,1,31,13,0.0,33,0.0,0.0
2,3,2.0,5701,11,1,11,1,1,439,1,0.0,0.0,,0,2,0,0.0,3,4,1,1513,3,2,20,0,2.0,1,24,3,0.0,33,0.0,0.0
2,3,2.0,8300,9,1,1,2,1,178,1,0.0,0.0,,2,1,0,0.0,2,7,3,835,3,2,30,0,2.0,1,24,14,0.0,33,0.0,0.0
2,3,2.0,4200,14,1,5,1,1,632,1,0.0,0.0,,8,2,0,0.0,2,7,6,921,3,2,30,5,2.0,1,24,3,0.0,25,0.0,0.0
2,3,2.0,5500,10,0,9,2,1,134,1,0.0,0.0,,2,1,0,0.0,2,3,6,811,3,2,30,5,3.0,1,31,14,0.0,6,0.0,0.0
1,3,2.0,3200,10,1,3,1,1,120,1,0.0,0.0,,8,1,16,0.0,3,1,1,1733,3,2,30,0,2.0,1,31,14,0.0,18,0.0,0.0
0,3,2.0,733,11,1,6,2,1,419,1,0.0,0.0,,8,2,7,0.0,2,6,1,1522,3,2,30,0,2.0,1,10,3,0.0,19,0.0,0.0
2,3,2.0,630,15,0,4,2,5,632,1,0.0,1.0,,6,1,16,0.0,1,3,1,1221,3,3,30,0,2.0,1,31,13,0.0,18,1.0,0.0
2,2,2.0,1000,13,1,10,2,1,396,1,0.0,0.0,,3,2,10,0.0,1,3,1,1824,3,2,40,2,2.0,1,15,3,0.0,19,0.0,0.0
2,3,3.0,2846,17,1,1,1,1,537,1,0.0,0.0,,8,2,10,0.0,1,2,1,2523,1,2,30,0,3.0,1,24,3,0.0,33,0.0,0.0
2,3,2.0,6040,14,1,1,1,1,379,1,0.0,0.0,,8,2,7,0.0,1,5,1,1711,3,2,25,0,2.0,1,31,3,0.0,33,0.0,0.0
0,3,2.0,4500,15,1,8,2,1,191,1,0.0,0.0,,6,1,10,0.0,1,3,6,1622,3,2,30,5,2.0,1,24,14,0.0,33,0.0,0.0
0,3,2.0,4700,14,1,1,1,1,537,1,0.0,0.0,,8,1,10,0.0,2,1,1,815,3,2,30,0,2.0,0,31,13,0.0,12,0.0,0.0
0,3,2.0,3400,15,1,10,2,1,74,1,0.0,0.0,,8,2,8,0.0,3,6,1,823,3,2,30,0,3.0,1,31,3,0.0,12,0.0,0.0
1,3,2.0,2014,9,1,6,1,1,120,1,0.0,0.0,,2,2,10,0.0,3,6,2,1921,3,2,30,0,2.0,1,31,3,0.0,33,0.0,0.0
0,3,2.0,1630,17,0,6,2,1,77,1,0.0,1.0,,10,2,2,0.0,3,5,1,725,3,3,30,0,0.0,1,31,3,0.0,33,1.0,0.0
1,3,2.0,621,22,1,4,2,1,81,1,0.0,0.0,,8,1,10,0.0,0,2,1,321,4,2,30,0,6.0,1,31,14,0.0,22,0.0,0.0
1,3,4.0,2630,14,1,6,2,2,185,1,0.0,0.0,,10,2,4,0.0,3,6,1,2031,3,2,25,0,2.0,1,31,3,0.0,12,0.0,0.0
2,5,1.0,7521,11,1,1,2,1,632,1,0.0,0.0,,12,2,2,0.0,2,2,1,835,3,2,0,3,1.0,1,24,3,0.0,12,0.0,0.0
1,3,2.0,3901,21,1,7,1,1,579,1,0.0,0.0,,8,1,15,0.0,1,7,6,1923,1,2,30,5,3.0,1,10,13,0.0,23,0.0,0.0
2,3,2.0,6501,20,0,11,2,1,204,1,0.0,0.0,,8,2,16,0.0,2,6,1,833,1,2,30,0,3.0,1,31,3,0.0,18,0.0,0.0
2,3,2.0,5467,9,0,7,2,5,464,1,0.0,1.0,,8,2,16,0.0,1,3,1,1622,3,4,30,0,1.0,1,31,3,0.0,33,0.0,1.0
2,3,2.0,5202,16,1,11,1,5,207,1,0.0,0.0,,17,2,10,0.0,1,3,1,2012,3,2,30,0,2.0,1,24,3,0.0,23,0.0,0.0
0,3,2.0,629,19,1,5,1,5,135,1,0.0,0.0,,8,5,10,0.0,1,3,1,1511,3,2,30,0,3.0,1,24,15,0.0,19,0.0,0.0
2,3,2.0,2635,1,1,7,2,1,388,1,0.0,0.0,,8,2,7,0.0,1,1,1,2524,1,2,30,0,1.0,1,24,3,0.0,33,0.0,0.0
2,3,2.0,1745,16,1,4,1,1,82,1,0.0,0.0,,10,1,15,0.0,0,2,1,324,3,2,30,0,2.0,1,24,3,0.0,12,0.0,0.0
1,3,2.0,145,13,0,11,2,1,632,1,0.0,1.0,,8,2,16,0.0,2,1,6,1223,3,3,30,5,3.0,1,24,3,0.0,33,1.0,0.0
2,3,2.0,655,19,1,6,1,1,191,1,0.0,0.0,,2,2,10,0.0,1,2,1,1524,3,2,30,0,2.0,1,24,3,0.0,17,0.0,0.0
2,3,2.0,2517,20,0,5,1,1,60,1,0.0,0.0,,8,2,7,0.0,3,7,1,923,1,2,30,0,1.0,1,10,3,0.0,12,0.0,0.0
2,3,2.0,1131,14,0,11,1,5,160,1,0.0,0.0,,1,5,16,0.0,3,6,9,1822,3,2,30,3,2.0,1,14,13,0.0,36,0.0,0.0
2,3,2.0,8712,12,1,3,1,1,590,1,0.0,0.0,,12,2,11,0.0,2,2,1,412,3,2,10,0,2.0,1,31,3,0.0,21,0.0,0.0
2,3,2.0,3310,16,1,5,1,5,120,1,0.0,0.0,,12,5,15,0.0,3,6,1,1733,3,2,15,0,3.0,1,31,15,0.0,33,0.0,0.0
2,3,2.0,3728,19,0,7,1,1,126,1,0.0,1.0,,12,2,7,0.0,2,7,1,911,3,4,15,0,2.0,1,31,3,0.0,33,0.0,1.0
0,3,3.0,335,5,1,12,1,5,499,1,0.0,0.0,,10,2,3,0.0,1,1,9,1215,1,2,30,3,4.0,1,3,3,0.0,11,0.0,0.0
2,3,2.0,365,17,1,2,2,1,313,1,0.0,0.0,,12,2,7,0.0,1,3,1,1214,3,2,10,0,1.0,1,31,3,0.0,33,0.0,0.0
2,3,2.0,4340,1,1,10,1,1,636,1,0.0,0.0,,10,2,7,0.0,3,1,1,1115,1,2,30,0,2.0,1,31,3,0.0,33,0.0,0.0
0,3,2.0,45,14,1,4,1,5,304,1,0.0,0.0,,10,2,15,0.0,3,5,1,1831,3,2,30,4,2.0,1,24,3,0.0,33,0.0,0.0
1,3,2.0,3800,14,1,5,1,1,75,1,0.0,0.0,,10,1,0,0.0,3,4,1,823,3,2,30,0,2.0,1,24,13,0.0,25,0.0,0.0
1,3,2.0,599,23,0,1,2,1,89,1,0.0,1.0,,8,5,10,0.0,0,1,9,624,0,1,30,3,1.0,1,6,14,1.0,16,0.0,0.0
0,3,2.0,1600,9,1,7,1,1,611,1,0.0,0.0,,10,1,15,0.0,3,2,1,1231,3,2,30,0,2.0,1,24,14,0.0,33,0.0,0.0
2,3,2.0,6235,16,1,12,1,5,604,1,0.0,0.0,,8,1,15,0.0,3,6,1,1621,0,2,30,0,3.0,1,31,14,0.0,33,0.0,0.0
0,3,2.0,325,20,1,3,1,1,629,1,0.0,0.0,,10,2,15,0.0,1,2,1,1831,0,2,35,0,2.0,1,31,3,0.0,33,0.0,0.0
0,3,2.0,1200,19,0,8,2,1,60,1,0.0,1.0,,6,1,8,0.0,3,7,1,933,1,3,30,0,1.0,1,24,14,0.0,18,1.0,0.0
0,3,2.0,5426,23,1,5,2,5,284,1,0.0,0.0,,10,2,7,0.0,3,4,1,1523,1,2,35,0,2.0,1,24,3,0.0,25,0.0,0.0
2,3,3.0,5200,15,1,10,2,1,227,1,0.0,0.0,,8,2,7,0.0,2,7,10,233,5,2,20,4,1.0,1,31,3,0.0,33,0.0,0.0
2,3,2.0,699,20,1,6,2,1,548,1,0.0,0.0,,6,1,16,0.0,3,5,1,1232,1,2,30,0,2.0,1,15,14,0.0,23,0.0,0.0
1,3,2.0,3159,12,1,2,1,1,548,1,0.0,0.0,,8,1,16,0.0,3,5,6,1022,3,2,30,5,2.0,1,31,14,0.0,21,0.0,0.0
1,3,2.0,11500,14,1,10,1,1,457,1,0.0,0.0,,2,1,16,0.0,2,2,1,532,3,2,30,0,2.0,1,24,14,0.0,33,0.0,0.0
2,3,2.0,8700,16,1,9,1,1,618,1,0.0,0.0,,3,2,10,0.0,2,4,1,2223,3,2,30,5,3.0,1,31,14,0.0,33,0.0,0.0
2,3,1.0,10340,5,0,1,2,1,603,1,0.0,0.0,,8,2,2,0.0,2,1,1,434,1,2,30,5,1.0,1,24,3,0.0,27,0.0,0.0
0,3,2.0,2813,18,1,12,2,5,178,1,0.0,0.0,,6,2,10,0.0,1,5,6,1411,1,2,30,5,3.0,1,24,3,0.0,19,0.0,0.0
2,3,2.0,5424,17,0,2,2,1,632,1,0.0,1.0,,8,2,7,0.0,1,7,1,2011,4,4,30,5,1.0,1,24,3,0.0,33,0.0,1.0
1,3,2.0,206,7,1,8,2,1,92,1,0.0,0.0,,8,2,10,0.0,0,5,1,623,3,2,20,0,2.0,1,31,3,0.0,33,0.0,0.0
2,3,2.0,2599,17,0,7,2,1,638,1,0.0,1.0,,8,1,9,0.0,3,3,1,1911,3,3,25,0,1.0,1,33,13,0.0,17,1.0,0.0
2,3,2.0,1409,9,1,5,1,5,192,1,0.0,0.0,,2,1,15,0.0,2,4,6,1021,3,2,35,5,2.0,1,24,14,0.0,25,0.0,0.0
2,3,2.0,4432,13,1,3,2,1,291,1,0.0,0.0,,2,1,15,0.0,3,2,1,1712,3,2,30,0,2.0,1,31,14,0.0,33,0.0,0.0
2,3,2.0,656,10,0,9,2,1,191,1,0.0,0.0,,8,1,0,0.0,1,2,1,1511,3,2,30,0,4.0,1,16,13,0.0,5,0.0,0.0
0,3,2.0,2026,16,1,6,2,1,60,1,0.0,0.0,,8,2,7,0.0,3,2,1,931,3,2,3,0,1.0,1,24,3,0.0,33,0.0,0.0
1,3,2.0,735,6,1,9,1,5,170,1,0.0,0.0,,10,2,7,0.0,3,2,10,1925,5,2,30,4,1.0,1,31,3,0.0,33,0.0,0.0
0,3,2.0,1011,8,1,1,2,1,628,1,0.0,0.0,,8,2,15,0.0,3,1,9,1933,3,2,20,3,2.0,1,24,3,0.0,36,0.0,0.0
2,3,2.0,3110,6,1,7,1,1,527,1,0.0,0.0,,8,1,10,0.0,3,4,1,2413,3,2,30,0,2.0,1,26,14,0.0,19,0.0,0.0
2,3,2.0,2407,16,1,2,1,1,39,1,0.0,0.0,,11,2,0,0.0,3,2,1,1034,3,2,30,0,2.0,1,31,3,0.0,33,0.0,0.0
1,3,2.0,3620,15,1,6,1,1,191,1,0.0,0.0,,8,1,10,0.0,1,4,1,1633,3,2,30,0,2.0,1,24,14,0.0,33,0.0,0.0
0,3,2.0,333,20,1,11,1,1,489,1,0.0,0.0,,12,2,7,0.0,3,3,1,1821,0,2,15,0,1.0,1,24,3,0.0,21,0.0,0.0
2,3,2.0,3832,17,1,8,1,5,537,1,0.0,0.0,,8,1,10,0.0,2,3,1,815,3,2,30,0,4.0,1,31,14,0.0,33,0.0,0.0
2,3,2.0,4800,18,0,2,1,1,247,1,0.0,1.0,,6,1,16,0.0,3,4,1,2533,1,3,30,0,1.0,1,15,14,0.0,6,1.0,0.0
2,3,2.0,5600,11,0,12,2,1,537,1,0.0,0.0,,2,1,10,0.0,2,7,1,813,3,2,30,5,2.0,1,31,13,0.0,33,0.0,0.0
2,4,2.0,11458,14,0,8,1,1,423,1,0.0,2.0,,8,1,10,0.0,2,5,1,2212,3,4,30,0,0.0,1,24,14,0.0,12,0.0,2.0
1,3,2.0,2400,9,1,9,2,1,426,1,0.0,0.0,,8,2,0,0.0,1,2,1,2515,3,2,30,0,2.0,1,31,3,0.0,18,0.0,0.0
0,3,2.0,45,16,1,9,1,1,548,1,0.0,0.0,,8,1,10,0.0,0,5,1,131,3,2,30,0,4.0,1,31,14,0.0,17,0.0,0.0
2,3,2.0,17,11,1,7,2,1,230,1,0.0,0.0,,8,2,2,0.0,0,3,2,131,3,2,30,0,1.0,1,24,3,0.0,24,0.0,0.0
2,3,2.0,4500,14,0,2,2,1,204,1,0.0,0.0,,2,2,16,0.0,1,2,1,1623,3,2,20,0,4.0,1,24,3,0.0,33,0.0,0.0
2,3,2.0,3000,4,0,1,1,5,398,1,0.0,0.0,,8,5,16,0.0,3,7,10,1222,5,2,30,4,2.0,1,31,15,0.0,33,0.0,0.0
2,3,3.0,1298,15,0,5,2,1,103,1,0.0,0.0,,8,2,10,0.0,3,2,1,613,3,2,30,0,3.0,1,31,3,0.0,10,0.0,0.0
2,3,2.0,4200,17,1,4,2,1,537,1,0.0,0.0,,12,2,7,0.0,2,3,1,815,3,2,15,0,1.0,1,24,3,0.0,17,0.0,0.0
0,3,2.0,600,15,1,5,2,1,599,1,0.0,0.0,,2,1,15,0.0,3,6,1,124,3,2,30,0,2.0,1,24,14,0.0,23,0.0,0.0
2,3,1.0,45,22,1,6,2,1,45,1,0.0,0.0,,8,2,2,0.0,0,1,1,213,1,2,35,0,1.0,1,31,3,0.0,21,0.0,0.0
2,3,2.0,2701,6,1,3,2,1,178,1,0.0,0.0,,2,1,16,0.0,2,2,1,1034,1,2,30,0,3.0,1,24,13,0.0,33,0.0,0.0
1,3,2.0,3141,15,1,6,1,1,498,1,0.0,0.0,,8,5,7,0.0,1,2,1,2511,3,2,30,0,1.0,1,24,15,0.0,33,0.0,0.0
2,3,3.0,6314,2,0,8,2,1,74,1,0.0,0.0,,8,2,7,0.0,3,2,1,812,1,2,30,0,1.0,1,31,3,0.0,8,0.0,0.0
1,3,2.0,3900,11,1,7,1,1,397,1,0.0,0.0,,3,1,15,0.0,2,6,1,212,3,2,40,0,2.0,1,31,5,0.0,23,0.0,0.0
2,3,2.0,6315,16,1,12,2,1,537,1,0.0,0.0,,8,1,10,0.0,2,2,1,823,1,2,30,0,2.0,1,31,14,0.0,19,0.0,0.0
1,3,2.0,4100,21,1,8,1,1,439,1,0.0,0.0,,1,1,10,0.0,3,1,1,1115,0,2,30,0,3.0,1,31,13,0.0,33,0.0,0.0
1,3,2.0,1802,1,1,11,1,3,154,1,0.0,0.0,,12,2,2,0.0,1,3,5,1433,1,2,15,1,2.0,1,24,3,0.0,36,0.0,0.0
2,3,2.0,687,20,0,12,1,1,377,1,0.0,0.0,,8,2,15,0.0,1,3,1,1111,1,2,30,0,3.0,1,4,3,0.0,26,0.0,0.0
0,3,2.0,3000,19,0,7,2,5,551,1,0.0,1.0,,10,1,9,0.0,3,2,1,2413,1,4,30,4,1.0,1,31,13,0.0,33,0.0,1.0
1,3,2.0,5210,21,1,8,2,5,489,1,0.0,0.0,,8,5,15,0.0,3,5,1,2532,1,2,30,0,2.0,1,31,15,0.0,12,0.0,0.0
1,3,2.0,1901,8,1,11,1,1,632,1,0.0,0.0,,8,2,10,0.0,1,6,1,1434,3,2,30,0,3.0,1,24,3,0.0,33,0.0,0.0
2,3,2.0,190,22,1,4,1,1,398,1,0.0,0.0,,10,2,15,0.0,3,6,6,122,1,2,30,5,3.0,1,24,13,0.0,18,0.0,0.0
2,3,2.0,6710,6,1,3,1,4,206,1,0.0,0.0,,10,2,7,0.0,2,2,1,832,5,2,30,0,1.0,1,31,3,0.0,33,0.0,0.0
2,3,2.0,2700,18,0,10,2,1,604,1,0.0,0.0,,2,1,0,0.0,3,6,1,2411,1,2,30,0,2.0,1,21,13,0.0,5,0.0,0.0
2,3,2.0,1401,11,1,8,1,1,395,1,0.0,0.0,,3,2,10,0.0,2,3,1,132,3,2,45,0,2.0,1,24,3,0.0,33,0.0,0.0
2,3,2.0,242,20,1,1,1,1,299,1,0.0,0.0,,12,2,0,0.0,3,3,1,935,1,2,20,0,2.0,1,24,3,0.0,23,0.0,0.0
2,3,2.0,1000,19,1,6,1,5,303,1,0.0,0.0,,8,5,14,0.0,3,1,1,1923,1,2,30,4,2.0,1,24,13,0.0,33,0.0,0.0
2,3,2.0,649,14,1,4,1,5,548,1,0.0,0.0,,17,1,10,0.0,3,7,10,1232,5,2,30,4,2.0,1,31,14,0.0,33,0.0,0.0
2,3,3.0,335,23,0,7,2,1,506,1,0.0,2.0,,5,1,15,0.0,3,1,1,1831,1,3,30,0,4.0,1,20,14,0.0,23,2.0,0.0
1,3,2.0,3600,14,1,9,1,1,499,1,0.0,0.0,,3,2,10,0.0,3,6,1,1014,3,2,30,0,3.0,1,31,3,0.0,33,0.0,0.0
2,3,2.0,6401,8,1,3,2,6,569,1,0.0,0.0,,2,1,15,0.0,1,5,1,2432,3,2,30,0,2.0,1,31,14,0.0,12,0.0,0.0
1,3,2.0,8700,19,0,7,1,1,613,1,0.0,1.0,,2,1,10,0.0,2,4,6,2222,4,4,30,5,2.0,1,34,14,0.0,19,0.0,1.0
1,3,2.0,700,19,1,4,1,1,9,1,0.0,0.0,,12,2,7,0.0,0,3,1,513,3,2,30,0,1.0,1,31,3,0.0,33,0.0,0.0
2,3,2.0,6601,17,1,1,2,1,590,1,0.0,0.0,,3,5,10,0.0,2,5,1,331,0,2,30,0,2.0,1,24,14,0.0,8,0.0,0.0
1,3,2.0,7500,17,1,2,1,1,612,1,0.0,0.0,,8,2,15,0.0,2,1,1,624,3,2,30,0,2.0,1,31,3,0.0,33,0.0,0.0
1,3,2.0,9717,15,1,9,1,1,313,1,0.0,0.0,,8,2,10,0.0,2,6,1,2223,3,2,30,0,3.0,1,24,3,0.0,12,0.0,0.0
2,3,3.0,6800,20,0,11,2,1,162,1,0.0,1.0,,8,1,10,0.0,3,4,6,2513,2,4,30,5,4.0,1,31,13,0.0,33,0.0,1.0
2,3,2.0,13300,13,0,5,2,1,352,1,0.0,2.0,,2,1,16,0.0,2,7,1,533,3,3,30,0,1.0,1,10,13,0.0,26,2.0,0.0
2,3,3.0,3427,14,0,1,2,5,133,1,0.0,1.0,,6,1,0,0.0,3,5,6,1121,3,3,30,5,1.0,1,24,13,0.0,5,1.0,0.0
2,3,2.0,1400,16,1,3,1,1,537,1,0.0,0.0,,2,1,10,0.0,1,7,6,2534,1,2,30,5,2.0,1,24,3,0.0,33,0.0,0.0
2,3,2.0,5085,23,1,11,2,5,119,1,0.0,0.0,,10,2,7,0.0,3,7,1,1533,1,2,30,0,1.0,1,31,3,0.0,33,0.0,0.0
2,3,2.0,2604,1,1,11,1,5,275,1,0.0,0.0,,8,2,7,0.0,3,7,10,2411,5,2,30,4,1.0,1,24,3,0.0,33,0.0,0.0
0,3,2.0,997,20,0,1,2,1,291,1,0.0,1.0,,2,1,9,0.0,3,2,1,2024,0,3,30,5,1.0,1,3,14,0.0,18,1.0,0.0
1,3,2.0,4455,16,1,5,1,1,53,1,0.0,0.0,,12,1,7,0.0,3,4,1,815,3,2,0,0,1.0,1,24,5,0.0,31,0.0,0.0
1,3,2.0,4650,12,1,10,1,5,489,1,0.0,0.0,,12,2,13,0.0,3,3,10,2533,3,2,25,4,2.0,1,24,3,0.0,33,0.0,0.0
2,3,2.0,2000,13,1,5,1,1,36,1,0.0,0.0,,6,2,16,0.0,3,6,1,1234,3,2,30,0,2.0,1,31,13,0.0,33,0.0,0.0
1,3,2.0,3401,23,1,12,1,5,321,1,0.0,0.0,,2,1,10,0.0,3,4,10,1133,1,2,30,4,2.0,1,17,14,0.0,19,0.0,0.0
1,3,2.0,2642,1,1,10,1,1,38,1,0.0,0.0,,10,2,7,0.0,3,4,1,1034,2,2,30,0,1.0,1,31,3,0.0,33,0.0,0.0
2,3,2.0,6321,23,1,8,1,5,176,1,0.0,0.0,,8,2,7,0.0,3,6,10,1633,1,2,20,4,1.0,1,31,3,0.0,33,0.0,0.0
2,3,2.0,1602,15,1,9,1,5,632,1,0.0,0.0,,6,1,10,0.0,1,6,1,1434,3,2,30,0,2.0,1,31,14,0.0,17,0.0,0.0
2,3,2.0,700,2,1,11,2,1,240,1,0.0,0.0,,10,1,15,0.0,1,1,6,1832,1,2,25,5,2.0,1,21,14,0.0,23,0.0,0.0
2,3,1.0,4919,5,0,10,1,1,398,1,0.0,0.0,,8,2,2,0.0,3,2,1,1532,1,2,30,0,1.0,1,31,3,0.0,33,0.0,0.0
2,3,2.0,2631,16,0,1,2,1,120,1,0.0,0.0,,8,1,10,0.0,3,6,2,1921,3,2,20,5,2.0,1,24,14,0.0,33,0.0,0.0
2,3,3.0,43,20,0,2,2,1,401,1,0.0,1.0,,8,1,10,0.0,1,4,9,1533,1,4,30,3,2.0,1,31,14,0.0,33,0.0,1.0
2,3,4.0,1522,2,0,12,2,5,246,1,0.0,0.0,,8,5,10,0.0,3,1,6,1932,1,2,25,5,3.0,1,24,15,0.0,25,0.0,0.0
0,3,2.0,11443,8,1,9,2,1,313,1,0.0,0.0,,6,2,15,0.0,2,2,1,2233,3,2,35,0,3.0,1,17,3,0.0,33,0.0,0.0
2,3,4.0,5441,20,0,5,2,1,296,1,0.0,0.0,,8,5,7,0.0,3,6,1,2515,3,2,30,0,2.0,1,24,15,0.0,33,0.0,0.0
2,3,2.0,1932,23,1,9,1,1,566,1,0.0,0.0,,8,2,7,0.0,1,6,1,1811,1,2,20,0,1.0,1,24,3,0.0,25,0.0,0.0
2,3,2.0,6647,19,0,3,1,1,632,1,0.0,0.0,,6,1,0,0.0,2,4,1,832,1,2,30,0,3.0,1,24,14,0.0,6,0.0,0.0
2,3,2.0,2800,18,1,9,1,1,41,1,0.0,0.0,,2,1,15,0.0,3,4,1,1033,2,2,30,0,2.0,1,24,14,0.0,33,0.0,0.0
2,3,2.0,6601,8,1,11,1,1,256,1,0.0,0.0,,6,1,15,0.0,2,3,1,312,3,2,25,0,2.0,1,24,14,0.0,23,0.0,0.0
2,3,2.0,14,16,1,4,2,1,426,1,0.0,0.0,,10,2,16,0.0,1,6,1,1522,3,2,25,0,2.0,1,24,3,0.0,18,0.0,0.0
2,3,2.0,6901,14,1,2,1,1,632,1,0.0,0.0,,8,2,0,0.0,2,5,9,832,3,2,30,5,2.0,1,16,3,0.0,18,0.0,0.0
2,3,2.0,500,11,1,6,1,1,467,1,0.0,0.0,,10,2,15,0.0,3,4,1,121,3,2,30,0,2.0,1,24,3,0.0,18,0.0,0.0
2,3,2.0,6822,8,1,6,2,1,522,0,0.0,0.0,,2,2,7,0.0,2,5,1,725,3,2,15,0,1.0,1,31,3,0.0,33,0.0,0.0
2,3,2.0,4700,15,1,10,1,1,178,1,0.0,0.0,,15,1,16,0.0,2,2,1,922,1,2,30,0,2.0,1,24,14,0.0,33,0.0,0.0
2,3,2.0,7400,14,1,11,1,1,576,1,0.0,0.0,,8,2,15,0.0,2,2,1,334,3,2,30,0,2.0,1,24,3,0.0,25,0.0,0.0
1,3,2.0,3861,23,1,8,1,5,130,1,0.0,0.0,,8,2,7,0.0,3,6,1,1133,5,2,35,0,1.0,1,31,3,0.0,33,0.0,0.0
2,3,2.0,631,14,1,12,1,1,389,1,0.0,0.0,,11,2,0,0.0,1,5,1,1832,3,2,30,0,2.0,1,31,3,0.0,33,0.0,0.0
2,3,2.0,3517,6,0,12,1,5,401,1,0.0,0.0,,8,2,7,0.0,1,2,10,1634,5,2,30,4,1.0,1,24,3,0.0,33,0.0,0.0
2,3,2.0,631,11,1,11,2,1,396,1,0.0,0.0,,3,1,10,0.0,1,5,1,1834,3,2,40,0,3.0,1,24,0,0.0,12,0.0,0.0
0,3,2.0,4252,12,1,7,1,5,407,1,0.0,0.0,,2,0,7,0.0,3,4,1,1712,3,2,30,0,1.0,1,24,15,0.0,25,0.0,0.0
2,3,1.0,134,0,1,8,2,5,615,1,0.0,0.0,,10,1,2,0.0,2,2,1,112,0,2,35,0,2.0,1,24,15,0.0,24,0.0,0.0
2,3,2.0,4800,14,1,2,1,5,223,1,0.0,0.0,,8,2,7,0.0,2,6,1,222,4,2,0,0,1.0,1,31,3,0.0,33,0.0,0.0
2,3,2.0,1030,15,0,12,2,1,83,1,0.0,0.0,,8,2,3,0.0,3,3,1,733,3,2,25,0,2.0,0,24,3,0.0,22,0.0,0.0
2,3,2.0,8609,16,1,8,1,1,180,1,0.0,0.0,,10,2,7,0.0,2,4,10,632,5,2,30,4,1.0,1,31,3,0.0,33,0.0,0.0
2,3,2.0,100,11,1,7,1,1,219,1,0.0,0.0,,8,1,15,0.0,3,5,1,122,3,2,30,0,2.0,1,24,14,0.0,23,0.0,0.0
2,3,2.0,1135,16,1,4,1,1,124,1,0.0,0.0,,10,2,0,0.0,3,2,1,1932,3,2,20,0,2.0,1,19,3,0.0,18,0.0,0.0
1,3,2.0,4300,8,1,4,1,1,537,1,0.0,0.0,,8,1,15,0.0,2,5,1,815,3,2,30,0,2.0,1,11,14,0.0,13,0.0,0.0
2,3,6.0,200,17,0,1,2,5,434,1,0.0,0.0,,3,5,10,0.0,2,2,10,122,5,2,30,4,6.0,1,31,3,0.0,17,0.0,0.0
1,3,2.0,2200,19,1,9,1,5,146,1,0.0,0.0,,8,5,7,0.0,3,4,10,1931,1,2,20,4,1.0,1,31,3,0.0,33,0.0,0.0
1,3,2.0,555,14,1,3,2,1,596,1,0.0,0.0,,10,2,7,0.0,3,2,1,1934,3,2,30,0,1.0,1,31,3,0.0,12,0.0,0.0
2,3,2.0,9900,19,0,11,2,1,602,1,0.0,1.0,,6,1,0,0.0,2,5,2,2213,0,3,30,5,1.0,1,24,13,0.0,18,1.0,0.0
2,3,2.0,1026,20,1,1,1,1,470,1,0.0,0.0,,8,5,7,0.0,3,1,10,1913,1,2,25,4,1.0,1,24,15,0.0,25,0.0,0.0
2,3,2.0,5912,11,1,10,1,1,118,1,0.0,0.0,,2,2,7,0.0,3,1,1,1513,5,2,0,0,1.0,1,24,3,0.0,33,0.0,0.0
1,3,2.0,6400,10,1,3,1,1,204,1,0.0,0.0,,8,2,10,0.0,2,6,1,813,3,2,30,0,2.0,1,17,3,0.0,19,0.0,0.0
2,3,2.0,10404,12,1,8,1,5,649,1,0.0,0.0,,8,2,15,0.0,3,2,10,1654,3,2,30,4,2.0,1,31,3,0.0,33,0.0,0.0
1,3,2.0,7599,21,1,11,1,1,148,1,0.0,0.0,,8,2,10,0.0,1,6,1,2411,1,2,30,0,2.0,1,31,3,0.0,20,0.0,0.0
2,3,2.0,7201,20,1,10,2,5,178,1,0.0,0.0,,12,2,7,0.0,1,1,10,2411,1,2,15,4,2.0,1,24,3,0.0,21,0.0,0.0
1,3,2.0,1144,16,1,12,1,1,455,1,0.0,0.0,,10,2,7,0.0,1,6,10,1511,5,2,25,4,1.0,1,24,3,0.0,33,0.0,0.0
1,3,2.0,87,19,1,11,1,1,588,1,0.0,0.0,,8,1,16,0.0,2,6,1,112,3,2,30,0,2.0,1,24,14,0.0,23,0.0,0.0
2,3,2.0,1598,21,0,7,2,1,14,1,0.0,0.0,,6,2,0,0.0,3,6,1,2234,0,2,30,0,4.0,1,6,14,0.0,17,0.0,0.0
2,3,3.0,1458,2,0,2,2,5,450,1,0.0,0.0,,10,1,11,0.0,1,6,9,2531,1,2,30,1,4.0,1,15,13,0.0,26,0.0,0.0
2,3,2.0,500,9,1,1,1,1,623,1,0.0,0.0,,10,1,16,0.0,3,7,1,121,3,2,35,0,2.0,1,4,14,0.0,24,0.0,0.0
2,3,2.0,1304,23,1,11,1,1,247,1,0.0,0.0,,8,1,16,0.0,3,7,6,1433,1,2,30,5,2.0,1,7,15,0.0,2,0.0,0.0
0,3,2.0,4900,17,1,10,1,1,397,1,0.0,0.0,,3,2,10,0.0,2,6,1,222,3,2,30,0,2.0,1,15,3,0.0,19,0.0,0.0
2,3,2.0,3308,14,1,8,2,1,271,1,0.0,0.0,,10,1,7,0.0,2,3,1,915,3,2,30,0,1.0,1,31,14,0.0,33,0.0,0.0
1,2,3.0,1225,13,0,5,2,0,94,1,0.0,0.0,,10,2,7,0.0,3,7,1,613,3,2,25,0,1.0,1,24,3,0.0,12,0.0,0.0
2,3,2.0,4500,19,0,6,2,5,398,1,0.0,1.0,,8,1,15,0.0,3,2,2,1113,3,4,30,4,4.0,1,24,14,0.0,23,0.0,1.0
2,3,2.0,3250,15,1,11,1,1,39,1,0.0,0.0,,8,2,7,0.0,3,6,1,1024,3,2,25,0,1.0,1,31,3,0.0,33,0.0,0.0
1,3,2.0,819,2,1,10,1,1,103,1,0.0,0.0,,8,2,15,0.0,0,7,1,632,0,2,30,0,2.0,1,31,3,0.0,33,0.0,0.0
0,3,2.0,554,21,1,8,1,1,617,1,0.0,0.0,,8,2,7,0.0,0,6,1,132,1,2,30,0,1.0,1,24,3,0.0,12,0.0,0.0
2,3,2.0,561,16,0,10,2,1,7,1,0.0,1.0,,8,2,7,0.0,0,6,2,512,3,4,25,0,1.0,1,21,3,0.0,23,0.0,1.0
2,3,2.0,6316,18,1,8,2,1,148,1,0.0,0.0,,10,2,7,0.0,2,7,1,825,3,2,15,0,1.0,1,31,3,0.0,18,0.0,0.0
2,3,2.0,5600,8,1,11,1,1,437,1,0.0,0.0,,8,1,16,0.0,1,4,1,1623,3,2,30,0,3.0,1,24,13,0.0,18,0.0,0.0
2,3,2.0,155,18,1,10,1,1,616,1,0.0,0.0,,8,4,16,0.0,1,7,1,122,3,2,30,0,2.0,1,24,9,0.0,24,0.0,0.0
1,3,2.0,10700,5,1,1,1,1,400,1,0.0,0.0,,2,1,16,0.0,2,2,1,513,0,2,30,0,2.0,1,31,3,0.0,23,0.0,0.0
1,3,2.0,5640,18,1,5,1,1,313,1,0.0,0.0,,2,2,10,0.0,2,6,1,712,3,2,30,0,2.0,1,24,3,0.0,33,0.0,0.0
1,3,2.0,3600,19,1,12,1,5,414,1,0.0,0.0,,8,1,10,0.0,1,2,1,1922,1,2,30,0,2.0,1,31,14,0.0,33,0.0,0.0
0,3,2.0,5700,14,1,2,1,1,569,1,0.0,0.0,,6,1,16,0.0,1,6,1,2022,3,2,30,0,3.0,1,20,14,0.0,22,0.0,0.0
2,3,2.0,4301,5,1,8,2,1,204,1,0.0,0.0,,2,1,3,0.0,2,2,1,815,2,2,30,0,2.0,1,24,14,0.0,12,0.0,0.0
2,3,2.0,740,16,1,4,2,1,637,1,0.0,0.0,,11,2,7,0.0,1,3,1,1215,3,2,15,0,1.0,1,24,3,0.0,25,0.0,0.0
1,3,2.0,1701,4,0,4,2,1,191,1,0.0,1.0,,2,2,9,0.0,1,5,6,2532,1,1,30,5,2.0,0,24,3,1.0,36,0.0,0.0
2,3,4.0,7000,15,0,5,2,1,625,1,0.0,0.0,,8,1,7,0.0,2,4,1,831,3,2,10,0,2.0,1,19,13,0.0,21,0.0,0.0
2,3,2.0,1414,23,1,11,1,1,389,1,0.0,0.0,,3,2,10,0.0,1,7,1,1821,1,2,30,0,6.0,1,24,3,0.0,33,0.0,0.0
0,3,2.0,7506,13,1,2,1,1,538,1,0.0,0.0,,12,2,7,0.0,2,7,1,612,3,2,30,0,1.0,1,24,3,0.0,33,0.0,0.0
1,3,2.0,7453,2,1,8,2,1,588,1,0.0,0.0,,6,1,15,0.0,2,1,1,323,1,2,30,0,2.0,1,31,14,0.0,33,0.0,0.0
2,3,2.0,125,13,1,5,1,5,241,1,0.0,0.0,,10,2,7,0.0,0,5,1,1833,3,2,30,0,1.0,1,31,3,0.0,33,0.0,0.0
2,3,2.0,31,17,1,10,2,5,397,1,0.0,0.0,CONSTRUCTION,3,2,15,0.0,2,1,1,114,3,2,45,0,2.0,1,24,3,0.0,33,0.0,0.0
2,3,2.0,4900,18,1,8,1,5,368,1,0.0,0.0,,8,5,10,0.0,1,4,1,1713,4,2,30,4,2.0,1,31,14,0.0,33,0.0,0.0
1,3,2.0,5531,8,1,11,1,1,368,1,0.0,0.0,,8,2,15,0.0,2,2,1,824,3,2,30,0,2.0,1,10,3,0.0,33,0.0,0.0
1,3,2.0,1598,9,1,2,1,1,33,0,0.0,0.0,,8,2,11,0.0,3,6,1,1233,3,2,30,0,2.0,1,19,13,0.0,21,0.0,0.0
1,3,2.0,1250,10,1,9,1,5,127,1,0.0,0.0,,17,5,7,0.0,3,5,5,2033,5,2,30,4,1.0,1,24,15,0.0,25,0.0,0.0
1,3,2.0,7159,16,1,7,1,1,510,1,0.0,0.0,,8,1,0,0.0,3,7,1,2512,3,2,30,5,3.0,1,15,13,0.0,18,0.0,0.0
1,3,2.0,1530,13,1,11,1,1,234,1,0.0,0.0,,12,2,7,0.0,1,3,1,1424,3,2,10,0,2.0,1,31,3,0.0,33,0.0,0.0
2,3,2.0,312,0,0,6,2,1,62,1,0.0,0.0,,8,2,15,0.0,0,7,10,231,5,2,0,4,1.0,1,31,3,0.0,33,0.0,0.0
2,3,2.0,6718,15,1,11,1,1,538,1,0.0,0.0,,2,2,10,0.0,2,7,1,724,3,2,30,0,2.0,1,17,3,0.0,17,0.0,0.0
2,3,2.0,6301,23,1,8,1,5,178,1,0.0,0.0,,8,2,7,0.0,1,6,1,2413,0,2,30,4,1.0,1,24,3,0.0,33,0.0,0.0
1,3,2.0,62,22,1,5,1,1,57,1,0.0,0.0,,8,2,7,0.0,0,7,1,215,1,2,30,0,3.0,1,24,3,0.0,25,0.0,0.0
1,3,2.0,5318,14,0,10,2,1,489,1,0.0,1.0,,8,2,7,0.0,3,2,2,2532,3,3,30,0,0.0,1,15,3,0.0,11,1.0,0.0
2,3,2.0,3019,17,1,12,1,5,296,1,0.0,0.0,,8,5,10,0.0,3,4,10,1414,5,2,30,4,2.0,1,31,14,0.0,33,0.0,0.0
2,3,2.0,6500,18,1,10,1,1,245,1,0.0,0.0,,8,1,0,0.0,3,5,1,2511,4,2,30,0,3.0,1,15,13,0.0,18,0.0,0.0
2,3,2.0,2708,23,1,1,1,5,73,1,0.0,0.0,,10,2,7,0.0,3,7,10,825,5,2,30,4,1.0,1,24,3,0.0,12,0.0,0.0
2,3,2.0,1200,13,1,9,1,1,207,1,0.0,0.0,,8,1,15,0.0,1,6,1,1821,3,2,30,0,2.0,1,31,14,0.0,23,0.0,0.0
1,3,2.0,951,16,1,11,1,5,135,1,0.0,0.0,,8,1,10,0.0,1,3,1,1511,3,2,30,0,2.0,1,24,14,0.0,19,0.0,0.0
1,3,2.0,657,14,1,9,1,5,42,1,0.0,0.0,,12,2,7,0.0,3,1,1,915,3,2,10,4,2.0,1,24,3,0.0,21,0.0,0.0
2,3,2.0,2857,9,1,7,1,1,605,1,0.0,0.0,,10,2,7,0.0,2,1,1,1031,5,2,30,0,1.0,1,24,3,0.0,33,0.0,0.0
2,3,2.0,5062,14,1,11,1,1,467,1,0.0,0.0,,10,2,7,0.0,3,7,1,1533,3,2,30,0,2.0,1,31,3,0.0,33,0.0,0.0
2,3,2.0,5600,15,0,11,2,1,396,1,0.0,0.0,,3,2,15,0.0,2,4,1,331,3,2,40,0,2.0,1,16,3,0.0,23,0.0,0.0
0,3,2.0,2701,20,1,1,1,5,632,1,0.0,0.0,,6,1,9,0.0,1,4,1,1432,1,2,30,4,2.0,1,31,14,0.0,33,0.0,0.0
2,3,2.0,3605,16,1,1,1,1,537,1,0.0,0.0,,8,1,16,0.0,1,3,1,1732,1,2,30,0,2.0,1,22,14,0.0,24,0.0,0.0
2,3,2.0,6215,19,1,12,1,1,407,1,0.0,0.0,,8,2,7,0.0,3,3,1,1622,1,2,30,0,1.0,1,24,3,0.0,12,0.0,0.0
2,3,4.0,108,8,0,6,2,1,97,1,0.0,1.0,,8,2,15,0.0,3,2,1,622,3,3,30,0,1.0,1,31,3,0.0,33,1.0,0.0
0,3,2.0,1215,1,1,3,1,1,629,1,0.0,0.0,,8,1,15,0.0,1,1,1,1821,1,2,30,0,2.0,1,16,2,0.0,18,0.0,0.0
1,3,2.0,1000,14,1,9,1,1,489,1,0.0,0.0,,8,1,10,0.0,3,7,1,1811,3,2,30,0,3.0,1,24,14,0.0,19,0.0,0.0
1,3,2.0,200,16,1,9,2,1,272,1,0.0,0.0,,11,1,0,0.0,0,2,1,1834,3,2,30,0,3.0,1,31,13,0.0,18,0.0,0.0
0,3,2.0,2759,11,0,5,2,1,210,1,0.0,1.0,,5,1,8,0.0,1,5,1,1931,3,3,30,0,1.0,1,16,14,0.0,18,1.0,0.0
1,3,2.0,350,22,1,8,1,1,506,1,0.0,0.0,,10,2,15,0.0,3,1,1,1831,3,2,25,0,2.0,1,24,3,0.0,25,0.0,0.0
2,3,2.0,900,20,1,10,2,5,394,1,0.0,0.0,,11,2,3,0.0,1,6,6,1833,1,2,45,5,2.0,1,34,3,0.0,36,0.0,0.0
1,3,2.0,3170,9,0,1,2,1,569,1,0.0,0.0,,8,2,15,0.0,1,2,6,1934,3,2,30,5,3.0,1,24,3,0.0,18,0.0,0.0
1,3,2.0,2545,22,1,6,1,1,27,1,0.0,0.0,,12,2,16,0.0,0,6,6,434,1,2,10,5,2.0,1,16,3,0.0,18,0.0,0.0
1,3,2.0,400,16,1,4,1,1,81,1,0.0,0.0,,2,2,16,0.0,0,5,1,322,3,2,30,0,4.0,1,24,14,0.0,33,0.0,0.0
1,3,2.0,1198,16,1,12,1,5,395,1,0.0,0.0,,3,1,15,0.0,2,3,1,114,1,2,40,0,3.0,1,24,14,0.0,33,0.0,0.0
1,3,2.0,6100,12,1,8,1,1,126,1,0.0,0.0,,12,2,7,0.0,2,4,1,811,3,2,20,0,1.0,1,24,3,0.0,25,0.0,0.0
0,3,2.0,800,8,1,10,1,1,111,1,0.0,0.0,,8,1,10,0.0,3,5,6,2223,3,2,30,5,4.0,1,31,14,0.0,33,0.0,0.0
1,3,2.0,6400,15,0,4,2,1,177,1,0.0,0.0,,2,2,10,0.0,1,3,1,1621,3,2,30,0,3.0,1,31,3,0.0,19,0.0,0.0
1,3,2.0,431,8,1,7,1,1,240,1,0.0,0.0,,10,1,16,0.0,2,6,1,113,3,2,30,0,2.0,1,31,14,0.0,33,0.0,0.0
2,3,2.0,1500,17,1,8,1,5,313,1,0.0,0.0,,8,2,15,0.0,1,6,1,1822,3,2,30,0,2.0,1,4,3,0.0,22,0.0,0.0
2,3,2.0,1,23,1,11,1,1,616,1,0.0,0.0,,2,2,16,0.0,3,2,1,111,0,2,30,0,2.0,1,31,3,0.0,33,0.0,0.0
2,3,1.0,4950,2,0,5,2,1,256,1,0.0,0.0,,8,2,2,0.0,2,4,1,224,1,2,30,0,1.0,1,24,3,0.0,0,0.0,0.0
2,3,1.0,3447,7,1,6,2,1,548,1,0.0,0.0,,8,2,2,0.0,3,1,1,1021,3,2,30,0,1.0,1,31,3,0.0,33,0.0,0.0
2,3,2.0,1601,4,0,6,2,1,319,1,0.0,1.0,,3,1,9,0.0,1,6,6,2513,1,3,30,5,1.0,1,24,14,0.0,33,1.0,0.0
2,3,2.0,2339,13,1,4,1,5,559,1,0.0,0.0,,8,5,15,0.0,1,5,2,1413,3,2,30,4,2.0,1,31,15,0.0,33,0.0,0.0
0,3,2.0,1300,13,0,6,1,5,207,1,0.0,1.0,,8,5,8,0.0,1,4,1,1821,3,3,25,4,1.0,1,31,15,0.0,33,1.0,0.0
2,3,2.0,1100,12,0,3,2,1,445,1,0.0,1.0,,8,2,16,0.0,0,3,9,321,3,4,30,3,1.0,1,31,3,0.0,33,0.0,1.0
1,3,2.0,4546,1,1,9,2,1,451,1,0.0,0.0,,8,2,7,0.0,3,1,1,1113,0,2,25,0,1.0,1,31,3,0.0,33,0.0,0.0
2,3,2.0,5900,0,0,10,1,5,473,1,0.0,1.0,,2,1,9,0.0,2,5,10,712,0,4,30,4,1.0,1,31,14,0.0,24,0.0,1.0
1,3,2.0,5600,16,1,5,1,1,151,1,0.0,0.0,,12,2,0,0.0,3,3,1,1633,3,2,15,0,2.0,1,15,3,0.0,21,0.0,0.0
2,3,2.0,2333,15,1,8,1,1,355,1,0.0,0.0,,2,2,16,0.0,3,5,1,1921,3,2,30,0,2.0,1,31,3,0.0,24,0.0,0.0
0,3,2.0,3901,7,1,9,2,1,368,1,0.0,0.0,,8,2,15,0.0,2,4,1,921,3,2,30,0,2.0,1,31,3,0.0,23,0.0,0.0
2,3,3.0,5832,22,0,6,2,1,489,1,0.0,2.0,,2,2,16,0.0,3,6,1,2531,0,3,30,0,0.0,1,31,13,0.0,18,2.0,0.0
1,3,2.0,7901,22,1,8,1,1,331,1,0.0,0.0,,8,2,15,0.0,3,4,1,1614,0,2,30,0,2.0,1,24,3,0.0,19,0.0,0.0
1,3,2.0,3630,11,1,3,2,1,120,1,0.0,0.0,,8,1,15,0.0,3,5,1,1732,3,2,35,0,2.0,1,24,14,0.0,26,0.0,0.0
1,3,2.0,330,16,0,8,1,1,615,1,0.0,1.0,,3,1,10,0.0,1,4,1,1834,3,4,30,0,1.0,1,17,14,0.0,17,0.0,1.0
2,3,2.0,1357,13,1,7,2,1,347,1,0.0,0.0,,8,2,7,0.0,0,3,1,234,3,2,30,0,1.0,1,24,3,0.0,24,0.0,0.0
1,3,2.0,3857,8,1,11,1,1,483,1,0.0,0.0,,8,2,15,0.0,1,3,1,1632,3,2,30,0,2.0,1,24,3,0.0,23,0.0,0.0
2,3,2.0,4941,10,1,6,1,1,291,1,0.0,0.0,,8,2,16,0.0,3,7,1,1623,3,2,30,0,2.0,1,15,3,0.0,18,0.0,0.0
1,3,2.0,29,22,0,10,2,1,621,1,0.0,1.0,,10,1,9,0.0,0,2,1,1833,1,4,30,0,1.0,1,31,14,0.0,33,0.0,1.0
1,3,2.0,5100,13,1,5,2,1,191,1,0.0,0.0,,6,1,0,0.0,2,1,6,811,3,2,30,5,2.0,1,34,14,0.0,3,0.0,0.0
1,3,2.0,7900,13,1,7,1,1,368,1,0.0,0.0,,6,1,10,0.0,2,2,1,834,3,2,30,0,3.0,1,24,14,0.0,33,0.0,0.0
2,3,2.0,1800,17,1,7,1,1,37,1,0.0,0.0,,6,1,0,0.0,3,4,1,1234,3,2,30,0,2.0,1,31,13,0.0,18,0.0,0.0
2,3,1.0,8600,23,0,8,2,5,131,1,0.0,1.0,,8,1,2,0.0,2,3,1,614,1,3,30,0,0.0,1,24,14,0.0,17,1.0,0.0
2,3,2.0,1006,18,1,8,1,5,439,1,0.0,0.0,,8,5,15,0.0,3,3,1,1224,3,2,30,4,2.0,1,31,15,0.0,33,0.0,0.0
2,3,2.0,348,22,0,5,2,1,209,1,0.0,0.0,,15,2,0,0.0,1,4,1,1214,1,2,30,0,2.0,1,24,3,0.0,18,0.0,0.0
2,3,2.0,1129,17,0,6,2,1,111,1,0.0,0.0,,15,1,16,0.0,0,4,1,511,3,2,35,0,4.0,1,31,13,0.0,24,0.0,0.0
2,3,2.0,5401,20,1,6,1,1,633,1,0.0,0.0,,8,2,15,0.0,2,6,1,932,1,2,30,0,2.0,1,24,3,0.0,33,0.0,0.0
2,3,2.0,2641,10,0,11,2,5,401,1,0.0,0.0,,2,2,7,0.0,1,4,1,2521,3,2,30,0,1.0,1,24,3,0.0,13,0.0,0.0
1,3,2.0,6501,15,1,11,1,1,204,1,0.0,0.0,,8,2,10,0.0,2,4,1,833,3,2,30,0,2.0,1,24,3,0.0,25,0.0,0.0
2,3,2.0,1000,1,1,7,2,1,334,1,0.0,0.0,,2,1,16,0.0,3,5,1,2022,1,2,30,0,4.0,1,20,14,0.0,23,0.0,0.0
1,3,2.0,5800,12,1,5,2,1,537,1,0.0,0.0,,12,2,11,0.0,1,4,1,1711,3,2,20,0,2.0,1,24,3,0.0,21,0.0,0.0
2,3,2.0,5500,9,1,7,2,1,291,1,0.0,0.0,,8,1,16,0.0,3,1,6,1623,3,2,30,5,2.0,1,24,14,0.0,24,0.0,0.0
1,3,2.0,1099,16,1,12,1,1,497,1,0.0,0.0,,8,1,10,0.0,0,1,6,212,2,2,30,5,3.0,1,17,14,0.0,19,0.0,0.0
0,3,2.0,5623,19,1,6,2,5,538,1,0.0,0.0,,8,2,7,0.0,2,3,6,712,1,2,30,5,1.0,1,24,3,0.0,17,0.0,0.0
2,3,2.0,11501,20,1,12,1,5,312,1,0.0,0.0,,10,2,7,0.0,2,5,10,2212,0,2,25,4,1.0,1,31,3,0.0,33,0.0,0.0
2,3,1.0,7433,12,1,4,2,1,252,1,0.0,0.0,,12,2,2,0.0,2,4,1,324,3,2,30,0,1.0,1,24,3,0.0,33,0.0,0.0
1,3,2.0,4817,13,1,3,1,5,222,1,0.0,0.0,,12,2,7,0.0,3,1,10,1634,5,2,25,4,1.0,1,31,3,0.0,33,0.0,0.0
1,3,2.0,3622,5,1,3,1,1,120,1,0.0,0.0,,8,1,10,0.0,3,3,1,1732,2,2,30,0,2.0,1,31,14,0.0,19,0.0,0.0
0,3,2.0,1501,12,1,8,2,1,407,1,0.0,0.0,,8,2,9,0.0,3,2,1,1912,3,2,30,0,2.0,1,11,3,0.0,13,0.0,0.0
0,3,2.0,5550,8,1,10,2,1,439,1,0.0,0.0,,2,1,15,0.0,3,4,1,1522,3,2,30,0,2.0,1,31,14,0.0,33,0.0,0.0
2,3,2.0,139,8,1,3,2,1,341,1,0.0,0.0,,12,2,7,0.0,1,6,1,1223,3,2,20,0,1.0,1,24,3,0.0,33,0.0,0.0
1,3,2.0,6300,5,1,12,1,1,368,1,0.0,0.0,,8,2,16,0.0,2,1,3,823,3,2,30,0,2.0,1,24,3,0.0,25,0.0,0.0
1,4,2.0,4444,7,1,10,1,1,296,1,0.0,0.0,,2,1,10,0.0,3,2,1,2524,3,2,30,0,2.0,1,16,14,0.0,9,0.0,0.0
2,4,2.0,2424,21,0,1,2,1,632,1,0.0,0.0,,2,2,7,0.0,1,3,2,1431,1,2,30,0,1.0,1,20,3,0.0,20,0.0,0.0
1,3,2.0,750,15,1,4,2,5,335,1,0.0,0.0,,8,1,15,0.0,2,1,6,1133,3,2,30,4,2.0,1,21,14,0.0,23,0.0,0.0
1,3,2.0,2400,15,1,4,1,1,548,1,0.0,0.0,,2,1,16,0.0,3,5,6,1135,3,2,30,5,3.0,1,24,14,0.0,20,0.0,0.0
1,3,2.0,600,21,1,2,1,5,304,1,0.0,0.0,,12,2,7,0.0,0,7,10,1834,5,2,15,4,1.0,1,24,3,0.0,33,0.0,0.0
2,3,2.0,4802,16,1,7,1,1,204,1,0.0,0.0,,2,1,15,0.0,1,4,2,1623,3,2,30,0,6.0,1,31,14,0.0,23,0.0,0.0
2,4,2.0,444,20,0,4,1,5,615,1,0.0,1.0,,8,2,8,0.0,1,4,1,1834,1,3,35,0,1.0,1,16,3,0.0,25,1.0,0.0
2,3,2.0,7199,5,0,3,2,1,204,1,0.0,0.0,,6,1,0,0.0,2,5,1,833,1,2,30,0,2.0,1,24,14,0.0,33,0.0,0.0
2,3,2.0,6398,17,0,3,1,1,264,1,0.0,0.0,,10,1,10,0.0,2,6,1,312,0,2,30,0,3.0,1,25,13,0.0,26,0.0,0.0
2,3,2.0,4201,16,1,9,1,1,193,1,0.0,0.0,,2,1,10,0.0,3,7,1,1013,3,2,30,0,8.0,1,24,14,0.0,25,0.0,0.0
0,3,2.0,2200,15,0,6,1,1,234,1,0.0,2.0,,8,1,8,0.0,2,4,1,1034,3,3,30,0,0.0,1,16,14,0.0,18,2.0,0.0
2,3,2.0,6411,17,1,11,1,1,302,1,0.0,0.0,,8,2,7,0.0,1,2,10,2432,5,2,30,4,1.0,1,31,3,0.0,33,0.0,0.0
2,3,2.0,2042,9,0,4,2,1,89,1,0.0,0.0,,2,2,10,0.0,0,7,1,414,3,2,30,0,2.0,1,31,3,0.0,33,0.0,0.0
2,3,2.0,5504,14,1,4,2,1,131,1,0.0,0.0,,2,2,15,0.0,2,5,1,715,3,2,30,0,3.0,1,21,3,0.0,22,0.0,0.0
2,3,2.0,1545,12,1,9,1,1,537,1,0.0,0.0,,2,1,10,0.0,1,1,1,2535,3,2,20,0,2.0,1,31,14,0.0,33,0.0,0.0
1,3,2.0,4345,10,1,2,1,1,151,1,0.0,0.0,,11,2,16,0.0,3,6,1,2523,3,2,35,4,2.0,1,22,3,0.0,18,0.0,0.0
2,3,1.0,3158,3,0,6,2,5,470,1,0.0,0.0,,8,1,2,0.0,3,7,6,1724,1,2,30,5,1.0,1,24,14,0.0,17,0.0,0.0
2,3,2.0,5200,13,1,6,1,1,204,1,0.0,0.0,,8,2,15,0.0,2,3,1,814,3,2,30,0,2.0,1,31,3,0.0,22,0.0,0.0
1,3,2.0,8847,8,1,10,1,1,131,1,0.0,0.0,,8,2,10,0.0,2,4,6,2221,3,2,30,5,2.0,1,34,3,0.0,19,0.0,0.0
1,3,2.0,1632,8,1,8,1,1,83,1,0.0,0.0,,8,5,16,0.0,0,6,1,332,3,2,30,0,2.0,1,31,16,0.0,7,0.0,0.0
2,3,2.0,2298,15,1,3,1,5,632,1,0.0,0.0,,6,2,16,0.0,2,7,1,1034,3,2,30,0,2.0,1,16,3,0.0,18,0.0,0.0
2,3,2.0,5600,2,0,7,2,1,439,1,0.0,0.0,,3,1,10,0.0,3,7,1,1513,1,2,30,0,2.0,0,31,14,0.0,33,0.0,0.0
2,3,2.0,3000,13,1,3,2,1,50,1,0.0,0.0,,8,1,16,0.0,3,4,1,921,3,2,30,0,2.0,1,24,14,0.0,18,0.0,0.0
0,3,2.0,5168,8,1,4,2,1,126,1,0.0,0.0,,8,2,15,0.0,2,6,1,815,3,2,30,0,2.0,1,24,3,0.0,17,0.0,0.0
2,3,2.0,650,15,1,12,2,1,26,1,0.0,0.0,,8,1,16,0.0,3,4,9,523,4,2,30,3,2.0,1,24,14,0.0,17,0.0,0.0
2,3,2.0,11627,17,1,3,1,5,618,0,0.0,0.0,,8,2,7,0.0,2,2,1,524,3,2,30,0,2.0,1,31,3,0.0,33,0.0,0.0
1,3,2.0,200,17,1,2,1,1,537,1,0.0,0.0,,8,2,10,0.0,1,7,1,1114,3,2,30,0,2.0,1,17,3,0.0,19,0.0,0.0
2,3,2.0,100,11,1,3,1,1,384,1,0.0,0.0,,8,1,10,0.0,3,2,1,1831,3,2,30,0,2.0,1,16,14,0.0,19,0.0,0.0
2,3,2.0,5931,18,0,5,2,1,459,1,0.0,0.0,,3,2,7,0.0,3,6,1,1512,3,2,30,0,1.0,1,24,3,0.0,33,0.0,0.0
2,3,1.0,10000,22,1,4,2,1,501,1,0.0,0.0,,12,2,2,0.0,3,1,1,1651,1,2,20,0,1.0,1,31,3,0.0,33,0.0,0.0
1,3,2.0,4800,17,1,8,1,1,615,1,0.0,0.0,,6,1,0,0.0,2,2,1,224,3,2,35,0,2.0,1,16,13,0.0,18,0.0,0.0
2,3,2.0,2839,17,1,5,1,5,480,1,0.0,0.0,,2,2,13,0.0,1,5,1,2511,3,2,30,4,3.0,1,31,3,0.0,33,0.0,0.0
0,3,2.0,957,19,1,8,1,5,151,1,0.0,0.0,,8,1,10,0.0,3,5,1,1933,4,2,30,0,2.0,1,24,14,0.0,19,0.0,0.0
2,3,2.0,7528,22,1,2,1,1,271,1,0.0,0.0,,8,2,7,0.0,2,2,1,621,1,2,35,0,1.0,1,31,3,0.0,18,0.0,0.0
2,3,3.0,1471,0,1,8,2,1,407,1,0.0,0.0,,2,2,7,0.0,3,1,1,1913,5,2,25,0,1.0,1,31,3,0.0,33,0.0,0.0
2,3,2.0,1201,6,0,10,2,1,537,1,0.0,1.0,,8,2,16,0.0,1,6,6,2535,1,3,30,5,1.0,1,24,3,0.0,16,1.0,0.0
2,3,2.0,7550,15,1,6,1,1,319,1,0.0,0.0,,8,2,16,0.0,1,7,1,1611,3,2,30,0,2.0,1,24,3,0.0,18,0.0,0.0
2,3,2.0,3983,10,1,7,1,5,393,1,0.0,0.0,,10,2,7,0.0,2,4,10,214,5,2,30,4,1.0,1,24,3,0.0,33,0.0,0.0
2,3,2.0,1642,10,1,2,2,5,363,1,0.0,0.0,,8,2,7,0.0,3,3,1,2422,3,2,20,0,1.0,1,24,3,0.0,33,0.0,0.0
0,3,2.0,2516,17,0,4,2,1,178,1,0.0,1.0,,8,2,8,0.0,1,1,1,1414,3,3,35,0,1.0,1,24,3,0.0,18,1.0,0.0
2,3,2.0,4252,14,1,2,2,5,231,1,0.0,0.0,,8,2,7,0.0,3,6,9,1722,3,2,30,3,2.0,1,34,3,0.0,29,0.0,0.0
2,3,2.0,325,22,0,8,2,1,388,1,0.0,1.0,,8,2,10,0.0,2,2,6,1131,1,1,30,5,1.0,1,15,3,1.0,19,0.0,0.0
0,3,2.0,741,17,1,7,1,5,42,1,0.0,0.0,,8,2,10,0.0,3,2,1,915,3,2,30,0,2.0,1,31,3,0.0,33,0.0,0.0
2,3,2.0,321,4,0,2,2,1,103,1,0.0,1.0,,6,1,10,0.0,3,4,6,634,1,3,30,5,2.0,1,15,14,0.0,17,1.0,0.0
2,3,2.0,1950,21,1,8,1,5,464,1,0.0,0.0,,8,5,7,0.0,1,3,1,1434,1,2,30,0,3.0,1,31,3,0.0,33,0.0,0.0
2,3,2.0,4429,10,1,2,1,1,226,1,0.0,0.0,,3,2,16,0.0,3,5,1,2533,3,2,20,3,2.0,1,31,3,0.0,36,0.0,0.0
1,3,2.0,6300,19,1,8,1,1,538,1,0.0,0.0,,8,1,16,0.0,2,1,1,724,1,2,30,0,2.0,1,24,14,0.0,25,0.0,0.0
0,3,2.0,300,9,1,6,1,1,45,1,0.0,0.0,,2,2,10,0.0,0,6,1,211,3,2,30,0,4.0,1,24,3,0.0,33,0.0,0.0
2,3,2.0,115,12,1,4,1,5,450,1,0.0,0.0,,0,2,10,0.0,1,3,6,1512,5,2,15,5,4.0,1,24,3,0.0,33,0.0,0.0
0,3,2.0,2,11,1,10,1,5,219,1,0.0,0.0,,2,5,10,0.0,0,4,6,113,3,2,30,5,2.0,1,24,14,0.0,25,0.0,0.0
2,3,2.0,5200,16,1,1,1,5,260,1,0.0,0.0,,10,5,15,0.0,3,2,10,2514,5,2,20,4,3.0,1,24,15,0.0,33,0.0,0.0
2,3,1.0,532,18,0,3,2,1,401,1,0.0,0.0,,8,2,2,0.0,1,2,9,1523,3,2,30,3,1.0,1,34,3,0.0,17,0.0,0.0
1,3,2.0,4553,10,1,1,1,1,537,1,0.0,0.0,,2,1,10,0.0,1,6,9,1723,3,2,30,3,2.0,1,34,14,0.0,19,0.0,0.0
2,3,2.0,3200,15,1,1,1,1,537,1,0.0,0.0,,6,1,16,0.0,2,1,4,1031,3,2,30,1,2.0,1,31,13,0.0,33,0.0,0.0
2,3,2.0,9200,10,0,6,2,1,131,1,0.0,1.0,,6,2,0,0.0,2,6,2,2221,3,3,30,0,1.0,1,31,3,0.0,33,1.0,0.0
2,3,2.0,720,17,1,11,1,5,13,1,0.0,0.0,,8,2,15,0.0,0,4,10,513,5,2,30,4,2.0,1,24,3,0.0,23,0.0,0.0
2,3,2.0,1630,9,1,3,2,1,21,1,0.0,0.0,,8,1,16,0.0,3,5,1,2234,3,2,30,0,2.0,1,31,14,0.0,33,0.0,0.0
2,3,2.0,5136,4,0,10,2,1,580,1,0.0,0.0,,10,2,7,0.0,2,1,1,822,1,2,10,0,1.0,1,31,3,0.0,33,0.0,0.0
2,3,2.0,8900,9,0,8,1,1,131,1,0.0,2.0,,8,1,16,0.0,2,6,1,2221,3,4,30,0,1.0,1,24,13,0.0,19,0.0,2.0
2,3,2.0,2001,19,0,11,2,1,632,1,0.0,0.0,,2,1,16,0.0,1,5,1,1432,1,2,30,0,2.0,1,16,14,0.0,18,0.0,0.0
2,3,2.0,1544,17,0,2,2,1,347,1,0.0,0.0,,2,2,16,0.0,0,1,1,222,1,2,30,0,3.0,1,24,3,0.0,24,0.0,0.0
0,3,2.0,2011,13,1,6,1,1,74,1,0.0,0.0,,8,1,10,0.0,3,6,1,726,3,2,30,0,2.0,1,24,14,0.0,26,0.0,0.0
1,3,2.0,5827,11,1,7,1,1,563,1,0.0,0.0,,2,2,14,0.0,3,7,1,2514,3,2,20,0,3.0,1,24,3,0.0,25,0.0,0.0
2,3,2.0,6400,9,0,3,2,1,632,1,0.0,1.0,,6,1,16,0.0,1,4,1,2412,3,3,25,0,1.0,1,24,14,0.0,25,1.0,0.0
0,3,2.0,1241,6,1,3,2,1,425,1,0.0,0.0,,2,2,7,0.0,2,7,1,1233,3,2,30,0,1.0,1,31,3,0.0,33,0.0,0.0
2,3,2.0,4359,18,1,2,2,1,126,1,0.0,0.0,,2,1,15,0.0,2,3,1,922,0,2,30,0,3.0,1,24,14,0.0,18,0.0,0.0
1,3,2.0,3858,2,1,8,2,1,95,1,0.0,0.0,,8,2,7,0.0,3,4,1,834,0,2,30,0,1.0,1,24,3,0.0,33,0.0,0.0
0,3,2.0,4200,12,1,8,2,1,61,1,0.0,0.0,,15,2,16,0.0,3,2,1,815,3,2,30,0,2.0,1,31,13,0.0,33,0.0,0.0
2,3,2.0,4514,21,1,5,2,1,414,1,0.0,0.0,,2,1,10,0.0,1,5,1,1911,1,2,30,0,2.0,1,15,14,0.0,19,0.0,0.0
2,3,1.0,1512,11,1,10,2,1,625,1,0.0,0.0,,10,2,5,0.0,2,4,1,1023,3,2,30,0,1.0,1,24,3,0.0,33,0.0,0.0
1,3,2.0,1701,13,1,8,1,5,588,1,0.0,0.0,,10,2,16,0.0,2,6,1,131,3,2,30,0,4.0,1,24,3,0.0,33,0.0,0.0
2,3,2.0,6659,20,1,8,1,1,631,1,0.0,0.0,,8,1,0,0.0,2,1,1,722,1,2,30,0,2.0,1,6,14,0.0,6,0.0,0.0
2,3,2.0,2257,11,0,5,2,1,111,0,0.0,2.0,,3,1,0,0.0,3,1,1,2213,3,3,30,0,1.0,1,31,13,0.0,33,2.0,0.0
1,3,2.0,1524,9,1,12,1,1,334,1,0.0,0.0,,10,2,16,0.0,3,6,1,2013,3,2,25,5,2.0,1,19,3,0.0,21,0.0,0.0
1,3,2.0,7628,18,1,3,1,5,528,0,0.0,0.0,,8,2,2,0.0,2,1,10,421,3,2,30,4,2.0,1,31,3,0.0,26,0.0,0.0
1,3,1.0,800,17,1,7,1,1,13,1,0.0,0.0,,2,1,4,0.0,0,7,1,513,3,2,20,0,1.0,1,24,14,0.0,25,0.0,0.0
2,3,2.0,1200,17,0,3,2,1,204,1,0.0,1.0,,8,1,16,0.0,1,2,1,2533,3,3,30,0,1.0,1,24,14,0.0,33,1.0,0.0
0,3,2.0,12851,14,1,11,1,1,608,1,0.0,0.0,,10,2,7,0.0,2,2,1,523,3,2,30,0,1.0,1,31,3,0.0,12,0.0,0.0
2,3,2.0,1501,16,1,9,2,1,83,1,0.0,0.0,,8,2,10,0.0,3,6,1,734,3,2,30,0,2.0,1,24,3,0.0,17,0.0,0.0
2,3,2.0,3459,19,1,3,1,1,71,1,0.0,0.0,,2,2,3,0.0,3,3,1,823,1,2,30,0,2.0,1,31,13,0.0,33,0.0,0.0
0,3,2.0,802,16,0,10,2,1,299,1,0.0,1.0,,2,1,9,0.0,3,6,1,934,3,1,30,0,1.0,1,31,14,1.0,18,0.0,0.0
2,3,2.0,13036,22,1,10,2,1,256,1,0.0,0.0,,8,2,7,0.0,2,7,1,533,1,2,30,0,1.0,1,31,3,0.0,33,0.0,0.0
2,3,3.0,1401,9,0,9,2,1,191,1,0.0,0.0,,6,1,0,0.0,1,3,1,2532,3,2,30,0,5.0,1,16,14,0.0,18,0.0,0.0
2,3,2.0,200,10,0,11,2,1,60,1,0.0,0.0,,8,1,15,0.0,3,4,1,224,3,2,35,0,3.0,1,10,13,0.0,23,0.0,0.0
0,3,2.0,299,20,1,12,2,1,537,1,0.0,0.0,,8,1,15,0.0,2,3,1,1122,1,2,30,0,2.0,1,24,14,0.0,33,0.0,0.0
1,3,2.0,857,9,1,8,2,1,191,1,0.0,0.0,,8,2,16,0.0,1,4,1,1524,3,2,30,0,3.0,1,24,3,0.0,33,0.0,0.0
2,3,3.0,1448,15,0,1,2,1,14,1,0.0,1.0,,2,1,0,0.0,3,6,1,2234,3,3,30,0,2.0,1,31,14,0.0,33,1.0,0.0
2,3,2.0,6757,8,1,6,1,5,362,1,0.0,0.0,,8,2,10,0.0,2,4,6,331,3,2,30,5,3.0,1,31,3,0.0,33,0.0,0.0
2,3,2.0,2838,14,1,11,1,1,178,1,0.0,0.0,,8,2,10,0.0,2,2,6,1033,3,2,30,5,4.0,1,24,3,0.0,19,0.0,0.0
2,3,2.0,6300,14,1,8,1,1,181,1,0.0,0.0,,2,2,10,0.0,2,7,1,825,3,2,30,0,2.0,1,16,3,0.0,19,0.0,0.0
2,3,2.0,5925,16,0,12,2,1,537,1,0.0,0.0,,2,2,7,0.0,2,1,1,822,3,2,30,0,1.0,1,31,3,0.0,21,0.0,0.0
2,3,3.0,6000,23,0,9,2,1,204,1,0.0,1.0,,6,1,0,0.0,1,5,1,1621,1,3,30,0,2.0,1,6,14,0.0,6,1.0,0.0
0,3,2.0,9499,22,1,5,1,1,131,1,0.0,0.0,,2,1,10,0.0,2,1,1,2221,1,2,30,0,2.0,1,31,14,0.0,33,0.0,0.0
1,3,2.0,6300,17,1,8,1,1,560,1,0.0,0.0,,3,2,0,0.0,2,1,1,812,3,2,30,0,2.0,1,24,3,0.0,18,0.0,0.0
2,3,2.0,732,8,1,6,1,1,401,1,0.0,0.0,,8,1,15,0.0,2,6,1,1522,3,2,30,0,4.0,1,10,14,0.0,22,0.0,0.0
2,3,2.0,4518,2,1,11,2,1,96,1,0.0,0.0,,8,2,7,0.0,3,7,1,834,4,2,30,0,1.0,1,31,3,0.0,33,0.0,0.0
2,3,3.0,4525,13,0,3,2,1,537,1,0.0,1.0,,2,2,10,0.0,2,6,1,821,3,3,30,0,2.0,1,31,3,0.0,19,1.0,0.0
2,3,2.0,2320,9,1,4,1,5,606,1,0.0,0.0,,10,2,7,0.0,2,3,1,1033,3,2,25,0,1.0,1,31,3,0.0,33,0.0,0.0
2,3,2.0,5542,21,1,11,1,1,489,1,0.0,0.0,,8,2,0,0.0,3,6,1,2532,1,2,30,0,2.0,1,24,3,0.0,21,0.0,0.0
2,3,2.0,820,6,0,1,2,1,112,1,0.0,0.0,,10,2,7,0.0,3,3,1,2223,1,2,20,0,1.0,1,24,3,0.0,33,0.0,0.0
1,3,2.0,5755,9,1,8,1,1,74,1,0.0,0.0,,12,2,0,0.0,3,1,1,812,3,2,20,0,2.0,1,24,3,0.0,25,0.0,0.0
2,3,2.0,5155,14,1,10,1,1,258,1,0.0,0.0,,8,1,15,0.0,1,4,1,1712,3,2,30,0,2.0,1,31,13,0.0,33,0.0,0.0
1,3,2.0,4853,7,1,3,1,5,131,1,0.0,0.0,,8,2,10,0.0,2,5,10,933,5,2,25,4,2.0,1,31,3,0.0,33,0.0,0.0
2,3,2.0,1626,9,1,1,1,1,422,1,0.0,0.0,,10,2,7,0.0,1,4,1,2532,3,2,30,4,1.0,1,24,3,0.0,21,0.0,0.0
1,3,2.0,4651,11,1,2,2,1,390,1,0.0,0.0,,10,1,15,0.0,2,4,1,215,3,2,40,0,2.0,0,31,14,0.0,33,0.0,0.0
2,3,2.0,4640,17,1,11,1,1,313,1,0.0,0.0,,12,2,7,0.0,2,2,1,925,4,2,25,0,1.0,1,31,3,0.0,33,0.0,0.0
1,3,2.0,10700,8,1,12,1,1,227,1,0.0,0.0,,8,1,10,0.0,2,3,1,513,3,2,30,5,2.0,1,17,14,0.0,19,0.0,0.0
0,3,2.0,4727,12,1,7,2,1,146,1,0.0,0.0,,10,2,7,0.0,3,2,1,2521,3,2,30,0,1.0,1,31,3,0.0,33,0.0,0.0
2,3,2.0,7800,16,0,11,2,1,120,1,0.0,0.0,,6,1,16,0.0,3,5,2,1631,4,2,30,0,2.0,1,16,13,0.0,17,0.0,0.0
0,3,2.0,4555,17,1,8,1,1,70,1,0.0,0.0,,8,2,15,0.0,3,6,1,813,3,2,30,0,2.0,1,24,3,0.0,25,0.0,0.0
2,3,2.0,3359,11,1,8,2,1,406,1,0.0,0.0,,8,2,7,0.0,2,4,1,1032,3,2,20,0,1.0,1,24,3,0.0,35,0.0,0.0
2,3,2.0,860,11,1,9,1,1,70,1,0.0,0.0,,2,2,7,0.0,0,2,1,235,3,2,10,0,1.0,1,31,3,0.0,19,0.0,0.0
2,3,2.0,7436,14,0,3,1,1,279,1,0.0,1.0,,10,2,10,0.0,2,4,4,334,3,3,30,5,1.0,1,24,3,0.0,33,1.0,0.0
2,3,2.0,5003,2,0,7,2,1,401,1,0.0,0.0,,10,2,7,0.0,2,4,6,814,1,2,35,5,1.0,1,13,3,0.0,12,0.0,0.0
2,3,2.0,1055,9,1,4,1,1,548,1,0.0,0.0,,2,2,16,0.0,3,6,1,1232,3,2,30,0,4.0,1,24,3,0.0,24,0.0,0.0
2,3,2.0,1198,14,1,5,1,1,181,1,0.0,0.0,,10,2,7,0.0,1,1,1,1211,3,2,30,0,2.0,1,24,3,0.0,25,0.0,0.0
1,3,2.0,1814,13,1,9,1,1,46,1,0.0,0.0,,8,1,7,0.0,3,2,1,912,3,2,25,0,1.0,1,31,13,0.0,33,0.0,0.0
2,3,2.0,222,16,0,6,1,1,20,1,0.0,1.0,,8,1,8,0.0,3,5,1,522,3,3,30,0,1.0,1,24,13,0.0,23,1.0,0.0
2,3,2.0,4700,11,1,9,2,1,65,1,0.0,0.0,,1,1,15,0.0,3,3,6,815,3,2,30,5,2.0,1,31,14,0.0,33,0.0,0.0
1,3,2.0,4010,9,1,7,1,1,632,1,0.0,0.0,,2,1,0,0.0,1,5,1,1911,3,2,30,0,3.0,0,21,14,0.0,18,0.0,0.0
2,3,2.0,7729,19,1,11,1,1,648,0,0.0,0.0,,8,2,7,0.0,2,2,6,421,1,2,35,5,3.0,1,24,3,0.0,26,0.0,0.0
1,3,2.0,6300,15,1,7,2,1,212,1,0.0,0.0,,12,2,10,0.0,2,1,1,331,3,2,15,0,4.0,1,24,3,0.0,17,0.0,0.0
2,3,2.0,3900,18,0,7,2,1,368,1,0.0,0.0,,2,1,15,0.0,2,4,1,821,3,2,30,0,2.0,1,31,14,0.0,33,0.0,0.0
2,3,2.0,1539,9,1,10,2,1,308,1,0.0,0.0,,10,2,7,0.0,1,2,1,1433,5,2,25,0,1.0,1,24,3,0.0,22,0.0,0.0
2,3,2.0,2015,17,1,10,1,5,13,1,0.0,0.0,,8,5,10,0.0,3,4,6,2212,3,2,25,5,2.0,1,31,14,0.0,33,0.0,0.0
2,3,2.0,11500,20,0,9,2,1,534,1,0.0,0.0,,8,2,16,0.0,2,3,1,532,1,2,30,0,2.0,1,24,3,0.0,24,0.0,0.0
2,3,2.0,3600,1,0,8,2,5,8,1,0.0,0.0,,8,1,0,0.0,0,5,1,432,1,2,35,0,3.0,1,31,13,0.0,6,0.0,0.0
1,3,2.0,3899,14,1,9,1,1,354,1,0.0,0.0,,12,2,7,0.0,2,5,1,912,3,2,30,0,1.0,1,16,3,0.0,19,0.0,0.0
2,3,2.0,2900,15,1,4,1,1,111,1,0.0,0.0,,8,1,15,0.0,0,6,1,423,3,2,30,0,2.0,1,31,13,0.0,33,0.0,0.0
2,3,2.0,11101,5,0,3,2,1,632,1,0.0,3.0,,8,1,10,0.0,2,2,1,2212,3,3,30,0,1.0,1,24,14,0.0,17,2.0,1.0
2,3,2.0,4000,18,1,1,2,1,632,1,0.0,0.0,,2,1,10,0.0,2,6,1,921,3,2,30,0,2.0,1,10,14,0.0,17,0.0,0.0
1,3,2.0,4000,17,1,2,2,3,533,1,0.0,0.0,,10,2,7,0.0,3,7,1,2534,4,2,25,3,2.0,1,24,3,0.0,33,0.0,0.0
2,3,2.0,4157,0,1,7,2,1,149,1,0.0,0.0,,10,2,7,0.0,3,7,1,1722,3,2,25,0,1.0,1,31,3,0.0,33,0.0,0.0
2,3,2.0,19,1,0,9,2,1,502,1,1.0,1.0,,10,1,9,0.0,0,2,1,1834,1,0,30,0,1.0,1,31,14,0.0,33,0.0,0.0
1,3,2.0,2933,13,1,6,1,1,134,1,0.0,0.0,,2,2,10,0.0,1,6,1,2514,3,2,30,0,2.0,1,31,3,0.0,19,0.0,0.0
2,3,2.0,500,7,1,7,1,1,215,1,0.0,0.0,,3,1,15,0.0,2,6,1,114,3,2,35,0,2.0,1,21,14,0.0,18,0.0,0.0
2,3,2.0,4300,18,1,8,1,1,227,1,0.0,0.0,,8,1,16,0.0,2,1,1,221,3,2,30,0,2.0,1,31,14,0.0,33,0.0,0.0
2,3,2.0,300,15,0,12,2,5,234,1,0.0,1.0,,6,1,0,0.0,2,5,1,1225,3,4,30,0,1.0,1,6,14,0.0,6,0.0,1.0
2,3,2.0,4606,22,0,12,2,1,245,1,0.0,0.0,,6,1,16,0.0,3,6,1,2521,1,2,30,5,2.0,1,24,14,0.0,6,0.0,0.0
2,3,2.0,152,7,1,11,1,1,49,1,0.0,0.0,,8,2,0,0.0,0,2,1,213,3,2,30,0,2.0,1,24,3,0.0,33,0.0,0.0
0,3,2.0,9623,11,1,2,2,5,618,1,0.0,0.0,,10,2,7,0.0,2,3,1,2223,3,2,25,3,1.0,1,24,3,0.0,25,0.0,0.0
2,3,2.0,2501,10,0,8,2,1,492,1,0.0,0.0,,6,2,0,0.0,1,4,1,2512,3,2,30,0,4.0,1,24,3,0.0,12,0.0,0.0
2,3,2.0,5601,22,0,3,2,1,247,1,0.0,3.0,,6,1,0,0.0,3,5,1,1511,1,3,30,0,1.0,1,15,14,0.0,6,2.0,1.0
1,3,2.0,735,14,1,1,1,5,449,1,0.0,0.0,,17,5,7,0.0,1,7,9,1215,5,2,30,3,1.0,1,24,15,0.0,36,0.0,0.0
2,3,2.0,4600,23,1,2,1,1,487,1,0.0,0.0,,6,1,16,0.0,2,5,1,925,1,2,30,0,3.0,1,31,13,0.0,33,0.0,0.0
0,3,2.0,4660,16,1,3,2,1,355,1,0.0,0.0,,12,2,16,0.0,3,4,1,1722,3,2,30,0,3.0,1,24,3,0.0,24,0.0,0.0
1,3,2.0,912,16,1,6,1,1,93,1,0.0,0.0,,10,2,7,0.0,0,5,1,624,3,2,25,0,1.0,1,24,3,0.0,33,0.0,0.0
2,3,2.0,5446,10,1,3,1,1,252,1,0.0,0.0,,2,2,15,0.0,2,2,1,234,3,2,30,0,2.0,1,24,3,0.0,33,0.0,0.0
1,3,2.0,2150,14,1,2,1,1,304,1,0.0,0.0,,8,2,10,0.0,3,5,1,1221,3,2,30,5,3.0,1,15,3,0.0,19,0.0,0.0
2,3,2.0,4600,17,1,9,2,1,632,1,0.0,0.0,,15,1,16,0.0,2,5,1,922,3,2,30,0,3.0,1,16,13,0.0,24,0.0,0.0
2,3,2.0,8500,20,1,8,1,1,227,1,0.0,0.0,,2,1,10,0.0,2,4,1,632,1,2,30,0,2.0,1,31,14,0.0,33,0.0,0.0
2,3,2.0,4704,14,1,10,1,1,631,1,0.0,0.0,,10,1,16,0.0,2,5,1,224,3,2,30,0,2.0,1,31,14,0.0,33,0.0,0.0
0,3,2.0,3025,18,1,5,1,1,499,1,0.0,0.0,,10,2,15,0.0,3,3,6,1022,3,2,30,5,2.0,1,24,3,0.0,23,0.0,0.0
2,3,2.0,720,23,0,10,2,1,607,1,0.0,1.0,,10,2,15,0.0,1,1,1,1121,1,3,30,0,3.0,1,24,5,0.0,26,1.0,0.0
0,3,2.0,1208,19,1,11,2,5,62,1,0.0,0.0,,17,2,10,0.0,0,7,9,234,1,2,30,3,2.0,1,17,3,0.0,36,0.0,0.0
2,3,3.0,2150,6,1,3,2,1,405,1,0.0,0.0,,10,2,7,0.0,1,2,1,2522,3,2,15,0,1.0,1,31,3,0.0,33,0.0,0.0
2,3,5.0,6846,5,1,12,2,1,362,1,0.0,0.0,,8,4,7,0.0,2,1,10,332,2,2,30,2,1.0,1,25,5,0.0,17,0.0,0.0
2,3,2.0,6853,20,1,10,2,1,368,1,0.0,0.0,,8,1,10,0.0,2,2,1,831,1,2,30,0,2.0,1,24,14,0.0,33,0.0,0.0
1,3,2.0,1139,8,1,4,1,1,111,1,0.0,0.0,,8,2,15,0.0,0,3,2,511,3,2,30,0,2.0,1,21,3,0.0,23,0.0,0.0
2,3,2.0,9560,14,0,5,2,1,313,1,0.0,1.0,,3,2,0,0.0,2,7,1,2223,3,3,30,0,1.0,1,31,3,0.0,33,1.0,0.0
1,3,2.0,6000,9,1,3,1,1,632,1,0.0,0.0,,8,1,16,0.0,1,6,2,2413,3,2,30,5,3.0,1,31,14,0.0,33,0.0,0.0
1,3,2.0,5709,15,1,5,2,5,191,1,0.0,0.0,,6,5,16,0.0,1,1,6,1621,3,2,30,5,2.0,1,31,16,0.0,33,0.0,0.0
0,3,2.0,1550,12,1,11,1,5,559,1,0.0,0.0,,8,2,10,0.0,2,3,1,1022,3,2,25,0,3.0,1,24,13,0.0,33,0.0,0.0
2,3,2.0,2197,18,1,11,1,1,133,1,0.0,0.0,,8,1,13,0.0,3,4,1,1212,1,2,30,0,2.0,1,15,14,0.0,21,0.0,0.0
2,3,5.0,4708,1,0,7,2,1,120,1,0.0,0.0,,8,5,10,0.0,3,1,6,1731,1,2,30,5,2.0,1,34,3,0.0,25,0.0,0.0
2,3,2.0,317,15,0,5,2,1,92,1,0.0,0.0,,2,2,7,0.0,3,3,1,623,3,2,30,0,1.0,1,24,3,0.0,33,0.0,0.0
2,3,2.0,5700,15,1,5,1,1,569,1,0.0,0.0,,8,1,15,0.0,1,2,2,2022,3,2,30,0,2.0,1,20,14,0.0,23,0.0,0.0
2,3,2.0,1728,19,1,2,1,1,622,1,0.0,0.0,,10,1,16,0.0,3,5,1,1224,1,2,30,0,4.0,1,24,3,0.0,33,0.0,0.0
2,3,2.0,5231,15,1,5,1,1,133,1,0.0,0.0,,8,1,0,0.0,3,3,6,1524,3,2,30,5,3.0,1,10,13,0.0,18,0.0,0.0
2,3,2.0,2907,21,1,4,1,1,572,1,0.0,0.0,,2,2,0,0.0,2,3,1,914,1,2,30,0,3.0,1,16,3,0.0,18,0.0,0.0
1,3,2.0,199,13,1,3,2,1,313,1,0.0,0.0,,8,1,16,0.0,2,7,2,1232,3,2,35,5,3.0,1,31,14,0.0,33,0.0,0.0
2,3,2.0,1846,21,0,8,2,1,492,1,0.0,0.0,,8,2,7,0.0,1,7,6,2513,1,2,30,5,1.0,1,10,3,0.0,33,0.0,0.0
2,3,2.0,777,17,1,8,2,5,280,1,0.0,0.0,,2,1,15,0.0,1,2,1,1833,3,2,30,0,2.0,1,24,14,0.0,33,0.0,0.0
2,3,2.0,4033,11,1,9,1,1,368,1,0.0,0.0,,8,1,10,0.0,2,1,6,921,3,2,30,5,2.0,1,24,14,0.0,19,0.0,0.0
2,3,3.0,381,14,1,9,1,1,445,1,0.0,0.0,,8,2,10,0.0,0,2,1,322,3,2,30,0,3.0,1,24,3,0.0,19,0.0,0.0
2,3,2.0,8100,10,1,12,1,1,267,1,0.0,0.0,,16,1,0,0.0,2,5,6,613,3,2,30,5,2.0,1,24,13,0.0,33,0.0,0.0
1,3,2.0,5241,14,1,4,1,1,464,1,0.0,0.0,,8,2,15,0.0,1,6,1,1623,3,2,30,0,2.0,1,24,3,0.0,25,0.0,0.0
0,3,2.0,6753,22,1,3,2,5,392,1,0.0,0.0,,8,5,7,0.0,2,7,1,725,1,2,30,0,1.0,1,24,15,0.0,21,0.0,0.0
2,3,2.0,98,8,1,1,1,1,434,1,0.0,0.0,,8,1,10,0.0,2,4,1,122,3,2,30,0,2.0,1,31,14,0.0,19,0.0,0.0
0,3,2.0,3147,10,1,6,1,1,147,1,0.0,0.0,,8,2,7,0.0,3,1,10,1414,5,2,25,4,1.0,1,24,3,0.0,33,0.0,0.0
1,3,2.0,5501,12,1,9,1,1,355,1,0.0,0.0,,2,2,10,0.0,3,4,1,1633,3,2,30,0,3.0,1,24,3,0.0,33,0.0,0.0
2,3,4.0,2,15,0,1,2,1,57,1,0.0,1.0,,2,1,16,0.0,3,3,1,215,4,3,30,0,5.0,1,24,14,0.0,33,1.0,0.0
1,2,2.0,2400,19,1,12,2,1,420,1,0.0,0.0,,3,1,16,0.0,3,7,1,1411,1,2,30,5,6.0,1,24,14,0.0,17,0.0,0.0
2,3,2.0,1437,17,1,3,2,1,191,1,0.0,0.0,,8,2,10,0.0,1,6,1,2532,3,2,30,0,2.0,1,24,3,0.0,19,0.0,0.0
1,3,2.0,5812,22,1,3,1,1,169,1,0.0,0.0,,8,2,7,0.0,1,3,10,2013,5,2,30,4,1.0,1,31,3,0.0,33,0.0,0.0
2,3,2.0,1116,1,1,6,2,1,439,1,0.0,0.0,,8,2,11,0.0,3,1,6,1224,1,2,30,5,6.0,1,16,3,0.0,21,0.0,0.0
1,3,2.0,651,17,1,9,2,6,499,1,0.0,0.0,,2,1,16,0.0,1,2,1,1214,3,2,30,4,3.0,1,24,13,0.0,33,0.0,0.0
1,3,2.0,11100,14,1,4,1,1,632,1,0.0,0.0,,8,1,10,0.0,2,4,1,2212,3,2,30,0,2.0,1,24,14,0.0,33,0.0,0.0
0,3,2.0,3400,9,1,5,1,1,25,1,0.0,0.0,,8,2,10,0.0,0,5,1,433,3,2,30,0,2.0,1,31,3,0.0,12,0.0,0.0
1,3,2.0,3232,17,1,11,2,1,380,1,0.0,0.0,,2,1,15,0.0,1,2,1,1732,1,2,30,0,2.0,1,31,14,0.0,33,0.0,0.0
0,3,2.0,2944,14,1,2,1,1,245,1,0.0,0.0,,11,1,10,0.0,3,7,1,1411,3,2,30,0,2.0,1,15,14,0.0,19,0.0,0.0
1,3,2.0,4400,16,0,2,1,5,632,1,0.0,1.0,,8,5,10,0.0,1,5,1,1911,3,4,30,4,1.0,1,31,14,0.0,33,0.0,1.0
1,3,2.0,6058,16,1,8,2,1,457,1,0.0,0.0,,10,1,7,0.0,2,4,1,311,3,2,25,0,4.0,1,13,14,0.0,26,0.0,0.0
2,3,2.0,533,16,1,5,1,1,83,1,0.0,0.0,,2,2,7,0.0,0,3,1,323,3,2,30,0,1.0,1,24,3,0.0,23,0.0,0.0
2,3,2.0,750,18,1,12,1,1,112,1,0.0,0.0,,10,1,15,0.0,3,5,10,2223,1,2,30,4,4.0,1,24,14,0.0,23,0.0,0.0
0,3,2.0,921,6,1,3,1,1,28,1,0.0,0.0,,8,2,7,0.0,0,1,1,533,3,2,30,0,1.0,1,31,3,0.0,33,0.0,0.0
2,3,2.0,2324,14,0,4,1,5,89,1,0.0,1.0,,15,1,10,0.0,0,2,10,414,3,3,25,4,1.0,1,31,14,0.0,33,1.0,0.0
2,3,2.0,7600,4,1,2,1,1,588,1,0.0,0.0,,10,1,16,0.0,2,4,1,623,2,2,30,0,2.0,1,24,14,0.0,24,0.0,0.0
2,3,2.0,121,13,1,8,1,1,103,1,0.0,0.0,,2,1,10,0.0,0,1,1,632,3,2,30,0,3.0,1,31,14,0.0,33,0.0,0.0
2,3,2.0,5701,13,1,8,1,5,569,1,0.0,0.0,,6,5,16,0.0,1,4,1,2022,3,2,25,4,2.0,1,31,14,0.0,33,0.0,0.0
1,3,2.0,600,21,1,7,1,1,384,1,0.0,0.0,,8,1,10,0.0,3,7,1,1214,0,2,30,0,2.0,1,31,14,0.0,33,0.0,0.0
2,3,2.0,3145,8,0,8,2,1,62,1,0.0,0.0,,15,2,0,0.0,3,6,1,923,3,2,30,0,5.0,1,31,3,0.0,18,0.0,0.0
2,3,2.0,3608,18,0,4,2,1,247,1,0.0,1.0,,8,1,10,0.0,3,4,1,2535,2,3,30,0,1.0,1,31,14,0.0,33,1.0,0.0
0,3,2.0,4300,12,0,2,2,1,131,1,0.0,1.0,,2,1,9,0.0,2,3,1,924,3,3,30,0,2.0,1,24,14,0.0,18,1.0,0.0
2,3,2.0,3843,0,0,2,2,1,141,1,0.0,3.0,,10,2,10,0.0,1,1,1,1732,1,4,30,5,1.0,1,31,3,0.0,17,0.0,3.0
2,3,2.0,3100,16,1,8,1,1,368,1,0.0,0.0,,8,2,10,0.0,2,6,1,1032,3,2,30,0,2.0,1,31,3,0.0,33,0.0,0.0
1,3,2.0,1213,12,1,11,1,5,438,1,0.0,0.0,,10,5,7,0.0,3,7,10,2431,5,2,30,4,1.0,1,31,3,0.0,33,0.0,0.0
2,3,2.0,920,12,1,11,1,5,638,1,0.0,0.0,,8,2,16,0.0,3,4,10,1914,5,2,25,4,2.0,1,31,3,0.0,24,0.0,0.0
2,3,2.0,1545,16,1,7,1,5,447,1,0.0,0.0,,10,2,10,0.0,1,2,1,2531,3,2,30,0,2.0,1,13,3,0.0,15,0.0,0.0
2,3,2.0,3520,9,1,10,2,1,368,1,0.0,0.0,,2,2,15,0.0,2,6,1,911,3,2,30,0,2.0,1,31,3,0.0,22,0.0,0.0
2,3,2.0,145,12,1,5,1,1,313,1,0.0,0.0,,2,1,15,0.0,1,6,1,1224,3,2,30,0,2.0,1,31,14,0.0,33,0.0,0.0
2,3,2.0,2100,21,1,11,1,1,466,1,0.0,0.0,,6,1,0,0.0,1,4,1,2515,1,2,35,0,2.0,1,24,13,0.0,18,0.0,0.0
2,3,2.0,8021,22,1,7,2,1,320,1,0.0,0.0,,10,2,7,0.0,2,6,1,411,1,2,20,0,1.0,1,31,3,0.0,12,0.0,0.0
1,3,2.0,3958,15,1,10,2,1,407,1,0.0,0.0,,8,1,16,0.0,3,5,1,1712,3,2,30,0,4.0,1,24,4,0.0,23,0.0,0.0
1,3,2.0,3535,13,1,3,2,1,131,1,0.0,0.0,,3,2,7,0.0,1,5,1,1922,3,2,30,0,1.0,1,24,3,0.0,25,0.0,0.0
2,3,2.0,8300,13,1,5,1,1,333,1,0.0,0.0,,12,2,7,0.0,2,6,1,622,3,2,30,0,1.0,1,31,3,0.0,33,0.0,0.0
2,3,2.0,7401,15,0,8,2,1,537,1,0.0,0.0,,3,2,10,0.0,2,3,1,833,3,2,30,0,2.0,1,24,3,0.0,19,0.0,0.0
2,3,2.0,6200,18,1,6,1,1,131,1,0.0,0.0,,8,2,10,0.0,2,2,1,714,3,2,30,0,2.0,1,31,3,0.0,33,0.0,0.0
2,3,2.0,2910,18,1,7,1,5,321,1,0.0,0.0,,12,1,7,0.0,3,6,10,1135,0,2,10,4,1.0,1,24,3,0.0,25,0.0,0.0
2,3,4.0,500,20,0,5,2,1,396,0,0.0,0.0,,2,2,10,0.0,1,7,1,1834,0,2,40,0,4.0,1,24,3,0.0,17,0.0,0.0
2,3,2.0,1962,20,1,11,1,1,527,1,0.0,0.0,,2,1,10,0.0,3,6,1,2413,1,2,30,0,2.0,1,24,14,0.0,19,0.0,0.0
2,3,2.0,9802,16,1,3,1,1,313,1,0.0,0.0,,12,2,7,0.0,2,7,1,2223,3,2,30,0,1.0,1,31,3,0.0,33,0.0,0.0
2,3,2.0,2223,13,1,11,1,1,554,1,0.0,0.0,,8,1,10,0.0,1,7,1,1414,3,2,30,0,2.0,1,31,14,0.0,33,0.0,0.0
2,3,2.0,1700,14,1,11,1,1,389,1,0.0,0.0,,10,2,0,0.0,1,6,1,1814,3,2,30,0,2.0,1,31,3,0.0,33,0.0,0.0
0,3,2.0,3812,9,0,8,2,1,270,1,0.0,1.0,,2,2,8,0.0,1,7,1,1732,3,3,30,0,0.0,1,24,3,0.0,25,1.0,0.0
2,3,2.0,6557,21,1,2,1,1,212,1,0.0,0.0,,16,2,16,0.0,2,5,1,331,0,2,30,0,2.0,1,24,14,0.0,19,0.0,0.0
1,3,2.0,505,10,1,7,1,1,131,1,0.0,0.0,,8,1,15,0.0,1,6,1,1215,3,2,30,0,2.0,1,24,14,0.0,18,0.0,0.0
2,3,2.0,660,16,1,2,2,1,629,1,0.0,0.0,,10,1,16,0.0,1,4,1,1831,3,2,30,0,5.0,1,24,14,0.0,33,0.0,0.0
1,3,2.0,23,16,1,12,2,1,632,1,0.0,0.0,,12,2,0,0.0,1,6,1,1223,4,2,15,0,3.0,1,24,3,0.0,18,0.0,0.0
2,3,2.0,2850,3,1,9,1,1,416,1,0.0,0.0,,10,2,7,0.0,1,1,1,2514,1,2,25,0,1.0,1,24,3,0.0,33,0.0,0.0
2,3,3.0,5130,15,1,1,1,1,244,1,0.0,0.0,,10,2,7,0.0,3,1,1,2522,3,2,30,3,2.0,1,24,3,0.0,19,0.0,0.0
2,3,2.0,5400,12,1,3,2,1,633,1,0.0,0.0,,2,2,0,0.0,2,5,1,923,3,2,30,0,2.0,1,16,3,0.0,18,0.0,0.0
2,3,2.0,1230,14,0,12,2,1,5,1,0.0,0.0,,8,2,16,0.0,3,3,1,2232,3,2,30,0,2.0,1,24,3,0.0,22,0.0,0.0
2,3,2.0,3204,16,1,1,1,1,464,1,0.0,0.0,,11,2,16,0.0,1,5,1,1732,1,2,30,0,3.0,1,31,3,0.0,23,0.0,0.0
1,3,2.0,7438,14,1,9,1,1,545,1,0.0,0.0,,8,2,10,0.0,1,3,6,2411,3,2,30,5,2.0,1,24,3,0.0,36,0.0,0.0
2,3,2.0,1600,1,1,3,2,1,299,1,0.0,0.0,,6,1,16,0.0,3,7,1,932,1,2,30,0,2.0,1,12,14,0.0,6,0.0,0.0
0,3,2.0,4800,12,1,3,1,1,204,1,0.0,0.0,,8,2,10,0.0,1,6,1,1623,3,2,30,0,2.0,1,17,3,0.0,19,0.0,0.0
2,3,2.0,33,18,0,5,2,5,92,1,0.0,0.0,,3,1,16,0.0,3,3,1,623,3,2,30,0,2.0,1,24,14,0.0,18,0.0,0.0
2,3,2.0,5708,14,1,8,1,1,439,1,0.0,0.0,,12,3,7,0.0,3,6,1,1513,3,2,20,0,1.0,1,31,3,0.0,33,0.0,0.0
2,3,2.0,1,18,1,4,1,1,616,1,0.0,0.0,,10,2,7,0.0,2,2,1,122,3,2,30,0,4.0,1,24,3,0.0,18,0.0,0.0
1,3,2.0,656,11,1,5,2,1,209,1,0.0,0.0,,8,1,10,0.0,2,7,1,124,3,2,30,0,3.0,1,24,14,0.0,19,0.0,0.0
2,3,3.0,4315,0,0,2,2,1,608,1,0.0,0.0,,8,2,15,0.0,2,3,6,925,1,2,25,5,3.0,1,31,3,0.0,33,0.0,0.0
2,3,2.0,2412,18,0,11,2,5,485,1,0.0,0.0,,6,2,0,0.0,1,6,1,2512,0,2,30,0,2.0,0,24,3,0.0,18,0.0,0.0
2,3,2.0,2632,10,1,9,1,1,120,1,0.0,0.0,,2,1,11,0.0,3,7,1,1921,3,2,30,0,2.0,1,24,14,0.0,21,0.0,0.0
1,3,2.0,259,19,1,3,1,1,215,1,0.0,0.0,,2,1,16,0.0,1,7,1,114,1,2,30,0,2.0,1,24,14,0.0,24,0.0,0.0
2,3,2.0,1259,0,0,8,2,1,135,1,0.0,1.0,,8,1,16,0.0,1,1,1,2531,1,4,30,0,2.0,1,24,13,0.0,18,0.0,1.0
2,3,3.0,5310,11,0,2,2,1,198,1,0.0,0.0,,12,2,7,0.0,1,5,1,1614,3,2,20,0,1.0,1,31,3,0.0,33,0.0,0.0
2,3,2.0,6524,22,1,10,1,5,489,1,0.0,0.0,,8,2,0,0.0,3,5,10,2513,1,2,20,4,2.0,1,31,3,0.0,21,0.0,0.0
2,3,3.0,932,13,0,10,2,1,92,1,0.0,3.0,,8,1,10,0.0,3,6,1,621,3,4,30,0,0.0,1,15,13,0.0,33,0.0,3.0
0,3,2.0,1142,0,1,3,2,1,91,1,0.0,0.0,,10,2,7,0.0,3,4,1,612,1,2,30,0,1.0,1,19,3,0.0,21,0.0,0.0
0,3,2.0,3101,7,0,10,1,1,588,1,0.0,1.0,,3,1,10,0.0,2,6,1,211,3,4,30,0,2.0,1,1,14,0.0,33,0.0,1.0
2,3,2.0,6516,16,1,4,2,1,608,1,0.0,0.0,,8,2,16,0.0,2,4,1,723,3,2,30,0,2.0,1,31,3,0.0,33,0.0,0.0
0,3,2.0,1598,16,1,3,2,1,92,1,0.0,0.0,,8,1,10,0.0,3,5,1,612,3,2,35,0,4.0,1,15,14,0.0,19,0.0,0.0
1,3,2.0,5900,15,1,4,2,1,252,1,0.0,0.0,,8,1,7,0.0,2,6,1,235,3,2,30,0,2.0,1,31,5,0.0,33,0.0,0.0
0,3,2.0,530,19,1,5,1,1,382,1,0.0,0.0,,8,1,10,0.0,1,4,1,1831,1,2,30,0,3.0,1,15,14,0.0,19,0.0,0.0
2,3,2.0,5600,2,0,8,2,5,199,1,0.0,1.0,,6,1,13,0.0,3,4,1,1511,1,3,35,0,1.0,1,31,14,0.0,18,1.0,0.0
2,3,2.0,1812,17,1,5,2,1,588,1,0.0,0.0,,2,1,10,0.0,2,3,1,131,3,2,30,0,2.0,1,31,14,0.0,33,0.0,0.0
1,3,2.0,5420,10,1,2,1,5,406,1,0.0,0.0,,8,2,14,0.0,2,1,10,822,3,2,30,4,4.0,1,31,3,0.0,33,0.0,0.0
1,3,2.0,4049,11,1,12,2,1,178,1,0.0,0.0,,12,2,7,0.0,2,1,1,921,3,2,10,0,1.0,1,31,3,0.0,33,0.0,0.0
1,3,2.0,10424,18,1,8,1,1,559,1,0.0,0.0,,8,2,7,0.0,2,4,1,2211,3,2,25,0,1.0,1,24,3,0.0,25,0.0,0.0
1,3,1.0,7331,4,1,5,2,1,569,1,0.0,0.0,,8,1,2,0.0,1,1,1,2423,2,2,35,0,3.0,1,24,14,0.0,9,0.0,0.0
1,3,2.0,2656,13,1,10,1,1,270,1,0.0,0.0,,8,1,15,0.0,1,5,1,1432,3,2,30,0,3.0,1,31,3,0.0,33,0.0,0.0
2,3,2.0,3630,20,1,7,1,1,180,1,0.0,0.0,,10,2,7,0.0,2,7,10,212,5,2,25,4,1.0,1,31,3,0.0,33,0.0,0.0
1,3,2.0,6420,16,0,8,2,1,171,1,0.0,2.0,,10,2,10,0.0,3,7,1,1612,3,4,30,0,3.0,1,17,3,0.0,19,0.0,2.0
1,3,2.0,5251,19,1,12,1,5,374,1,0.0,0.0,,10,2,7,0.0,2,3,10,815,5,2,25,4,1.0,1,24,3,0.0,33,0.0,0.0
2,3,3.0,3500,8,1,12,1,1,390,1,0.0,0.0,,2,1,10,0.0,2,3,1,213,3,2,35,0,3.0,1,31,14,0.0,19,0.0,0.0
2,3,2.0,2431,17,1,5,1,5,452,1,0.0,0.0,,10,5,7,0.0,1,7,1,2512,4,2,30,4,1.0,1,26,15,0.0,12,0.0,0.0
2,3,2.0,7100,8,1,2,1,1,281,1,0.0,0.0,,8,2,16,0.0,2,7,1,831,3,2,30,0,2.0,1,17,3,0.0,19,0.0,0.0
2,3,2.0,5600,0,0,11,2,1,304,1,0.0,0.0,,2,1,0,0.0,3,3,1,2515,1,2,30,0,1.0,1,15,14,0.0,6,0.0,0.0
2,3,2.0,362,17,1,8,2,1,119,1,0.0,0.0,,6,1,15,0.0,3,2,1,122,3,2,30,0,2.0,1,21,14,0.0,23,0.0,0.0
2,3,2.0,800,23,1,4,1,1,396,1,0.0,0.0,,3,2,15,0.0,1,7,1,1833,1,2,45,0,2.0,1,31,3,0.0,23,0.0,0.0
2,3,2.0,2823,15,1,1,1,1,95,1,0.0,0.0,,8,2,7,0.0,3,6,1,835,3,2,30,0,1.0,1,31,3,0.0,12,0.0,0.0
2,3,2.0,3058,23,1,7,2,1,178,1,0.0,0.0,,8,1,10,0.0,2,1,1,1033,1,2,35,0,2.0,1,31,14,0.0,33,0.0,0.0
2,3,2.0,4545,14,1,5,1,1,537,0,0.0,0.0,,2,1,7,0.0,1,7,1,1723,3,2,30,0,2.0,1,31,13,0.0,33,0.0,0.0
0,3,1.0,1099,23,0,11,2,5,305,1,0.0,1.0,,8,5,6,0.0,3,4,1,2433,1,3,30,4,0.0,1,24,15,0.0,33,1.0,0.0
2,3,2.0,532,12,0,6,2,1,394,1,0.0,1.0,,3,1,0,0.0,1,6,2,1834,3,3,30,5,1.0,1,31,14,0.0,6,1.0,0.0
2,3,3.0,3045,18,1,8,2,1,126,1,0.0,0.0,,8,2,10,0.0,2,4,1,913,3,2,30,0,3.0,0,17,3,0.0,17,0.0,0.0
1,3,2.0,7000,7,1,3,1,1,74,1,0.0,0.0,,8,2,0,0.0,3,3,1,812,3,2,30,0,2.0,1,24,3,0.0,25,0.0,0.0
0,3,2.0,726,8,0,8,2,1,57,1,0.0,1.0,,2,2,9,0.0,0,6,1,221,3,3,30,0,1.0,1,24,3,0.0,18,1.0,0.0
2,3,6.0,4057,6,0,4,2,1,364,1,0.0,0.0,,8,2,7,0.0,3,1,1,2534,2,2,20,0,1.0,1,13,3,0.0,33,0.0,0.0
2,3,3.0,845,21,0,5,2,1,53,1,0.0,0.0,,8,2,7,0.0,0,5,1,221,1,2,25,0,1.0,1,31,3,0.0,33,0.0,0.0
2,3,2.0,3956,7,1,5,2,1,370,1,0.0,0.0,,12,2,0,0.0,1,5,1,1731,3,2,25,0,4.0,1,16,3,0.0,17,0.0,0.0
2,3,2.0,1249,22,1,11,2,1,398,1,0.0,0.0,,6,1,0,0.0,3,1,1,1224,1,2,30,0,3.0,1,16,13,0.0,18,0.0,0.0
2,3,2.0,65,16,0,12,2,1,445,1,0.0,1.0,,8,2,9,0.0,3,6,6,722,0,1,35,5,1.0,1,24,3,1.0,25,0.0,0.0
2,3,2.0,6301,20,1,10,1,1,368,1,0.0,0.0,,8,1,10,0.0,2,1,1,823,1,2,30,0,3.0,1,24,14,0.0,25,0.0,0.0
1,3,2.0,2803,10,1,12,1,2,538,1,0.0,0.0,,2,2,16,0.0,1,7,1,1933,3,2,30,0,2.0,1,16,3,0.0,18,0.0,0.0
2,3,2.0,424,13,1,1,1,1,247,1,0.0,0.0,,12,2,13,0.0,3,4,2,1821,3,2,30,0,2.0,1,24,3,0.0,21,0.0,0.0
1,3,2.0,1000,14,0,4,2,1,404,1,0.0,2.0,,2,1,0,0.0,1,2,1,1531,3,4,30,0,0.0,1,10,14,0.0,13,0.0,2.0
2,3,2.0,2220,9,1,11,1,1,536,1,0.0,0.0,,8,1,0,0.0,2,5,9,914,3,2,30,3,2.0,1,31,13,0.0,33,0.0,0.0
2,3,2.0,1200,8,0,4,2,1,334,1,0.0,2.0,,6,1,16,0.0,3,7,2,2013,3,3,30,5,1.0,1,16,14,0.0,24,2.0,0.0
0,3,2.0,5700,16,1,9,1,1,394,1,0.0,0.0,,3,1,10,0.0,2,4,1,331,3,2,30,0,2.0,1,31,14,0.0,33,0.0,0.0
2,3,2.0,499,15,1,9,2,1,34,1,0.0,0.0,,8,1,16,0.0,3,6,1,1235,3,2,30,0,2.0,1,22,14,0.0,18,0.0,0.0
1,3,2.0,329,14,1,9,1,1,627,1,0.0,0.0,,8,2,7,0.0,3,1,1,1814,3,2,30,0,2.0,1,31,3,0.0,33,0.0,0.0
2,3,4.0,1761,14,1,2,2,1,340,1,0.0,0.0,,12,2,7,0.0,3,6,1,2422,3,2,25,0,1.0,1,16,16,0.0,22,0.0,0.0
2,3,2.0,730,16,1,5,1,1,240,1,0.0,0.0,,10,1,15,0.0,1,3,6,1832,4,2,30,5,2.0,1,20,14,0.0,24,0.0,0.0
2,3,2.0,5500,17,1,9,1,1,537,1,0.0,0.0,,8,2,15,0.0,2,2,1,813,3,2,30,0,2.0,1,24,3,0.0,25,0.0,0.0
1,3,2.0,1644,9,1,12,2,5,627,1,0.0,0.0,,8,1,10,0.0,3,6,0,1432,3,2,25,3,2.0,1,34,14,0.0,36,0.0,0.0
2,3,2.0,2400,18,1,3,1,1,526,1,0.0,0.0,,8,1,15,0.0,3,3,1,911,4,2,30,0,2.0,1,24,14,0.0,33,0.0,0.0
2,3,2.0,7210,20,1,12,1,5,593,1,0.0,0.0,,10,2,7,0.0,3,2,9,1613,1,2,30,3,1.0,1,31,3,0.0,33,0.0,0.0
2,3,2.0,8700,11,1,2,1,1,339,1,0.0,0.0,,6,2,15,0.0,2,3,1,424,3,2,20,0,2.0,1,24,13,0.0,23,0.0,0.0
2,3,2.0,620,13,0,7,2,1,599,1,0.0,0.0,,2,1,16,0.0,3,6,1,124,3,2,30,0,2.0,1,16,14,0.0,12,0.0,0.0
0,3,2.0,5600,22,0,9,2,1,569,1,0.0,1.0,,6,1,9,0.0,1,6,1,2022,0,3,30,0,2.0,1,22,14,0.0,18,1.0,0.0
1,3,2.0,750,4,1,6,1,5,72,1,0.0,0.0,,12,2,7,0.0,0,3,1,313,3,2,35,0,1.0,1,31,5,0.0,33,0.0,0.0
2,3,2.0,13000,10,1,5,2,1,603,1,0.0,0.0,,6,1,15,0.0,2,3,6,434,3,2,35,5,2.0,1,24,14,0.0,19,0.0,0.0
2,3,2.0,306,12,1,9,1,1,88,1,0.0,0.0,,8,2,7,0.0,0,1,1,323,3,2,30,0,1.0,1,24,3,0.0,26,0.0,0.0
1,3,2.0,12998,9,1,2,1,1,253,1,0.0,0.0,,8,2,14,0.0,2,5,1,434,3,2,30,0,2.0,1,24,3,0.0,33,0.0,0.0
1,3,2.0,5213,12,1,6,1,1,386,1,0.0,0.0,,10,2,7,0.0,2,1,1,815,3,2,30,0,1.0,1,24,3,0.0,25,0.0,0.0
1,3,2.0,9801,19,1,5,2,1,136,1,0.0,0.0,,8,2,10,0.0,2,1,1,432,3,2,30,0,2.0,1,31,3,0.0,33,0.0,0.0
2,3,3.0,5543,6,0,5,2,1,646,1,0.0,0.0,,10,1,15,0.0,3,3,6,2515,1,2,15,5,5.0,1,16,6,0.0,18,0.0,0.0
2,3,2.0,6715,15,1,10,1,1,313,1,0.0,0.0,,8,2,7,0.0,2,6,1,723,3,2,15,0,1.0,1,24,3,0.0,22,0.0,0.0
2,3,2.0,6632,23,0,1,2,1,245,1,0.0,0.0,,8,2,7,0.0,3,6,9,2511,1,2,30,3,1.0,1,24,3,0.0,33,0.0,0.0
0,3,2.0,5100,14,1,5,1,1,180,1,0.0,0.0,,8,2,10,0.0,2,3,1,231,3,2,30,0,2.0,1,17,3,0.0,19,0.0,0.0
2,3,2.0,10936,22,1,10,2,1,615,1,0.0,0.0,,10,2,7,0.0,2,7,4,513,1,2,20,5,1.0,1,31,3,0.0,33,0.0,0.0
2,3,2.0,1440,21,1,10,1,1,207,1,0.0,0.0,,2,2,15,0.0,2,2,1,131,1,2,30,0,2.0,1,31,3,0.0,23,0.0,0.0
0,4,2.0,1111,13,0,5,2,5,626,1,0.0,1.0,,8,2,9,0.0,3,4,1,1923,3,4,30,0,1.0,1,24,3,0.0,26,0.0,1.0
1,3,2.0,4832,14,1,4,1,1,416,1,0.0,0.0,,10,2,0,0.0,1,7,1,1623,3,2,30,0,2.0,1,15,3,0.0,18,0.0,0.0
2,3,2.0,940,19,1,3,1,1,81,1,0.0,0.0,,12,2,14,0.0,3,5,6,723,0,2,30,5,2.0,1,24,3,0.0,33,0.0,0.0
2,3,2.0,2040,9,1,2,1,1,188,1,0.0,0.0,,12,2,7,0.0,3,5,1,1223,3,2,10,3,1.0,1,31,3,0.0,33,0.0,0.0
2,3,2.0,7600,23,0,10,2,1,213,1,0.0,0.0,,10,2,7,0.0,2,3,1,421,1,2,25,0,1.0,1,24,3,0.0,33,0.0,0.0
2,3,2.0,6189,15,1,11,1,5,184,1,0.0,0.0,,8,5,15,0.0,1,6,10,1612,5,2,30,4,2.0,1,16,3,0.0,18,0.0,0.0
1,3,2.0,3729,14,1,3,1,1,58,1,0.0,0.0,,10,2,16,0.0,3,4,1,821,3,2,25,0,2.0,1,31,3,0.0,33,0.0,0.0
2,3,1.0,5876,10,1,10,2,1,547,1,0.0,0.0,,8,2,2,0.0,1,4,1,1711,3,2,15,0,1.0,1,31,3,0.0,24,0.0,0.0
0,3,2.0,1250,15,1,11,2,1,301,1,0.0,0.0,,8,2,7,0.0,3,4,1,2433,3,2,30,0,2.0,1,24,3,0.0,21,0.0,0.0
1,3,2.0,12700,13,1,7,2,1,313,1,0.0,0.0,,8,1,10,0.0,2,5,1,523,3,2,30,0,2.0,1,31,14,0.0,17,0.0,0.0
1,3,2.0,1,14,1,5,2,1,548,1,0.0,0.0,,8,1,16,0.0,0,6,1,131,3,2,30,0,3.0,1,21,14,0.0,23,0.0,0.0
0,3,2.0,5701,14,0,8,2,5,470,1,0.0,1.0,,8,1,15,0.0,3,6,1,1624,3,3,30,0,1.0,0,31,13,0.0,33,1.0,0.0
2,3,2.0,4650,11,1,2,1,1,489,1,0.0,0.0,,12,2,12,0.0,3,4,1,2533,3,2,15,0,2.0,1,31,3,0.0,21,0.0,0.0
2,3,2.0,3358,17,1,8,2,1,355,1,0.0,0.0,,6,5,16,0.0,3,6,1,1724,3,2,30,0,2.0,1,24,14,0.0,24,0.0,0.0
0,3,2.0,8733,0,1,10,2,1,271,1,0.0,0.0,,10,2,15,0.0,2,7,1,2223,1,2,25,0,3.0,1,16,3,0.0,18,0.0,0.0
2,3,2.0,4715,17,0,8,1,1,131,1,0.0,1.0,,3,1,10,0.0,2,1,6,933,3,3,30,5,3.0,1,34,14,0.0,33,1.0,0.0
2,3,2.0,10298,15,1,5,2,1,558,1,0.0,0.0,,8,2,7,0.0,2,4,1,2232,3,2,30,0,1.0,1,31,13,0.0,33,0.0,0.0
2,3,2.0,28,18,0,10,2,1,619,1,0.0,4.0,,10,2,0,0.0,1,5,1,1513,4,4,25,0,0.0,1,31,3,0.0,18,0.0,4.0
0,3,2.0,6900,8,1,10,2,1,632,1,0.0,0.0,,8,2,15,0.0,2,2,1,832,3,2,30,0,2.0,1,31,3,0.0,23,0.0,0.0
1,3,2.0,2739,14,1,5,1,1,537,1,0.0,0.0,,2,2,10,0.0,1,6,1,2524,3,2,30,0,3.0,1,31,3,0.0,19,0.0,0.0
2,3,2.0,2400,21,1,8,1,5,397,1,0.0,0.0,,13,5,15,0.0,1,4,1,1935,1,2,30,0,2.0,1,24,15,0.0,17,0.0,0.0
2,3,2.0,121,13,1,8,1,5,204,1,0.0,0.0,,8,1,10,0.0,1,5,1,1113,3,2,30,0,2.0,1,31,14,0.0,17,0.0,0.0
1,3,2.0,2200,5,1,9,2,1,178,1,0.0,0.0,,8,0,16,0.0,2,4,1,1033,1,2,35,0,2.0,1,31,14,0.0,33,0.0,0.0
2,3,2.0,4944,0,1,2,2,1,494,1,0.0,0.0,,10,2,7,0.0,3,2,9,2521,1,2,15,3,1.0,1,24,3,0.0,25,0.0,0.0
2,3,2.0,746,19,1,1,1,1,455,1,0.0,0.0,,10,2,0,0.0,1,5,1,1511,1,2,30,1,2.0,1,24,3,0.0,25,0.0,0.0
2,3,2.0,5000,7,1,3,1,1,492,1,0.0,0.0,,2,1,0,0.0,1,4,1,1613,3,2,30,0,2.0,1,31,13,0.0,18,0.0,0.0
2,3,2.0,5907,19,1,1,1,1,491,1,0.0,0.0,,12,2,10,0.0,1,4,1,1611,1,2,30,0,2.0,1,31,3,0.0,26,0.0,0.0
2,3,3.0,6450,15,1,10,1,5,537,1,0.0,0.0,,2,5,10,0.0,2,6,1,813,3,2,30,0,3.0,1,17,14,0.0,33,0.0,0.0
2,3,2.0,5614,11,0,8,1,1,473,1,0.0,0.0,,8,2,7,0.0,2,5,1,712,3,2,30,0,1.0,1,31,3,0.0,33,0.0,0.0
0,3,2.0,2359,8,1,11,1,1,178,1,0.0,0.0,,8,1,10,0.0,1,6,1,1431,3,2,30,0,2.0,1,15,14,0.0,19,0.0,0.0
1,3,2.0,1812,9,0,3,2,5,192,1,0.0,3.0,,2,5,10,0.0,2,5,1,1014,3,4,30,4,2.0,1,31,3,0.0,33,0.0,3.0
1,3,3.0,519,17,0,11,2,1,644,1,0.0,0.0,,8,2,7,0.0,1,2,1,1215,1,2,30,1,1.0,1,31,3,0.0,36,0.0,0.0
2,3,2.0,3050,7,0,8,2,1,527,1,0.0,0.0,,8,1,15,0.0,3,2,6,2413,3,2,30,5,3.0,1,31,14,0.0,33,0.0,0.0
2,3,2.0,2800,14,0,6,2,1,97,1,0.0,4.0,,8,1,16,0.0,3,5,1,835,3,3,30,0,0.0,1,31,14,0.0,18,2.0,2.0
0,3,2.0,4800,16,1,6,1,1,628,0,0.0,0.0,,0,1,16,0.0,3,5,1,2521,3,2,25,0,2.0,1,24,3,0.0,18,0.0,0.0
2,3,2.0,100,13,1,10,1,1,131,1,0.0,0.0,,8,1,10,0.0,1,3,1,1224,3,2,30,0,2.0,1,24,14,0.0,33,0.0,0.0
2,3,2.0,3312,15,1,12,1,1,41,1,0.0,0.0,,8,2,10,0.0,3,4,9,1024,3,2,30,5,2.0,1,15,3,0.0,17,0.0,0.0
2,3,2.0,1932,23,1,12,2,1,81,1,0.0,0.0,,10,1,0,0.0,0,5,1,332,1,2,20,5,2.0,1,31,13,0.0,33,0.0,0.0
2,3,3.0,2354,18,1,2,2,1,131,1,0.0,0.0,,8,2,10,0.0,1,5,1,1811,1,2,30,5,3.0,1,31,3,0.0,33,0.0,0.0
0,3,2.0,602,14,1,5,2,1,588,1,0.0,0.0,,3,1,10,0.0,2,6,1,123,3,2,20,0,2.0,1,19,14,0.0,19,0.0,0.0
2,3,2.0,501,17,1,5,1,1,457,1,0.0,0.0,,8,2,15,0.0,2,7,1,114,3,2,30,0,2.0,1,24,3,0.0,23,0.0,0.0
2,3,2.0,1016,6,0,9,1,5,240,1,0.0,0.0,,8,2,7,0.0,1,1,10,1824,5,2,30,4,1.0,1,24,3,0.0,33,0.0,0.0
1,3,2.0,2058,15,1,10,1,5,367,1,0.0,0.0,,10,2,15,0.0,1,4,1,2525,3,2,15,4,2.0,1,31,3,0.0,33,0.0,0.0
1,3,2.0,600,18,1,4,1,5,304,1,0.0,0.0,,11,2,7,0.0,0,7,10,1834,5,2,30,4,1.0,1,20,3,0.0,23,0.0,0.0
2,4,2.0,2512,13,1,10,2,1,163,1,0.0,0.0,,8,2,7,0.0,2,3,1,1034,3,2,30,0,1.0,1,24,3,0.0,19,0.0,0.0
2,3,1.0,11000,0,0,8,2,1,254,1,0.0,0.0,,8,2,2,0.0,2,4,1,513,5,2,25,4,1.0,1,31,3,0.0,33,0.0,0.0
2,3,2.0,10205,22,1,5,1,1,139,1,0.0,0.0,,6,2,2,0.0,2,6,1,432,1,2,20,0,1.0,1,24,3,0.0,17,0.0,0.0
2,3,2.0,1498,11,1,4,2,5,86,1,0.0,0.0,,8,1,10,0.0,0,5,1,324,3,2,30,0,3.0,1,24,13,0.0,21,0.0,0.0
1,3,2.0,3535,12,1,2,1,1,18,1,0.0,0.0,,12,2,7,0.0,0,3,1,433,3,2,5,0,1.0,1,24,3,0.0,21,0.0,0.0
1,3,2.0,2518,10,1,2,1,1,247,1,0.0,0.0,,8,2,7,0.0,3,2,9,1423,3,2,30,3,1.0,1,24,3,0.0,33,0.0,0.0
2,3,2.0,7158,16,1,6,1,1,120,1,0.0,0.0,,8,1,10,0.0,3,7,1,1632,3,2,30,0,2.0,1,24,14,0.0,19,0.0,0.0
2,3,2.0,5645,2,1,2,1,5,554,1,0.0,0.0,,10,2,7,0.0,1,5,10,2011,1,2,20,4,1.0,1,20,3,0.0,33,0.0,0.0
0,3,2.0,5202,20,1,7,1,5,548,1,0.0,0.0,,12,2,7,0.0,3,4,1,1522,1,2,15,5,1.0,1,31,3,0.0,33,0.0,0.0
1,3,2.0,4831,8,1,6,2,1,470,1,0.0,0.0,,8,2,10,0.0,3,2,1,1624,3,2,30,0,2.0,1,31,3,0.0,33,0.0,0.0
2,3,2.0,1000,12,1,11,1,1,299,1,0.0,0.0,,3,1,10,0.0,3,1,1,934,3,2,20,0,2.0,1,24,14,0.0,15,0.0,0.0
2,3,1.0,1329,13,0,10,2,1,68,1,0.0,1.0,,10,2,2,0.0,3,4,1,713,3,3,30,0,1.0,1,31,3,0.0,27,1.0,0.0
1,3,2.0,4830,20,1,4,1,5,169,1,0.0,0.0,,8,2,7,0.0,1,4,1,2033,0,2,30,0,1.0,1,31,3,0.0,33,0.0,0.0
1,3,2.0,2400,5,1,12,2,1,526,1,0.0,0.0,,2,1,0,0.0,3,1,1,911,1,2,30,0,2.0,1,31,14,0.0,33,0.0,0.0
1,3,2.0,7200,15,1,4,1,1,590,1,0.0,0.0,,8,2,0,0.0,2,7,1,324,3,2,30,0,2.0,1,31,3,0.0,33,0.0,0.0
2,3,2.0,5652,14,0,12,2,5,572,1,0.0,0.0,,8,2,7,0.0,2,3,1,711,3,2,30,0,1.0,1,24,3,0.0,33,0.0,0.0
0,3,2.0,4800,18,0,9,1,5,321,1,0.0,1.0,,8,1,9,0.0,3,4,1,1533,3,3,35,0,1.0,1,19,14,0.0,6,1.0,0.0
2,3,1.0,5151,19,0,12,2,1,318,1,0.0,0.0,,10,2,2,0.0,2,5,1,822,1,2,30,0,1.0,1,24,3,0.0,34,0.0,0.0
1,3,2.0,3048,9,1,9,2,1,41,1,0.0,0.0,,12,2,12,0.0,3,2,1,1033,3,2,15,0,3.0,1,24,3,0.0,21,0.0,0.0
1,3,2.0,2300,15,1,6,2,5,407,1,0.0,0.0,,8,2,8,0.0,3,5,1,2031,3,2,30,0,2.0,1,31,3,0.0,18,0.0,0.0
2,3,3.0,918,4,0,2,2,1,562,1,0.0,0.0,,10,2,7,0.0,3,7,1,1924,1,2,30,0,1.0,1,31,3,0.0,33,0.0,0.0
2,3,2.0,370,14,1,7,1,5,242,1,0.0,0.0,,12,2,10,0.0,1,5,1,1214,3,2,15,4,2.0,1,16,3,0.0,18,0.0,0.0
2,3,2.0,4546,17,1,11,1,1,126,1,0.0,0.0,,2,2,15,0.0,2,5,1,821,3,2,30,0,2.0,1,31,3,0.0,33,0.0,0.0
2,3,2.0,1557,1,1,1,2,1,532,1,0.0,0.0,,8,2,13,0.0,3,1,1,1231,1,2,30,0,2.0,1,19,3,0.0,34,0.0,0.0
2,3,2.0,2940,18,1,8,1,1,131,1,0.0,0.0,,12,2,7,0.0,1,4,1,1931,3,2,10,0,1.0,1,31,3,0.0,33,0.0,0.0
1,3,2.0,3543,22,1,12,1,1,319,1,0.0,0.0,,8,1,15,0.0,1,5,1,1632,1,2,30,0,4.0,1,24,14,0.0,33,0.0,0.0
2,3,3.0,9300,13,0,7,1,1,590,1,0.0,0.0,,3,1,16,0.0,2,6,1,413,3,2,35,0,3.0,1,24,14,0.0,33,0.0,0.0
2,3,2.0,2958,17,1,11,1,1,247,1,0.0,0.0,,2,1,10,0.0,3,2,1,1423,1,2,30,0,2.0,1,17,14,0.0,17,0.0,0.0
2,3,2.0,6700,3,0,10,2,5,223,1,0.0,0.0,,10,2,7,0.0,2,6,2,332,1,2,30,5,1.0,1,24,3,0.0,33,0.0,0.0
2,3,2.0,6600,1,0,6,2,5,227,1,0.0,3.0,,6,5,0,0.0,2,4,6,321,1,3,30,5,0.0,1,15,14,0.0,12,3.0,0.0
2,3,2.0,849,20,1,8,1,1,295,1,0.0,0.0,,2,2,15,0.0,1,5,6,1823,4,2,30,5,2.0,1,24,3,0.0,33,0.0,0.0
1,3,2.0,1032,13,1,7,1,5,470,1,0.0,0.0,,8,1,10,0.0,3,3,1,1913,3,2,30,4,5.0,1,17,14,0.0,19,0.0,0.0
2,3,2.0,3530,6,0,7,2,5,8,1,0.0,2.0,,6,1,0,0.0,0,6,1,432,3,3,35,0,0.0,1,24,14,0.0,25,2.0,0.0
0,3,2.0,300,8,0,2,1,1,467,1,0.0,1.0,,11,2,9,0.0,3,5,1,122,3,4,30,0,1.0,1,31,13,0.0,12,0.0,1.0
2,3,2.0,8001,0,1,12,1,5,584,1,0.0,0.0,,0,2,0,0.0,2,2,1,631,1,2,30,4,2.0,1,24,3,0.0,25,0.0,0.0
1,3,2.0,900,13,1,6,1,5,628,1,0.0,0.0,,8,5,16,0.0,3,2,1,1933,3,2,30,4,2.0,1,31,8,0.0,24,0.0,0.0
0,3,2.0,5635,16,1,12,2,1,151,1,0.0,0.0,,2,2,11,0.0,3,7,6,2514,2,2,30,5,3.0,1,24,3,0.0,21,0.0,0.0
2,3,2.0,5721,17,1,12,1,1,303,1,0.0,0.0,,10,2,7,0.0,3,2,1,1633,0,2,30,0,1.0,1,24,3,0.0,13,0.0,0.0
2,3,2.0,10,11,1,1,1,1,624,1,0.0,0.0,,8,5,10,0.0,0,5,1,111,3,2,30,0,3.0,1,24,14,0.0,20,0.0,0.0
2,3,2.0,8575,23,0,5,2,1,375,1,0.0,1.0,,15,2,7,0.0,2,7,6,412,1,3,25,5,1.0,1,26,3,0.0,17,1.0,0.0
1,3,2.0,3904,6,1,6,2,1,632,1,0.0,0.0,,3,1,15,0.0,2,4,6,921,3,2,30,5,2.0,1,31,14,0.0,22,0.0,0.0
2,3,2.0,699,22,0,11,2,1,401,1,0.0,0.0,,8,1,0,0.0,2,3,6,1533,1,2,30,5,2.0,0,24,14,0.0,6,0.0,0.0
1,3,2.0,7931,13,1,1,2,1,542,1,0.0,0.0,,10,2,7,0.0,2,4,1,624,3,2,5,0,1.0,1,31,3,0.0,33,0.0,0.0
2,3,2.0,1758,9,1,4,2,1,608,1,0.0,0.0,,10,1,0,0.0,2,7,1,1235,3,2,30,0,2.0,1,16,14,0.0,3,0.0,0.0
2,3,2.0,5640,0,1,5,2,1,124,1,0.0,0.0,,8,2,7,0.0,3,2,1,2515,1,2,30,0,1.0,1,20,3,0.0,22,0.0,0.0
1,3,2.0,2306,2,1,2,1,1,335,1,0.0,0.0,,10,2,7,0.0,2,4,9,1024,1,2,15,3,1.0,1,24,3,0.0,25,0.0,0.0
2,3,2.0,200,16,1,12,1,1,353,1,0.0,0.0,,11,2,16,0.0,3,2,1,1823,1,2,30,0,2.0,1,18,3,0.0,33,0.0,0.0
2,3,2.0,2841,11,0,12,2,1,245,1,0.0,0.0,,8,3,16,0.0,3,6,2,1411,3,2,30,5,3.0,1,31,3,0.0,18,0.0,0.0
2,3,2.0,2103,19,1,5,1,5,537,1,0.0,0.0,,8,5,7,0.0,1,6,10,2525,5,2,30,4,1.0,1,24,15,0.0,25,0.0,0.0
0,3,3.0,8330,8,1,5,2,5,355,1,0.0,0.0,,2,2,10,0.0,3,6,1,1614,3,2,30,0,3.0,1,31,3,0.0,19,0.0,0.0
1,3,3.0,350,21,0,8,2,5,582,1,0.0,0.0,,8,2,3,0.0,2,2,1,1132,5,2,25,0,2.0,1,20,3,0.0,17,0.0,0.0
2,3,3.0,301,17,1,8,2,1,388,1,0.0,0.0,,6,1,15,0.0,2,7,1,1131,3,2,30,0,8.0,1,24,14,0.0,33,0.0,0.0
2,3,2.0,600,23,0,12,1,1,615,1,0.0,1.0,,6,1,0,0.0,1,1,1,1834,1,4,35,0,1.0,1,24,14,0.0,33,0.0,1.0
2,3,2.0,630,4,1,1,2,2,131,1,0.0,0.0,,3,2,10,0.0,1,3,9,1215,1,2,30,5,5.0,1,17,3,0.0,18,0.0,0.0
2,3,2.0,2100,20,1,8,1,1,495,1,0.0,0.0,,8,2,10,0.0,2,1,1,1234,0,2,30,0,2.0,1,24,3,0.0,21,0.0,0.0
2,3,2.0,1922,9,1,8,1,1,606,1,0.0,0.0,,0,5,0,0.0,2,7,1,1022,3,2,30,0,2.0,1,16,3,0.0,18,0.0,0.0
2,3,1.0,8210,9,0,5,2,1,632,1,0.0,0.0,,8,2,2,0.0,2,3,1,835,3,2,30,0,1.0,1,24,3,0.0,25,0.0,0.0
2,3,2.0,5911,18,1,1,1,1,178,1,0.0,0.0,,8,2,0,0.0,2,4,1,824,1,2,30,0,2.0,1,31,3,0.0,18,0.0,0.0
1,3,1.0,621,4,1,11,2,5,74,1,0.0,0.0,,3,2,2,0.0,3,3,6,723,1,2,30,5,1.0,1,24,3,0.0,33,0.0,0.0
2,3,2.0,2114,17,0,5,2,1,439,1,0.0,0.0,,6,2,0,0.0,3,6,1,1223,3,2,30,0,2.0,1,24,13,0.0,18,0.0,0.0
2,3,1.0,5520,5,1,5,2,1,537,1,0.0,0.0,,8,2,2,0.0,2,1,1,813,3,2,30,0,1.0,1,10,3,0.0,12,0.0,0.0
2,3,2.0,3410,0,1,10,1,5,548,1,0.0,0.0,,8,2,16,0.0,3,1,10,1133,5,2,30,4,2.0,1,31,3,0.0,24,0.0,0.0
2,3,2.0,2647,17,1,9,1,5,464,1,0.0,0.0,,8,2,10,0.0,1,2,6,1412,3,2,30,5,2.0,1,10,3,0.0,19,0.0,0.0
1,3,2.0,3501,4,1,5,1,1,119,1,0.0,0.0,,8,2,7,0.0,3,6,1,1123,0,2,25,0,1.0,1,24,3,0.0,25,0.0,0.0
0,3,2.0,5500,12,1,8,1,5,335,1,0.0,0.0,,6,5,10,0.0,2,3,1,822,3,2,30,0,2.0,1,31,14,0.0,33,0.0,0.0
1,3,2.0,4756,13,1,8,2,1,368,1,0.0,0.0,,8,2,16,0.0,2,3,1,821,3,2,30,0,2.0,1,31,3,0.0,18,0.0,0.0
2,3,2.0,10500,9,0,8,2,1,457,1,0.0,1.0,,8,2,8,0.0,2,4,1,512,3,4,30,0,1.0,1,24,3,0.0,18,0.0,1.0
2,4,2.0,6600,18,0,5,2,1,161,1,0.0,1.0,,2,2,0,0.0,2,5,1,321,3,3,35,0,1.0,1,31,13,0.0,33,1.0,0.0
2,3,2.0,3534,11,0,5,2,1,199,1,0.0,2.0,,8,1,16,0.0,3,5,1,1121,3,1,30,0,0.0,1,16,13,1.0,24,1.0,0.0
2,3,2.0,3759,19,1,12,2,1,357,1,0.0,0.0,,10,3,7,0.0,1,7,9,1922,1,2,30,3,1.0,1,34,3,0.0,36,0.0,0.0
2,3,5.0,1156,17,0,5,2,1,74,1,0.0,4.0,,8,2,10,0.0,3,7,1,712,3,1,30,0,1.0,1,24,3,1.0,33,3.0,0.0
1,4,2.0,2333,19,1,2,1,1,438,1,0.0,0.0,,8,3,15,0.0,3,3,1,2411,1,2,25,4,2.0,1,21,3,0.0,23,0.0,0.0
1,3,2.0,758,7,1,1,1,5,550,1,0.0,0.0,,10,5,10,0.0,3,2,1,1925,3,2,30,4,3.0,1,17,15,0.0,19,0.0,0.0
2,3,2.0,2324,15,0,12,1,1,92,1,0.0,1.0,,15,1,16,0.0,3,5,1,835,3,4,30,0,1.0,1,31,13,0.0,18,0.0,1.0
2,3,2.0,7600,12,0,3,2,5,368,1,0.0,0.0,,12,2,7,0.0,2,4,1,835,3,2,20,0,1.0,1,31,3,0.0,35,0.0,0.0
1,3,2.0,1598,15,0,4,2,1,111,1,0.0,1.0,,6,1,15,0.0,0,3,1,413,3,3,30,0,1.0,1,16,14,0.0,23,1.0,0.0
0,3,2.0,4570,15,1,12,1,1,126,1,0.0,0.0,,2,2,10,0.0,2,6,1,821,3,2,30,0,2.0,1,24,3,0.0,33,0.0,0.0
2,3,1.0,3256,16,1,9,2,1,270,1,0.0,0.0,,10,2,2,0.0,1,3,1,1733,3,2,20,0,1.0,1,26,3,0.0,27,0.0,0.0
2,3,2.0,2911,17,1,12,2,1,128,1,0.0,0.0,,8,2,10,0.0,3,4,1,1421,1,2,30,0,2.0,1,24,3,0.0,17,0.0,0.0
2,3,2.0,11717,21,1,11,1,1,589,1,0.0,0.0,,10,2,7,0.0,2,5,1,522,1,2,30,0,1.0,1,31,3,0.0,33,0.0,0.0
2,3,2.0,810,11,1,9,1,1,615,1,0.0,0.0,,8,1,11,0.0,1,1,6,1833,3,2,20,5,2.0,1,24,14,0.0,21,0.0,0.0
2,3,1.0,1416,7,0,2,2,1,489,1,0.0,0.0,,2,2,2,0.0,3,3,1,1433,3,2,30,0,1.0,1,24,3,0.0,33,0.0,0.0
0,3,2.0,3199,21,1,4,2,1,628,1,0.0,0.0,,11,1,9,0.0,3,4,1,1411,1,2,30,0,2.0,0,7,14,0.0,18,0.0,0.0
2,3,2.0,4000,1,0,2,1,1,193,1,0.0,0.0,,8,2,0,0.0,3,6,1,1012,1,2,30,0,2.0,1,24,14,0.0,6,0.0,0.0
2,4,2.0,4546,15,1,8,1,1,57,1,0.0,0.0,,8,2,15,0.0,3,6,1,815,3,2,30,0,2.0,1,31,3,0.0,33,0.0,0.0
2,3,2.0,4600,13,1,9,2,1,227,1,0.0,0.0,,8,1,16,0.0,2,3,1,221,3,2,30,0,2.0,1,10,13,0.0,5,0.0,0.0
2,3,2.0,2030,0,1,1,2,5,233,0,0.0,0.0,,2,2,7,0.0,3,7,1,1911,1,2,35,4,1.0,1,31,3,0.0,34,0.0,0.0
2,3,2.0,3001,15,1,2,2,1,41,1,0.0,0.0,,2,1,10,0.0,3,2,1,1033,3,2,30,0,2.0,1,24,13,0.0,19,0.0,0.0
0,3,2.0,9627,9,1,11,2,1,313,1,0.0,0.0,,3,2,7,0.0,2,5,9,2223,3,2,30,3,1.0,1,34,3,0.0,33,0.0,0.0
2,3,2.0,5142,19,1,8,2,1,207,1,0.0,0.0,,8,2,15,0.0,1,7,1,2032,2,2,30,0,2.0,1,15,3,0.0,22,0.0,0.0
2,3,2.0,817,13,1,12,1,1,644,1,0.0,0.0,,8,2,7,0.0,1,7,1,1213,3,2,30,0,1.0,1,24,3,0.0,33,0.0,0.0
2,3,2.0,1429,8,0,11,2,1,92,1,0.0,5.0,,8,5,16,0.0,3,5,1,612,3,3,30,0,0.0,1,24,3,0.0,18,1.0,4.0
2,3,2.0,6700,17,0,5,2,1,131,1,0.0,2.0,,8,1,10,0.0,2,5,1,725,3,4,30,0,1.0,1,31,14,0.0,33,0.0,2.0
2,3,2.0,2,6,1,7,1,1,34,1,0.0,0.0,,8,1,16,0.0,0,2,1,131,3,2,30,0,2.0,1,24,14,0.0,24,0.0,0.0
2,3,2.0,6455,9,1,5,1,1,368,1,0.0,0.0,,2,1,10,0.0,2,1,6,823,3,2,30,5,4.0,1,31,14,0.0,19,0.0,0.0
2,3,2.0,9300,8,0,2,2,1,214,1,0.0,3.0,,2,1,0,0.0,2,2,1,423,3,4,30,0,1.0,1,24,14,0.0,6,0.0,3.0
2,3,2.0,6401,11,1,5,2,1,442,1,0.0,0.0,,3,2,15,0.0,1,4,1,1654,3,2,45,0,3.0,1,20,3,0.0,22,0.0,0.0
2,3,2.0,5738,14,1,6,1,1,355,1,0.0,0.0,,12,2,7,0.0,3,4,1,1624,3,2,30,0,1.0,1,24,3,0.0,33,0.0,0.0
2,3,2.0,11000,9,1,10,1,1,588,1,0.0,0.0,,8,1,0,0.0,2,3,1,513,3,2,30,0,2.0,1,16,13,0.0,5,0.0,0.0
2,3,2.0,6201,23,0,11,2,1,394,1,0.0,0.0,,3,2,15,0.0,2,6,1,331,1,2,45,0,2.0,1,31,3,0.0,33,0.0,0.0
1,3,2.0,601,15,0,3,2,1,351,1,0.0,1.0,,8,1,15,0.0,2,2,1,1133,3,1,30,0,1.0,1,24,14,1.0,23,0.0,0.0
2,3,2.0,5700,11,1,9,1,1,563,1,0.0,0.0,,6,1,16,0.0,3,6,2,2514,3,2,25,0,2.0,1,16,13,0.0,24,0.0,0.0
1,3,2.0,3260,7,1,1,1,1,397,1,0.0,0.0,,3,2,10,0.0,1,5,1,1925,3,2,45,0,2.0,1,24,3,0.0,19,0.0,0.0
2,3,1.0,2116,15,1,3,2,1,412,1,0.0,0.0,,0,2,5,0.0,3,5,1,1911,3,2,15,0,1.0,1,31,3,0.0,33,0.0,0.0
2,3,2.0,4800,8,1,12,2,1,413,1,0.0,0.0,,10,1,16,0.0,3,4,9,1533,3,2,30,5,3.0,1,24,14,0.0,24,0.0,0.0
2,3,2.0,2601,13,1,11,2,1,420,0,0.0,0.0,,3,1,16,0.0,3,3,1,1431,3,2,30,0,2.0,1,31,14,0.0,6,0.0,0.0
2,3,3.0,614,23,0,3,2,5,445,1,1.0,4.0,,8,2,2,0.0,3,6,1,723,1,0,30,0,0.0,1,31,3,0.0,33,3.0,0.0
1,3,2.0,643,21,1,9,1,1,204,1,0.0,0.0,,2,2,15,0.0,1,7,1,1111,1,2,30,0,3.0,1,24,3,0.0,33,0.0,0.0
0,3,2.0,4250,13,1,6,1,1,204,1,0.0,0.0,,8,2,7,0.0,1,5,1,1624,3,2,30,0,1.0,1,24,3,0.0,23,0.0,0.0
2,3,2.0,6901,16,0,4,2,1,534,1,0.0,0.0,,6,2,16,0.0,2,2,1,322,3,2,30,0,2.0,1,24,13,0.0,3,0.0,0.0
2,3,2.0,5100,0,1,5,2,5,234,1,0.0,0.0,,6,1,0,0.0,2,7,1,932,1,2,35,4,3.0,1,16,14,0.0,6,0.0,0.0
1,3,2.0,5400,19,1,4,1,5,207,1,0.0,0.0,,8,2,8,0.0,1,5,1,2012,1,2,30,0,2.0,1,31,3,0.0,33,0.0,0.0
0,3,2.0,1469,12,1,5,2,1,464,1,0.0,0.0,,8,1,15,0.0,1,5,1,1424,3,2,30,0,2.0,1,24,3,0.0,22,0.0,0.0
2,3,2.0,3321,20,0,12,2,5,171,1,0.0,0.0,,2,2,16,0.0,3,2,1,1712,1,2,25,0,2.0,1,24,3,0.0,24,0.0,0.0
2,3,2.0,3558,16,1,1,1,1,580,1,0.0,0.0,,12,2,7,0.0,1,4,1,1733,3,2,10,0,1.0,1,31,3,0.0,33,0.0,0.0
2,3,2.0,1810,2,0,3,2,5,57,1,0.0,0.0,,8,2,7,0.0,3,2,1,924,1,2,30,0,1.0,1,31,3,0.0,12,0.0,0.0
2,3,2.0,9500,20,0,10,2,1,227,1,0.0,0.0,,6,1,16,0.0,2,5,6,511,1,2,30,5,2.0,1,6,14,0.0,6,0.0,0.0
2,3,1.0,1501,19,0,1,2,5,571,1,0.0,0.0,,3,1,2,0.0,3,5,6,2423,1,2,30,5,1.0,1,24,13,0.0,33,0.0,0.0
0,4,2.0,6249,10,1,3,1,1,377,1,0.0,0.0,,10,2,7,0.0,2,2,1,813,3,2,20,0,1.0,1,31,3,0.0,33,0.0,0.0
2,3,2.0,2414,8,1,2,1,5,263,1,0.0,0.0,,10,2,7,0.0,3,5,1,1911,3,2,20,0,1.0,1,24,3,0.0,33,0.0,0.0
0,3,2.0,945,16,1,5,2,1,540,1,0.0,0.0,,10,2,0,0.0,3,5,6,1224,4,2,30,5,2.0,1,31,3,0.0,33,0.0,0.0
2,3,2.0,3100,16,0,7,2,5,256,1,0.0,2.0,,3,1,0,0.0,2,1,1,211,3,3,35,0,0.0,1,24,14,0.0,6,2.0,0.0
0,3,2.0,5500,7,1,9,1,1,204,1,0.0,0.0,,8,2,10,0.0,2,4,1,813,3,2,30,0,4.0,1,24,3,0.0,25,0.0,0.0
1,3,2.0,733,7,1,2,1,1,72,1,0.0,0.0,,8,2,0,0.0,0,1,1,313,3,2,30,0,2.0,1,24,3,0.0,21,0.0,0.0
2,3,1.0,1843,6,0,10,2,1,401,1,0.0,0.0,,8,2,2,0.0,1,5,1,2533,3,2,30,0,1.0,1,24,3,0.0,17,0.0,0.0
1,3,2.0,1730,20,1,9,2,1,234,1,0.0,0.0,,0,2,8,0.0,2,5,1,1234,1,2,30,0,2.0,1,31,3,0.0,33,0.0,0.0
2,3,2.0,6700,14,0,5,2,1,631,1,0.0,0.0,,6,1,0,0.0,2,7,1,722,3,2,30,0,6.0,1,24,14,0.0,6,0.0,0.0
0,3,2.0,6363,6,1,12,1,1,177,1,0.0,0.0,,8,2,10,0.0,1,5,1,1621,5,2,30,0,2.0,1,31,3,0.0,33,0.0,0.0
2,3,2.0,3742,15,1,6,1,1,73,1,0.0,0.0,,0,2,14,0.0,3,3,1,823,3,2,15,0,2.0,1,31,3,0.0,33,0.0,0.0
2,3,2.0,5746,20,0,2,2,5,548,1,0.0,1.0,,8,2,16,0.0,3,7,6,1513,1,4,30,5,1.0,1,24,3,0.0,33,0.0,1.0
2,3,2.0,8300,17,0,6,1,5,525,1,0.0,2.0,,8,2,10,0.0,2,7,1,613,3,4,35,0,1.0,1,24,3,0.0,19,0.0,2.0
2,2,2.0,5600,23,1,6,2,5,507,1,0.0,0.0,,6,0,0,0.0,1,1,6,1613,1,2,30,5,2.0,1,31,13,0.0,18,0.0,0.0
2,3,2.0,15,19,1,9,1,1,384,1,0.0,0.0,,17,2,0,0.0,3,2,1,1831,1,2,30,0,2.0,1,24,3,0.0,2,0.0,0.0
2,3,1.0,9740,0,0,7,2,5,423,1,0.0,0.0,,8,2,5,0.0,2,2,1,2213,1,2,30,0,1.0,1,31,3,0.0,13,0.0,0.0
2,3,3.0,4350,16,0,5,2,1,120,1,0.0,0.0,,8,2,14,0.0,3,3,6,1731,3,2,30,5,4.0,1,10,3,0.0,33,0.0,0.0
1,3,2.0,2345,20,1,1,1,1,243,1,0.0,0.0,,2,2,0,0.0,3,5,6,2413,1,2,30,5,4.0,1,24,3,0.0,18,0.0,0.0
1,3,2.0,4613,14,1,9,1,5,131,1,0.0,0.0,,8,5,7,0.0,1,6,1,1912,3,2,30,0,1.0,1,31,15,0.0,33,0.0,0.0
2,3,2.0,5033,10,1,8,1,1,169,1,0.0,0.0,,8,2,10,0.0,1,4,1,2033,3,2,30,0,2.0,1,24,3,0.0,19,0.0,0.0
2,3,2.0,6360,17,1,5,2,1,126,1,0.0,0.0,,19,1,10,0.0,2,6,1,811,3,2,30,0,4.0,1,31,14,0.0,19,0.0,0.0
2,3,2.0,5200,17,1,1,1,5,414,1,0.0,0.0,,8,0,15,0.0,1,7,9,2011,0,2,30,3,2.0,1,31,14,0.0,33,0.0,0.0
2,3,2.0,2500,13,1,7,1,1,191,1,0.0,0.0,,12,2,14,0.0,1,7,1,2515,3,2,0,0,2.0,1,31,3,0.0,33,0.0,0.0
1,3,2.0,5700,8,1,1,1,1,151,1,0.0,0.0,,6,1,0,0.0,3,4,1,1633,3,2,30,4,2.0,1,24,13,0.0,33,0.0,0.0
2,3,3.0,7223,16,0,5,2,1,261,1,0.0,0.0,,8,2,7,0.0,2,2,1,324,3,2,30,0,3.0,1,24,3,0.0,33,0.0,0.0
2,3,2.0,3200,14,1,12,1,1,291,1,0.0,0.0,,8,1,15,0.0,3,7,1,1712,3,2,30,0,2.0,1,31,14,0.0,33,0.0,0.0
1,3,2.0,3434,17,1,12,1,1,169,1,0.0,0.0,,12,2,0,0.0,1,6,1,1925,1,2,30,0,5.0,1,24,3,0.0,21,0.0,0.0
2,3,2.0,6230,14,1,7,2,1,152,1,0.0,0.0,,8,2,14,0.0,1,5,1,1711,3,2,30,0,2.0,1,24,3,0.0,33,0.0,0.0
1,3,2.0,10300,8,1,3,1,5,313,1,0.0,0.0,,8,1,15,0.0,2,4,10,2232,3,2,30,4,2.0,1,31,14,0.0,33,0.0,0.0
1,3,2.0,4300,17,1,9,1,1,126,1,0.0,0.0,,2,2,16,0.0,2,4,1,922,3,2,25,0,2.0,1,31,3,0.0,33,0.0,0.0
2,3,2.0,5299,15,0,6,2,6,632,1,0.0,2.0,,2,1,0,0.0,1,3,1,2012,3,1,35,0,1.0,1,15,14,1.0,6,1.0,0.0
2,3,3.0,5720,11,1,7,1,1,569,1,0.0,0.0,,8,2,10,0.0,1,2,1,2022,3,2,30,0,3.0,1,31,3,0.0,33,0.0,0.0
0,3,2.0,4650,16,1,9,1,5,537,1,0.0,0.0,,17,5,14,0.0,1,4,10,1722,3,2,30,4,2.0,1,24,15,0.0,33,0.0,0.0
1,3,2.0,3535,8,1,11,1,1,291,1,0.0,0.0,,8,2,14,0.0,3,6,1,1712,3,2,35,5,2.0,1,31,3,0.0,33,0.0,0.0
0,3,2.0,6950,14,1,8,1,1,131,1,0.0,0.0,,12,2,0,0.0,2,2,1,735,3,2,30,0,2.0,1,24,3,0.0,18,0.0,0.0
2,3,2.0,485,8,1,9,2,5,434,1,0.0,0.0,,10,1,0,0.0,0,4,1,114,3,2,30,4,2.0,1,24,14,0.0,33,0.0,0.0
2,3,2.0,800,5,1,4,1,1,540,1,0.0,0.0,,6,1,8,0.0,3,6,6,1224,1,2,30,5,2.0,1,24,14,0.0,6,0.0,0.0
0,3,2.0,7000,13,1,8,1,1,632,1,0.0,0.0,,2,2,15,0.0,2,5,1,832,3,2,30,0,2.0,1,24,3,0.0,25,0.0,0.0
2,3,2.0,10500,13,1,2,1,5,206,1,0.0,0.0,,6,2,0,0.0,2,5,1,2212,3,2,20,4,2.0,1,31,3,0.0,33,0.0,0.0
2,3,2.0,550,11,1,1,2,1,611,1,0.0,0.0,,10,1,10,0.0,3,5,1,121,3,2,30,0,2.0,1,24,14,0.0,22,0.0,0.0
1,3,2.0,2903,13,1,7,1,5,169,1,0.0,0.0,,8,2,7,0.0,1,3,1,1934,3,2,25,0,1.0,1,24,3,0.0,33,0.0,0.0
1,3,2.0,700,16,1,5,1,1,457,1,0.0,0.0,,3,1,16,0.0,1,6,1,1834,3,2,30,0,2.0,1,16,14,0.0,33,0.0,0.0
2,3,2.0,6400,13,1,3,1,5,355,1,0.0,0.0,,8,5,15,0.0,3,6,10,1632,3,2,25,4,2.0,1,31,15,0.0,20,0.0,0.0
1,3,2.0,1805,10,1,3,1,1,427,1,0.0,0.0,,11,5,7,0.0,1,1,10,2532,5,2,25,4,1.0,1,24,15,0.0,33,0.0,0.0
2,3,2.0,300,16,1,6,1,5,490,1,0.0,0.0,,8,5,15,0.0,0,4,1,1834,3,2,30,4,2.0,1,31,15,0.0,33,0.0,0.0
0,3,2.0,720,20,1,12,1,5,172,1,0.0,0.0,,10,2,13,0.0,3,3,1,1925,1,2,30,0,2.0,1,31,3,0.0,18,0.0,0.0
2,3,3.0,350,20,0,3,1,1,632,1,0.0,0.0,,8,1,15,0.0,2,6,1,1125,0,2,30,0,5.0,1,15,14,0.0,23,0.0,0.0
2,3,2.0,300,17,1,4,2,1,240,1,0.0,0.0,,10,1,16,0.0,2,5,1,113,3,2,30,0,2.0,1,22,14,0.0,24,0.0,0.0
2,3,2.0,11300,13,1,10,1,1,352,1,0.0,0.0,,10,2,7,0.0,2,1,1,531,3,2,30,0,1.0,1,31,3,0.0,33,0.0,0.0
2,3,2.0,3832,19,0,11,2,1,41,1,0.0,2.0,,6,1,0,0.0,3,3,1,1013,0,3,30,0,2.0,1,15,13,0.0,5,1.0,1.0
1,3,2.0,9500,18,1,2,1,1,361,1,0.0,0.0,,8,1,10,0.0,2,5,1,431,1,2,30,0,3.0,1,24,14,0.0,33,0.0,0.0
2,3,2.0,7912,17,1,11,2,1,537,1,0.0,0.0,,12,2,8,0.0,2,2,1,834,0,2,30,0,2.0,1,24,3,0.0,18,0.0,0.0
2,3,2.0,729,5,1,1,2,1,316,1,0.0,0.0,,8,2,7,0.0,1,2,1,1112,3,2,30,0,3.0,1,24,3,0.0,33,0.0,0.0
2,3,2.0,1630,14,1,9,1,5,208,1,0.0,0.0,,8,5,7,0.0,1,1,10,1813,5,2,30,4,1.0,1,31,15,0.0,33,0.0,0.0
0,3,2.0,2752,12,1,7,1,1,407,1,0.0,0.0,,12,2,10,0.0,3,3,1,2031,3,2,15,0,2.0,1,24,3,0.0,21,0.0,0.0
1,3,2.0,5100,18,0,4,2,5,538,1,0.0,0.0,,6,1,0,0.0,2,2,6,934,1,2,30,5,3.0,1,24,14,0.0,33,0.0,0.0
2,3,1.0,50,7,0,9,2,1,397,1,0.0,0.0,,3,2,2,0.0,2,1,2,114,3,2,40,5,1.0,1,24,3,0.0,13,0.0,0.0
2,3,2.0,7500,11,1,3,1,4,180,1,0.0,0.0,,8,2,0,0.0,2,6,1,623,3,2,30,0,2.0,1,5,13,0.0,18,0.0,0.0
2,3,2.0,5999,8,1,12,2,1,398,1,0.0,0.0,,2,2,15,0.0,3,5,1,1512,4,2,30,0,2.0,1,21,3,0.0,18,0.0,0.0
0,3,2.0,2349,16,1,7,2,1,489,1,0.0,0.0,,8,1,15,0.0,3,4,1,1424,3,2,35,0,2.0,1,24,14,0.0,33,0.0,0.0
2,3,2.0,2229,15,0,10,2,5,403,1,0.0,0.0,,10,2,15,0.0,1,2,1,2515,3,2,30,0,2.0,1,27,3,0.0,33,0.0,0.0
2,3,3.0,6318,12,0,10,2,5,245,1,0.0,1.0,,8,2,0,0.0,3,6,1,2511,3,3,30,0,1.0,1,15,3,0.0,26,1.0,0.0
1,3,2.0,4014,3,1,12,1,5,636,0,0.0,0.0,,10,2,7,0.0,3,7,10,1115,1,2,25,4,1.0,1,24,3,0.0,25,0.0,0.0
2,3,2.0,5200,1,1,1,1,1,524,1,0.0,0.0,,8,2,7,0.0,3,7,1,1624,1,2,30,5,1.0,1,31,3,0.0,23,0.0,0.0
2,3,3.0,1549,12,0,8,2,1,247,1,0.0,1.0,,8,2,8,0.0,3,1,1,1213,3,3,30,0,2.0,1,24,3,0.0,12,1.0,0.0
0,3,2.0,1456,15,1,1,1,1,120,1,0.0,0.0,,8,2,10,0.0,3,4,9,1922,3,2,30,3,2.0,1,24,3,0.0,19,0.0,0.0
1,3,2.0,1750,16,1,3,1,1,191,1,0.0,0.0,,8,1,16,0.0,1,6,1,2531,3,2,30,0,4.0,1,15,14,0.0,18,0.0,0.0
2,3,2.0,2401,8,0,5,2,1,41,1,0.0,1.0,,15,1,0,0.0,3,4,1,1034,3,1,35,0,1.0,1,24,14,1.0,6,0.0,0.0
2,3,2.0,1556,13,1,11,1,5,389,1,0.0,0.0,,6,5,15,0.0,1,6,2,1821,3,2,30,4,2.0,1,31,15,0.0,33,0.0,0.0
2,3,2.0,3200,15,0,7,2,1,33,1,0.0,0.0,,6,5,16,0.0,3,3,1,1022,3,2,25,0,3.0,1,31,14,0.0,33,0.0,0.0
0,3,2.0,5501,6,1,6,1,1,296,1,0.0,0.0,,8,2,15,0.0,3,5,1,2515,3,2,30,0,4.0,1,24,3,0.0,33,0.0,0.0
0,3,2.0,6269,19,1,7,1,1,414,1,0.0,0.0,,2,2,8,0.0,1,5,1,1711,3,2,25,0,3.0,1,21,13,0.0,24,0.0,0.0
2,3,2.0,2374,17,1,10,1,5,83,1,0.0,0.0,,8,1,16,0.0,3,5,1,832,3,2,30,0,2.0,1,31,3,0.0,33,0.0,0.0
2,3,3.0,5430,16,1,7,2,1,632,1,0.0,0.0,,8,2,10,0.0,2,3,2,923,3,2,30,0,4.0,1,17,3,0.0,12,0.0,0.0
1,3,2.0,2815,5,1,5,1,1,89,1,0.0,0.0,,8,2,7,0.0,0,4,1,421,3,2,30,0,1.0,1,31,3,0.0,21,0.0,0.0
2,3,2.0,3001,10,0,11,2,1,554,1,0.0,0.0,,11,1,16,0.0,1,2,1,1411,3,2,30,0,2.0,1,16,14,0.0,6,0.0,0.0
0,3,2.0,3810,9,1,7,2,1,171,1,0.0,0.0,,2,2,7,0.0,3,1,1,1711,3,2,30,0,1.0,1,11,3,0.0,13,0.0,0.0
2,3,2.0,4100,22,0,12,2,5,588,1,0.0,1.0,,15,1,10,0.0,2,1,4,213,1,3,30,5,2.0,1,10,14,0.0,26,1.0,0.0
2,3,1.0,6000,10,1,7,2,1,604,1,0.0,0.0,,12,1,2,0.0,3,6,1,1621,3,2,5,0,1.0,1,10,7,0.0,29,0.0,0.0
1,3,2.0,11100,17,1,4,1,1,221,1,0.0,0.0,,2,2,15,0.0,2,1,1,531,3,2,30,0,2.0,1,24,3,0.0,23,0.0,0.0
2,3,2.0,4151,22,0,11,2,1,414,1,0.0,0.0,,8,2,7,0.0,1,3,1,1911,1,2,30,0,1.0,1,31,3,0.0,8,0.0,0.0
2,3,2.0,2358,15,0,4,2,1,8,1,0.0,0.0,,8,2,0,0.0,3,3,1,2212,3,2,30,0,2.0,1,31,3,0.0,33,0.0,0.0
2,3,2.0,2816,22,1,6,1,5,131,1,0.0,0.0,,8,5,10,0.0,1,7,10,1931,5,2,30,4,3.0,1,24,14,0.0,19,0.0,0.0
1,3,1.0,3601,6,0,8,2,1,533,1,0.0,1.0,,8,2,2,0.0,3,7,1,2535,3,3,30,0,1.0,1,31,3,0.0,12,1.0,0.0
2,0,1.0,33,12,0,9,2,1,345,1,0.0,1.0,,12,2,5,0.0,3,3,1,1832,3,3,10,0,0.0,1,24,3,0.0,13,1.0,0.0
2,3,3.0,11709,15,1,4,2,1,392,1,0.0,0.0,,10,2,7,0.0,2,3,1,524,3,2,30,0,1.0,1,31,3,0.0,26,0.0,0.0
1,3,2.0,131,17,1,7,1,1,350,1,0.0,0.0,,6,1,16,0.0,3,7,1,1831,3,2,30,0,2.0,1,31,14,0.0,24,0.0,0.0
2,3,2.0,3046,12,1,3,1,1,380,1,0.0,0.0,,8,2,0,0.0,1,2,1,1412,3,2,30,0,2.0,1,15,3,0.0,18,0.0,0.0
1,3,2.0,2101,10,1,5,1,1,193,1,0.0,0.0,,0,2,7,0.0,3,5,1,1034,3,2,15,0,1.0,1,31,3,0.0,33,0.0,0.0
2,3,3.0,5601,14,0,10,2,1,319,1,0.0,0.0,,2,2,15,0.0,2,6,1,811,3,2,30,0,3.0,1,24,3,0.0,22,0.0,0.0
2,3,2.0,3200,10,0,5,2,1,291,1,0.0,1.0,,6,1,8,0.0,3,7,1,1712,3,3,30,0,1.0,1,24,14,0.0,33,1.0,0.0
2,3,2.0,2300,19,0,8,2,1,178,1,0.0,2.0,,6,1,9,0.0,1,7,1,1414,3,3,30,0,0.0,1,31,14,0.0,22,2.0,0.0
2,3,2.0,721,18,1,9,1,1,389,1,0.0,0.0,,8,1,3,0.0,1,5,1,1832,3,2,30,0,2.0,1,24,14,0.0,33,0.0,0.0
1,3,2.0,6034,18,1,11,1,1,489,1,0.0,0.0,,8,2,16,0.0,3,4,1,2513,4,2,30,0,3.0,1,24,3,0.0,21,0.0,0.0
2,3,2.0,2321,4,1,12,2,1,615,1,0.0,0.0,,8,1,7,0.0,2,2,10,131,5,2,30,4,1.0,1,31,13,0.0,33,0.0,0.0
2,3,2.0,105,13,1,11,1,1,97,1,0.0,0.0,,8,1,10,0.0,3,6,1,622,3,2,30,0,2.0,1,31,14,0.0,19,0.0,0.0
0,3,2.0,3900,18,1,3,2,1,439,1,0.0,0.0,,12,2,7,0.0,3,7,1,1122,3,2,30,0,1.0,1,24,3,0.0,21,0.0,0.0
2,3,2.0,5777,7,1,4,1,1,270,1,0.0,0.0,,2,2,7,0.0,1,4,9,1622,1,2,30,3,1.0,1,31,3,0.0,33,0.0,0.0
2,3,2.0,5501,23,0,9,2,1,178,1,0.0,0.0,,8,1,3,0.0,2,1,6,824,1,2,30,5,2.0,1,24,14,0.0,6,0.0,0.0
1,3,2.0,2731,16,1,5,1,1,445,1,0.0,0.0,,2,2,7,0.0,3,5,1,831,3,2,30,0,2.0,1,24,3,0.0,19,0.0,0.0
2,3,2.0,2688,14,1,8,1,1,234,1,0.0,0.0,,2,2,10,0.0,1,5,1,1931,3,2,30,0,2.0,1,31,3,0.0,19,0.0,0.0
2,3,2.0,3700,21,1,11,1,5,65,1,0.0,0.0,,2,1,10,0.0,3,4,9,822,1,2,30,5,3.0,1,21,14,0.0,26,0.0,0.0
2,3,2.0,500,7,1,9,2,1,317,1,0.0,0.0,,10,1,16,0.0,2,7,1,1133,3,2,25,0,2.0,1,28,14,0.0,24,0.0,0.0
1,3,2.0,3221,16,1,5,2,1,489,1,0.0,0.0,,2,2,16,0.0,3,1,6,1422,3,2,30,5,2.0,1,24,3,0.0,24,0.0,0.0
1,3,2.0,4831,7,1,10,1,1,178,1,0.0,0.0,,8,2,16,0.0,2,4,6,922,3,2,30,0,3.0,1,31,3,0.0,33,0.0,0.0
0,3,2.0,2238,13,1,10,1,1,210,1,0.0,0.0,,8,2,10,0.0,1,7,1,1811,3,2,20,0,2.0,1,24,3,0.0,8,0.0,0.0
2,3,2.0,3195,7,1,5,1,5,193,1,0.0,0.0,,2,1,15,0.0,3,2,1,1033,3,2,30,0,2.0,1,16,14,0.0,23,0.0,0.0
2,3,2.0,4200,10,1,1,1,5,204,1,0.0,0.0,,8,5,15,0.0,2,5,1,814,3,2,30,0,3.0,1,24,14,0.0,33,0.0,0.0
2,3,2.0,3422,16,1,11,1,1,445,1,0.0,0.0,,8,2,10,0.0,3,6,1,831,3,2,30,0,5.0,1,24,3,0.0,25,0.0,0.0
2,3,2.0,4256,16,1,2,2,1,538,1,0.0,0.0,,8,2,15,0.0,2,6,1,924,3,2,30,5,2.0,1,24,3,0.0,23,0.0,0.0
0,3,2.0,2501,11,1,2,1,1,407,1,0.0,0.0,,12,2,12,0.0,3,5,9,1911,3,2,15,3,3.0,1,31,3,0.0,33,0.0,0.0
1,3,2.0,5632,15,1,5,1,1,544,1,0.0,0.0,,8,2,7,0.0,1,2,1,2013,3,2,30,0,1.0,1,31,3,0.0,33,0.0,0.0
1,3,2.0,2232,17,1,11,1,5,13,1,0.0,0.0,,8,5,10,0.0,3,4,1,2212,3,2,30,0,3.0,1,31,14,0.0,33,0.0,0.0
2,3,2.0,6231,14,1,8,1,1,169,1,0.0,0.0,,12,2,11,0.0,1,5,1,2433,3,2,15,0,2.0,1,24,3,0.0,21,0.0,0.0
1,3,2.0,5300,21,0,8,2,1,633,1,0.0,0.0,,2,1,0,0.0,2,5,1,923,0,2,30,0,2.0,1,16,13,0.0,5,0.0,0.0
2,3,2.0,2213,12,1,7,1,1,178,1,0.0,0.0,,8,1,10,0.0,1,7,1,1431,1,2,30,0,2.0,1,10,14,0.0,19,0.0,0.0
2,3,1.0,3800,7,0,1,1,5,503,1,0.0,0.0,,8,5,2,0.0,1,1,9,1631,2,2,35,3,1.0,1,31,15,0.0,33,0.0,0.0
2,3,2.0,800,8,0,3,2,1,555,1,0.0,3.0,,6,1,0,0.0,2,5,6,1134,3,3,30,5,0.0,1,31,13,0.0,33,2.0,1.0
2,3,3.0,5548,0,1,8,2,1,366,1,0.0,0.0,,10,2,7,0.0,2,4,1,813,1,2,25,0,1.0,1,31,3,0.0,33,0.0,0.0
2,3,2.0,1605,13,1,3,1,1,43,1,0.0,0.0,,8,2,7,0.0,3,6,6,912,3,2,30,5,1.0,1,31,3,0.0,33,0.0,0.0
2,3,2.0,2800,16,1,3,1,1,99,1,0.0,0.0,,2,2,15,0.0,3,6,1,835,3,2,30,0,2.0,1,31,3,0.0,33,0.0,0.0
2,3,2.0,6312,10,1,11,2,1,178,1,0.0,0.0,,8,2,10,0.0,2,5,1,823,3,2,25,0,2.0,1,15,3,0.0,19,0.0,0.0
2,3,1.0,7600,23,0,12,2,1,388,1,0.0,0.0,,2,1,2,0.0,2,5,10,833,1,2,30,5,2.0,1,31,14,0.0,16,0.0,0.0
2,2,1.0,1457,12,1,4,2,1,313,1,0.0,0.0,,11,2,2,0.0,1,4,1,1822,3,2,30,0,1.0,1,10,3,0.0,21,0.0,0.0
2,3,1.0,4700,9,0,4,2,1,204,1,0.0,0.0,,3,1,2,0.0,2,6,1,814,3,2,30,0,1.0,1,31,14,0.0,33,0.0,0.0
2,3,2.0,190,18,0,12,2,1,526,1,0.0,1.0,,6,1,10,0.0,3,7,1,915,1,3,30,0,5.0,1,31,14,0.0,19,1.0,0.0
2,3,3.0,4313,12,1,9,2,5,355,1,0.0,0.0,,2,2,15,0.0,3,2,1,1731,3,2,30,0,3.0,1,31,3,0.0,22,0.0,0.0
2,3,2.0,7300,18,1,11,1,1,277,1,0.0,0.0,,15,1,16,0.0,2,4,1,323,1,2,30,0,2.0,1,24,13,0.0,12,0.0,0.0
2,4,2.0,1506,14,1,1,1,1,88,1,0.0,0.0,,8,2,16,0.0,0,6,1,324,3,2,30,0,2.0,1,31,3,0.0,18,0.0,0.0
2,3,5.0,2100,8,0,12,2,1,480,1,0.0,0.0,,2,1,16,0.0,1,1,1,2512,3,2,30,5,3.0,1,15,14,0.0,6,0.0,0.0
2,3,2.0,132,11,1,10,1,1,150,1,0.0,0.0,,8,2,10,0.0,0,6,10,1824,3,2,25,4,2.0,1,24,3,0.0,21,0.0,0.0
2,4,2.0,11335,19,1,8,1,1,117,1,0.0,0.0,,10,2,7,0.0,2,6,1,2234,4,2,30,0,1.0,1,31,3,0.0,17,0.0,0.0
0,3,2.0,1534,17,1,4,2,1,412,1,0.0,0.0,,10,2,7,0.0,3,4,1,1912,3,2,15,0,1.0,1,31,3,0.0,33,0.0,0.0
0,3,2.0,5400,14,1,8,2,1,131,1,0.0,0.0,,3,1,10,0.0,1,4,1,2012,3,2,30,0,3.0,1,24,14,0.0,33,0.0,0.0
2,3,2.0,315,5,0,6,2,1,24,1,0.0,0.0,,8,2,7,0.0,3,1,10,523,5,2,30,4,1.0,1,31,3,0.0,33,0.0,0.0
2,3,3.0,2401,10,1,11,2,1,128,1,0.0,0.0,,2,1,0,0.0,3,2,1,1434,3,2,30,5,4.0,1,16,14,0.0,6,0.0,0.0
2,3,2.0,3725,13,1,10,1,1,397,1,0.0,0.0,,11,2,0,0.0,1,6,2,1925,3,2,40,5,9.0,1,10,3,0.0,36,0.0,0.0
2,3,2.0,7225,11,1,12,2,1,151,1,0.0,0.0,,4,2,7,0.0,3,7,1,2511,3,2,30,0,2.0,1,20,3,0.0,22,0.0,0.0
2,3,2.0,6560,11,1,5,2,5,296,1,0.0,0.0,,12,2,7,0.0,3,1,1,2512,3,2,10,4,1.0,1,24,3,0.0,33,0.0,0.0
2,3,2.0,3500,2,1,11,1,1,390,1,0.0,0.0,,8,1,10,0.0,2,5,1,213,1,2,30,5,2.0,1,24,14,0.0,33,0.0,0.0
2,3,2.0,2331,6,0,3,1,1,51,1,0.0,0.0,,2,2,0,0.0,3,6,1,924,2,2,30,0,2.0,1,24,3,0.0,33,0.0,0.0
2,3,1.0,3246,20,1,8,2,1,368,1,0.0,0.0,,8,2,2,0.0,1,6,1,1733,1,2,30,0,1.0,1,31,3,0.0,33,0.0,0.0
1,3,2.0,801,18,1,4,1,1,120,1,0.0,0.0,,12,2,11,0.0,3,6,1,1924,3,2,15,0,2.0,1,31,3,0.0,21,0.0,0.0
1,3,2.0,1901,13,1,6,1,1,234,1,0.0,0.0,,2,1,10,0.0,2,7,1,1234,3,2,30,0,2.0,1,24,13,0.0,33,0.0,0.0
2,3,2.0,150,11,1,8,1,1,295,1,0.0,0.0,,10,2,3,0.0,1,2,1,122,3,2,30,0,2.0,1,19,3,0.0,21,0.0,0.0
0,3,2.0,202,3,1,5,2,1,207,1,0.0,0.0,,10,2,15,0.0,1,7,1,122,1,2,25,0,4.0,1,20,3,0.0,4,0.0,0.0
2,3,2.0,4343,15,1,7,1,1,368,1,0.0,0.0,,12,2,13,0.0,1,7,1,1724,3,2,10,0,2.0,1,31,3,0.0,18,0.0,0.0
0,3,2.0,1,11,0,8,2,1,398,1,0.0,1.0,,10,2,8,0.0,0,6,1,111,3,3,30,0,2.0,1,24,3,0.0,23,1.0,0.0
0,3,2.0,2904,8,1,2,2,1,178,1,0.0,0.0,,8,2,15,0.0,1,6,1,1411,3,2,30,0,2.0,1,31,3,0.0,12,0.0,0.0
1,3,2.0,1598,22,1,12,1,1,629,1,0.0,0.0,,8,2,8,0.0,1,7,1,1821,1,2,30,0,2.0,1,24,3,0.0,19,0.0,0.0
2,3,2.0,3911,21,1,11,1,1,489,1,0.0,0.0,,8,1,10,0.0,3,2,6,2535,1,2,30,5,2.0,1,31,14,0.0,33,0.0,0.0
1,3,2.0,2300,19,0,9,1,1,368,1,0.0,1.0,,2,1,10,0.0,2,7,1,1024,3,3,30,4,1.0,1,31,14,0.0,17,1.0,0.0
2,3,3.0,3130,20,0,12,2,1,65,1,2.0,2.0,,8,2,9,0.0,3,4,1,923,1,0,20,0,1.0,1,24,3,0.0,33,0.0,0.0
2,3,2.0,1043,6,1,7,1,6,497,1,0.0,0.0,,15,2,0,0.0,0,5,1,214,3,2,35,0,3.0,1,31,13,0.0,33,0.0,0.0
2,3,2.0,30,15,0,12,1,1,388,1,0.0,0.0,,10,2,16,0.0,1,4,2,1113,3,2,30,0,2.0,1,24,3,0.0,18,0.0,0.0
2,3,1.0,7259,19,1,1,2,5,608,1,0.0,0.0,,0,5,2,0.0,2,6,9,732,1,2,30,1,2.0,1,31,15,0.0,33,0.0,0.0
1,3,2.0,3232,5,1,1,1,1,69,1,0.0,0.0,,8,2,7,0.0,3,3,1,822,0,2,30,0,1.0,1,31,3,0.0,33,0.0,0.0
2,3,2.0,1550,16,1,5,1,1,407,1,0.0,0.0,,2,5,0,0.0,3,4,6,2032,3,2,30,5,2.0,1,31,14,0.0,17,0.0,0.0
2,3,2.0,5400,16,1,4,1,1,407,1,0.0,0.0,,8,2,15,0.0,3,2,1,1623,3,2,30,0,2.0,1,21,3,0.0,26,0.0,0.0
2,3,2.0,7600,23,0,6,2,1,537,1,0.0,0.0,,15,1,15,0.0,2,2,1,833,1,2,30,0,2.0,1,31,14,0.0,33,0.0,0.0
1,3,2.0,1401,14,1,12,1,1,556,1,0.0,0.0,,3,2,10,0.0,2,6,1,1022,3,2,30,0,2.0,1,17,13,0.0,19,0.0,0.0
1,3,2.0,5320,16,1,11,1,1,537,1,0.0,0.0,,12,2,7,0.0,2,5,1,815,3,2,30,0,1.0,1,24,3,0.0,25,0.0,0.0
2,3,2.0,5345,3,0,5,2,1,320,1,0.0,1.0,,8,4,7,0.0,2,2,10,234,5,4,30,4,0.0,1,31,3,0.0,33,0.0,1.0
2,3,3.0,4870,17,0,8,2,1,632,1,0.0,0.0,,8,1,10,0.0,1,4,1,2031,3,2,30,0,3.0,1,24,14,0.0,17,0.0,0.0
2,3,2.0,13000,14,0,8,2,1,277,1,0.0,0.0,,8,1,0,0.0,2,4,6,533,3,2,15,5,2.0,1,5,13,0.0,18,0.0,0.0
2,3,2.0,813,12,1,6,1,5,387,1,0.0,0.0,,10,2,7,0.0,2,7,1,1131,3,2,30,4,1.0,1,31,3,0.0,33,0.0,0.0
2,3,2.0,2200,16,1,9,2,1,548,1,0.0,0.0,,3,2,10,0.0,3,4,1,1225,3,2,30,0,3.0,1,24,3,0.0,19,0.0,0.0
1,3,2.0,90,9,1,5,1,1,502,1,0.0,0.0,,10,2,10,0.0,0,3,6,1834,3,2,25,5,2.0,1,17,3,0.0,19,0.0,0.0
2,3,2.0,3857,15,1,7,1,1,256,1,0.0,0.0,,8,2,0,0.0,2,4,1,212,3,2,30,0,3.0,1,24,3,0.0,25,0.0,0.0
2,3,2.0,5757,13,1,8,1,1,296,1,0.0,0.0,,2,2,7,0.0,3,3,1,2515,3,2,30,0,1.0,1,31,3,0.0,33,0.0,0.0
1,3,2.0,30,21,1,4,1,1,103,1,0.0,0.0,,10,1,15,0.0,3,7,1,622,1,2,35,0,2.0,1,20,14,0.0,15,0.0,0.0
2,3,2.0,1304,18,1,1,1,5,89,1,0.0,0.0,,8,5,16,0.0,0,6,10,411,5,2,30,4,2.0,1,24,15,0.0,33,0.0,0.0
2,3,2.0,9831,9,1,9,1,1,313,1,0.0,0.0,,2,1,16,0.0,2,4,1,2223,3,2,30,0,2.0,1,31,14,0.0,24,0.0,0.0
2,3,2.0,7832,12,1,1,1,1,632,1,0.0,0.0,,12,2,10,0.0,2,6,1,835,3,2,20,0,2.0,1,31,3,0.0,21,0.0,0.0
2,3,1.0,800,15,0,11,2,1,368,1,0.0,1.0,,12,2,2,0.0,1,7,1,1121,3,3,10,0,1.0,1,24,3,0.0,9,1.0,0.0
2,3,3.0,3155,17,0,4,2,1,70,1,0.0,0.0,,8,2,16,0.0,3,4,1,824,3,2,30,0,3.0,1,24,3,0.0,18,0.0,0.0
2,3,3.0,4025,9,1,10,2,1,204,1,0.0,0.0,,3,2,10,0.0,1,2,2,1722,3,2,30,0,7.0,1,24,3,0.0,17,0.0,0.0
2,3,2.0,2498,9,1,7,2,2,126,1,0.0,0.0,,2,1,15,0.0,2,3,1,914,3,2,30,0,2.0,1,28,14,0.0,23,0.0,0.0
2,3,3.0,321,10,0,6,2,1,81,1,0.0,3.0,,2,2,16,0.0,0,1,1,322,3,3,30,0,3.0,1,21,3,0.0,17,3.0,0.0
2,3,2.0,6550,20,0,12,1,5,565,1,0.0,1.0,,8,2,10,0.0,1,4,1,2412,1,4,25,4,1.0,1,24,3,0.0,33,0.0,1.0
2,3,2.0,4440,15,1,4,1,1,240,1,0.0,0.0,,12,2,7,0.0,2,6,1,215,3,2,30,0,1.0,1,31,3,0.0,33,0.0,0.0
2,3,2.0,8459,6,1,8,2,2,368,1,0.0,0.0,,8,2,15,0.0,2,2,1,835,3,2,30,0,3.0,1,10,3,0.0,14,0.0,0.0
1,3,2.0,2334,11,1,7,1,1,631,1,0.0,0.0,,8,2,11,0.0,2,4,1,914,3,2,30,0,4.0,1,24,3,0.0,21,0.0,0.0
2,3,2.0,6941,2,1,7,2,1,234,1,0.0,0.0,,8,2,7,0.0,2,1,1,735,1,2,30,0,1.0,1,24,3,0.0,33,0.0,0.0
1,3,2.0,5467,16,1,11,1,5,609,1,0.0,0.0,,10,2,7,0.0,2,3,1,233,3,2,30,4,2.0,1,24,3,0.0,33,0.0,0.0
2,3,2.0,3404,17,1,1,1,1,304,1,0.0,0.0,,8,3,0,0.0,3,2,1,1121,1,2,30,0,2.0,1,24,14,0.0,18,0.0,0.0
2,3,2.0,1419,22,1,9,1,1,304,1,0.0,0.0,,2,2,0,0.0,3,4,1,1215,1,2,35,0,2.0,1,24,3,0.0,33,0.0,0.0
2,3,2.0,1300,21,0,2,2,1,537,1,0.0,2.0,,15,1,0,0.0,2,1,9,1011,1,3,30,3,1.0,1,34,13,0.0,18,2.0,0.0
2,3,2.0,7100,19,1,9,1,5,537,1,0.0,0.0,,8,5,15,0.0,2,7,1,833,5,2,30,0,4.0,1,24,15,0.0,25,0.0,0.0
2,3,2.0,962,23,1,7,2,1,171,1,0.0,0.0,,6,1,16,0.0,3,6,1,2022,1,2,35,0,2.0,1,16,14,0.0,22,0.0,0.0
2,3,2.0,2400,13,1,8,1,1,622,1,0.0,0.0,,2,1,0,0.0,3,5,1,1222,3,2,30,0,2.0,1,31,14,0.0,33,0.0,0.0
2,3,2.0,4800,8,1,9,1,1,352,1,0.0,0.0,,2,1,0,0.0,2,1,6,224,3,2,30,5,2.0,1,24,13,0.0,33,0.0,0.0
2,3,2.0,805,4,0,2,1,5,377,1,0.0,0.0,,17,5,7,0.0,2,1,10,1131,5,2,30,4,1.0,1,24,15,0.0,33,0.0,0.0
0,3,2.0,1532,14,1,1,1,1,131,1,0.0,0.0,,8,2,15,0.0,1,6,2,1433,2,2,30,0,2.0,1,31,3,0.0,33,0.0,0.0
1,3,2.0,4700,14,0,3,1,1,631,1,0.0,2.0,,3,2,0,0.0,2,6,1,224,3,4,30,0,1.0,1,31,3,0.0,18,0.0,2.0
1,3,2.0,943,15,1,6,1,5,448,1,0.0,0.0,,11,2,7,0.0,3,3,1,1232,3,2,30,0,1.0,1,31,3,0.0,12,0.0,0.0
1,3,2.0,5959,15,1,9,1,1,220,1,0.0,0.0,,2,2,7,0.0,3,3,1,1512,3,2,30,0,2.0,1,24,3,0.0,33,0.0,0.0
2,3,2.0,2801,12,0,1,1,1,256,1,0.0,1.0,,12,2,0,0.0,2,2,1,133,3,4,10,5,1.0,1,24,3,0.0,18,0.0,1.0
0,3,2.0,2130,4,0,5,2,1,441,1,0.0,1.0,,10,2,9,0.0,1,7,1,2515,1,3,25,0,1.0,1,31,3,0.0,33,1.0,0.0
2,3,2.0,753,12,1,5,1,1,131,1,0.0,0.0,,8,1,10,0.0,1,1,1,1215,3,2,30,0,2.0,1,24,14,0.0,19,0.0,0.0
1,3,2.0,8602,8,1,10,1,1,289,1,0.0,0.0,,2,1,10,0.0,3,2,1,1631,3,2,30,0,2.0,1,24,14,0.0,19,0.0,0.0
2,3,3.0,3010,4,1,11,2,1,509,1,0.0,0.0,,11,2,7,0.0,3,7,6,1414,1,2,30,5,1.0,1,24,3,0.0,33,0.0,0.0
1,3,2.0,4356,1,1,1,2,1,245,1,0.0,0.0,,8,1,10,0.0,3,6,1,2523,1,2,30,0,2.0,1,24,13,0.0,20,0.0,0.0
2,3,2.0,3600,9,1,12,1,1,131,1,0.0,0.0,,2,2,10,0.0,2,3,1,912,3,2,30,0,4.0,1,24,3,0.0,19,0.0,0.0
1,3,2.0,2380,16,1,3,1,1,579,1,0.0,0.0,,2,2,16,0.0,1,3,1,1811,3,2,30,0,2.0,1,24,3,0.0,18,0.0,0.0
2,3,2.0,2433,16,1,8,1,1,53,1,0.0,0.0,,0,2,12,0.0,3,1,1,922,3,2,20,0,2.0,1,24,3,0.0,33,0.0,0.0
2,3,2.0,151,17,1,12,1,1,434,1,0.0,0.0,,3,2,10,0.0,0,6,1,114,4,2,30,0,2.0,1,31,3,0.0,19,0.0,0.0
1,3,2.0,123,12,1,11,2,5,193,1,0.0,0.0,,3,1,16,0.0,3,2,1,914,3,2,25,4,5.0,1,24,14,0.0,24,0.0,0.0
1,3,2.0,766,17,1,4,2,1,499,1,0.0,0.0,,6,1,16,0.0,1,3,1,1215,3,2,30,0,2.0,1,31,14,0.0,18,0.0,0.0
2,3,2.0,3932,13,0,8,2,1,33,1,0.0,1.0,,8,2,16,0.0,3,4,1,1014,3,3,30,0,2.0,1,24,3,0.0,18,1.0,0.0
2,3,2.0,4640,15,0,10,1,1,204,1,0.0,4.0,,8,2,10,0.0,2,4,1,814,3,3,30,0,1.0,1,24,3,0.0,19,4.0,0.0
2,3,2.0,201,15,1,1,1,1,632,1,0.0,0.0,,8,2,15,0.0,2,3,1,1225,3,2,30,0,2.0,1,20,3,0.0,22,0.0,0.0
1,3,2.0,401,18,1,2,1,1,615,1,0.0,0.0,,3,2,7,0.0,1,6,1,1834,3,2,30,0,1.0,1,20,3,0.0,23,0.0,0.0
2,3,2.0,6403,1,1,7,1,1,406,1,0.0,0.0,,2,2,7,0.0,2,4,1,823,1,2,30,0,1.0,1,31,3,0.0,33,0.0,0.0
1,3,2.0,4400,7,1,4,1,5,262,1,0.0,0.0,,8,1,10,0.0,1,5,1,1614,3,2,30,4,2.0,1,31,14,0.0,33,0.0,0.0
2,3,2.0,3200,20,1,2,1,5,568,1,0.0,0.0,,6,1,10,0.0,1,6,1,1924,1,2,30,0,3.0,1,31,14,0.0,33,0.0,0.0
2,3,2.0,2,21,1,5,1,5,313,1,0.0,0.0,,6,1,8,0.0,1,6,1,1224,0,2,30,4,2.0,1,24,14,0.0,19,0.0,0.0
2,3,2.0,408,19,1,9,2,1,582,1,0.0,0.0,,8,2,16,0.0,2,3,6,1132,1,2,30,5,2.0,1,24,3,0.0,18,0.0,0.0
2,3,2.0,3500,2,1,11,1,1,390,1,0.0,0.0,,8,1,10,0.0,2,5,1,213,1,2,30,5,2.0,1,24,14,0.0,33,0.0,0.0
2,3,2.0,2331,6,0,3,1,1,51,1,0.0,0.0,,2,2,0,0.0,3,6,1,924,2,2,30,0,2.0,1,24,3,0.0,33,0.0,0.0
2,3,1.0,3246,20,1,8,2,1,368,1,0.0,0.0,,8,2,2,0.0,1,6,1,1733,1,2,30,0,1.0,1,31,3,0.0,33,0.0,0.0
1,3,2.0,801,18,1,4,1,1,120,1,0.0,0.0,,12,2,11,0.0,3,6,1,1924,3,2,15,0,2.0,1,31,3,0.0,21,0.0,0.0
1,3,2.0,1901,13,1,6,1,1,234,1,0.0,0.0,,2,1,10,0.0,2,7,1,1234,3,2,30,0,2.0,1,24,13,0.0,33,0.0,0.0
2,3,2.0,150,11,1,8,1,1,295,1,0.0,0.0,,10,2,3,0.0,1,2,1,122,3,2,30,0,2.0,1,19,3,0.0,21,0.0,0.0
0,3,2.0,202,3,1,5,2,1,207,1,0.0,0.0,,10,2,15,0.0,1,7,1,122,1,2,25,0,4.0,1,20,3,0.0,4,0.0,0.0
2,3,2.0,4343,15,1,7,1,1,368,1,0.0,0.0,,12,2,13,0.0,1,7,1,1724,3,2,10,0,2.0,1,31,3,0.0,18,0.0,0.0
0,3,2.0,1,11,0,8,2,1,398,1,0.0,1.0,,10,2,8,0.0,0,6,1,111,3,3,30,0,2.0,1,24,3,0.0,23,1.0,0.0
0,3,2.0,2904,8,1,2,2,1,178,1,0.0,0.0,,8,2,15,0.0,1,6,1,1411,3,2,30,0,2.0,1,31,3,0.0,12,0.0,0.0
1,3,2.0,1598,22,1,12,1,1,629,1,0.0,0.0,,8,2,8,0.0,1,7,1,1821,1,2,30,0,2.0,1,24,3,0.0,19,0.0,0.0
2,3,2.0,3911,21,1,11,1,1,489,1,0.0,0.0,,8,1,10,0.0,3,2,6,2535,1,2,30,5,2.0,1,31,14,0.0,33,0.0,0.0
1,3,2.0,2300,19,0,9,1,1,368,1,0.0,1.0,,2,1,10,0.0,2,7,1,1024,3,3,30,4,1.0,1,31,14,0.0,17,1.0,0.0
2,3,3.0,3130,20,0,12,2,1,65,1,2.0,2.0,,8,2,9,0.0,3,4,1,923,1,0,20,0,1.0,1,24,3,0.0,33,0.0,0.0
2,3,2.0,1043,6,1,7,1,6,497,1,0.0,0.0,,15,2,0,0.0,0,5,1,214,3,2,35,0,3.0,1,31,13,0.0,33,0.0,0.0
2,3,2.0,30,15,0,12,1,1,388,1,0.0,0.0,,10,2,16,0.0,1,4,2,1113,3,2,30,0,2.0,1,24,3,0.0,18,0.0,0.0
2,3,1.0,7259,19,1,1,2,5,608,1,0.0,0.0,,0,5,2,0.0,2,6,9,732,1,2,30,1,2.0,1,31,15,0.0,33,0.0,0.0
1,3,2.0,3232,5,1,1,1,1,69,1,0.0,0.0,,8,2,7,0.0,3,3,1,822,0,2,30,0,1.0,1,31,3,0.0,33,0.0,0.0
2,3,2.0,1550,16,1,5,1,1,407,1,0.0,0.0,,2,5,0,0.0,3,4,6,2032,3,2,30,5,2.0,1,31,14,0.0,17,0.0,0.0
2,3,2.0,5400,16,1,4,1,1,407,1,0.0,0.0,,8,2,15,0.0,3,2,1,1623,3,2,30,0,2.0,1,21,3,0.0,26,0.0,0.0
2,3,2.0,7600,23,0,6,2,1,537,1,0.0,0.0,,15,1,15,0.0,2,2,1,833,1,2,30,0,2.0,1,31,14,0.0,33,0.0,0.0
1,3,2.0,1401,14,1,12,1,1,556,1,0.0,0.0,,3,2,10,0.0,2,6,1,1022,3,2,30,0,2.0,1,17,13,0.0,19,0.0,0.0
1,3,2.0,5320,16,1,11,1,1,537,1,0.0,0.0,,12,2,7,0.0,2,5,1,815,3,2,30,0,1.0,1,24,3,0.0,25,0.0,0.0
2,3,2.0,5345,3,0,5,2,1,320,1,0.0,1.0,,8,4,7,0.0,2,2,10,234,5,4,30,4,0.0,1,31,3,0.0,33,0.0,1.0
2,3,3.0,4870,17,0,8,2,1,632,1,0.0,0.0,,8,1,10,0.0,1,4,1,2031,3,2,30,0,3.0,1,24,14,0.0,17,0.0,0.0
2,3,2.0,13000,14,0,8,2,1,277,1,0.0,0.0,,8,1,0,0.0,2,4,6,533,3,2,15,5,2.0,1,5,13,0.0,18,0.0,0.0
2,3,2.0,813,12,1,6,1,5,387,1,0.0,0.0,,10,2,7,0.0,2,7,1,1131,3,2,30,4,1.0,1,31,3,0.0,33,0.0,0.0
2,3,2.0,2200,16,1,9,2,1,548,1,0.0,0.0,,3,2,10,0.0,3,4,1,1225,3,2,30,0,3.0,1,24,3,0.0,19,0.0,0.0
1,3,2.0,90,9,1,5,1,1,502,1,0.0,0.0,,10,2,10,0.0,0,3,6,1834,3,2,25,5,2.0,1,17,3,0.0,19,0.0,0.0
2,3,2.0,3857,15,1,7,1,1,256,1,0.0,0.0,,8,2,0,0.0,2,4,1,212,3,2,30,0,3.0,1,24,3,0.0,25,0.0,0.0
2,3,2.0,5757,13,1,8,1,1,296,1,0.0,0.0,,2,2,7,0.0,3,3,1,2515,3,2,30,0,1.0,1,31,3,0.0,33,0.0,0.0
1,3,2.0,30,21,1,4,1,1,103,1,0.0,0.0,,10,1,15,0.0,3,7,1,622,1,2,35,0,2.0,1,20,14,0.0,15,0.0,0.0
2,3,2.0,1304,18,1,1,1,5,89,1,0.0,0.0,,8,5,16,0.0,0,6,10,411,5,2,30,4,2.0,1,24,15,0.0,33,0.0,0.0
2,3,2.0,9831,9,1,9,1,1,313,1,0.0,0.0,,2,1,16,0.0,2,4,1,2223,3,2,30,0,2.0,1,31,14,0.0,24,0.0,0.0
2,3,2.0,7832,12,1,1,1,1,632,1,0.0,0.0,,12,2,10,0.0,2,6,1,835,3,2,20,0,2.0,1,31,3,0.0,21,0.0,0.0
2,3,1.0,800,15,0,11,2,1,368,1,0.0,1.0,,12,2,2,0.0,1,7,1,1121,3,3,10,0,1.0,1,24,3,0.0,9,1.0,0.0
2,3,3.0,3155,17,0,4,2,1,70,1,0.0,0.0,,8,2,16,0.0,3,4,1,824,3,2,30,0,3.0,1,24,3,0.0,18,0.0,0.0
2,3,3.0,4025,9,1,10,2,1,204,1,0.0,0.0,,3,2,10,0.0,1,2,2,1722,3,2,30,0,7.0,1,24,3,0.0,17,0.0,0.0
2,3,2.0,2498,9,1,7,2,2,126,1,0.0,0.0,,2,1,15,0.0,2,3,1,914,3,2,30,0,2.0,1,28,14,0.0,23,0.0,0.0
2,3,3.0,321,10,0,6,2,1,81,1,0.0,3.0,,2,2,16,0.0,0,1,1,322,3,3,30,0,3.0,1,21,3,0.0,17,3.0,0.0
2,3,2.0,6550,20,0,12,1,5,565,1,0.0,1.0,,8,2,10,0.0,1,4,1,2412,1,4,25,4,1.0,1,24,3,0.0,33,0.0,1.0
2,3,2.0,4440,15,1,4,1,1,240,1,0.0,0.0,,12,2,7,0.0,2,6,1,215,3,2,30,0,1.0,1,31,3,0.0,33,0.0,0.0
2,3,2.0,8459,6,1,8,2,2,368,1,0.0,0.0,,8,2,15,0.0,2,2,1,835,3,2,30,0,3.0,1,10,3,0.0,14,0.0,0.0
1,3,2.0,2334,11,1,7,1,1,631,1,0.0,0.0,,8,2,11,0.0,2,4,1,914,3,2,30,0,4.0,1,24,3,0.0,21,0.0,0.0
2,3,2.0,6941,2,1,7,2,1,234,1,0.0,0.0,,8,2,7,0.0,2,1,1,735,1,2,30,0,1.0,1,24,3,0.0,33,0.0,0.0
1,3,2.0,5467,16,1,11,1,5,609,1,0.0,0.0,,10,2,7,0.0,2,3,1,233,3,2,30,4,2.0,1,24,3,0.0,33,0.0,0.0
2,3,2.0,3404,17,1,1,1,1,304,1,0.0,0.0,,8,3,0,0.0,3,2,1,1121,1,2,30,0,2.0,1,24,14,0.0,18,0.0,0.0
2,3,2.0,1419,22,1,9,1,1,304,1,0.0,0.0,,2,2,0,0.0,3,4,1,1215,1,2,35,0,2.0,1,24,3,0.0,33,0.0,0.0
2,3,2.0,1300,21,0,2,2,1,537,1,0.0,2.0,,15,1,0,0.0,2,1,9,1011,1,3,30,3,1.0,1,34,13,0.0,18,2.0,0.0
2,3,2.0,7100,19,1,9,1,5,537,1,0.0,0.0,,8,5,15,0.0,2,7,1,833,5,2,30,0,4.0,1,24,15,0.0,25,0.0,0.0
2,3,2.0,962,23,1,7,2,1,171,1,0.0,0.0,,6,1,16,0.0,3,6,1,2022,1,2,35,0,2.0,1,16,14,0.0,22,0.0,0.0
2,3,2.0,2400,13,1,8,1,1,622,1,0.0,0.0,,2,1,0,0.0,3,5,1,1222,3,2,30,0,2.0,1,31,14,0.0,33,0.0,0.0
2,3,2.0,4800,8,1,9,1,1,352,1,0.0,0.0,,2,1,0,0.0,2,1,6,224,3,2,30,5,2.0,1,24,13,0.0,33,0.0,0.0
2,3,2.0,805,4,0,2,1,5,377,1,0.0,0.0,,17,5,7,0.0,2,1,10,1131,5,2,30,4,1.0,1,24,15,0.0,33,0.0,0.0
0,3,2.0,1532,14,1,1,1,1,131,1,0.0,0.0,,8,2,15,0.0,1,6,2,1433,2,2,30,0,2.0,1,31,3,0.0,33,0.0,0.0
1,3,2.0,4700,14,0,3,1,1,631,1,0.0,2.0,,3,2,0,0.0,2,6,1,224,3,4,30,0,1.0,1,31,3,0.0,18,0.0,2.0
1,3,2.0,943,15,1,6,1,5,448,1,0.0,0.0,,11,2,7,0.0,3,3,1,1232,3,2,30,0,1.0,1,31,3,0.0,12,0.0,0.0
1,3,2.0,5959,15,1,9,1,1,220,1,0.0,0.0,,2,2,7,0.0,3,3,1,1512,3,2,30,0,2.0,1,24,3,0.0,33,0.0,0.0
2,3,2.0,2801,12,0,1,1,1,256,1,0.0,1.0,,12,2,0,0.0,2,2,1,133,3,4,10,5,1.0,1,24,3,0.0,18,0.0,1.0
0,3,2.0,2130,4,0,5,2,1,441,1,0.0,1.0,,10,2,9,0.0,1,7,1,2515,1,3,25,0,1.0,1,31,3,0.0,33,1.0,0.0
2,3,2.0,753,12,1,5,1,1,131,1,0.0,0.0,,8,1,10,0.0,1,1,1,1215,3,2,30,0,2.0,1,24,14,0.0,19,0.0,0.0
1,3,2.0,8602,8,1,10,1,1,289,1,0.0,0.0,,2,1,10,0.0,3,2,1,1631,3,2,30,0,2.0,1,24,14,0.0,19,0.0,0.0
2,3,3.0,3010,4,1,11,2,1,509,1,0.0,0.0,,11,2,7,0.0,3,7,6,1414,1,2,30,5,1.0,1,24,3,0.0,33,0.0,0.0
1,3,2.0,4356,1,1,1,2,1,245,1,0.0,0.0,,8,1,10,0.0,3,6,1,2523,1,2,30,0,2.0,1,24,13,0.0,20,0.0,0.0
2,3,2.0,3600,9,1,12,1,1,131,1,0.0,0.0,,2,2,10,0.0,2,3,1,912,3,2,30,0,4.0,1,24,3,0.0,19,0.0,0.0
1,3,2.0,2380,16,1,3,1,1,579,1,0.0,0.0,,2,2,16,0.0,1,3,1,1811,3,2,30,0,2.0,1,24,3,0.0,18,0.0,0.0
2,3,2.0,2433,16,1,8,1,1,53,1,0.0,0.0,,0,2,12,0.0,3,1,1,922,3,2,20,0,2.0,1,24,3,0.0,33,0.0,0.0
2,3,2.0,151,17,1,12,1,1,434,1,0.0,0.0,,3,2,10,0.0,0,6,1,114,4,2,30,0,2.0,1,31,3,0.0,19,0.0,0.0
1,3,2.0,123,12,1,11,2,5,193,1,0.0,0.0,,3,1,16,0.0,3,2,1,914,3,2,25,4,5.0,1,24,14,0.0,24,0.0,0.0
1,3,2.0,766,17,1,4,2,1,499,1,0.0,0.0,,6,1,16,0.0,1,3,1,1215,3,2,30,0,2.0,1,31,14,0.0,18,0.0,0.0
2,3,2.0,3932,13,0,8,2,1,33,1,0.0,1.0,,8,2,16,0.0,3,4,1,1014,3,3,30,0,2.0,1,24,3,0.0,18,1.0,0.0
2,3,2.0,4640,15,0,10,1,1,204,1,0.0,4.0,,8,2,10,0.0,2,4,1,814,3,3,30,0,1.0,1,24,3,0.0,19,4.0,0.0
2,3,2.0,201,15,1,1,1,1,632,1,0.0,0.0,,8,2,15,0.0,2,3,1,1225,3,2,30,0,2.0,1,20,3,0.0,22,0.0,0.0
1,3,2.0,401,18,1,2,1,1,615,1,0.0,0.0,,3,2,7,0.0,1,6,1,1834,3,2,30,0,1.0,1,20,3,0.0,23,0.0,0.0
2,3,2.0,6403,1,1,7,1,1,406,1,0.0,0.0,,2,2,7,0.0,2,4,1,823,1,2,30,0,1.0,1,31,3,0.0,33,0.0,0.0
1,3,2.0,4400,7,1,4,1,5,262,1,0.0,0.0,,8,1,10,0.0,1,5,1,1614,3,2,30,4,2.0,1,31,14,0.0,33,0.0,0.0
2,3,2.0,3200,20,1,2,1,5,568,1,0.0,0.0,,6,1,10,0.0,1,6,1,1924,1,2,30,0,3.0,1,31,14,0.0,33,0.0,0.0
2,3,2.0,2,21,1,5,1,5,313,1,0.0,0.0,,6,1,8,0.0,1,6,1,1224,0,2,30,4,2.0,1,24,14,0.0,19,0.0,0.0
2,3,2.0,408,19,1,9,2,1,582,1,0.0,0.0,,8,2,16,0.0,2,3,6,1132,1,2,30,5,2.0,1,24,3,0.0,18,0.0,0.0
2,3,2.0,5200,19,1,8,1,1,411,1,0.0,0.0,,8,1,0,0.0,1,2,1,1623,3,2,30,0,2.0,1,24,14,0.0,25,0.0,0.0
1,3,2.0,123,10,1,5,1,1,242,1,0.0,0.0,,2,1,15,0.0,1,5,1,121,3,2,30,0,3.0,1,31,14,0.0,22,0.0,0.0
1,3,1.0,1616,10,1,9,2,1,103,1,0.0,0.0,,12,2,5,0.0,0,4,1,412,3,2,0,0,1.0,1,24,3,0.0,33,0.0,0.0
2,3,2.0,2800,19,1,11,1,5,537,1,0.0,0.0,,2,1,10,0.0,2,4,1,1031,0,2,30,0,2.0,1,15,14,0.0,19,0.0,0.0
2,3,3.0,10727,16,0,7,2,1,537,1,0.0,1.0,,2,1,10,0.0,2,2,1,2211,3,3,30,0,2.0,1,31,14,0.0,33,1.0,0.0
1,3,2.0,2751,14,1,10,1,1,527,1,0.0,0.0,,8,1,16,0.0,3,5,1,2011,3,2,30,0,2.0,1,24,14,0.0,25,0.0,0.0
2,3,2.0,4000,18,1,5,2,5,131,1,0.0,0.0,,8,1,16,0.0,1,6,1,1912,3,2,25,4,2.0,1,24,14,0.0,33,0.0,0.0
2,3,2.0,6257,17,1,2,2,1,131,1,0.0,0.0,,8,2,7,0.0,2,3,1,713,3,2,30,0,2.0,1,24,3,0.0,23,0.0,0.0
2,3,2.0,4855,11,1,3,1,1,225,1,0.0,0.0,,10,2,7,0.0,3,1,6,1531,3,2,30,5,1.0,1,31,3,0.0,21,0.0,0.0
2,3,2.0,6430,10,1,4,1,1,355,1,0.0,0.0,,12,2,7,0.0,3,7,1,1632,3,2,0,0,3.0,1,24,3,0.0,21,0.0,0.0
1,3,2.0,27,16,1,11,1,5,103,1,0.0,0.0,,3,1,10,0.0,3,2,1,634,3,2,30,4,7.0,1,24,14,0.0,33,0.0,0.0
1,3,2.0,300,8,1,1,1,1,397,1,0.0,0.0,,2,1,10,0.0,2,5,1,114,3,2,45,0,2.0,1,24,14,0.0,19,0.0,0.0
2,3,2.0,2402,13,0,4,2,1,321,1,0.0,4.0,,6,5,0,0.0,3,5,6,1135,3,3,30,5,0.0,1,24,14,0.0,6,4.0,0.0
0,3,2.0,2399,19,1,5,2,1,355,1,0.0,0.0,,2,1,10,0.0,3,6,1,1921,4,2,25,0,2.0,1,31,14,0.0,19,0.0,0.0
2,3,2.0,5500,14,1,8,1,1,615,1,0.0,0.0,,2,2,15,0.0,2,5,1,225,3,2,10,0,2.0,1,31,3,0.0,23,0.0,0.0
2,3,2.0,2150,22,1,6,1,1,415,0,0.0,0.0,,8,2,7,0.0,1,3,1,1814,0,2,30,0,1.0,1,24,3,0.0,25,0.0,0.0
0,3,2.0,1400,2,1,11,1,1,629,1,0.0,0.0,,2,1,15,0.0,1,1,6,1821,1,2,30,5,2.0,1,20,14,0.0,17,0.0,0.0
1,3,2.0,6300,11,0,8,2,1,588,1,0.0,1.0,,8,1,10,0.0,2,3,1,312,3,3,35,0,2.0,1,24,14,0.0,17,1.0,0.0
2,3,2.0,458,9,0,11,2,5,92,1,0.0,2.0,,15,1,16,0.0,0,2,1,624,3,3,30,0,0.0,1,31,13,0.0,5,1.0,1.0
1,3,2.0,4950,14,1,1,1,1,601,1,0.0,0.0,,12,2,7,0.0,3,4,1,1531,3,2,15,5,1.0,1,24,3,0.0,33,0.0,0.0
2,3,2.0,826,23,1,4,1,5,346,1,0.0,0.0,,10,5,7,0.0,3,6,10,1915,5,2,30,4,1.0,1,31,15,0.0,33,0.0,0.0
0,3,2.0,2400,11,1,4,2,1,120,1,0.0,0.0,,6,1,10,0.0,3,5,1,1921,3,2,20,0,2.0,1,20,14,0.0,19,0.0,0.0
1,3,2.0,4800,19,1,3,2,1,262,1,0.0,0.0,,2,1,16,0.0,1,7,1,1614,1,2,35,0,2.0,1,31,14,0.0,33,0.0,0.0
2,3,2.0,6348,2,0,3,2,5,495,1,0.0,0.0,,10,2,0,0.0,1,7,1,2413,1,2,30,0,2.0,1,31,3,0.0,33,0.0,0.0
2,3,2.0,1708,15,1,2,2,1,193,1,0.0,0.0,,8,2,16,0.0,3,4,1,1234,3,2,20,0,2.0,1,24,3,0.0,18,0.0,0.0
2,3,1.0,3200,21,0,6,2,2,644,1,0.0,0.0,,8,2,2,0.0,2,2,6,912,0,2,30,5,1.0,1,31,3,0.0,29,0.0,0.0
2,3,2.0,11300,11,0,9,2,1,588,1,0.0,1.0,,8,1,8,0.0,2,5,1,522,3,3,30,0,1.0,1,24,14,0.0,18,1.0,0.0
2,3,2.0,9505,17,0,8,2,1,214,1,0.0,1.0,,8,2,16,0.0,2,5,1,431,3,3,30,0,1.0,1,16,3,0.0,35,1.0,0.0
2,3,2.0,4734,5,1,6,1,1,54,1,0.0,0.0,,8,2,7,0.0,3,1,1,815,2,2,25,0,1.0,1,24,3,0.0,33,0.0,0.0
2,3,2.0,11726,6,1,7,1,1,521,1,0.0,0.0,,10,2,7,0.0,2,2,1,524,3,2,20,4,1.0,1,24,3,0.0,33,0.0,0.0
2,3,2.0,305,6,1,2,1,1,356,1,0.0,0.0,,10,1,16,0.0,3,4,3,122,1,2,30,5,2.0,1,31,14,0.0,23,0.0,0.0
2,3,2.0,5500,15,0,9,2,1,120,1,0.0,2.0,,8,2,16,0.0,3,2,1,1633,3,1,30,0,5.0,1,31,13,1.0,18,1.0,0.0
2,3,2.0,8300,16,1,8,1,1,632,1,0.0,0.0,,8,2,10,0.0,2,2,6,835,3,2,30,5,2.0,1,24,3,0.0,33,0.0,0.0
1,3,2.0,2317,12,1,2,1,1,204,1,0.0,0.0,,8,2,16,0.0,1,3,1,2522,3,2,30,0,4.0,1,15,3,0.0,18,0.0,0.0
0,3,2.0,1357,6,1,4,2,1,298,1,0.0,0.0,,8,2,16,0.0,3,2,1,1215,3,2,30,0,2.0,1,31,3,0.0,24,0.0,0.0
1,3,2.0,1420,22,1,6,2,1,296,1,0.0,0.0,,8,2,15,0.0,3,2,1,1932,1,2,35,0,2.0,1,31,3,0.0,33,0.0,0.0
0,3,2.0,5960,15,1,5,1,1,398,1,0.0,0.0,,2,2,15,0.0,3,3,1,1512,3,2,30,0,2.0,1,24,3,0.0,33,0.0,0.0
2,3,2.0,134,12,1,11,1,1,204,1,0.0,0.0,,8,1,10,0.0,1,2,1,1532,3,2,30,0,4.0,1,31,14,0.0,33,0.0,0.0
2,3,2.0,2539,14,1,2,1,5,463,1,0.0,0.0,,10,2,7,0.0,2,2,1,1013,3,2,25,0,1.0,1,31,3,0.0,33,0.0,0.0
1,3,2.0,601,17,1,8,2,1,615,1,0.0,0.0,,8,2,7,0.0,1,5,1,1834,3,2,30,0,2.0,1,31,3,0.0,33,0.0,0.0
2,3,2.0,10800,20,1,10,1,5,138,1,0.0,0.0,,8,2,7,0.0,2,5,10,432,1,2,25,4,1.0,1,24,3,0.0,25,0.0,0.0
2,3,1.0,6800,1,1,7,1,5,180,1,0.0,0.0,,8,5,5,0.0,2,1,1,322,3,2,30,0,1.0,1,24,15,0.0,25,0.0,0.0
0,3,2.0,631,10,1,12,1,5,204,1,0.0,0.0,,8,1,16,0.0,2,4,6,1131,3,2,30,5,2.0,1,24,14,0.0,18,0.0,0.0
1,3,2.0,631,16,1,5,1,5,388,1,0.0,0.0,,18,5,10,0.0,2,3,1,1131,3,2,30,0,2.0,1,17,14,0.0,19,0.0,0.0
2,3,2.0,414,17,0,8,2,1,506,1,0.0,0.0,,10,2,7,0.0,0,4,1,1834,3,2,30,0,6.0,1,10,3,0.0,17,0.0,0.0
0,3,2.0,1200,7,1,9,1,1,70,1,0.0,0.0,,8,0,10,0.0,0,2,1,235,3,2,30,0,2.0,1,31,14,0.0,19,0.0,0.0
2,3,2.0,698,16,1,12,1,1,611,1,0.0,0.0,,8,2,7,0.0,3,4,1,121,3,2,30,0,1.0,1,24,3,0.0,33,0.0,0.0
1,3,3.0,4414,3,0,3,2,1,207,1,0.0,0.0,,8,2,7,0.0,1,7,1,1912,1,2,30,0,2.0,1,25,3,0.0,34,0.0,0.0
2,3,2.0,5800,13,1,3,1,5,319,1,0.0,0.0,,17,5,10,0.0,1,3,10,1612,5,2,30,4,2.0,1,24,15,0.0,33,0.0,0.0
1,3,2.0,2706,9,1,11,2,1,398,1,0.0,0.0,,2,2,14,0.0,3,3,1,1222,3,2,30,0,2.0,1,31,3,0.0,33,0.0,0.0
1,3,2.0,820,19,1,9,1,1,389,1,0.0,0.0,,8,2,10,0.0,1,4,6,1832,0,2,30,5,2.0,1,16,3,0.0,18,0.0,0.0
2,3,2.0,303,17,0,11,1,1,616,1,0.0,1.0,,6,1,9,0.0,0,4,1,114,1,3,30,0,1.0,1,24,14,0.0,18,1.0,0.0
2,3,2.0,300,20,1,2,1,5,397,1,0.0,0.0,,3,2,15,0.0,2,4,6,114,0,2,30,5,2.0,1,24,3,0.0,33,0.0,0.0
2,3,2.0,4612,6,1,1,2,1,244,1,0.0,0.0,,8,2,7,0.0,3,6,1,2522,5,2,25,0,1.0,1,31,3,0.0,33,0.0,0.0
1,3,2.0,100,16,1,7,1,1,616,1,0.0,0.0,,8,2,15,0.0,0,2,1,114,3,2,30,0,2.0,1,31,14,0.0,33,0.0,0.0
2,3,2.0,2400,17,1,3,1,1,614,1,0.0,0.0,,8,2,14,0.0,3,4,1,1434,1,2,30,0,3.0,1,31,3,0.0,23,0.0,0.0
2,3,2.0,1600,14,1,9,1,5,439,1,0.0,0.0,,2,1,15,0.0,3,3,1,1224,3,2,30,0,2.0,1,31,14,0.0,33,0.0,0.0
2,3,2.0,1556,7,1,1,2,1,193,1,0.0,0.0,,2,2,15,0.0,3,2,2,1235,3,2,20,0,3.0,1,15,3,0.0,23,0.0,0.0
1,3,2.0,2525,15,0,1,1,1,256,1,0.0,0.0,,2,3,3,0.0,2,7,1,133,3,2,30,0,2.0,1,24,3,0.0,18,0.0,0.0
2,3,2.0,6751,16,1,2,1,1,159,1,0.0,0.0,,10,2,7,0.0,2,3,1,725,3,2,30,0,1.0,1,31,3,0.0,33,0.0,0.0
1,3,2.0,2520,21,1,1,1,5,111,1,0.0,0.0,,12,2,2,0.0,0,7,10,423,4,2,15,4,2.0,1,31,3,0.0,33,0.0,0.0
2,3,2.0,1237,12,1,4,1,5,367,1,0.0,0.0,,10,2,7,0.0,2,4,1,1011,3,2,30,0,1.0,1,31,3,0.0,25,0.0,0.0
1,3,2.0,1100,16,0,1,1,5,395,1,0.0,1.0,,3,1,10,0.0,2,5,1,114,3,4,40,0,1.0,1,31,14,0.0,19,0.0,1.0
1,3,2.0,9500,8,1,9,2,1,313,1,0.0,0.0,,3,1,15,0.0,2,3,6,2223,3,2,30,5,3.0,1,21,14,0.0,36,0.0,0.0
0,3,2.0,2855,10,1,2,1,1,296,1,0.0,0.0,,8,5,15,0.0,3,7,1,1414,3,2,30,0,3.0,1,24,15,0.0,25,0.0,0.0
0,3,2.0,532,12,1,3,1,1,87,1,0.0,0.0,,8,2,14,0.0,3,6,1,732,3,2,30,0,5.0,1,24,3,0.0,25,0.0,0.0
2,3,2.0,2308,10,1,12,1,5,37,1,0.0,0.0,,8,2,7,0.0,3,6,10,1234,5,2,30,4,1.0,1,24,3,0.0,33,0.0,0.0
1,3,2.0,2431,17,0,4,2,1,470,1,0.0,1.0,,12,2,9,0.0,3,6,1,1911,3,4,30,0,1.0,1,31,3,0.0,33,0.0,1.0
2,3,2.0,6101,7,1,9,1,1,388,1,0.0,0.0,,10,1,15,0.0,2,2,1,813,3,2,30,0,2.0,1,24,13,0.0,23,0.0,0.0
2,3,1.0,4200,15,0,2,2,5,563,1,0.0,0.0,,8,2,2,0.0,3,1,9,2524,3,2,30,3,1.0,1,24,3,0.0,25,0.0,0.0
2,3,2.0,10300,0,0,10,2,1,631,1,0.0,1.0,,8,1,16,0.0,2,1,1,512,1,4,30,0,1.0,1,21,14,0.0,24,0.0,1.0
0,3,2.0,11116,17,1,12,1,1,368,1,0.0,0.0,,2,2,7,0.0,2,5,1,2211,4,2,30,0,1.0,1,31,3,0.0,33,0.0,0.0
2,3,2.0,599,15,0,1,1,5,191,1,0.0,1.0,,2,1,10,0.0,1,6,1,1523,3,3,30,4,2.0,1,24,14,0.0,33,1.0,0.0
1,3,2.0,2139,15,1,10,1,1,413,1,0.0,0.0,,10,2,7,0.0,3,5,1,1225,3,2,30,0,1.0,1,31,3,0.0,21,0.0,0.0
2,3,2.0,2,11,1,3,2,1,624,1,0.0,0.0,,6,1,0,0.0,0,1,1,111,3,2,35,0,3.0,1,24,14,0.0,6,0.0,0.0
2,3,3.0,1220,14,1,7,1,1,247,1,0.0,0.0,,6,1,10,0.0,3,3,1,1433,3,2,30,0,8.0,1,31,14,0.0,17,0.0,0.0
2,3,2.0,6400,21,0,8,2,1,227,1,0.0,1.0,,8,1,16,0.0,2,6,1,312,1,4,30,0,1.0,1,15,14,0.0,24,0.0,1.0
2,3,2.0,752,21,1,9,1,1,18,1,0.0,0.0,,12,2,7,0.0,0,7,1,531,1,2,25,0,1.0,1,31,3,0.0,33,0.0,0.0
0,3,2.0,9025,15,1,11,1,1,602,1,0.0,0.0,,12,2,7,0.0,2,6,1,2222,3,2,15,0,1.0,1,24,3,0.0,21,0.0,0.0
1,3,2.0,6501,7,1,2,2,5,234,1,0.0,0.0,,12,2,7,0.0,1,2,2,2412,3,2,15,0,1.0,1,10,3,0.0,12,0.0,0.0
2,3,2.0,510,17,1,8,1,1,206,1,0.0,0.0,,8,2,7,0.0,2,4,1,1225,3,2,30,0,1.0,1,24,3,0.0,21,0.0,0.0
2,3,3.0,10700,0,0,6,2,1,631,1,0.0,1.0,,8,1,10,0.0,2,4,1,513,1,3,30,0,4.0,1,31,14,0.0,33,1.0,0.0
1,3,2.0,3958,17,1,4,1,1,103,1,0.0,0.0,,8,2,10,0.0,3,5,1,834,3,2,30,0,2.0,1,17,3,0.0,19,0.0,0.0
2,3,3.0,1156,10,0,10,2,1,611,1,0.0,0.0,,8,2,16,0.0,3,5,1,1232,3,2,30,0,3.0,1,10,3,0.0,24,0.0,0.0
1,3,2.0,7348,20,1,8,2,1,632,1,0.0,0.0,,8,2,16,0.0,2,3,6,835,3,2,35,5,2.0,1,16,3,0.0,24,0.0,0.0
1,3,2.0,6213,19,1,3,1,1,171,1,0.0,0.0,,8,1,0,0.0,3,1,1,1622,4,2,30,0,3.0,1,24,13,0.0,18,0.0,0.0
1,3,2.0,2145,9,1,5,1,1,120,1,0.0,0.0,,2,2,10,0.0,3,5,2,1921,3,2,30,0,2.0,1,24,3,0.0,33,0.0,0.0
2,3,2.0,5154,0,0,2,2,1,245,1,0.0,0.0,,8,2,16,0.0,3,4,6,2521,1,2,30,5,3.0,1,16,3,0.0,18,0.0,0.0
1,3,2.0,1872,18,1,12,1,5,368,1,0.0,0.0,,8,1,16,0.0,2,4,9,1022,1,2,30,3,4.0,1,31,14,0.0,23,0.0,0.0
2,3,2.0,1353,10,0,3,2,1,425,1,0.0,0.0,,2,2,7,0.0,2,7,1,1233,3,2,30,0,1.0,1,31,3,0.0,33,0.0,0.0
0,3,2.0,1455,12,1,4,2,1,546,1,0.0,0.0,,10,5,7,0.0,1,7,10,1423,1,2,20,4,1.0,1,24,13,0.0,22,0.0,0.0
2,3,2.0,798,14,1,9,2,1,42,1,0.0,0.0,,8,2,15,0.0,3,4,1,914,3,2,30,0,2.0,1,24,3,0.0,25,0.0,0.0
2,3,2.0,4153,9,1,1,2,1,452,1,0.0,0.0,,10,2,7,0.0,1,6,1,1624,1,2,25,3,1.0,1,24,3,0.0,33,0.0,0.0
2,3,2.0,8112,20,1,4,2,1,584,1,0.0,0.0,,10,2,7,0.0,2,6,1,631,1,2,30,0,1.0,1,31,3,0.0,33,0.0,0.0
1,3,2.0,288,13,0,2,1,5,27,1,0.0,1.0,,8,2,10,0.0,0,4,9,533,3,3,30,3,1.0,1,24,3,0.0,36,1.0,0.0
1,3,2.0,1124,14,0,10,2,1,131,1,0.0,1.0,,15,1,0,0.0,1,2,1,1213,3,4,30,0,1.0,0,24,13,0.0,18,0.0,1.0
0,3,2.0,5159,21,0,4,2,1,245,1,0.0,1.0,,2,1,9,0.0,3,5,6,2521,1,3,30,5,2.0,1,31,14,0.0,33,1.0,0.0
2,3,2.0,8700,22,1,4,1,1,590,1,0.0,0.0,,6,1,14,0.0,2,7,1,412,1,2,30,0,2.0,1,31,14,0.0,23,0.0,0.0
1,3,2.0,5401,16,1,2,2,1,631,1,0.0,0.0,,12,2,7,0.0,2,1,1,225,3,2,15,0,1.0,1,31,3,0.0,33,0.0,0.0
1,3,2.0,5600,14,1,3,1,1,141,1,0.0,0.0,,11,1,0,0.0,1,3,1,1622,3,2,20,0,2.0,1,31,13,0.0,33,0.0,0.0
2,3,2.0,2661,8,1,5,1,1,359,1,0.0,0.0,,8,2,7,0.0,3,2,1,2411,3,2,30,0,2.0,1,24,3,0.0,18,0.0,0.0
1,3,2.0,11132,17,1,3,1,1,457,1,0.0,0.0,,2,2,7,0.0,2,4,1,531,3,2,35,0,1.0,1,31,3,0.0,12,0.0,0.0
2,3,2.0,1201,7,1,10,2,1,538,1,0.0,0.0,,2,1,15,0.0,2,5,1,1232,3,2,30,0,8.0,1,15,14,0.0,23,0.0,0.0
1,3,2.0,800,18,1,6,1,1,204,1,0.0,0.0,,11,2,10,0.0,2,4,1,1533,3,2,15,4,2.0,1,24,3,0.0,33,0.0,0.0
2,3,3.0,1551,11,0,7,2,1,163,0,0.0,1.0,,8,2,10,0.0,2,4,1,1233,3,3,30,0,1.0,1,10,3,0.0,17,1.0,0.0
2,3,2.0,522,10,1,7,1,1,522,1,0.0,0.0,,10,2,7,0.0,1,3,10,1215,5,2,30,4,1.0,1,24,3,0.0,33,0.0,0.0
2,3,2.0,10746,6,1,10,2,1,306,1,0.0,0.0,,10,2,7,0.0,2,7,1,432,0,2,10,0,1.0,1,31,3,0.0,33,0.0,0.0
2,3,2.0,1000,3,1,7,2,1,394,1,0.0,0.0,,11,2,15,0.0,1,6,6,1824,1,2,45,5,2.0,1,31,3,0.0,36,0.0,0.0
2,3,2.0,1944,16,1,8,1,1,453,1,0.0,0.0,,10,1,15,0.0,3,3,1,1922,3,2,30,0,2.0,1,31,13,0.0,18,0.0,0.0
2,3,2.0,1359,12,0,9,2,1,632,1,0.0,0.0,,8,1,10,0.0,1,7,1,1424,3,2,30,0,3.0,1,24,13,0.0,19,0.0,0.0
2,3,2.0,5501,12,1,8,1,5,204,1,0.0,0.0,,2,1,10,0.0,2,2,1,813,3,2,30,0,2.0,1,31,14,0.0,33,0.0,0.0
2,3,2.0,1202,17,0,5,1,1,191,1,0.0,1.0,,6,1,16,0.0,1,7,1,2531,3,3,30,0,1.0,1,31,14,0.0,33,1.0,0.0
2,4,2.0,1809,9,1,10,2,1,641,1,0.0,0.0,,8,2,2,0.0,3,5,1,2032,3,2,25,0,2.0,1,10,3,0.0,12,0.0,0.0
2,3,2.0,5121,11,1,7,1,1,262,1,0.0,0.0,,12,2,13,0.0,1,4,1,1614,3,2,15,0,2.0,1,16,3,0.0,21,0.0,0.0
2,3,2.0,1180,19,1,1,2,1,313,1,0.0,0.0,,8,2,16,0.0,2,5,4,1232,1,2,30,5,2.0,1,24,3,0.0,24,0.0,0.0
2,3,2.0,6600,17,1,3,1,1,252,1,0.0,0.0,,6,1,0,0.0,2,4,6,321,3,2,30,5,2.0,1,24,13,0.0,5,0.0,0.0
2,3,1.0,4500,11,1,9,2,1,281,1,0.0,0.0,UTILITY,8,1,2,0.0,2,3,1,922,3,2,25,0,1.0,1,24,7,0.0,3,0.0,0.0
1,3,2.0,221,23,1,7,2,5,404,1,0.0,0.0,,10,2,7,0.0,2,2,1,1533,1,2,30,0,2.0,1,17,3,0.0,23,0.0,0.0
2,3,2.0,4728,7,1,3,1,1,645,1,0.0,0.0,,8,2,7,0.0,2,5,10,222,5,2,30,4,1.0,1,24,3,0.0,25,0.0,0.0
1,3,2.0,7840,1,1,1,1,5,276,1,0.0,0.0,,10,2,7,0.0,2,3,10,414,5,2,25,4,1.0,1,24,3,0.0,33,0.0,0.0
1,3,2.0,2800,2,1,10,1,1,288,1,0.0,0.0,,10,2,7,0.0,3,2,10,1135,0,2,15,4,1.0,1,31,3,0.0,33,0.0,0.0
2,3,2.0,5931,21,0,5,2,1,537,1,0.0,1.0,,8,1,16,0.0,2,4,1,822,0,3,30,0,3.0,1,24,13,0.0,33,1.0,0.0
0,3,4.0,111,16,1,4,2,5,616,1,0.0,0.0,,3,1,16,0.0,2,5,1,122,3,2,30,0,4.0,1,24,14,0.0,22,0.0,0.0
1,3,2.0,3942,17,0,11,1,1,13,1,0.0,1.0,,1,1,10,0.0,3,7,1,2211,1,3,30,0,3.0,1,31,14,0.0,19,1.0,0.0
2,3,2.0,1056,12,0,6,1,1,291,1,0.0,1.0,,8,1,10,0.0,3,3,1,2023,3,3,30,0,1.0,1,31,14,0.0,33,1.0,0.0
2,3,2.0,7499,1,0,12,2,1,120,1,0.0,0.0,,6,2,0,0.0,3,2,9,1631,1,2,30,3,2.0,1,16,13,0.0,18,0.0,0.0
2,3,2.0,7128,13,0,9,2,5,313,1,0.0,1.0,,8,2,0,0.0,2,3,1,733,3,4,30,0,1.0,1,15,3,0.0,27,0.0,1.0
2,3,2.0,5525,12,0,4,2,5,537,1,0.0,1.0,,8,2,16,0.0,2,1,1,822,3,3,30,4,3.0,1,24,3,0.0,24,1.0,0.0
1,3,2.0,6254,21,0,6,1,1,537,1,0.0,1.0,,8,1,10,0.0,2,1,1,813,1,4,30,0,5.0,1,24,14,0.0,19,0.0,1.0
2,3,2.0,7600,16,1,12,1,4,457,1,0.0,0.0,,11,1,0,0.0,2,7,1,623,3,2,30,0,2.0,0,16,13,0.0,5,0.0,0.0
1,3,2.0,1801,18,1,10,1,5,243,1,0.0,0.0,,6,5,15,0.0,3,6,10,2433,5,2,30,4,2.0,1,24,15,0.0,33,0.0,0.0
1,3,2.0,5800,14,1,10,1,1,232,1,0.0,0.0,,8,2,10,0.0,1,1,1,1614,3,2,30,0,2.0,1,17,3,0.0,19,0.0,0.0
2,3,2.0,700,19,1,7,2,1,402,1,0.0,0.0,,8,2,7,0.0,1,6,1,1831,3,2,25,0,1.0,1,10,3,0.0,12,0.0,0.0
2,3,1.0,806,13,1,4,1,1,74,1,0.0,0.0,,10,2,2,0.0,3,5,1,712,3,2,10,0,1.0,1,24,3,0.0,18,0.0,0.0
2,3,2.0,2600,22,0,9,2,1,358,1,0.0,0.0,,15,1,16,0.0,3,1,1,2411,0,2,30,0,2.0,1,33,13,0.0,5,0.0,0.0
2,3,3.0,7831,22,0,11,2,1,648,1,0.0,1.0,,8,2,14,0.0,2,1,1,421,1,3,30,1,2.0,1,31,3,0.0,33,1.0,0.0
1,3,2.0,3900,16,1,12,1,1,204,1,0.0,0.0,,2,1,16,0.0,2,1,1,1031,4,2,35,0,2.0,1,15,13,0.0,18,0.0,0.0
2,3,2.0,3400,7,0,8,2,1,294,1,0.0,1.0,,8,1,0,0.0,3,5,1,1121,3,4,30,0,2.0,1,31,14,0.0,33,0.0,1.0
2,3,3.0,4558,9,0,8,2,1,296,1,0.0,0.0,,15,2,16,0.0,3,1,6,2521,3,2,30,5,3.0,1,31,3,0.0,18,0.0,0.0
2,3,2.0,6300,21,1,8,1,1,582,1,0.0,0.0,,8,1,11,0.0,2,2,1,823,1,2,30,0,2.0,1,24,14,0.0,33,0.0,0.0
2,3,2.0,200,2,0,10,2,1,370,1,0.0,0.0,,1,2,2,0.0,1,3,1,1114,1,2,30,0,1.0,1,24,13,0.0,33,0.0,0.0
1,3,2.0,6532,12,1,10,2,1,475,1,0.0,0.0,,10,2,7,0.0,1,3,1,2412,3,2,20,0,2.0,1,31,3,0.0,21,0.0,0.0
2,3,2.0,3201,16,1,10,1,5,120,0,0.0,0.0,,6,5,10,0.0,3,3,10,1733,5,2,30,4,2.0,1,31,14,0.0,33,0.0,0.0
0,3,2.0,7401,14,1,1,2,1,632,1,0.0,0.0,,8,2,10,0.0,1,5,1,2411,3,2,30,0,2.0,1,31,3,0.0,19,0.0,0.0
2,3,2.0,630,16,0,10,2,1,389,1,0.0,1.0,,6,1,16,0.0,1,3,1,1832,3,3,30,0,1.0,1,16,14,0.0,18,1.0,0.0
2,3,2.0,643,0,1,4,1,5,295,1,0.0,0.0,,8,5,15,0.0,1,7,10,1831,1,2,30,4,2.0,1,31,15,0.0,18,0.0,0.0
2,3,2.0,1018,13,1,4,1,5,182,1,0.0,0.0,,2,2,16,0.0,2,4,10,124,5,2,30,4,3.0,1,16,3,0.0,18,0.0,0.0
2,3,3.0,5801,11,1,5,1,1,394,1,0.0,0.0,,3,1,10,0.0,2,5,1,331,3,2,35,0,3.0,1,31,14,0.0,33,0.0,0.0
2,3,2.0,50,7,1,2,2,5,502,1,0.0,0.0,,10,5,7,0.0,3,2,1,1832,5,2,30,4,1.0,1,31,14,0.0,33,0.0,0.0
2,3,2.0,1042,8,1,11,2,5,303,1,0.0,0.0,,11,2,0,0.0,3,4,1,1923,3,2,30,5,2.0,1,24,3,0.0,18,0.0,0.0
2,3,2.0,4734,13,1,6,2,1,232,1,0.0,0.0,,11,2,7,0.0,1,2,1,1614,3,2,30,0,1.0,1,31,3,0.0,33,0.0,0.0
2,3,2.0,1510,0,0,9,2,1,63,1,0.0,0.0,,8,2,7,0.0,0,6,1,234,5,2,30,0,1.0,1,24,3,0.0,33,0.0,0.0
2,3,2.0,3657,16,1,6,1,1,640,1,0.0,0.0,,8,2,7,0.0,2,6,1,912,3,2,30,0,1.0,1,31,3,0.0,33,0.0,0.0
2,3,1.0,1428,20,0,2,2,1,299,1,0.0,0.0,,8,2,2,0.0,3,2,1,934,1,2,30,5,1.0,1,24,3,0.0,33,0.0,0.0
2,3,2.0,5724,16,1,6,1,5,414,1,0.0,0.0,,17,5,10,0.0,1,2,1,2011,3,2,30,0,3.0,1,24,15,0.0,25,0.0,0.0
0,3,2.0,700,13,1,4,1,1,131,1,0.0,0.0,,2,1,10,0.0,2,7,1,1231,3,2,30,0,2.0,1,24,14,0.0,21,0.0,0.0
1,3,2.0,1151,14,1,5,1,1,412,1,0.0,0.0,,8,2,7,0.0,3,2,1,1913,3,2,30,0,1.0,1,24,3,0.0,25,0.0,0.0
2,3,2.0,312,11,1,7,2,1,18,1,0.0,0.0,,8,2,7,0.0,3,3,1,522,3,2,25,0,1.0,1,24,3,0.0,21,0.0,0.0
2,3,2.0,729,18,0,12,2,1,92,1,0.0,1.0,,6,2,16,0.0,0,5,5,624,1,4,30,5,1.0,1,31,3,0.0,18,0.0,1.0
2,3,2.0,5158,6,1,3,1,1,199,1,0.0,0.0,,12,2,0,0.0,3,2,1,1531,3,2,10,0,2.0,1,31,3,0.0,33,0.0,0.0
2,3,2.0,801,22,1,1,1,5,6,1,0.0,0.0,,2,5,7,0.0,0,3,10,512,3,2,20,3,1.0,1,31,15,0.0,36,0.0,0.0
2,3,2.0,5431,8,1,2,2,1,313,1,0.0,0.0,,8,2,16,0.0,2,5,1,935,3,2,30,0,2.0,1,31,3,0.0,22,0.0,0.0
2,3,2.0,1831,19,1,7,2,1,407,1,0.0,0.0,,2,2,10,0.0,3,3,1,1912,3,2,30,0,4.0,1,17,3,0.0,33,0.0,0.0
2,3,2.0,2000,14,1,6,1,1,611,1,0.0,0.0,,10,1,15,0.0,3,4,1,1225,3,2,30,0,2.0,1,24,14,0.0,23,0.0,0.0
1,3,3.0,4000,20,1,4,2,1,128,1,0.0,0.0,,8,2,15,0.0,3,4,6,2525,1,2,30,5,2.0,1,24,3,0.0,22,0.0,0.0
1,3,2.0,3228,14,1,9,1,1,644,1,0.0,0.0,,2,1,10,0.0,2,2,1,912,3,2,30,0,2.0,1,31,14,0.0,33,0.0,0.0
1,3,2.0,3940,14,1,5,1,1,121,1,0.0,0.0,,10,2,7,0.0,3,4,1,1712,3,2,20,0,1.0,1,24,3,0.0,21,0.0,0.0
2,3,2.0,3430,13,1,1,2,6,255,1,0.0,0.0,,10,2,7,0.0,3,7,9,1021,3,2,30,3,4.0,1,24,3,0.0,12,0.0,0.0
1,3,2.0,2293,11,1,4,1,5,210,1,0.0,0.0,,8,1,10,0.0,1,6,1,1811,3,2,30,4,2.0,1,31,14,0.0,19,0.0,0.0
0,3,2.0,954,12,1,2,1,1,92,1,0.0,0.0,,2,2,7,0.0,0,4,1,624,3,2,30,5,2.0,1,31,3,0.0,12,0.0,0.0
2,3,2.0,4701,0,1,2,2,1,368,1,0.0,0.0,,8,1,10,0.0,2,1,1,922,1,2,30,0,3.0,1,24,14,0.0,33,0.0,0.0
2,3,2.0,560,9,1,11,1,1,207,1,0.0,0.0,,10,1,10,0.0,1,4,1,1831,3,2,45,0,2.0,1,24,14,0.0,17,0.0,0.0
2,3,1.0,8031,16,1,1,2,1,626,1,0.0,0.0,,2,2,5,0.0,3,6,1,1631,2,2,20,0,1.0,1,31,3,0.0,33,0.0,0.0
0,3,2.0,4436,16,1,3,1,5,443,1,0.0,0.0,,10,5,7,0.0,1,4,1,1911,3,2,30,0,1.0,1,31,15,0.0,33,0.0,0.0
2,3,2.0,8700,9,1,12,1,1,227,1,0.0,0.0,,2,1,15,0.0,2,3,1,632,3,2,25,0,2.0,1,15,14,0.0,19,0.0,0.0
2,3,2.0,201,14,1,6,2,1,3,1,0.0,0.0,,8,1,11,0.0,3,3,1,511,3,2,30,0,2.0,1,24,13,0.0,33,0.0,0.0
2,3,2.0,601,17,1,11,2,1,199,1,0.0,0.0,,6,1,10,0.0,3,6,1,1831,3,2,30,0,3.0,1,15,14,0.0,19,0.0,0.0
1,3,2.0,700,16,1,3,1,1,131,1,0.0,0.0,,8,1,10,0.0,2,3,1,1231,3,2,30,0,2.0,1,24,14,0.0,33,0.0,0.0
0,3,2.0,5300,21,1,7,1,1,393,1,0.0,0.0,,10,2,7,0.0,2,2,1,234,3,2,30,0,1.0,1,31,3,0.0,33,0.0,0.0
2,3,1.0,2107,2,0,11,2,1,439,1,0.0,3.0,,3,1,2,0.0,3,5,1,1223,1,1,30,0,0.0,1,15,13,3.0,34,0.0,0.0
2,3,2.0,230,18,0,10,2,1,84,1,0.0,0.0,,8,2,0,0.0,3,2,1,731,0,2,30,0,3.0,1,31,13,0.0,33,0.0,0.0
2,3,2.0,5730,11,0,12,2,1,414,1,0.0,1.0,,6,1,16,0.0,1,2,1,2011,3,1,35,0,1.0,1,24,14,1.0,25,0.0,0.0
1,3,2.0,10500,19,1,8,1,1,278,1,0.0,0.0,,8,5,0,0.0,2,2,1,432,1,2,30,0,2.0,1,15,13,0.0,5,0.0,0.0
2,3,2.0,2515,11,1,3,1,1,313,1,0.0,0.0,,2,2,16,0.0,2,1,1,914,3,2,30,0,4.0,1,22,3,0.0,18,0.0,0.0
2,3,2.0,5990,9,1,11,1,5,544,1,0.0,0.0,,8,1,10,0.0,1,2,1,2012,3,2,30,4,2.0,1,17,14,0.0,19,0.0,0.0
2,3,2.0,421,0,0,10,2,1,377,1,0.0,1.0,,10,2,5,0.0,2,7,1,1131,0,1,30,0,0.0,1,31,3,1.0,33,0.0,0.0
2,3,2.0,206,17,1,5,1,1,111,1,0.0,0.0,,8,2,7,0.0,3,1,1,634,3,2,30,0,1.0,1,24,3,0.0,33,0.0,0.0
2,3,2.0,38,13,0,5,2,1,83,1,0.0,1.0,,6,1,16,0.0,0,6,1,322,3,4,30,0,1.0,1,22,13,0.0,24,0.0,1.0
2,3,2.0,7242,20,1,12,1,1,648,1,0.0,0.0,,8,2,7,0.0,2,3,1,334,1,2,30,0,1.0,1,31,3,0.0,33,0.0,0.0
1,3,2.0,4358,8,1,2,1,1,41,1,0.0,0.0,,2,1,10,0.0,3,5,1,1013,3,2,30,0,2.0,1,24,14,0.0,33,0.0,0.0
2,3,2.0,155,9,1,1,1,1,616,1,0.0,0.0,,3,2,15,0.0,1,3,1,122,3,2,30,0,2.0,1,20,3,0.0,22,0.0,0.0
1,3,2.0,3200,13,0,4,2,1,191,0,0.0,1.0,,2,1,10,0.0,1,7,1,1633,3,3,30,0,1.0,1,16,14,0.0,19,1.0,0.0
2,3,2.0,3816,12,1,10,2,1,128,1,0.0,0.0,,8,2,7,0.0,3,7,1,2525,3,2,30,0,1.0,1,31,3,0.0,33,0.0,0.0
2,3,2.0,3332,14,0,8,2,1,270,1,0.0,0.0,,2,1,0,0.0,1,1,1,1733,3,2,30,0,3.0,1,31,13,0.0,18,0.0,0.0
2,3,2.0,7901,2,0,4,2,1,204,1,0.0,0.0,,2,1,10,0.0,2,7,1,834,1,2,35,0,2.0,1,15,14,0.0,19,0.0,0.0
2,3,2.0,117,16,1,10,1,1,313,1,0.0,0.0,,8,1,0,0.0,1,3,1,1224,3,2,30,5,3.0,1,24,13,0.0,33,0.0,0.0
2,3,2.0,10237,14,1,9,1,1,632,1,0.0,0.0,,2,1,16,0.0,2,6,1,2213,3,2,30,0,2.0,1,24,3,0.0,18,0.0,0.0
0,3,2.0,1801,7,1,12,2,1,291,1,0.0,0.0,,8,2,16,0.0,3,4,1,2032,3,2,30,0,3.0,1,16,3,0.0,19,0.0,0.0
2,3,2.0,201,22,1,5,1,1,526,1,0.0,0.0,,8,1,0,0.0,3,7,1,925,0,2,30,0,2.0,1,16,14,0.0,18,0.0,0.0
2,3,2.0,321,7,1,11,1,1,615,1,0.0,0.0,,10,2,7,0.0,2,1,1,113,3,2,30,0,1.0,1,24,3,0.0,33,0.0,0.0
2,3,2.0,5627,20,1,5,1,1,562,1,0.0,0.0,,8,2,7,0.0,3,6,6,1633,4,2,30,5,1.0,1,31,3,0.0,33,0.0,0.0
2,3,2.0,824,11,1,10,1,1,585,1,0.0,0.0,,8,2,7,0.0,2,6,6,1133,3,2,20,5,3.0,1,31,3,0.0,33,0.0,0.0
2,3,1.0,1353,16,1,11,1,1,615,1,0.0,0.0,,11,2,2,0.0,2,1,1,131,1,2,10,0,1.0,1,33,3,0.0,33,0.0,0.0
0,3,2.0,2612,8,1,7,2,1,141,1,0.0,0.0,,8,2,7,0.0,1,6,1,1411,3,2,30,0,1.0,1,24,3,0.0,25,0.0,0.0
2,3,1.0,364,12,1,5,1,1,103,1,0.0,0.0,,8,2,2,0.0,0,7,1,632,3,2,30,0,1.0,1,24,3,0.0,25,0.0,0.0
1,3,2.0,1400,11,1,5,1,1,193,1,0.0,0.0,,2,1,10,0.0,3,5,1,1235,3,2,30,0,2.0,1,24,14,0.0,8,0.0,0.0
2,3,2.0,875,17,1,8,1,1,457,1,0.0,0.0,,8,2,16,0.0,1,5,1,1833,3,2,30,0,3.0,1,31,3,0.0,33,0.0,0.0
1,3,2.0,1101,14,1,3,2,1,131,1,0.0,0.0,,3,2,16,0.0,1,1,1,1213,3,2,30,0,2.0,1,31,3,0.0,33,0.0,0.0
0,3,2.0,802,15,1,8,1,5,623,1,0.0,0.0,,8,2,10,0.0,3,5,1,1224,3,2,30,0,2.0,1,17,3,0.0,19,0.0,0.0
2,3,2.0,7900,6,0,8,2,5,590,1,0.0,0.0,,3,1,16,0.0,2,4,6,411,5,2,35,5,2.0,1,24,14,0.0,33,0.0,0.0
1,3,2.0,4012,16,1,1,2,5,153,1,0.0,0.0,,10,2,0,0.0,3,3,1,1722,3,2,30,3,2.0,1,31,3,0.0,12,0.0,0.0
1,3,2.0,3907,22,1,7,1,1,319,1,0.0,0.0,,8,2,10,0.0,1,2,1,1632,1,2,30,0,4.0,1,21,3,0.0,23,0.0,0.0
2,3,2.0,5255,18,1,2,1,1,491,1,0.0,0.0,,8,2,16,0.0,1,4,9,1622,1,2,30,5,2.0,1,24,3,0.0,18,0.0,0.0
2,3,2.0,1800,17,1,9,1,1,468,1,0.0,0.0,,2,1,10,0.0,3,6,1,2212,3,2,30,0,2.0,1,31,13,0.0,19,0.0,0.0
2,3,2.0,3430,17,1,10,2,1,537,1,0.0,0.0,,8,3,10,0.0,1,7,6,1731,1,2,30,5,6.0,1,24,3,0.0,11,0.0,0.0
2,3,2.0,3299,20,0,6,2,5,401,0,0.0,0.0,,8,2,10,0.0,1,1,1,1634,3,2,30,0,4.0,1,15,3,0.0,19,0.0,0.0
1,3,2.0,11501,15,1,3,1,1,313,1,0.0,0.0,,11,2,4,0.0,2,1,7,524,3,2,10,5,2.0,1,24,3,0.0,25,0.0,0.0
2,3,3.0,3111,18,1,6,2,1,380,1,0.0,0.0,,8,1,15,0.0,1,2,1,1412,3,2,35,0,4.0,1,24,14,0.0,26,0.0,0.0
2,3,2.0,9500,20,1,3,1,1,523,1,0.0,0.0,,6,1,16,0.0,2,3,1,431,1,2,25,0,2.0,1,31,14,0.0,24,0.0,0.0
2,3,2.0,5201,14,1,2,1,5,470,1,0.0,0.0,,8,5,10,0.0,3,6,10,1624,3,2,30,4,2.0,1,31,14,0.0,33,0.0,0.0
2,3,2.0,4505,23,1,1,2,1,202,1,0.0,0.0,,10,2,7,0.0,2,7,4,821,5,2,30,1,1.0,1,31,3,0.0,33,0.0,0.0
1,3,2.0,2507,10,1,4,2,1,91,1,0.0,0.0,,10,2,7,0.0,0,6,6,421,5,2,30,5,1.0,1,24,3,0.0,33,0.0,0.0
2,3,2.0,4800,12,1,7,1,1,356,1,0.0,0.0,,8,2,10,0.0,3,3,1,1533,3,2,30,0,6.0,1,31,3,0.0,33,0.0,0.0
2,3,2.0,2000,23,1,5,1,5,467,1,0.0,0.0,,10,2,16,0.0,3,2,6,1223,1,2,30,5,2.0,1,16,3,0.0,24,0.0,0.0
2,3,1.0,198,18,0,12,2,1,191,1,0.0,0.0,,2,2,5,0.0,1,6,6,1512,1,2,30,5,1.0,1,31,3,0.0,17,0.0,0.0
2,3,2.0,1201,18,1,9,1,1,131,1,0.0,0.0,,6,1,16,0.0,2,7,1,1233,3,2,30,0,3.0,1,31,14,0.0,33,0.0,0.0
1,3,2.0,5801,13,1,1,1,1,368,1,0.0,0.0,,12,2,7,0.0,2,3,1,824,3,2,20,5,3.0,1,24,3,0.0,25,0.0,0.0
2,3,2.0,3250,16,1,10,1,1,207,1,0.0,0.0,,8,2,10,0.0,1,5,1,1924,3,2,35,0,3.0,1,15,3,0.0,19,0.0,0.0
0,3,2.0,4211,15,1,6,1,1,42,1,0.0,0.0,,8,2,7,0.0,3,6,1,1031,3,2,30,0,1.0,1,24,3,0.0,27,0.0,0.0
1,3,2.0,6055,20,1,8,2,1,414,1,0.0,0.0,,8,1,10,0.0,1,2,1,2413,1,2,30,0,2.0,1,24,14,0.0,19,0.0,0.0
2,3,2.0,5717,7,1,3,1,1,414,1,0.0,0.0,,2,1,15,0.0,1,5,6,2011,3,2,30,5,5.0,1,31,13,0.0,33,0.0,0.0
2,3,2.0,4299,13,1,12,1,1,120,1,0.0,0.0,,8,1,15,0.0,3,5,1,1731,3,2,30,0,4.0,1,24,14,0.0,23,0.0,0.0
2,3,2.0,2811,5,1,11,1,1,368,1,0.0,0.0,,8,2,16,0.0,2,2,1,1033,0,2,30,0,2.0,1,31,3,0.0,18,0.0,0.0
1,3,2.0,600,9,0,5,1,1,384,1,0.0,1.0,,8,2,8,0.0,3,4,1,1214,3,4,30,0,1.0,1,22,3,0.0,18,0.0,1.0
2,3,2.0,6150,17,1,10,1,5,371,1,0.0,0.0,,8,2,7,0.0,1,2,6,2433,3,2,10,5,1.0,1,31,3,0.0,36,0.0,0.0
1,3,3.0,3901,1,1,4,2,1,232,1,0.0,0.0,,3,2,15,0.0,1,7,5,1631,1,2,35,5,5.0,1,24,3,0.0,33,0.0,0.0
2,3,2.0,7409,7,1,1,1,1,313,0,0.0,0.0,,8,1,10,0.0,2,6,2,732,3,2,30,0,5.0,1,31,14,0.0,19,0.0,0.0
2,3,3.0,9500,18,0,7,2,5,645,1,0.0,0.0,,6,5,16,0.0,2,6,1,511,3,2,30,0,4.0,1,31,14,0.0,33,0.0,0.0
2,3,2.0,1600,21,0,8,1,1,464,1,0.0,1.0,,8,2,10,0.0,1,7,1,1434,0,4,35,0,1.0,1,31,3,0.0,33,0.0,1.0
1,3,2.0,1658,15,0,1,2,1,614,1,0.0,0.0,,6,1,7,0.0,3,4,1,1433,3,2,30,0,2.0,1,24,13,0.0,25,0.0,0.0
2,4,2.0,6900,20,1,1,1,1,131,1,0.0,0.0,,2,2,16,0.0,2,1,1,735,1,2,30,5,3.0,1,20,3,0.0,24,0.0,0.0
2,3,1.0,2801,17,1,8,1,5,204,1,0.0,0.0,,0,5,2,0.0,1,4,10,2521,5,2,20,4,1.0,1,31,15,0.0,33,0.0,0.0
1,3,2.0,5701,20,1,6,1,1,588,1,0.0,0.0,,2,1,16,0.0,2,2,1,232,1,2,30,0,2.0,1,24,13,0.0,33,0.0,0.0
2,3,3.0,1400,7,1,10,1,1,396,1,0.0,0.0,,8,1,15,0.0,1,3,1,1824,3,2,30,0,3.0,1,24,14,0.0,22,0.0,0.0
1,3,2.0,3900,13,0,3,1,1,271,1,0.0,1.0,,2,1,0,0.0,2,1,1,925,3,4,25,0,2.0,1,24,14,0.0,33,0.0,1.0
1,3,2.0,12700,12,1,10,2,1,352,1,0.0,0.0,,2,1,10,0.0,2,7,6,532,3,2,30,0,2.0,1,31,13,0.0,19,0.0,0.0
2,3,2.0,6249,14,1,8,2,5,287,1,0.0,0.0,,0,2,2,0.0,3,2,6,2511,3,2,30,5,1.0,1,24,3,0.0,33,0.0,0.0
2,3,2.0,5205,9,0,1,2,1,479,1,0.0,1.0,,2,1,15,0.0,1,5,1,1622,3,4,30,5,1.0,1,31,14,0.0,18,0.0,1.0
1,3,2.0,235,12,1,2,1,1,611,1,0.0,0.0,,12,2,7,0.0,3,7,1,122,3,2,30,0,1.0,1,31,3,0.0,33,0.0,0.0
2,3,1.0,340,7,1,12,2,1,202,1,0.0,0.0,,8,2,2,0.0,2,2,1,1134,3,2,30,0,1.0,1,31,3,0.0,33,0.0,0.0
2,3,2.0,7600,0,1,6,2,1,313,1,0.0,0.0,,12,2,7,0.0,2,7,1,621,1,2,30,0,3.0,1,31,3,0.0,33,0.0,0.0
1,3,2.0,1552,15,1,1,1,1,111,1,0.0,0.0,,8,2,10,0.0,3,1,1,2221,3,2,30,0,2.0,1,24,3,0.0,33,0.0,0.0
1,3,2.0,1450,11,1,7,2,1,61,1,0.0,0.0,,10,2,7,0.0,0,7,1,234,3,2,30,0,1.0,1,19,3,0.0,21,0.0,0.0
1,3,2.0,1858,7,1,2,1,1,368,1,0.0,0.0,,11,1,10,0.0,2,4,1,1022,3,2,30,0,2.0,1,15,14,0.0,19,0.0,0.0
1,3,2.0,4900,11,1,11,1,1,396,1,0.0,0.0,,8,2,16,0.0,2,6,1,222,3,2,30,0,2.0,1,16,3,0.0,18,0.0,0.0
1,3,2.0,4400,10,0,3,1,1,632,1,0.0,1.0,,2,2,10,0.0,2,3,1,922,3,3,30,0,1.0,1,24,3,0.0,19,1.0,0.0
2,3,2.0,498,19,1,4,1,5,350,1,0.0,0.0,,6,1,16,0.0,0,3,1,1834,1,2,30,4,2.0,1,20,14,0.0,24,0.0,0.0
2,3,2.0,435,23,0,5,1,1,588,1,0.0,1.0,,8,2,15,0.0,1,6,1,1834,1,1,25,5,2.0,1,31,3,1.0,33,0.0,0.0
2,3,2.0,212,18,0,6,1,5,578,1,0.0,0.0,,6,1,16,0.0,0,1,1,114,3,2,15,0,2.0,1,24,13,0.0,18,0.0,0.0
2,3,2.0,6330,5,0,6,2,1,245,1,0.0,0.0,,6,1,16,0.0,3,6,1,2511,3,2,30,0,2.0,1,16,13,0.0,24,0.0,0.0
1,3,4.0,529,18,1,10,1,1,384,1,0.0,0.0,,8,1,13,0.0,3,1,6,1214,1,2,30,5,4.0,1,8,13,0.0,21,0.0,0.0
2,3,2.0,12738,13,0,10,2,5,313,1,0.0,1.0,,6,1,16,0.0,2,1,1,523,3,3,30,0,2.0,1,10,14,0.0,24,1.0,0.0
1,3,2.0,2115,16,1,10,1,1,114,1,0.0,0.0,,2,2,10,0.0,3,6,1,2213,3,2,30,0,3.0,1,15,3,0.0,26,0.0,0.0
2,3,2.0,30,15,0,4,2,1,88,1,0.0,0.0,,3,1,0,0.0,3,6,1,731,3,2,30,0,3.0,1,6,14,0.0,17,0.0,0.0
1,3,2.0,6500,16,1,6,1,1,304,1,0.0,0.0,,8,2,15,0.0,3,3,1,2512,3,2,30,0,4.0,1,15,3,0.0,18,0.0,0.0
2,3,3.0,4127,2,0,2,2,1,370,1,0.0,0.0,,8,2,7,0.0,1,7,6,1722,1,2,25,5,1.0,1,31,3,0.0,33,0.0,0.0
1,3,2.0,5430,16,1,12,1,1,243,1,0.0,0.0,,8,1,10,0.0,3,5,6,1621,1,2,30,5,2.0,1,31,14,0.0,19,0.0,0.0
2,3,2.0,8112,17,0,12,1,1,487,1,0.0,1.0,,11,2,0,0.0,2,6,1,622,3,3,30,3,2.0,1,31,3,0.0,33,1.0,0.0
2,3,2.0,5698,19,0,9,2,1,199,1,0.0,2.0,,15,1,0,0.0,3,6,1,1511,4,3,30,0,1.0,1,16,13,0.0,17,1.0,1.0
2,3,2.0,1332,13,0,2,2,1,270,1,0.0,1.0,,8,2,13,0.0,1,3,1,1433,3,3,30,5,1.0,1,31,3,0.0,18,1.0,0.0
1,3,2.0,5343,19,1,9,1,1,169,1,0.0,0.0,,12,2,10,0.0,1,2,1,2023,3,2,30,0,2.0,1,24,3,0.0,25,0.0,0.0
0,3,2.0,9207,17,0,7,1,1,278,1,0.0,1.0,,6,1,8,0.0,2,3,1,424,3,3,30,4,1.0,1,30,14,0.0,18,1.0,0.0
1,3,2.0,3401,6,1,8,1,1,151,1,0.0,0.0,,6,1,16,0.0,3,2,1,1412,3,2,30,0,3.0,1,31,14,0.0,33,0.0,0.0
1,3,2.0,4244,2,0,2,2,1,128,1,0.0,1.0,,2,2,10,0.0,3,1,1,2522,1,4,30,0,2.0,1,31,3,0.0,33,0.0,1.0
2,3,2.0,12700,18,0,11,2,5,313,1,0.0,1.0,,6,1,9,0.0,2,3,1,523,1,1,35,0,1.0,1,16,14,1.0,6,0.0,0.0
1,3,2.0,6230,22,1,4,2,1,129,1,0.0,0.0,,10,2,7,0.0,2,3,6,825,1,2,30,5,1.0,1,19,3,0.0,21,0.0,0.0
2,3,2.0,784,12,1,3,1,1,107,1,0.0,0.0,,10,2,7,0.0,0,7,1,633,3,2,30,0,1.0,1,21,3,0.0,23,0.0,0.0
2,3,2.0,5900,19,1,7,1,1,247,1,0.0,0.0,,8,2,15,0.0,3,1,1,2531,3,2,30,0,3.0,1,24,3,0.0,24,0.0,0.0
2,3,3.0,548,15,0,1,2,1,78,1,0.0,1.0,,8,2,7,0.0,0,6,1,321,3,1,35,0,1.0,1,31,3,1.0,33,0.0,0.0
1,3,2.0,12800,10,1,2,2,1,603,1,0.0,0.0,,11,2,7,0.0,2,7,1,433,3,2,20,0,1.0,1,31,3,0.0,19,0.0,0.0
0,3,2.0,5158,19,0,4,2,1,573,1,0.0,1.0,,8,1,8,0.0,1,1,1,2024,3,3,30,0,1.0,1,31,13,0.0,18,1.0,0.0
2,3,2.0,1200,10,0,5,2,1,638,1,0.0,0.0,,8,2,16,0.0,3,2,1,1913,3,2,30,0,2.0,1,17,3,0.0,17,0.0,0.0
0,3,2.0,1039,7,1,3,1,1,642,1,0.0,0.0,,10,2,16,0.0,3,5,6,2024,3,2,25,5,2.0,1,31,3,0.0,18,0.0,0.0
2,3,2.0,4100,5,1,4,2,1,90,1,0.0,0.0,,8,1,7,0.0,3,4,1,834,3,2,20,0,1.0,1,31,3,0.0,25,0.0,0.0
1,3,2.0,3932,14,0,2,1,5,489,1,0.0,1.0,,17,1,9,0.0,3,1,9,2535,3,3,35,3,1.0,1,24,14,0.0,33,1.0,0.0
1,3,2.0,3001,16,1,7,2,1,643,1,0.0,0.0,,8,2,15,0.0,1,7,1,1931,3,2,25,0,5.0,1,24,3,0.0,33,0.0,0.0
0,3,2.0,503,21,0,11,2,1,5,1,0.0,0.0,,8,2,16,0.0,0,7,1,512,1,2,30,0,2.0,1,24,3,0.0,34,0.0,0.0
2,3,2.0,600,15,1,9,1,1,457,1,0.0,0.0,,8,2,16,0.0,1,1,1,1834,3,2,30,0,2.0,1,31,3,0.0,33,0.0,0.0
1,3,2.0,8600,10,1,1,2,1,362,1,0.0,0.0,,8,2,14,0.0,2,5,1,412,3,2,30,0,2.0,0,20,3,0.0,18,0.0,0.0
0,3,2.0,1631,12,1,6,1,1,207,1,0.0,0.0,,12,2,13,0.0,2,4,1,131,3,2,30,0,3.0,1,24,5,0.0,33,0.0,0.0
1,3,2.0,5701,15,1,8,1,1,569,0,0.0,0.0,,8,1,16,0.0,1,2,1,2022,3,2,30,0,2.0,1,24,14,0.0,33,0.0,0.0
1,3,2.0,4447,9,1,8,1,1,325,1,0.0,0.0,,8,2,7,0.0,1,6,1,1914,5,2,30,0,1.0,1,24,3,0.0,25,0.0,0.0
2,3,4.0,4006,8,1,8,1,5,380,1,0.0,0.0,,2,1,14,0.0,1,5,1,1723,3,2,30,0,2.0,1,31,13,0.0,33,0.0,0.0
2,3,2.0,3100,10,0,8,2,1,256,1,0.0,2.0,,6,1,16,0.0,2,7,1,211,3,4,30,0,3.0,1,24,14,0.0,3,0.0,2.0
2,3,2.0,7500,20,0,2,2,5,391,1,0.0,0.0,,6,1,16,0.0,2,4,10,623,1,2,30,4,2.0,1,15,14,0.0,6,0.0,0.0
2,3,3.0,1602,9,0,2,2,1,193,1,0.0,1.0,,2,1,2,0.0,3,3,1,1234,3,4,25,0,2.0,1,10,14,0.0,33,0.0,1.0
0,3,2.0,498,20,0,6,1,5,207,1,0.0,1.0,,3,1,9,0.0,2,4,1,122,3,4,30,0,2.0,1,16,14,0.0,24,0.0,1.0
2,3,1.0,5037,10,1,2,1,1,127,1,0.0,0.0,,8,2,2,0.0,3,4,1,1623,3,2,30,0,1.0,1,24,3,0.0,25,0.0,0.0
2,3,2.0,200,21,1,11,1,1,16,1,0.0,0.0,,8,1,15,0.0,3,6,1,522,1,2,30,0,2.0,1,16,14,0.0,6,0.0,0.0
2,3,2.0,151,17,1,1,1,5,193,1,0.0,0.0,,3,1,15,0.0,3,5,1,914,4,2,30,4,2.0,1,24,14,0.0,33,0.0,0.0
2,3,2.0,1725,10,0,1,2,1,92,1,0.0,1.0,,8,2,0,0.0,0,5,2,414,3,3,30,0,1.0,1,24,13,0.0,18,1.0,0.0
2,3,2.0,3201,16,0,10,2,1,527,1,0.0,0.0,,2,1,16,0.0,3,5,1,1711,3,2,30,0,2.0,1,31,14,0.0,33,0.0,0.0
2,3,2.0,3500,17,1,10,1,1,507,1,0.0,0.0,,8,1,0,0.0,1,3,6,1631,3,2,30,5,2.0,1,15,13,0.0,18,0.0,0.0
2,3,2.0,5045,12,0,4,2,1,204,1,0.0,2.0,,15,1,16,0.0,1,6,2,1712,3,1,35,0,0.0,1,31,14,1.0,33,1.0,0.0
2,3,2.0,200,15,1,1,2,5,457,1,0.0,0.0,,6,5,16,0.0,2,2,10,113,3,2,30,4,3.0,1,10,15,0.0,18,0.0,0.0
2,3,2.0,8325,7,1,4,1,1,316,1,0.0,0.0,,2,2,7,0.0,2,3,1,834,3,2,35,0,1.0,1,31,3,0.0,23,0.0,0.0
2,3,2.0,3300,14,1,11,1,5,572,1,0.0,0.0,,6,5,0,0.0,2,7,1,915,3,2,30,4,2.0,1,24,13,0.0,18,0.0,0.0
1,3,2.0,3998,11,1,11,2,5,74,1,0.0,0.0,,1,1,15,0.0,3,4,1,823,3,2,30,0,2.0,1,24,14,0.0,25,0.0,0.0
2,3,3.0,7439,21,0,3,2,1,632,1,0.0,2.0,,2,2,3,0.0,1,3,1,2411,1,1,30,0,0.0,1,24,3,2.0,33,0.0,0.0
2,3,1.0,1931,9,0,7,2,1,44,1,0.0,0.0,,8,2,2,0.0,3,5,1,912,3,2,30,0,1.0,1,31,3,0.0,30,0.0,0.0
2,3,2.0,6029,5,1,2,2,1,569,1,0.0,0.0,,2,2,16,0.0,1,6,2,2433,1,2,30,5,2.0,1,16,3,0.0,24,0.0,0.0
2,3,2.0,7500,16,1,3,2,1,584,1,0.0,0.0,,8,1,0,0.0,2,2,1,624,3,2,30,0,2.0,1,24,14,0.0,33,0.0,0.0
2,3,2.0,12000,8,1,6,2,1,355,1,0.0,0.0,,3,1,10,0.0,3,6,1,1654,3,2,40,0,2.0,1,17,14,0.0,17,0.0,0.0
2,3,2.0,7180,17,1,5,1,5,304,1,0.0,0.0,,8,5,16,0.0,3,7,1,2512,3,2,30,0,2.0,1,24,15,0.0,33,0.0,0.0
2,3,2.0,605,9,1,11,1,1,92,1,0.0,0.0,,2,1,15,0.0,0,1,1,624,3,2,0,0,2.0,1,24,14,0.0,23,0.0,0.0
2,3,2.0,62,8,1,12,2,1,345,1,0.0,0.0,,10,2,15,0.0,3,5,1,1832,3,2,30,0,2.0,1,31,3,0.0,12,0.0,0.0
2,3,2.0,2501,10,1,4,1,1,548,1,0.0,0.0,,3,2,10,0.0,3,6,1,1023,3,2,30,0,3.0,1,31,3,0.0,33,0.0,0.0
1,3,2.0,5435,2,0,2,2,5,368,1,0.0,1.0,,12,2,9,0.0,2,1,10,923,1,4,10,4,1.0,1,31,3,0.0,33,0.0,1.0
1,3,2.0,7600,16,1,8,1,1,151,1,0.0,0.0,,8,1,10,0.0,3,2,1,1631,3,2,30,0,2.0,1,24,14,0.0,17,0.0,0.0
2,3,2.0,6300,21,0,7,2,5,268,1,0.0,1.0,,15,1,10,0.0,2,2,1,314,1,3,25,0,7.0,1,24,14,0.0,33,1.0,0.0
1,3,2.0,4612,12,1,10,1,1,70,1,0.0,0.0,,8,2,10,0.0,3,3,1,813,3,2,30,0,2.0,1,24,3,0.0,33,0.0,0.0
0,3,2.0,4435,20,0,6,2,5,469,1,1.0,1.0,,10,4,1,0.0,1,2,1,1723,1,0,0,0,2.0,1,24,5,0.0,25,0.0,0.0
2,3,2.0,7715,15,1,10,1,1,227,1,0.0,0.0,,8,2,16,0.0,2,5,1,624,3,2,20,0,4.0,1,24,3,0.0,33,0.0,0.0
0,3,2.0,6424,22,0,2,1,5,234,1,0.0,1.0,,8,2,9,0.0,2,6,1,726,1,3,30,3,1.0,1,31,3,0.0,33,1.0,0.0
2,3,2.0,2245,6,0,11,2,1,537,1,0.0,0.0,,8,2,16,0.0,2,3,9,1013,2,2,30,5,2.0,0,24,3,0.0,18,0.0,0.0
2,3,2.0,3632,17,1,10,2,1,96,1,0.0,0.0,,18,5,14,0.0,3,3,1,834,3,2,30,0,2.0,1,24,15,0.0,33,0.0,0.0
2,3,5.0,710,18,0,12,2,1,60,1,0.0,0.0,,8,2,7,0.0,0,4,1,223,1,2,30,0,1.0,1,31,3,0.0,33,0.0,0.0
0,3,2.0,2304,14,1,10,2,1,122,1,0.0,0.0,,0,2,2,0.0,2,6,2,1033,4,2,20,0,1.0,1,24,3,0.0,33,0.0,0.0
2,3,2.0,3559,21,0,8,2,1,368,1,0.0,1.0,,8,5,15,0.0,2,2,1,911,1,1,30,0,1.0,1,24,14,1.0,18,0.0,0.0
2,3,2.0,1598,15,0,2,2,1,564,1,0.0,0.0,,3,1,16,0.0,1,7,1,1821,3,2,30,0,2.0,1,31,14,0.0,18,0.0,0.0
2,3,2.0,101,12,1,5,2,1,540,1,0.0,0.0,,3,1,7,0.0,0,6,1,114,3,2,25,5,2.0,1,24,14,0.0,24,0.0,0.0
0,3,2.0,4827,0,0,8,2,1,595,1,0.0,1.0,,10,2,10,0.0,3,6,1,1531,1,4,25,0,3.0,1,19,3,0.0,21,0.0,1.0
2,3,2.0,239,17,1,3,1,1,234,1,0.0,0.0,,8,2,15,0.0,2,4,1,1225,2,2,30,0,5.0,1,24,3,0.0,23,0.0,0.0
2,3,3.0,6000,20,0,7,1,1,224,1,0.0,0.0,,10,1,10,0.0,2,3,1,331,0,2,35,0,3.0,1,21,14,0.0,19,0.0,0.0
2,3,2.0,323,12,0,8,2,1,299,1,0.0,0.0,,6,1,0,0.0,3,1,6,711,3,2,30,5,10.0,1,31,14,0.0,6,0.0,0.0
0,3,2.0,5459,8,1,9,2,1,234,1,0.0,0.0,,11,2,16,0.0,2,7,1,932,3,2,30,0,2.0,1,24,3,0.0,18,0.0,0.0
2,3,2.0,6635,15,1,1,2,1,131,1,0.0,0.0,,2,5,7,0.0,2,2,1,725,3,2,25,5,1.0,1,27,3,0.0,36,0.0,0.0
2,3,2.0,6743,19,1,7,1,1,368,1,0.0,0.0,,11,2,7,0.0,2,7,1,831,3,2,30,0,1.0,1,24,3,0.0,33,0.0,0.0
2,3,2.0,6448,16,1,10,1,1,605,0,0.0,0.0,,12,2,7,0.0,2,6,6,813,3,2,0,0,1.0,1,10,3,0.0,21,0.0,0.0
1,3,2.0,319,8,0,4,2,1,178,1,0.0,0.0,,8,2,7,0.0,2,3,2,1125,3,2,30,0,1.0,1,31,3,0.0,33,0.0,0.0
2,3,2.0,2726,23,1,10,2,1,293,1,0.0,0.0,,10,2,7,0.0,1,1,1,1411,1,2,20,0,1.0,1,10,3,0.0,12,0.0,0.0
2,3,4.0,1552,11,0,1,2,1,389,1,0.0,1.0,,2,2,10,0.0,1,3,1,1821,3,3,30,5,4.0,1,31,3,0.0,17,1.0,0.0
2,3,1.0,3558,5,0,12,2,1,149,1,0.0,0.0,,10,2,2,0.0,3,1,1,1723,0,2,15,0,1.0,1,24,3,0.0,27,0.0,0.0
1,4,2.0,5643,18,1,11,1,1,443,1,0.0,0.0,,10,2,7,0.0,2,7,1,824,3,2,20,0,1.0,1,31,3,0.0,33,0.0,0.0
2,3,2.0,1529,23,1,10,2,1,109,1,0.0,0.0,,8,2,15,0.0,3,6,1,2221,1,2,30,0,3.0,1,31,3,0.0,33,0.0,0.0
2,3,2.0,8164,9,1,10,1,1,289,1,0.0,0.0,,6,2,16,0.0,3,7,1,1631,3,2,30,0,3.0,1,31,3,0.0,23,0.0,0.0
1,3,2.0,99,23,1,9,1,1,555,1,0.0,0.0,,2,1,16,0.0,2,7,1,1124,1,2,25,0,2.0,1,24,14,0.0,23,0.0,0.0
2,3,2.0,3501,10,1,10,2,1,633,1,0.0,0.0,,2,1,10,0.0,2,4,1,912,3,2,30,0,3.0,1,31,14,0.0,33,0.0,0.0
2,3,2.0,8340,9,1,9,2,1,368,0,0.0,0.0,,11,2,7,0.0,2,6,1,834,3,2,20,0,2.0,1,24,3,0.0,33,0.0,0.0
2,3,1.0,8100,7,1,12,1,5,537,1,0.0,0.0,,17,5,2,0.0,2,7,10,834,5,2,35,4,1.0,1,31,15,0.0,33,0.0,0.0
1,3,2.0,7033,16,1,8,1,1,368,1,0.0,0.0,,2,2,14,0.0,1,6,1,2411,3,2,20,0,2.0,1,31,3,0.0,33,0.0,0.0
2,3,1.0,5701,22,1,8,2,1,588,1,0.0,0.0,,12,5,2,0.0,2,5,1,232,1,2,15,0,1.0,1,31,15,0.0,8,0.0,0.0
2,3,2.0,7060,12,1,5,1,1,207,1,0.0,0.0,,8,2,7,0.0,1,6,10,2424,3,2,30,4,1.0,1,24,3,0.0,33,0.0,0.0
2,3,2.0,4499,8,0,6,2,1,204,1,0.0,1.0,,2,2,16,0.0,1,6,1,1623,3,3,30,0,1.0,1,22,3,0.0,24,1.0,0.0
1,3,2.0,998,13,0,6,2,1,92,1,0.0,1.0,,11,2,8,0.0,3,6,1,621,3,3,30,0,1.0,1,31,3,0.0,33,1.0,0.0
2,3,2.0,5234,13,1,11,1,1,479,1,0.0,0.0,,12,2,7,0.0,1,6,1,1613,3,2,15,0,1.0,1,24,3,0.0,33,0.0,0.0
1,3,2.0,2932,17,1,9,1,1,41,1,0.0,0.0,,8,2,15,0.0,3,6,1,1033,3,2,30,0,2.0,1,16,3,0.0,18,0.0,0.0
2,3,2.0,11100,16,0,7,2,1,313,1,0.0,0.0,,3,1,0,0.0,2,6,1,2233,3,2,30,0,3.0,1,24,14,0.0,18,0.0,0.0
1,3,2.0,3600,13,1,11,1,1,204,1,0.0,0.0,,2,1,10,0.0,1,7,1,1634,3,2,30,0,4.0,1,24,14,0.0,33,0.0,0.0
2,3,2.0,1239,13,0,7,2,1,113,1,0.0,0.0,,2,2,7,0.0,3,5,1,2213,3,2,30,0,1.0,1,24,3,0.0,33,0.0,0.0
0,3,2.0,1255,12,1,6,1,1,457,1,0.0,0.0,,12,2,7,0.0,2,6,1,132,3,2,30,0,1.0,1,31,3,0.0,33,0.0,0.0
1,3,1.0,3727,17,1,1,1,5,384,1,0.0,0.0,,12,2,2,0.0,3,7,10,1122,5,2,30,4,1.0,1,24,3,0.0,33,0.0,0.0
2,3,2.0,1419,13,1,3,2,1,151,1,0.0,0.0,,1,1,7,0.0,3,5,1,1933,3,2,30,0,1.0,1,24,14,0.0,25,0.0,0.0
1,3,2.0,2317,11,0,8,1,5,204,1,0.0,1.0,,12,2,5,0.0,1,2,10,2522,3,3,30,4,1.0,1,24,15,0.0,17,1.0,0.0
2,3,2.0,6400,13,1,8,1,1,424,1,0.0,0.0,,2,2,7,0.0,2,1,1,725,3,2,30,0,3.0,1,15,3,0.0,17,0.0,0.0
2,3,2.0,9958,19,0,9,1,1,157,1,0.0,1.0,,6,2,10,0.0,2,6,1,2213,4,3,30,0,1.0,1,31,13,0.0,19,1.0,0.0
0,3,2.0,2001,18,0,1,2,1,380,1,0.0,1.0,,6,1,9,0.0,1,6,6,1413,0,3,30,5,1.0,1,31,14,0.0,18,1.0,0.0
2,3,2.0,2249,1,1,8,2,1,243,1,0.0,0.0,,8,2,0,0.0,3,2,1,2413,1,2,30,0,2.0,0,24,13,0.0,33,0.0,0.0
2,3,2.0,1004,16,1,9,1,1,93,1,0.0,0.0,,8,1,16,0.0,3,6,1,612,3,2,30,0,5.0,1,24,13,0.0,24,0.0,0.0
1,3,2.0,1320,16,1,7,1,1,296,1,0.0,0.0,,8,2,10,0.0,3,3,1,1932,3,2,30,0,2.0,1,31,3,0.0,33,0.0,0.0
2,3,2.0,4400,17,1,4,1,1,120,1,0.0,0.0,,11,2,7,0.0,3,6,1,1731,3,2,10,0,1.0,1,31,3,0.0,33,0.0,0.0
1,3,2.0,2420,22,1,11,1,1,291,1,0.0,0.0,,2,2,10,0.0,3,6,1,2011,1,2,30,0,2.0,1,31,3,0.0,19,0.0,0.0
2,3,2.0,800,7,1,3,1,1,397,1,0.0,0.0,,3,2,10,0.0,1,4,1,1833,3,2,45,0,2.0,1,31,3,0.0,33,0.0,0.0
0,3,2.0,600,12,1,12,2,1,529,1,0.0,0.0,,10,4,0,0.0,1,7,1,1524,3,2,30,5,3.0,1,24,13,0.0,18,0.0,0.0
1,3,3.0,225,14,1,7,1,1,624,1,0.0,0.0,,10,5,3,0.0,3,6,1,122,3,2,30,0,3.0,1,31,15,0.0,33,0.0,0.0
1,3,2.0,1859,14,1,1,1,5,368,1,0.0,0.0,,0,2,0,0.0,2,5,1,1022,3,2,10,3,2.0,1,31,3,0.0,21,0.0,0.0
2,3,2.0,3842,14,1,6,2,5,103,1,0.0,0.0,,8,2,15,0.0,3,4,1,834,3,2,30,0,3.0,1,31,3,0.0,33,0.0,0.0
1,3,2.0,1400,17,1,2,1,5,355,1,0.0,0.0,,8,1,10,0.0,3,3,1,1912,3,2,30,4,2.0,1,31,14,0.0,19,0.0,0.0
1,3,2.0,69,9,1,5,1,5,624,1,0.0,0.0,,17,5,16,0.0,0,3,10,112,5,2,30,4,2.0,1,24,15,0.0,33,0.0,0.0
2,3,2.0,2215,10,1,9,2,1,111,1,0.0,0.0,,8,2,15,0.0,3,4,1,2213,3,2,30,0,2.0,1,31,3,0.0,33,0.0,0.0
0,3,2.0,149,8,0,12,2,1,588,1,0.0,2.0,,8,1,9,0.0,1,6,9,111,3,3,30,3,0.0,1,31,14,0.0,18,1.0,1.0
2,3,2.0,2203,6,1,4,2,1,399,1,0.0,0.0,,10,2,7,0.0,1,1,1,2522,1,2,30,0,1.0,1,31,3,0.0,33,0.0,0.0
2,3,2.0,2810,15,0,9,2,5,120,1,0.0,0.0,,8,2,10,0.0,3,4,1,1733,3,2,30,0,2.0,1,24,3,0.0,33,0.0,0.0
1,3,2.0,6816,11,1,11,1,5,207,1,0.0,0.0,,2,5,7,0.0,1,4,1,2424,3,2,30,0,1.0,1,24,15,0.0,25,0.0,0.0
2,3,2.0,4700,17,1,8,1,1,223,1,0.0,0.0,,2,2,0,0.0,2,7,1,222,3,2,20,0,2.0,0,31,3,0.0,33,0.0,0.0
1,3,2.0,104,14,1,10,2,5,240,1,0.0,0.0,,11,1,15,0.0,2,1,1,112,3,2,30,0,3.0,1,31,14,0.0,33,0.0,0.0
1,3,2.0,9100,14,1,2,1,1,131,1,0.0,0.0,,2,1,0,0.0,2,6,1,2221,3,2,30,0,2.0,1,10,14,0.0,23,0.0,0.0
2,3,3.0,4216,7,1,8,2,1,151,1,0.0,0.0,,2,2,7,0.0,3,6,1,1731,3,2,30,0,2.0,1,24,3,0.0,33,0.0,0.0
2,3,1.0,3920,22,0,2,2,5,232,1,0.0,1.0,,3,4,2,0.0,1,6,1,1631,1,3,35,0,0.0,1,24,3,0.0,27,1.0,0.0
1,3,2.0,10130,15,1,4,1,5,613,1,0.0,0.0,,8,2,10,0.0,2,3,1,2213,3,2,30,0,2.0,1,24,3,0.0,33,0.0,0.0
2,3,2.0,6730,8,1,3,2,5,505,1,0.0,0.0,,12,2,7,0.0,1,4,1,1612,3,2,30,5,2.0,1,18,3,0.0,20,0.0,0.0
0,3,2.0,4027,11,1,6,1,5,245,1,0.0,0.0,,12,5,7,0.0,3,6,1,2524,3,2,30,0,1.0,1,24,15,0.0,33,0.0,0.0
0,3,2.0,5951,13,1,12,2,1,296,1,0.0,0.0,,8,2,7,0.0,3,3,1,2515,3,2,30,0,1.0,1,21,3,0.0,22,0.0,0.0
2,3,2.0,2211,8,1,4,1,1,489,1,0.0,0.0,,0,2,0,0.0,3,3,1,1424,3,2,10,0,3.0,1,24,3,0.0,25,0.0,0.0
1,3,2.0,5316,14,1,4,1,1,464,1,0.0,0.0,,12,2,7,0.0,1,4,1,1622,3,2,15,0,1.0,1,31,3,0.0,33,0.0,0.0
2,3,2.0,11435,12,0,10,2,1,537,1,0.0,0.0,,2,2,10,0.0,2,5,1,2211,3,2,35,0,2.0,1,15,3,0.0,19,0.0,0.0
2,3,2.0,149,12,1,3,1,1,446,1,0.0,0.0,,10,2,7,0.0,1,2,1,1512,3,2,30,0,1.0,1,31,3,0.0,33,0.0,0.0
2,3,2.0,4640,18,1,10,2,1,313,1,0.0,0.0,,12,2,7,0.0,2,7,1,925,1,2,20,0,1.0,1,24,3,0.0,33,0.0,0.0
2,3,2.0,9852,16,1,5,1,1,137,1,0.0,0.0,,16,2,7,0.0,2,6,1,432,3,2,25,0,1.0,1,31,3,0.0,33,0.0,0.0
2,3,2.0,8658,8,1,2,1,1,537,1,0.0,0.0,,8,2,15,0.0,2,4,1,834,3,2,30,0,2.0,1,24,3,0.0,19,0.0,0.0
2,3,2.0,2400,16,0,4,2,1,103,1,0.0,0.0,,3,1,16,0.0,3,2,2,835,3,2,35,0,2.0,1,24,14,0.0,17,0.0,0.0
0,3,2.0,6200,14,1,8,2,1,632,1,0.0,0.0,,8,1,10,0.0,1,4,1,2413,3,2,30,0,2.0,1,31,14,0.0,19,0.0,0.0
2,3,2.0,300,21,0,6,2,1,401,1,0.0,0.0,,6,1,16,0.0,1,4,1,1523,1,2,30,0,3.0,1,16,13,0.0,18,0.0,0.0
2,3,2.0,6725,23,1,1,1,1,277,1,0.0,0.0,,10,2,7,0.0,2,1,1,321,3,2,20,0,1.0,1,24,3,0.0,26,0.0,0.0
1,3,2.0,1525,16,1,2,2,1,62,1,0.0,0.0,,2,2,7,0.0,0,6,1,234,3,2,30,0,1.0,1,31,3,0.0,33,0.0,0.0
1,3,2.0,300,18,1,6,1,1,433,1,0.0,0.0,,17,1,16,0.0,1,7,1,111,3,2,30,0,2.0,1,24,14,0.0,22,0.0,0.0
1,3,2.0,118,19,1,1,2,5,272,1,0.0,0.0,,10,2,15,0.0,0,5,1,1834,1,2,30,0,5.0,1,31,3,0.0,33,0.0,0.0
1,3,2.0,59,19,1,2,1,1,360,1,0.0,0.0,,10,2,15,0.0,2,2,1,121,1,2,30,0,3.0,1,24,3,0.0,22,0.0,0.0
1,3,2.0,5344,14,1,4,1,5,126,1,0.0,0.0,,8,1,10,0.0,2,5,1,815,3,2,30,4,2.0,1,24,14,0.0,33,0.0,0.0
1,3,2.0,2930,16,1,5,1,1,57,1,0.0,0.0,,8,2,15,0.0,3,3,2,922,3,2,30,0,2.0,1,25,3,0.0,33,0.0,0.0
0,3,1.0,300,11,1,5,1,1,489,1,0.0,0.0,,2,1,2,0.0,3,5,1,1814,3,2,30,0,2.0,1,24,13,0.0,33,0.0,0.0
2,3,1.0,31,20,0,8,2,5,111,1,0.0,1.0,,18,1,2,0.0,3,7,6,511,1,3,35,5,0.0,1,31,14,0.0,33,1.0,0.0
1,3,2.0,2352,7,1,10,1,1,193,1,0.0,0.0,,8,2,12,0.0,3,5,6,1234,3,2,10,5,2.0,1,24,3,0.0,25,0.0,0.0
2,3,2.0,3160,14,0,11,2,1,499,1,0.0,0.0,,3,1,15,0.0,3,3,1,1022,3,2,35,0,4.0,1,21,14,0.0,22,0.0,0.0
2,3,2.0,520,23,0,6,1,1,457,1,0.0,1.0,,15,1,0,0.0,2,6,1,123,0,4,30,0,1.0,1,31,14,0.0,23,0.0,1.0
1,3,2.0,3445,12,1,3,1,1,439,1,0.0,0.0,,0,2,10,0.0,3,3,1,1123,3,2,25,0,2.0,1,24,3,0.0,25,0.0,0.0
1,3,2.0,5754,15,0,1,2,1,414,1,0.0,1.0,,2,2,16,0.0,1,2,9,2011,3,3,30,3,6.0,1,24,3,0.0,18,1.0,0.0
2,3,2.0,4800,12,0,10,1,1,247,1,0.0,0.0,,6,1,16,0.0,3,3,1,2533,3,2,30,0,4.0,1,31,14,0.0,33,0.0,0.0
2,3,2.0,1326,14,0,1,2,1,60,1,0.0,1.0,,8,2,15,0.0,3,5,1,933,3,3,30,0,1.0,1,24,3,0.0,25,1.0,0.0
2,3,2.0,1800,16,1,2,1,5,234,1,0.0,0.0,,8,1,10,0.0,2,5,1,1234,1,2,30,0,2.0,1,24,14,0.0,19,0.0,0.0
2,3,2.0,6445,10,1,7,1,1,588,1,0.0,0.0,,13,1,10,0.0,2,2,1,312,3,2,35,0,4.0,1,11,14,0.0,13,0.0,0.0
2,3,2.0,2758,13,1,1,1,5,532,1,0.0,0.0,,8,5,0,0.0,3,7,1,1135,3,2,25,0,2.0,1,24,13,0.0,18,0.0,0.0
2,3,2.0,131,12,1,6,2,1,219,1,0.0,0.0,,3,1,16,0.0,3,2,1,123,3,2,30,0,2.0,1,10,14,0.0,6,0.0,0.0
2,3,2.0,4500,18,1,10,1,1,464,1,0.0,0.0,,8,2,15,0.0,1,6,1,1623,2,2,30,0,2.0,1,24,3,0.0,18,0.0,0.0
2,3,2.0,300,14,0,1,2,1,317,1,0.0,0.0,,6,1,16,0.0,2,4,1,1133,3,2,30,0,2.0,1,31,14,0.0,17,0.0,0.0
1,3,2.0,1535,15,1,6,1,1,135,1,0.0,0.0,,8,2,10,0.0,1,5,1,2531,3,2,30,0,3.0,1,15,3,0.0,19,0.0,0.0
0,3,2.0,2001,12,1,10,2,1,632,1,0.0,0.0,,8,2,10,0.0,2,5,1,1234,3,2,30,0,2.0,1,24,3,0.0,17,0.0,0.0
0,3,2.0,11700,18,1,8,1,1,313,1,0.0,0.0,,6,1,16,0.0,2,4,1,524,3,2,30,0,2.0,1,24,13,0.0,19,0.0,0.0
1,3,2.0,1901,0,0,4,2,1,192,1,0.0,2.0,,1,1,16,0.0,2,2,1,1024,1,4,30,0,1.0,1,6,14,0.0,6,0.0,2.0
2,3,1.0,5016,12,0,8,2,1,77,1,0.0,0.0,,2,2,2,0.0,3,2,10,813,3,2,30,4,1.0,1,24,3,0.0,34,0.0,0.0
2,3,2.0,3725,0,1,3,1,5,199,1,0.0,0.0,,8,2,7,0.0,3,1,1,1112,0,2,30,0,1.0,1,31,3,0.0,33,0.0,0.0
2,3,2.0,3501,18,0,5,2,1,390,1,0.0,1.0,,15,1,8,0.0,2,4,1,213,3,4,30,0,1.0,1,17,14,0.0,22,0.0,1.0
2,3,2.0,945,17,1,2,1,1,401,1,0.0,0.0,,8,1,10,0.0,1,7,1,1531,4,2,30,0,2.0,1,31,14,0.0,33,0.0,0.0
2,3,2.0,5600,8,0,5,2,1,222,1,0.0,0.0,,8,1,0,0.0,3,5,1,1633,3,2,30,0,2.0,1,16,13,0.0,17,0.0,0.0
2,3,2.0,2356,11,1,5,2,1,81,1,0.0,0.0,,2,2,16,0.0,3,3,1,832,3,2,30,0,2.0,1,31,3,0.0,22,0.0,0.0
2,3,2.0,899,5,1,9,1,3,379,1,0.0,0.0,,8,2,14,0.0,2,5,1,1131,3,2,30,0,2.0,1,24,3,0.0,33,0.0,0.0
2,3,2.0,3043,15,0,7,2,1,526,1,0.0,0.0,,8,1,16,0.0,3,6,1,921,3,2,25,0,2.0,1,31,13,0.0,12,0.0,0.0
1,3,2.0,136,12,1,10,2,1,632,1,0.0,0.0,,8,2,7,0.0,2,2,6,1125,3,2,35,5,2.0,1,24,3,0.0,19,0.0,0.0
2,3,2.0,10700,19,1,4,1,1,203,1,0.0,0.0,,8,1,0,0.0,2,6,1,2212,4,2,30,0,2.0,1,24,13,0.0,33,0.0,0.0
2,3,2.0,5000,16,1,9,1,5,234,1,0.0,0.0,,12,2,14,0.0,1,1,1,2032,3,2,10,0,4.0,1,31,3,0.0,21,0.0,0.0
1,3,2.0,309,20,1,1,2,1,548,1,0.0,0.0,,2,2,10,0.0,3,2,1,124,1,2,30,0,5.0,1,31,3,0.0,19,0.0,0.0
2,3,2.0,6941,17,1,8,1,1,126,1,0.0,0.0,,2,2,10,0.0,3,2,1,811,2,2,30,0,2.0,1,24,3,0.0,25,0.0,0.0
0,3,2.0,1301,12,1,6,1,1,64,1,0.0,0.0,,2,1,15,0.0,0,2,1,234,3,2,30,0,3.0,1,24,13,0.0,33,0.0,0.0
2,3,2.0,161,9,1,11,1,1,272,1,0.0,0.0,,10,2,14,0.0,0,4,6,1834,3,2,30,5,2.0,1,24,3,0.0,33,0.0,0.0
2,3,2.0,600,5,1,12,1,1,644,1,0.0,0.0,,8,2,16,0.0,2,4,6,1231,1,2,30,5,2.0,1,22,3,0.0,23,0.0,0.0
2,3,1.0,4756,0,0,1,2,6,131,0,0.0,0.0,,3,1,2,0.0,2,5,1,931,1,2,30,0,1.0,1,15,14,0.0,25,0.0,0.0
2,3,2.0,4345,10,0,5,2,5,120,1,0.0,0.0,,8,5,10,0.0,3,7,1,1731,3,2,30,0,2.0,1,31,15,0.0,33,0.0,0.0
1,3,2.0,5220,17,1,4,1,1,632,1,0.0,0.0,,8,2,10,0.0,1,6,1,2011,3,2,30,0,2.0,1,24,3,0.0,33,0.0,0.0
2,3,2.0,732,11,1,11,1,5,204,1,0.0,0.0,,8,1,8,0.0,2,1,9,1533,3,2,30,5,2.0,1,16,14,0.0,25,0.0,0.0
2,3,2.0,1448,6,1,2,1,1,85,1,0.0,0.0,,8,2,7,0.0,3,2,10,734,5,2,30,4,1.0,1,31,3,0.0,17,0.0,0.0
1,3,2.0,8636,12,1,6,1,5,131,1,0.0,0.0,,2,2,10,0.0,2,3,1,614,3,2,30,0,5.0,1,31,3,0.0,33,0.0,0.0
1,3,2.0,7934,14,1,1,1,1,120,1,0.0,0.0,,8,5,15,0.0,3,6,1,1631,3,2,35,0,2.0,1,24,1,0.0,33,0.0,0.0
1,3,2.0,6420,16,1,12,1,5,206,1,0.0,0.0,,10,2,7,0.0,1,3,10,2412,5,2,20,4,1.0,1,24,3,0.0,33,0.0,0.0
2,3,2.0,727,18,0,3,2,1,178,1,0.0,2.0,,8,2,8,0.0,2,2,1,1135,0,3,15,0,0.0,1,22,3,0.0,22,2.0,0.0
2,3,2.0,4300,17,1,7,2,1,534,1,0.0,0.0,,6,0,0,0.0,2,3,1,215,3,2,30,0,2.0,1,31,13,0.0,18,0.0,0.0
2,3,2.0,4400,12,1,12,2,1,439,1,0.0,0.0,,6,1,0,0.0,3,1,1,1113,3,2,30,0,2.0,1,31,14,0.0,33,0.0,0.0
2,3,2.0,2832,9,0,9,2,1,420,1,0.0,1.0,,2,1,0,0.0,3,4,1,1411,3,3,30,0,1.0,1,10,13,0.0,18,1.0,0.0
2,3,2.0,3335,16,1,9,1,1,368,1,0.0,0.0,,8,1,15,0.0,1,4,1,1733,3,2,30,0,2.0,1,20,13,0.0,23,0.0,0.0
1,3,2.0,1615,19,1,3,1,1,207,1,0.0,0.0,,12,2,10,0.0,2,6,1,131,2,2,30,0,2.0,1,31,3,0.0,21,0.0,0.0
1,3,2.0,5043,20,1,12,1,1,388,1,0.0,0.0,,8,2,10,0.0,2,6,1,815,1,2,25,0,5.0,1,31,3,0.0,19,0.0,0.0
2,3,2.0,2425,21,1,9,1,5,131,1,0.0,0.0,,3,5,10,0.0,1,5,1,1932,1,2,35,4,2.0,1,31,3,0.0,33,0.0,0.0
2,3,2.0,7600,19,1,5,1,5,234,1,0.0,0.0,,8,2,15,0.0,2,5,1,611,3,2,30,0,2.0,1,24,3,0.0,33,0.0,0.0
0,3,2.0,33,10,1,6,1,1,313,1,0.0,0.0,,8,1,10,0.0,1,2,1,1224,3,2,30,0,2.0,1,31,14,0.0,33,0.0,0.0
2,3,2.0,5429,1,1,11,1,1,452,1,0.0,0.0,,8,2,7,0.0,2,1,1,811,1,2,20,0,1.0,1,24,3,0.0,19,0.0,0.0
1,3,2.0,6400,20,1,7,1,5,302,1,0.0,0.0,,8,1,15,0.0,1,3,1,2432,1,2,30,0,2.0,1,26,14,0.0,23,0.0,0.0
1,3,2.0,701,14,0,7,1,1,304,1,0.0,1.0,,8,1,0,0.0,3,1,1,1214,3,3,30,0,6.0,1,31,13,0.0,33,1.0,0.0
2,3,3.0,8701,0,1,1,1,1,590,1,0.0,0.0,,3,1,10,0.0,2,6,9,412,0,2,30,5,3.0,1,31,13,0.0,19,0.0,0.0
1,3,2.0,231,23,1,6,2,1,349,1,0.0,0.0,,15,1,16,0.0,0,3,2,114,1,2,30,5,2.0,1,10,14,0.0,24,0.0,0.0
1,3,2.0,530,11,1,6,1,1,304,1,0.0,0.0,,10,1,10,0.0,3,4,6,1214,3,2,20,5,2.0,1,24,14,0.0,19,0.0,0.0
2,3,1.0,8710,3,0,10,2,1,256,1,0.0,1.0,,2,2,2,0.0,2,3,1,632,1,3,30,0,0.0,1,24,3,0.0,33,1.0,0.0
1,3,2.0,112,13,1,8,2,1,103,1,0.0,0.0,,12,2,10,0.0,3,1,1,622,3,2,30,0,2.0,1,31,3,0.0,33,0.0,0.0
1,3,2.0,6650,5,1,12,1,1,227,1,0.0,0.0,,8,1,15,0.0,2,4,1,321,4,2,30,0,4.0,1,24,14,0.0,14,0.0,0.0
2,3,2.0,1018,20,1,3,2,1,388,1,0.0,0.0,,8,2,7,0.0,1,2,1,1111,0,2,30,0,1.0,1,24,3,0.0,25,0.0,0.0
0,3,2.0,6550,13,1,3,1,1,537,1,0.0,0.0,,8,2,10,0.0,2,3,1,833,3,2,30,0,2.0,1,24,3,0.0,33,0.0,0.0
2,3,2.0,2456,9,1,11,2,1,488,1,0.0,0.0,,6,2,0,0.0,1,7,1,2512,3,2,30,0,3.0,1,31,3,0.0,33,0.0,0.0
1,3,2.0,2011,20,1,11,1,1,288,1,0.0,0.0,,8,2,0,0.0,3,7,1,1225,3,2,30,0,2.0,1,31,3,0.0,18,0.0,0.0
0,3,2.0,3228,17,0,12,1,1,207,1,0.0,1.0,,8,2,8,0.0,1,2,10,1924,4,3,30,4,1.0,1,10,3,0.0,24,1.0,0.0
1,3,2.0,1649,23,1,4,2,1,489,1,0.0,0.0,,2,1,15,0.0,3,5,1,1433,1,2,30,0,3.0,1,24,14,0.0,18,0.0,0.0
1,3,2.0,146,21,1,11,2,1,191,1,0.0,0.0,,8,2,7,0.0,1,2,6,1512,1,2,30,5,6.0,1,31,3,0.0,36,0.0,0.0
2,3,2.0,5829,11,1,7,1,5,126,1,0.0,0.0,,12,2,7,0.0,2,1,2,814,3,2,20,5,2.0,1,31,3,0.0,33,0.0,0.0
2,3,2.0,8141,9,1,6,1,1,457,1,0.0,0.0,,10,2,7,0.0,2,4,1,631,3,2,30,0,1.0,1,31,3,0.0,33,0.0,0.0
0,3,2.0,2510,15,0,9,2,5,378,1,0.0,1.0,,8,2,9,0.0,2,5,1,1013,3,3,20,0,1.0,1,16,3,0.0,18,1.0,0.0
1,3,2.0,552,14,1,8,1,1,494,1,0.0,0.0,,10,2,7,0.0,3,5,1,1934,3,2,30,0,1.0,1,31,3,0.0,33,0.0,0.0
0,3,2.0,2413,7,1,2,1,1,97,1,0.0,0.0,,8,2,10,0.0,3,3,1,835,3,2,30,0,2.0,1,31,3,0.0,33,0.0,0.0
0,3,2.0,3662,13,1,2,1,1,304,1,0.0,0.0,,2,2,16,0.0,3,2,6,2535,3,2,35,5,2.0,1,24,3,0.0,18,0.0,0.0
2,3,2.0,4401,14,1,4,2,1,396,1,0.0,0.0,,3,2,15,0.0,1,2,1,1914,3,2,55,0,2.0,1,24,3,0.0,18,0.0,0.0
2,3,2.0,4700,22,1,6,1,1,393,1,0.0,0.0,,8,1,15,0.0,2,4,1,222,4,2,30,0,2.0,1,31,14,0.0,33,0.0,0.0
2,3,2.0,8200,14,0,5,2,4,227,1,0.0,1.0,,6,1,0,0.0,2,2,1,631,3,4,20,0,1.0,1,24,14,0.0,11,0.0,1.0
2,3,2.0,6600,3,0,4,2,1,330,1,0.0,2.0,,8,1,0,0.0,3,7,1,1613,1,3,35,0,1.0,1,26,14,0.0,6,2.0,0.0
2,3,2.0,1435,15,1,6,1,1,599,1,0.0,0.0,,2,2,15,0.0,3,3,1,1231,3,2,30,0,2.0,1,31,3,0.0,18,0.0,0.0
2,3,2.0,2800,15,1,1,1,1,420,1,0.0,0.0,,2,1,16,0.0,3,1,9,1411,3,2,30,3,2.0,1,24,14,0.0,18,0.0,0.0
2,3,2.0,3242,4,1,9,2,5,103,1,0.0,0.0,,8,2,15,0.0,3,5,1,834,3,2,30,0,2.0,1,31,3,0.0,33,0.0,0.0
2,3,2.0,5500,16,1,8,1,5,534,1,0.0,0.0,,17,5,0,0.0,2,7,1,231,3,2,30,0,2.0,1,31,15,0.0,33,0.0,0.0
2,3,1.0,1214,15,1,10,2,1,192,1,0.0,0.0,,0,2,2,0.0,2,1,1,1011,3,2,15,0,3.0,1,22,3,0.0,33,0.0,0.0
2,3,3.0,2204,16,1,3,2,5,407,1,0.0,0.0,,8,5,10,0.0,3,3,1,2031,3,2,30,0,6.0,1,24,15,0.0,33,0.0,0.0
2,3,2.0,620,15,1,6,1,1,74,1,0.0,0.0,,12,2,0,0.0,3,2,1,711,3,2,30,0,3.0,1,24,3,0.0,25,0.0,0.0
2,3,2.0,234,16,1,2,1,5,555,1,0.0,0.0,,8,2,15,0.0,1,3,1,1222,3,2,30,4,2.0,1,24,3,0.0,33,0.0,0.0
2,3,2.0,7500,8,1,4,2,1,597,1,0.0,0.0,,12,2,15,0.0,3,2,1,1612,3,2,30,0,2.0,1,24,3,0.0,33,0.0,0.0
2,3,2.0,8158,15,0,10,2,1,368,1,0.0,0.0,,2,2,0,0.0,2,2,1,834,3,2,30,0,3.0,1,31,13,0.0,33,0.0,0.0
0,3,2.0,498,7,1,7,2,1,627,1,0.0,0.0,,8,2,15,0.0,3,1,1,1812,3,2,25,0,2.0,0,10,3,0.0,12,0.0,0.0
1,3,2.0,6349,15,1,3,2,5,178,1,0.0,0.0,,2,2,16,0.0,1,2,1,2413,3,2,20,0,4.0,1,31,3,0.0,18,0.0,0.0
2,3,2.0,3800,15,0,9,1,1,76,1,0.0,0.0,,8,2,0,0.0,3,4,1,833,3,2,25,0,5.0,1,24,13,0.0,25,0.0,0.0
0,3,2.0,3957,1,1,8,2,5,130,1,0.0,0.0,,10,2,7,0.0,3,7,1,1132,1,2,30,0,1.0,1,24,3,0.0,25,0.0,0.0
2,3,2.0,99,10,1,4,2,1,199,1,0.0,0.0,,8,5,7,0.0,3,4,1,1832,3,2,30,0,2.0,1,24,3,0.0,25,0.0,0.0
1,3,2.0,4404,9,1,10,2,1,153,1,0.0,0.0,,11,2,7,0.0,3,6,1,1722,3,2,15,0,2.0,1,19,3,0.0,21,0.0,0.0
2,3,2.0,836,23,0,7,2,5,74,1,0.0,0.0,,8,2,16,0.0,0,6,1,313,1,2,30,0,3.0,1,24,3,0.0,33,0.0,0.0
2,3,2.0,1800,7,0,1,2,1,480,1,0.0,0.0,,8,1,10,0.0,1,1,1,2513,3,2,30,3,2.0,1,31,14,0.0,33,0.0,0.0
2,3,2.0,7618,8,0,8,2,1,229,1,0.0,1.0,,10,2,14,0.0,2,3,1,414,3,3,35,0,1.0,1,9,3,0.0,11,1.0,0.0
2,3,2.0,2318,12,1,8,1,5,111,1,0.0,0.0,,12,5,13,0.0,3,2,1,2221,3,2,30,0,2.0,1,24,15,0.0,25,0.0,0.0
2,3,2.0,10259,15,1,3,1,1,632,1,0.0,0.0,,2,2,10,0.0,2,6,1,2213,3,2,30,0,2.0,1,17,3,0.0,26,0.0,0.0
1,3,2.0,7010,15,1,1,1,5,569,1,0.0,0.0,,2,5,15,0.0,1,5,10,2423,3,2,30,4,2.0,1,24,15,0.0,33,0.0,0.0
1,3,2.0,2730,15,1,7,1,1,480,1,0.0,0.0,,8,2,10,0.0,1,1,1,2512,3,2,30,0,3.0,1,15,3,0.0,19,0.0,0.0
2,3,2.0,1140,10,1,8,1,5,446,1,0.0,0.0,,10,5,7,0.0,2,3,1,1513,3,2,30,0,1.0,1,16,15,0.0,18,0.0,0.0
1,3,2.0,1460,12,1,1,2,1,313,1,0.0,0.0,,8,2,15,0.0,1,7,6,1822,3,2,30,5,2.0,1,31,3,0.0,21,0.0,0.0
1,3,2.0,420,19,1,2,2,1,57,1,0.0,0.0,,2,0,10,0.0,0,4,1,221,1,2,35,0,2.0,1,31,14,0.0,33,0.0,0.0
2,3,2.0,2405,9,1,12,1,1,482,1,0.0,0.0,,10,2,7,0.0,1,2,1,2512,1,2,20,0,1.0,1,31,3,0.0,33,0.0,0.0
2,3,2.0,3040,13,1,5,1,1,193,1,0.0,0.0,,8,2,15,0.0,3,4,1,1022,3,2,30,0,2.0,1,15,3,0.0,19,0.0,0.0
2,3,1.0,5404,9,0,10,2,1,531,1,0.0,0.0,,8,2,5,0.0,1,6,1,1614,3,2,30,0,1.0,1,24,3,0.0,33,0.0,0.0
1,3,2.0,814,16,1,5,1,1,77,1,0.0,0.0,,8,1,15,0.0,0,7,1,312,3,2,30,0,7.0,1,16,13,0.0,19,0.0,0.0
2,3,2.0,6040,12,1,2,1,5,245,1,0.0,0.0,,8,5,10,0.0,3,7,1,2511,3,2,30,4,3.0,1,24,15,0.0,33,0.0,0.0
2,3,2.0,1603,18,1,5,1,1,396,1,0.0,0.0,,10,2,15,0.0,1,2,1,1814,3,2,40,0,3.0,1,31,3,0.0,33,0.0,0.0
2,3,2.0,2500,13,1,4,1,1,74,1,0.0,0.0,,8,2,10,0.0,3,1,1,825,3,2,30,0,2.0,1,24,3,0.0,33,0.0,0.0
2,3,2.0,3619,5,0,7,2,1,234,1,0.0,1.0,,8,2,7,0.0,1,7,1,1922,3,3,25,0,0.0,1,31,3,0.0,33,1.0,0.0
2,3,2.0,5000,17,0,8,1,1,151,1,0.0,1.0,,2,1,16,0.0,3,7,1,1634,3,1,30,0,1.0,1,31,14,1.0,18,0.0,0.0
2,3,2.0,100,19,0,12,2,1,434,1,0.0,0.0,,6,1,0,0.0,0,6,1,114,0,2,35,5,4.0,1,15,14,0.0,18,0.0,0.0
1,3,2.0,6260,16,1,4,1,1,169,1,0.0,0.0,,6,2,16,0.0,1,6,1,2433,3,2,30,0,2.0,1,31,3,0.0,33,0.0,0.0
2,3,2.0,732,17,1,5,1,1,457,1,0.0,0.0,,3,1,16,0.0,1,6,1,1833,3,2,30,0,2.0,1,31,14,0.0,6,0.0,0.0
2,3,2.0,120,18,1,3,1,5,457,1,0.0,0.0,,3,5,15,0.0,2,6,10,112,5,2,30,4,2.0,1,31,15,0.0,33,0.0,0.0
1,3,2.0,7100,17,1,7,1,1,129,1,0.0,0.0,,2,2,10,0.0,2,4,1,832,3,2,25,0,2.0,1,31,3,0.0,33,0.0,0.0
2,3,2.0,370,3,0,11,1,5,316,1,0.0,0.0,,8,5,7,0.0,1,2,10,1122,1,2,30,4,1.0,1,31,15,0.0,33,0.0,0.0
2,3,2.0,3051,20,1,8,2,1,126,1,0.0,0.0,,15,1,16,0.0,2,1,1,913,0,2,30,0,5.0,1,16,13,0.0,3,0.0,0.0
2,3,2.0,5250,14,1,2,1,1,569,1,0.0,0.0,,2,2,10,0.0,1,3,1,2023,3,2,30,3,2.0,1,31,3,0.0,33,0.0,0.0
2,3,2.0,360,8,1,9,1,1,457,1,0.0,0.0,,2,1,16,0.0,1,5,1,111,3,2,30,0,2.0,1,22,14,0.0,24,0.0,0.0
2,3,3.0,1346,17,0,1,2,1,131,1,0.0,0.0,,3,2,10,0.0,1,1,1,1433,1,2,30,5,3.0,1,31,3,0.0,17,0.0,0.0
2,3,3.0,1255,21,1,5,2,1,619,1,0.0,0.0,,10,2,10,0.0,1,6,1,2531,1,2,30,0,2.0,1,21,3,0.0,19,0.0,0.0
2,3,4.0,5702,17,1,10,2,1,234,1,0.0,0.0,,2,2,10,0.0,2,3,1,715,4,2,30,0,4.0,1,31,3,0.0,33,0.0,0.0
2,3,2.0,302,11,1,9,1,1,345,1,0.0,0.0,,10,2,0,0.0,0,3,1,1834,3,2,30,0,2.0,1,24,3,0.0,33,0.0,0.0
0,3,2.0,8300,17,1,6,1,1,190,1,0.0,0.0,,8,2,7,0.0,3,7,1,1614,3,2,25,5,2.0,1,24,3,0.0,24,0.0,0.0
2,3,1.0,2749,10,0,3,2,5,398,1,0.0,0.0,,2,2,2,0.0,3,7,6,1222,3,2,30,5,1.0,1,24,3,0.0,8,0.0,0.0
2,3,1.0,2237,2,0,10,2,1,56,1,0.0,0.0,,8,2,2,0.0,3,7,1,931,1,2,30,0,4.0,1,24,3,0.0,33,0.0,0.0
2,3,2.0,2758,15,1,9,2,1,291,1,0.0,0.0,,8,2,3,0.0,3,4,1,2011,3,2,30,0,2.0,1,24,3,0.0,21,0.0,0.0
0,3,2.0,6700,10,1,1,2,1,131,1,0.0,0.0,,1,1,15,0.0,2,5,1,725,3,2,35,0,2.0,1,17,14,0.0,23,0.0,0.0
2,3,2.0,1659,11,0,9,2,1,57,1,0.0,1.0,,6,1,0,0.0,3,4,1,931,3,3,30,0,1.0,1,26,13,0.0,5,1.0,0.0
2,3,2.0,3259,12,0,10,2,5,238,1,0.0,0.0,,8,5,7,0.0,1,4,1,1924,3,2,30,0,2.0,1,31,15,0.0,33,0.0,0.0
2,3,2.0,5559,22,1,1,1,1,151,1,0.0,0.0,,11,2,10,0.0,3,4,1,2514,1,2,30,0,2.0,1,24,3,0.0,21,0.0,0.0
1,3,2.0,716,16,1,7,2,5,388,1,0.0,0.0,,8,2,10,0.0,2,5,1,1131,3,2,25,0,2.0,1,17,3,0.0,17,0.0,0.0
2,3,1.0,1559,20,1,5,2,1,396,1,0.0,0.0,,8,2,2,0.0,2,3,1,132,0,2,35,0,1.0,1,24,3,0.0,25,0.0,0.0
2,3,2.0,1801,16,1,5,1,1,131,1,0.0,0.0,,3,1,15,0.0,2,5,1,1233,3,2,30,0,2.0,1,10,14,0.0,18,0.0,0.0
2,3,3.0,7057,16,1,3,2,1,631,1,0.0,0.0,,6,1,16,0.0,2,2,1,731,3,2,30,0,4.0,1,24,14,0.0,18,0.0,0.0
2,3,2.0,125,16,1,8,2,5,621,1,0.0,0.0,,10,5,10,0.0,0,4,10,1833,3,2,30,4,2.0,1,24,14,0.0,21,0.0,0.0
2,3,2.0,1450,13,0,9,2,1,537,1,0.0,1.0,,2,2,10,0.0,1,7,1,2534,3,3,30,0,5.0,1,24,3,0.0,17,1.0,0.0
1,3,2.0,2244,23,1,5,1,1,134,1,0.0,0.0,,2,2,10,0.0,1,6,1,2512,1,2,30,0,2.0,1,24,13,0.0,19,0.0,0.0
1,3,2.0,9717,18,1,11,1,5,279,1,0.0,0.0,,10,2,7,0.0,2,6,1,431,0,2,5,0,1.0,1,31,3,0.0,33,0.0,0.0
0,3,2.0,4617,21,1,12,1,1,178,1,0.0,0.0,,8,2,15,0.0,2,4,1,922,1,2,30,0,2.0,1,24,3,0.0,23,0.0,0.0
1,3,2.0,346,17,1,9,1,1,247,1,0.0,0.0,,8,2,15,0.0,3,3,1,1821,3,2,30,0,3.0,1,16,3,0.0,22,0.0,0.0
0,3,2.0,199,8,0,8,2,1,629,1,0.0,1.0,,15,1,9,0.0,1,3,1,122,3,3,30,0,1.0,1,24,14,0.0,18,1.0,0.0
2,3,2.0,1159,15,0,6,2,1,299,1,0.0,2.0,,6,1,0,0.0,3,5,1,712,3,3,30,0,1.0,1,10,14,0.0,6,2.0,0.0
2,3,2.0,3359,2,1,12,2,5,321,1,0.0,0.0,,8,5,15,0.0,3,1,1,1134,1,2,35,0,2.0,0,24,15,0.0,33,0.0,0.0
2,3,3.0,4907,16,0,12,2,1,218,1,0.0,0.0,,10,2,7,0.0,3,3,9,2533,3,2,20,3,1.0,1,31,3,0.0,36,0.0,0.0
2,3,2.0,3945,7,0,10,2,1,133,1,0.0,0.0,,8,1,10,0.0,3,4,2,1112,3,2,30,0,2.0,1,17,2,0.0,19,0.0,0.0
2,3,2.0,5400,14,0,12,1,1,398,1,0.0,1.0,,2,2,16,0.0,3,4,1,1523,3,3,30,0,3.0,1,16,3,0.0,24,1.0,0.0
2,3,2.0,2038,8,1,9,2,1,73,1,0.0,0.0,,8,2,7,0.0,3,2,1,714,3,2,20,0,1.0,1,24,3,0.0,3,0.0,0.0
2,3,2.0,5899,17,0,3,2,1,245,1,0.0,0.0,,2,1,0,0.0,3,2,1,2514,4,2,30,0,2.0,1,24,13,0.0,5,0.0,0.0
1,3,2.0,2600,17,1,12,2,1,179,1,0.0,0.0,,8,1,16,0.0,2,2,1,1034,4,2,30,1,4.0,1,24,14,0.0,33,0.0,0.0
2,3,2.0,6940,11,1,9,1,1,131,1,0.0,0.0,,12,2,14,0.0,2,1,1,735,3,2,0,0,2.0,1,24,3,0.0,33,0.0,0.0
2,3,2.0,2100,20,1,11,1,5,631,1,0.0,0.0,,12,2,7,0.0,2,7,10,914,0,2,15,4,1.0,1,31,3,0.0,33,0.0,0.0
2,3,2.0,1148,15,1,7,1,5,632,1,0.0,0.0,,8,2,0,0.0,2,7,1,1135,3,2,30,0,2.0,1,24,3,0.0,33,0.0,0.0
0,3,2.0,1326,8,1,7,2,1,457,1,0.0,0.0,,3,2,15,0.0,2,5,1,131,3,2,30,0,2.0,1,16,3,0.0,18,0.0,0.0
2,3,2.0,5200,14,1,8,2,5,328,1,0.0,0.0,,6,5,0,0.0,3,7,1,1634,3,2,25,0,3.0,1,24,13,0.0,33,0.0,0.0
2,3,2.0,2363,10,1,2,1,5,420,1,0.0,0.0,,2,2,15,0.0,3,5,1,1432,3,2,25,4,2.0,1,24,3,0.0,23,0.0,0.0
1,3,2.0,7823,14,1,2,2,1,632,1,0.0,0.0,,2,2,15,0.0,2,4,1,835,3,2,30,0,2.0,1,24,3,0.0,23,0.0,0.0
2,3,2.0,400,9,0,7,2,1,42,1,0.0,1.0,,2,1,0,0.0,0,2,1,133,3,4,30,0,2.0,1,31,14,0.0,33,0.0,1.0
2,3,2.0,4027,23,1,4,1,1,41,1,0.0,0.0,,8,2,10,0.0,3,3,1,1031,1,2,30,0,2.0,1,24,3,0.0,33,0.0,0.0
2,3,2.0,13259,18,1,4,1,5,279,1,0.0,0.0,,8,2,7,0.0,2,1,10,433,1,2,30,4,1.0,1,24,3,0.0,12,0.0,0.0
1,3,2.0,4900,15,1,8,1,1,595,1,0.0,0.0,,10,1,0,0.0,3,5,1,1531,3,2,30,0,2.0,1,31,13,0.0,33,0.0,0.0
2,2,2.0,1356,19,1,7,1,1,477,1,0.0,0.0,,12,2,7,0.0,2,7,1,132,3,2,10,0,1.0,1,24,3,0.0,33,0.0,0.0
2,3,3.0,5300,10,0,11,2,1,396,1,0.0,3.0,,2,2,10,0.0,2,4,1,234,3,1,45,0,0.0,1,24,3,1.0,12,2.0,0.0
2,3,2.0,7424,1,0,7,2,1,613,1,0.0,1.0,,8,1,14,0.0,2,5,1,731,1,3,30,0,1.0,1,31,14,0.0,34,1.0,0.0
2,3,3.0,1253,18,0,4,2,1,86,1,0.0,0.0,,8,2,3,0.0,3,7,1,734,4,2,20,0,4.0,1,15,3,0.0,26,0.0,0.0
2,3,2.0,5400,0,0,11,2,5,252,1,0.0,0.0,,8,4,7,0.0,2,1,1,234,1,2,35,0,1.0,1,15,13,0.0,34,0.0,0.0
0,3,2.0,8707,12,1,6,1,5,644,1,0.0,0.0,,10,2,7,0.0,2,3,1,2221,3,2,30,0,1.0,1,24,3,0.0,33,0.0,0.0
2,3,2.0,57,15,1,9,2,1,99,1,0.0,0.0,,11,2,5,0.0,3,2,1,622,3,2,10,0,2.0,1,31,3,0.0,33,0.0,0.0
2,3,2.0,410,18,1,8,1,1,506,1,0.0,0.0,,10,2,14,0.0,0,2,1,1834,3,2,30,0,2.0,1,31,3,0.0,19,0.0,0.0
1,3,2.0,8103,18,1,11,1,1,538,1,0.0,0.0,,8,1,10,0.0,2,4,1,613,1,2,30,0,2.0,1,31,14,0.0,33,0.0,0.0
1,3,2.0,6000,15,1,9,1,1,319,1,0.0,0.0,,8,2,15,0.0,1,6,1,1612,3,2,30,0,2.0,1,31,3,0.0,22,0.0,0.0
0,3,2.0,10300,8,1,2,2,1,603,1,0.0,0.0,,8,1,16,0.0,2,3,1,434,3,2,30,3,2.0,1,24,14,0.0,18,0.0,0.0
0,3,2.0,6900,17,1,4,1,1,590,1,0.0,0.0,,18,2,15,0.0,2,5,1,332,3,2,30,0,3.0,1,24,3,0.0,22,0.0,0.0
2,3,2.0,5149,3,0,5,2,1,126,1,1.0,1.0,,2,2,9,0.0,2,1,1,815,1,0,30,0,1.0,0,15,3,0.0,34,0.0,0.0
2,3,2.0,3001,15,1,9,1,5,352,1,0.0,0.0,,2,2,7,0.0,2,5,10,133,5,2,30,4,1.0,1,24,3,0.0,33,0.0,0.0
2,3,2.0,100,13,1,3,1,1,457,1,0.0,0.0,,3,1,15,0.0,1,6,1,111,3,2,35,0,2.0,1,24,14,0.0,25,0.0,0.0
0,3,2.0,4946,14,1,10,2,5,464,1,0.0,0.0,,12,2,7,0.0,1,4,6,1623,3,2,15,5,1.0,1,24,3,0.0,21,0.0,0.0
2,4,2.0,1742,23,0,9,2,1,43,1,0.0,1.0,,8,2,11,0.0,3,4,1,912,1,4,30,0,3.0,1,24,3,0.0,21,0.0,1.0
2,3,2.0,6200,12,1,3,1,1,296,1,0.0,0.0,,8,1,15,0.0,3,5,6,2512,3,2,30,5,2.0,1,31,14,0.0,33,0.0,0.0
0,3,2.0,3799,17,0,11,2,5,370,1,0.0,1.0,,6,5,9,0.0,1,2,6,1731,0,3,30,5,1.0,1,31,14,0.0,33,1.0,0.0
1,5,3.0,1941,14,1,12,1,5,388,1,0.0,0.0,,8,2,10,0.0,2,4,2,1012,3,2,30,5,3.0,1,24,3,0.0,19,0.0,0.0
1,3,2.0,5138,20,1,6,1,1,439,1,0.0,0.0,,2,1,7,0.0,3,7,1,1533,4,2,30,0,2.0,1,31,14,0.0,33,0.0,0.0
1,3,2.0,3215,11,1,9,1,5,537,1,0.0,0.0,,2,5,10,0.0,1,1,1,1732,3,2,30,4,2.0,1,31,3,0.0,33,0.0,0.0
1,3,2.0,200,16,1,3,1,1,384,1,0.0,0.0,,8,1,10,0.0,3,1,1,1831,3,2,35,0,2.0,1,31,14,0.0,19,0.0,0.0
1,3,2.0,5901,19,0,12,1,5,122,1,0.0,1.0,,8,1,0,0.0,2,2,1,824,5,4,30,4,1.0,1,31,13,0.0,33,0.0,1.0
2,3,2.0,1199,12,1,11,1,1,215,1,0.0,0.0,,8,1,16,0.0,2,3,10,114,3,2,30,0,2.0,1,24,14,0.0,33,0.0,0.0
2,3,2.0,6030,9,0,10,2,1,207,1,0.0,0.0,,15,2,16,0.0,1,1,1,2433,3,2,30,0,2.0,1,24,3,0.0,33,0.0,0.0
2,3,4.0,6222,3,0,11,2,1,553,1,0.0,0.0,,10,2,7,0.0,2,6,1,812,1,2,20,0,1.0,1,24,3,0.0,33,0.0,0.0
1,3,2.0,5700,13,1,7,2,1,368,1,0.0,0.0,,2,2,12,0.0,2,1,1,822,3,2,30,0,2.0,1,24,3,0.0,21,0.0,0.0
1,3,2.0,5131,8,1,5,1,1,623,1,0.0,0.0,,8,2,7,0.0,3,4,1,1533,3,2,30,0,1.0,1,10,3,0.0,22,0.0,0.0
0,3,2.0,3058,18,0,5,2,1,131,1,0.0,1.0,,10,1,9,0.0,1,2,1,1931,3,3,30,0,1.0,1,24,14,0.0,35,1.0,0.0
0,3,2.0,1410,17,1,9,1,1,537,1,0.0,0.0,,8,2,15,0.0,2,3,1,1011,3,2,30,5,2.0,1,31,3,0.0,33,0.0,0.0
1,3,2.0,5463,18,1,1,1,1,234,1,0.0,0.0,,8,1,10,0.0,2,3,1,932,0,2,30,0,2.0,1,24,14,0.0,25,0.0,0.0
2,3,2.0,8222,0,1,8,2,1,391,1,0.0,0.0,,10,2,7,0.0,2,1,1,622,1,2,30,0,1.0,1,24,3,0.0,33,0.0,0.0
1,3,2.0,2450,13,0,1,2,1,291,1,0.0,1.0,,2,2,8,0.0,3,4,6,2031,3,1,30,5,1.0,1,24,3,1.0,11,0.0,0.0
2,3,1.0,101,6,0,12,2,1,17,1,0.0,0.0,,8,2,2,0.0,0,4,6,531,2,2,30,5,1.0,1,24,3,0.0,36,0.0,0.0
2,3,4.0,1601,22,0,5,1,5,204,1,0.0,1.0,,6,1,16,0.0,1,7,1,2533,1,4,30,4,7.0,1,24,14,0.0,6,0.0,1.0
2,3,1.0,4900,18,1,2,2,3,407,1,0.0,0.0,,8,2,5,0.0,3,4,1,1623,1,2,30,0,1.0,1,24,3,0.0,30,0.0,0.0
1,3,2.0,758,13,0,5,2,1,489,1,0.0,1.0,,8,1,8,0.0,3,6,1,1813,3,1,30,0,1.0,1,24,14,1.0,35,0.0,0.0
1,3,2.0,13200,12,1,10,1,5,167,1,0.0,0.0,,17,2,7,0.0,2,1,1,433,3,2,30,4,1.0,1,24,3,0.0,33,0.0,0.0
2,3,2.0,4820,16,1,10,1,1,77,1,0.0,0.0,,2,2,15,0.0,3,5,1,813,3,2,30,0,5.0,1,24,3,0.0,22,0.0,0.0
0,3,2.0,7159,13,0,11,1,1,74,1,0.0,2.0,,8,2,10,0.0,3,5,1,812,3,3,30,0,1.0,1,17,3,0.0,17,1.0,1.0
1,3,2.0,7900,9,1,4,2,1,576,1,0.0,0.0,,2,4,15,0.0,2,4,1,422,3,2,30,0,4.0,1,15,5,0.0,23,0.0,0.0
2,3,2.0,3300,12,0,9,2,1,204,1,0.0,0.0,,6,1,0,0.0,1,6,1,1634,3,2,30,0,2.0,1,7,14,0.0,6,0.0,0.0
2,3,2.0,4218,8,1,7,1,1,227,1,0.0,0.0,,12,2,7,0.0,2,4,1,214,5,2,10,0,1.0,1,31,3,0.0,33,0.0,0.0
1,3,2.0,1601,8,0,10,2,1,627,1,0.0,0.0,,2,1,16,0.0,3,1,1,1432,3,2,30,0,2.0,1,10,15,0.0,17,0.0,0.0
1,3,2.0,2405,14,0,3,2,1,554,1,0.0,1.0,,2,1,16,0.0,1,2,1,1414,3,3,30,5,1.0,1,16,14,0.0,24,1.0,0.0
2,3,3.0,4600,12,0,11,2,1,204,1,0.0,0.0,,6,1,0,0.0,1,7,1,1623,3,2,30,0,4.0,1,24,14,0.0,6,0.0,0.0
2,3,2.0,300,9,0,5,2,1,335,1,0.0,1.0,,6,1,0,0.0,2,4,1,1133,3,3,30,0,1.0,1,31,14,0.0,3,1.0,0.0
2,3,2.0,10,21,1,9,1,5,3,1,0.0,0.0,,10,1,0,0.0,3,7,1,511,1,2,30,0,2.0,1,31,13,0.0,18,0.0,0.0
1,3,2.0,1600,10,1,9,1,1,397,1,0.0,0.0,,3,2,15,0.0,1,7,1,1814,3,2,40,0,3.0,1,16,3,0.0,18,0.0,0.0
2,3,2.0,1943,20,0,10,2,1,199,1,0.0,1.0,,8,2,16,0.0,3,7,6,1221,1,3,30,5,2.0,1,31,3,0.0,18,1.0,0.0
1,3,2.0,1400,19,1,12,1,1,111,1,0.0,0.0,,8,2,15,0.0,0,6,1,413,0,2,30,0,3.0,1,31,3,0.0,33,0.0,0.0
1,3,2.0,6211,9,1,3,1,1,414,1,0.0,0.0,,12,2,0,0.0,1,3,1,1711,3,2,30,0,2.0,1,31,3,0.0,33,0.0,0.0
1,3,2.0,8258,13,0,11,2,5,632,1,0.0,0.0,,2,1,0,0.0,2,4,6,835,3,2,30,5,6.0,1,24,14,0.0,33,0.0,0.0
1,3,2.0,600,17,1,11,2,1,207,1,0.0,0.0,,11,1,16,0.0,2,3,1,123,3,2,30,0,2.0,1,24,14,0.0,32,0.0,0.0
2,3,2.0,564,18,1,8,2,1,599,1,0.0,0.0,,12,2,13,0.0,3,5,1,124,3,2,25,0,3.0,1,19,3,0.0,21,0.0,0.0
2,3,3.0,8650,21,1,9,2,5,214,1,0.0,0.0,,10,1,7,0.0,2,5,1,423,1,2,30,4,1.0,1,31,14,0.0,33,0.0,0.0
0,3,2.0,1205,12,1,6,1,1,599,1,0.0,0.0,,8,1,10,0.0,3,5,2,1231,3,2,30,0,2.0,1,15,13,0.0,17,0.0,0.0
1,3,2.0,180,15,1,2,1,1,439,1,0.0,0.0,,10,1,15,0.0,3,5,1,122,3,2,30,3,2.0,1,17,14,0.0,19,0.0,0.0
2,3,2.0,7601,17,1,1,1,1,362,1,0.0,0.0,,12,2,10,0.0,2,2,1,414,4,2,30,0,2.0,1,10,3,0.0,19,0.0,0.0
1,3,2.0,1600,13,1,5,2,1,389,1,0.0,0.0,,8,1,16,0.0,1,4,1,1814,3,2,30,0,2.0,1,20,14,0.0,24,0.0,0.0
2,3,2.0,2299,11,0,12,2,1,499,1,0.0,3.0,,8,1,16,0.0,3,3,1,1225,3,3,25,0,1.0,1,10,14,0.0,18,3.0,0.0
2,3,2.0,3099,8,1,1,2,1,66,1,0.0,0.0,,8,1,0,0.0,3,5,9,824,3,2,35,3,2.0,1,34,13,0.0,33,0.0,0.0
2,3,2.0,5941,19,1,4,1,1,546,1,0.0,0.0,,10,2,7,0.0,1,1,6,2011,3,2,30,5,1.0,1,31,3,0.0,33,0.0,0.0
0,3,2.0,1758,13,1,10,1,1,299,1,0.0,0.0,,2,2,7,0.0,3,1,1,932,3,2,30,0,1.0,1,24,3,0.0,25,0.0,0.0
1,3,2.0,4700,23,1,5,1,5,396,1,0.0,0.0,,10,2,15,0.0,2,1,1,222,1,2,30,0,3.0,1,31,3,0.0,33,0.0,0.0
2,3,2.0,6240,9,1,4,1,5,608,1,0.0,0.0,,2,2,16,0.0,2,2,10,711,3,2,30,4,2.0,1,16,3,0.0,18,0.0,0.0
2,3,2.0,635,19,1,8,1,1,207,1,0.0,0.0,,10,2,15,0.0,1,7,1,1832,4,2,30,0,2.0,1,24,3,0.0,24,0.0,0.0
2,3,2.0,6958,22,0,7,2,1,223,1,0.0,0.0,,10,2,7,0.0,2,2,1,332,1,2,20,0,1.0,1,24,3,0.0,21,0.0,0.0
1,3,2.0,2665,21,1,7,1,5,313,1,0.0,0.0,,12,2,7,0.0,1,3,10,1935,0,2,10,4,1.0,1,31,3,0.0,33,0.0,0.0
2,3,2.0,2288,13,1,11,1,1,370,1,0.0,0.0,,6,1,10,0.0,2,7,9,1013,3,2,30,3,5.0,1,17,14,0.0,19,0.0,0.0
2,3,2.0,7600,13,1,1,1,1,131,1,0.0,0.0,,8,2,10,0.0,2,3,1,611,3,2,30,0,3.0,1,24,3,0.0,33,0.0,0.0
0,4,2.0,1700,9,0,5,2,1,67,1,0.0,1.0,,15,1,9,0.0,0,3,1,331,3,1,30,0,1.0,1,24,14,1.0,18,0.0,0.0
1,4,2.0,135,11,1,7,1,1,506,1,0.0,0.0,,8,2,15,0.0,3,2,1,1832,3,2,30,0,2.0,1,31,3,0.0,33,0.0,0.0
2,3,2.0,3013,16,1,3,2,1,418,1,0.0,0.0,,19,2,0,0.0,2,3,1,913,3,2,25,0,3.0,1,22,3,0.0,18,0.0,0.0
2,3,2.0,2607,14,1,3,1,1,407,1,0.0,0.0,,8,2,16,0.0,3,4,1,1911,3,2,30,5,2.0,1,24,3,0.0,18,0.0,0.0
2,3,2.0,7816,18,0,6,1,1,538,1,0.0,0.0,,12,2,7,0.0,2,5,1,612,3,2,15,0,1.0,1,31,3,0.0,33,0.0,0.0
2,3,2.0,1100,20,0,2,2,1,394,1,0.0,2.0,,3,2,10,0.0,1,2,1,1824,1,4,45,5,1.0,1,10,3,0.0,13,0.0,2.0
2,3,2.0,4240,16,1,11,1,5,204,1,0.0,0.0,,17,5,15,0.0,1,6,2,1624,5,2,30,4,3.0,1,24,15,0.0,33,0.0,0.0
2,3,2.0,10313,8,1,12,1,1,613,1,0.0,0.0,,8,2,15,0.0,2,6,1,2232,3,2,30,0,3.0,1,24,3,0.0,33,0.0,0.0
1,3,2.0,4031,20,1,5,1,1,548,1,0.0,0.0,,2,1,16,0.0,3,4,1,1011,1,2,30,0,2.0,1,24,13,0.0,33,0.0,0.0
1,4,2.0,5300,23,1,8,1,1,641,1,0.0,0.0,,17,2,7,0.0,3,7,1,1623,1,2,30,0,1.0,1,31,3,0.0,33,0.0,0.0
0,3,2.0,2199,17,0,12,2,1,537,1,0.0,1.0,,6,1,9,0.0,2,3,6,1014,1,3,30,5,2.0,1,24,14,0.0,12,1.0,0.0
2,3,2.0,10010,15,0,3,2,1,195,1,0.0,0.0,,8,2,7,0.0,2,2,1,2213,3,2,30,0,1.0,1,31,3,0.0,33,0.0,0.0
1,3,2.0,3939,14,1,7,1,1,548,1,0.0,0.0,,8,2,15,0.0,3,7,1,1011,3,2,30,0,3.0,1,16,3,0.0,22,0.0,0.0
1,3,1.0,4409,1,1,12,1,3,464,1,0.0,0.0,,2,2,2,0.0,1,7,10,1623,1,2,30,2,1.0,1,31,3,0.0,33,0.0,0.0
1,3,2.0,11702,9,1,1,1,1,618,1,0.0,0.0,,10,2,7,0.0,2,5,9,524,3,2,20,3,1.0,1,24,3,0.0,25,0.0,0.0
2,3,2.0,1210,16,0,3,2,1,204,1,0.0,0.0,,6,1,10,0.0,1,7,1,2533,3,2,30,0,2.0,1,24,14,0.0,17,0.0,0.0
2,3,3.0,3359,0,0,8,2,1,401,1,0.0,0.0,,8,2,7,0.0,1,7,1,1634,3,2,30,0,1.0,1,26,3,0.0,33,0.0,0.0
1,3,2.0,3801,19,1,8,1,1,548,1,0.0,0.0,,6,1,16,0.0,3,2,6,1011,0,2,30,5,3.0,1,15,14,0.0,32,0.0,0.0
2,3,2.0,5955,12,1,10,1,1,632,1,0.0,0.0,,8,1,10,0.0,1,1,1,2012,3,2,30,0,3.0,1,24,14,0.0,19,0.0,0.0
2,3,2.0,2134,9,1,2,1,1,640,1,0.0,0.0,,8,2,7,0.0,1,6,1,1432,3,2,30,0,1.0,1,31,3,0.0,33,0.0,0.0
1,3,2.0,6434,13,1,2,2,6,126,1,0.0,0.0,,2,2,16,0.0,3,5,6,811,3,2,30,5,2.0,1,31,3,0.0,33,0.0,0.0
2,3,2.0,4601,6,1,12,1,1,199,1,0.0,0.0,,3,1,15,0.0,3,3,1,1111,3,2,30,0,2.0,1,10,14,0.0,23,0.0,0.0
0,3,2.0,5403,6,1,3,1,1,554,1,0.0,0.0,,8,2,7,0.0,2,4,1,923,2,2,30,0,1.0,1,17,3,0.0,23,0.0,0.0
1,3,2.0,3500,13,1,10,2,1,120,1,0.0,0.0,,12,0,7,0.0,3,5,1,1732,3,2,10,0,1.0,1,31,5,0.0,33,0.0,0.0
1,3,2.0,159,17,1,10,1,5,122,1,0.0,0.0,,8,1,11,0.0,1,5,6,1222,5,2,30,5,2.0,1,31,14,0.0,33,0.0,0.0
0,3,2.0,1900,6,1,8,1,1,468,1,0.0,0.0,,8,2,7,0.0,3,6,1,2212,3,2,30,0,1.0,1,31,3,0.0,33,0.0,0.0
2,3,2.0,4400,13,1,6,1,1,321,1,0.0,0.0,,2,1,10,0.0,3,5,1,1131,3,2,30,0,2.0,1,24,14,0.0,33,0.0,0.0
1,3,2.0,5748,6,1,1,1,1,371,1,0.0,0.0,,10,2,7,0.0,1,6,10,2022,5,2,15,4,1.0,1,31,15,0.0,33,0.0,0.0
1,3,2.0,7511,10,1,8,1,1,227,1,0.0,0.0,,8,2,7,0.0,2,6,1,624,3,2,30,0,2.0,1,31,3,0.0,33,0.0,0.0
2,3,3.0,98,2,1,5,2,5,191,1,0.0,0.0,,6,1,7,0.0,1,6,1,1513,1,2,35,0,2.0,1,24,14,0.0,33,0.0,0.0
2,3,3.0,5009,17,1,2,2,1,180,1,0.0,0.0,,10,2,15,0.0,2,5,1,224,2,2,15,0,1.0,1,24,3,0.0,25,0.0,0.0
1,3,2.0,3108,17,1,6,1,1,75,1,0.0,0.0,,10,2,7,0.0,3,6,1,823,3,2,25,0,1.0,1,31,3,0.0,33,0.0,0.0
1,3,2.0,1792,16,1,11,1,1,468,1,0.0,0.0,,8,2,15,0.0,3,5,1,2212,3,2,20,0,3.0,1,24,3,0.0,23,0.0,0.0
1,3,2.0,4259,0,1,5,2,1,204,1,0.0,0.0,,3,2,15,0.0,2,1,1,815,1,2,35,0,4.0,1,20,3,0.0,23,0.0,0.0
2,3,3.0,1500,12,0,1,2,1,296,1,0.0,0.0,,11,1,10,0.0,3,6,1,1932,2,2,30,1,3.0,1,31,14,0.0,17,0.0,0.0
2,3,2.0,40,10,0,9,2,1,83,1,0.0,0.0,,6,5,0,0.0,3,4,1,731,1,2,30,0,2.0,1,31,14,0.0,33,0.0,0.0
2,3,2.0,1405,9,1,11,2,1,409,1,0.0,0.0,,10,2,7,0.0,1,6,1,2533,3,2,30,0,1.0,1,24,3,0.0,33,0.0,0.0
2,3,2.0,7900,18,1,12,1,1,228,1,0.0,0.0,,12,2,0,0.0,2,7,1,414,3,2,25,0,2.0,1,24,3,0.0,11,0.0,0.0
1,3,2.0,1700,9,0,8,2,1,632,1,0.0,1.0,,8,1,10,0.0,1,6,1,1434,3,3,30,0,1.0,1,17,14,0.0,17,1.0,0.0
2,3,2.0,233,13,0,10,2,5,496,1,0.0,1.0,,6,1,0,0.0,1,6,6,1223,3,4,30,5,1.0,1,24,13,0.0,18,0.0,1.0
0,3,2.0,4501,12,1,11,1,1,120,1,0.0,0.0,,8,1,10,0.0,3,7,1,1731,3,2,30,0,3.0,1,24,14,0.0,21,0.0,0.0
2,3,2.0,4000,19,1,8,1,5,207,1,0.0,0.0,,8,5,16,0.0,1,2,10,1912,5,2,25,4,2.0,1,24,16,0.0,18,0.0,0.0
2,3,4.0,7163,3,0,7,2,1,644,1,0.0,0.0,,10,2,7,0.0,2,1,1,735,1,2,35,0,2.0,1,31,3,0.0,33,0.0,0.0
2,3,2.0,10600,16,0,3,2,5,559,1,0.0,0.0,,6,2,0,0.0,2,3,1,2211,3,2,20,0,2.0,1,31,3,0.0,33,0.0,0.0
1,3,1.0,10317,15,0,7,2,1,632,1,0.0,0.0,,12,2,2,0.0,2,4,1,2212,3,2,30,0,1.0,0,24,3,0.0,33,0.0,0.0
1,3,2.0,1733,9,1,6,1,1,367,1,0.0,0.0,,0,2,0,0.0,1,7,1,2534,3,2,15,0,4.0,1,31,3,0.0,21,0.0,0.0
2,3,2.0,1608,12,1,2,2,5,463,1,0.0,0.0,,8,5,7,0.0,2,3,1,1014,3,2,15,0,1.0,1,19,15,0.0,21,0.0,0.0
2,3,3.0,1600,16,0,12,2,1,182,1,0.0,1.0,,17,2,16,0.0,2,7,1,1235,0,4,30,0,4.0,1,24,3,0.0,33,0.0,1.0
2,3,2.0,6142,16,1,1,2,1,178,1,0.0,0.0,,8,1,10,0.0,1,6,9,2413,4,2,30,3,4.0,1,34,13,0.0,36,0.0,0.0
2,3,2.0,8301,16,0,6,2,1,204,1,0.0,0.0,,8,1,16,0.0,2,6,1,834,3,2,35,0,3.0,1,24,13,0.0,18,0.0,0.0
2,3,2.0,2615,3,0,2,1,1,134,1,0.0,0.0,,8,2,7,0.0,1,1,1,2514,1,2,25,0,1.0,1,24,3,0.0,33,0.0,0.0
2,3,2.0,10556,10,1,2,1,1,603,1,0.0,0.0,,6,2,0,0.0,2,5,5,434,3,2,30,1,2.0,1,31,3,0.0,33,0.0,0.0
2,3,2.0,5500,15,1,12,1,1,537,1,0.0,0.0,,8,1,16,0.0,2,7,1,813,3,2,30,0,2.0,1,31,14,0.0,33,0.0,0.0
2,3,2.0,5400,16,0,3,2,1,537,1,0.0,2.0,,6,2,0,0.0,2,6,1,815,3,4,30,0,4.0,1,16,13,0.0,18,0.0,2.0
2,3,2.0,1440,15,1,10,2,1,192,1,0.0,0.0,,8,2,7,0.0,2,1,1,1011,3,2,30,0,1.0,1,31,3,0.0,33,0.0,0.0
1,3,2.0,400,17,1,5,1,1,97,1,0.0,0.0,,8,2,0,0.0,0,2,6,631,3,2,30,5,3.0,1,31,3,0.0,33,0.0,0.0
2,3,2.0,4001,15,1,10,1,1,29,1,0.0,0.0,,8,2,7,0.0,0,5,9,433,3,2,30,5,1.0,1,19,3,0.0,21,0.0,0.0
2,3,2.0,600,14,0,6,2,1,629,1,0.0,0.0,,8,1,16,0.0,1,5,1,1831,3,2,30,0,2.0,1,31,14,0.0,23,0.0,0.0
1,3,2.0,500,1,1,4,1,1,207,1,0.0,0.0,,2,1,15,0.0,1,7,1,1831,1,2,30,0,3.0,1,31,14,0.0,23,0.0,0.0
1,3,2.0,1200,0,1,7,1,5,628,1,0.0,0.0,,6,5,15,0.0,3,1,1,1933,0,2,30,0,2.0,1,24,13,0.0,5,0.0,0.0
2,3,2.0,1600,13,0,1,2,1,83,1,0.0,2.0,,8,1,16,0.0,3,7,1,735,3,3,30,0,1.0,1,22,14,0.0,18,2.0,0.0
1,3,2.0,5232,8,1,11,1,1,479,1,0.0,0.0,,2,1,10,0.0,1,3,1,1613,3,2,30,0,2.0,1,20,14,0.0,33,0.0,0.0
2,3,2.0,6360,15,1,10,1,5,454,1,0.0,0.0,,0,2,2,0.0,1,2,10,1611,5,2,30,4,2.0,1,31,3,0.0,12,0.0,0.0
1,3,2.0,657,18,1,8,1,1,280,1,0.0,0.0,,8,2,15,0.0,1,4,1,1834,3,2,30,0,2.0,1,31,3,0.0,33,0.0,0.0
2,3,2.0,6199,18,0,5,1,5,414,1,0.0,1.0,,3,1,10,0.0,1,2,1,1711,3,4,30,0,1.0,1,24,14,0.0,33,0.0,1.0
2,3,2.0,6601,18,0,2,2,1,151,1,0.0,1.0,,8,2,9,0.0,3,2,1,2511,1,1,30,0,1.0,1,15,6,1.0,3,0.0,0.0
2,3,2.0,8600,6,1,5,1,1,352,1,0.0,0.0,,8,2,15,0.0,2,6,1,632,3,2,15,0,2.0,1,24,3,0.0,18,0.0,0.0
2,3,2.0,950,8,1,11,1,1,199,1,0.0,0.0,,8,2,15,0.0,3,3,1,1213,3,2,30,0,2.0,1,24,3,0.0,33,0.0,0.0
2,3,4.0,6400,11,0,5,2,1,464,1,0.0,2.0,,8,1,16,0.0,1,3,6,1611,3,1,30,5,4.0,1,31,14,1.0,33,1.0,0.0
1,3,2.0,5901,14,1,12,1,1,598,1,0.0,0.0,,10,2,7,0.0,2,2,1,824,3,2,25,0,1.0,1,31,3,0.0,33,0.0,0.0
2,3,2.0,5757,16,1,2,1,1,178,1,0.0,0.0,,6,2,0,0.0,1,1,1,2011,3,2,30,0,2.0,1,24,13,0.0,18,0.0,0.0
1,3,2.0,10840,12,1,11,1,1,588,1,0.0,0.0,,2,2,7,0.0,2,2,1,513,3,2,30,0,1.0,1,31,3,0.0,33,0.0,0.0
1,3,2.0,1215,9,1,3,1,1,131,1,0.0,0.0,,2,1,15,0.0,2,6,1,1233,3,2,30,0,2.0,1,10,14,0.0,33,0.0,0.0
2,3,2.0,6350,12,1,1,1,5,171,1,0.0,0.0,,8,5,10,0.0,3,6,1,1622,3,2,30,4,2.0,1,31,14,0.0,33,0.0,0.0
2,3,2.0,140,23,0,10,2,1,51,1,0.0,1.0,,6,5,0,0.0,3,2,1,925,1,3,30,0,2.0,1,24,14,0.0,6,1.0,0.0
2,3,2.0,8700,14,1,2,1,5,391,1,0.0,0.0,,2,1,15,0.0,2,6,1,634,3,2,35,3,2.0,1,16,14,0.0,22,0.0,0.0
2,3,2.0,800,17,0,8,1,1,89,1,0.0,0.0,,8,1,16,0.0,0,2,1,624,3,2,30,0,5.0,1,31,14,0.0,18,0.0,0.0
2,3,3.0,6299,16,0,8,2,1,227,1,0.0,0.0,,6,1,0,0.0,2,5,1,313,3,2,30,0,3.0,1,24,14,0.0,33,0.0,0.0
2,3,2.0,15,1,0,3,1,1,19,1,0.0,0.0,,8,1,0,0.0,0,2,1,532,0,2,30,0,2.0,1,31,14,0.0,3,0.0,0.0
2,3,1.0,2155,4,0,5,2,1,631,1,0.0,0.0,,2,0,2,0.0,2,1,1,914,3,2,15,0,4.0,1,24,5,0.0,25,0.0,0.0
1,3,2.0,2101,21,1,3,1,1,123,1,0.0,0.0,,2,2,0,0.0,2,7,1,1235,0,2,30,0,2.0,1,31,3,0.0,21,0.0,0.0
1,3,1.0,4358,14,0,1,2,1,194,1,0.0,0.0,,15,1,2,0.0,2,3,1,221,3,2,20,1,2.0,1,34,13,0.0,14,0.0,0.0
2,3,2.0,4700,12,0,1,2,1,406,1,0.0,0.0,,8,2,16,0.0,2,7,1,821,3,2,30,0,7.0,1,10,13,0.0,33,0.0,0.0
2,3,2.0,4800,4,1,3,2,1,74,1,0.0,0.0,,6,1,15,0.0,3,4,1,813,1,2,30,0,3.0,1,25,14,0.0,26,0.0,0.0
1,3,2.0,3640,16,1,8,1,1,219,1,0.0,0.0,,8,1,7,0.0,3,3,1,1133,3,2,20,0,1.0,1,24,3,0.0,33,0.0,0.0
1,4,2.0,3201,9,1,6,2,1,243,1,0.0,0.0,,12,2,12,0.0,3,5,1,2413,3,2,10,0,3.0,1,19,3,0.0,12,0.0,0.0
1,3,2.0,4101,19,1,4,1,1,35,1,0.0,0.0,,10,2,3,0.0,3,4,1,1012,0,2,25,0,3.0,1,31,3,0.0,33,0.0,0.0
2,3,2.0,1751,13,1,10,1,1,319,1,0.0,0.0,,8,1,10,0.0,1,3,1,2513,3,2,30,0,2.0,1,31,14,0.0,33,0.0,0.0
2,3,2.0,8351,14,0,8,2,1,331,1,0.0,0.0,,8,1,10,0.0,3,2,1,1614,3,2,30,5,2.0,1,24,14,0.0,19,0.0,0.0
2,3,2.0,4800,19,1,1,2,1,51,1,0.0,0.0,,2,1,16,0.0,3,6,1,814,0,2,30,0,2.0,1,24,14,0.0,18,0.0,0.0
2,3,2.0,3637,17,1,5,2,5,247,1,0.0,0.0,,2,1,5,0.0,3,1,1,1112,3,2,30,0,3.0,1,21,14,0.0,22,0.0,0.0
1,3,2.0,5559,18,1,6,1,1,245,1,0.0,0.0,,8,1,10,0.0,3,2,1,2514,2,2,30,0,2.0,1,15,14,0.0,19,0.0,0.0
2,3,2.0,1100,14,1,8,1,5,550,1,0.0,0.0,,10,1,7,0.0,3,7,10,1924,5,2,20,4,1.0,1,31,13,0.0,33,0.0,0.0
2,3,2.0,1128,17,1,5,1,1,120,1,0.0,0.0,,2,2,15,0.0,3,7,1,1923,3,2,30,0,2.0,1,31,3,0.0,18,0.0,0.0
2,3,2.0,2332,13,0,7,2,1,492,1,0.0,0.0,,8,2,0,0.0,1,2,1,2512,3,2,25,0,2.0,1,31,13,0.0,33,0.0,0.0
0,3,2.0,1206,0,1,5,2,1,84,1,0.0,0.0,,8,5,7,0.0,0,1,1,324,1,2,30,4,1.0,1,31,3,0.0,26,0.0,0.0
2,3,2.0,4700,7,0,2,2,1,134,1,0.0,0.0,,8,2,10,0.0,1,6,1,1622,3,2,30,0,2.0,1,17,3,0.0,19,0.0,0.0
2,3,2.0,1350,7,1,2,1,1,394,0,0.0,0.0,,8,4,16,0.0,1,4,1,1824,3,2,35,0,2.0,1,31,13,0.0,18,0.0,0.0
2,3,2.0,5200,6,1,10,2,6,371,1,0.0,0.0,,8,1,10,0.0,1,5,1,2023,5,2,30,0,2.0,1,31,13,0.0,33,0.0,0.0
2,3,2.0,345,14,1,10,1,1,19,1,0.0,0.0,,8,2,7,0.0,3,6,6,522,3,2,30,5,1.0,1,15,3,0.0,13,0.0,0.0
2,3,3.0,4528,23,0,7,2,1,439,1,0.0,1.0,,8,2,16,0.0,3,7,1,1113,1,3,30,0,1.0,1,31,3,0.0,24,1.0,0.0
1,3,2.0,7150,13,1,3,1,1,126,1,0.0,0.0,,12,2,10,0.0,3,3,1,811,3,2,30,0,2.0,1,24,3,0.0,33,0.0,0.0
1,3,2.0,2901,2,1,10,2,1,537,1,0.0,0.0,,8,2,7,0.0,1,4,1,2523,1,2,30,5,1.0,1,31,3,0.0,33,0.0,0.0
1,3,2.0,130,13,1,3,2,1,621,1,0.0,0.0,,10,1,15,0.0,0,7,1,1833,3,2,30,0,4.0,1,31,14,0.0,18,0.0,0.0
2,4,2.0,9616,14,0,11,2,5,256,1,0.0,0.0,,8,2,16,0.0,2,7,1,511,3,2,30,0,2.0,1,31,3,0.0,33,0.0,0.0
1,3,2.0,6300,14,1,2,2,1,204,1,0.0,0.0,,8,1,10,0.0,2,7,1,813,3,2,30,0,3.0,1,31,14,0.0,33,0.0,0.0
2,3,2.0,6536,19,0,8,2,5,569,1,0.0,1.0,,6,1,16,0.0,1,7,1,2432,4,3,30,0,1.0,1,22,14,0.0,24,1.0,0.0
1,3,2.0,3412,7,1,9,1,1,133,1,0.0,0.0,,8,2,10,0.0,3,5,1,1121,3,2,30,0,2.0,1,24,3,0.0,17,0.0,0.0
2,3,2.0,1324,10,1,5,2,5,599,1,0.0,0.0,,8,2,7,0.0,3,5,1,1231,3,2,30,0,1.0,1,24,13,0.0,33,0.0,0.0
2,3,2.0,13600,10,1,9,1,5,166,1,0.0,0.0,,18,1,10,0.0,2,7,10,433,3,2,30,5,2.0,1,31,13,0.0,33,0.0,0.0
2,3,2.0,2805,18,1,6,1,1,394,1,0.0,0.0,,3,2,10,0.0,1,1,1,1934,3,2,40,0,3.0,1,24,3,0.0,19,0.0,0.0
2,3,2.0,3100,15,1,7,1,1,396,1,0.0,0.0,,10,2,15,0.0,2,4,1,211,3,2,40,0,2.0,1,17,3,0.0,18,0.0,0.0
2,3,2.0,2650,9,0,4,2,1,178,1,0.0,0.0,,2,1,10,0.0,2,3,6,1033,3,2,30,5,3.0,1,17,8,0.0,17,0.0,0.0
1,3,2.0,6400,11,1,1,2,1,177,1,0.0,0.0,,6,1,16,0.0,1,5,4,1621,3,2,30,5,2.0,1,6,14,0.0,6,0.0,0.0
2,3,2.0,101,14,0,11,2,1,548,1,0.0,3.0,,6,1,16,0.0,3,7,1,131,3,3,30,0,0.0,1,24,14,0.0,6,3.0,0.0
2,3,2.0,2200,1,0,10,2,1,234,1,0.0,0.0,,15,1,0,0.0,2,1,6,1034,1,2,30,5,3.0,1,24,14,0.0,33,0.0,0.0
1,3,2.0,2398,20,1,3,1,1,407,1,0.0,0.0,,8,2,15,0.0,3,4,6,2031,0,2,35,0,2.0,1,31,3,0.0,33,0.0,0.0
2,3,2.0,10900,15,1,4,1,1,253,1,0.0,0.0,,12,2,7,0.0,2,2,1,513,3,2,30,0,1.0,1,24,3,0.0,33,0.0,0.0
0,3,2.0,631,15,1,10,1,1,389,1,0.0,0.0,,12,2,0,0.0,1,6,1,1832,3,2,30,0,2.0,1,10,3,0.0,12,0.0,0.0
1,3,2.0,3600,8,1,7,1,1,121,1,0.0,0.0,,8,1,16,0.0,3,2,1,1712,3,2,20,0,3.0,1,31,13,0.0,18,0.0,0.0
1,3,2.0,1323,8,1,12,1,1,355,1,0.0,0.0,,8,2,15,0.0,3,5,1,1923,3,2,30,0,2.0,1,31,3,0.0,22,0.0,0.0
2,3,2.0,736,9,0,12,2,1,398,1,0.0,0.0,,2,2,16,0.0,3,2,9,1214,3,2,30,5,2.0,1,31,3,0.0,18,0.0,0.0
2,3,2.0,10437,11,1,12,1,1,632,1,0.0,0.0,,12,2,7,0.0,2,4,1,2212,3,2,30,0,1.0,1,24,3,0.0,33,0.0,0.0
2,3,2.0,3833,14,1,2,1,1,204,1,0.0,0.0,,2,1,0,0.0,1,6,1,1731,3,2,30,4,2.0,1,31,13,0.0,33,0.0,0.0
2,3,3.0,6337,18,0,12,2,1,191,1,0.0,0.0,,8,2,7,0.0,2,1,1,813,1,2,35,0,1.0,1,10,3,0.0,9,0.0,0.0
1,3,2.0,7616,17,0,8,2,1,647,1,0.0,0.0,,8,2,16,0.0,2,4,1,623,3,2,15,0,2.0,1,10,3,0.0,12,0.0,0.0
1,3,2.0,2389,19,1,2,1,1,305,1,0.0,0.0,,8,2,15,0.0,3,1,1,2413,4,2,30,0,3.0,1,31,3,0.0,33,0.0,0.0
1,3,2.0,4800,21,1,8,1,1,304,1,0.0,0.0,,2,2,15,0.0,3,6,1,2533,1,2,30,0,2.0,1,24,3,0.0,23,0.0,0.0
0,3,2.0,2331,3,1,9,2,1,582,1,0.0,0.0,,2,2,7,0.0,2,4,10,1013,0,2,30,0,1.0,1,31,3,0.0,33,0.0,0.0
2,3,2.0,9000,0,0,5,2,1,613,1,0.0,2.0,,2,1,16,0.0,2,3,1,2222,1,3,30,0,0.0,1,24,14,0.0,18,2.0,0.0
2,3,2.0,839,0,0,3,2,1,103,1,0.0,0.0,,6,1,0,0.0,3,7,1,2223,1,2,30,0,2.0,1,24,14,0.0,18,0.0,0.0
1,3,2.0,5893,19,1,7,1,1,126,1,0.0,0.0,,2,2,15,0.0,2,2,1,811,3,2,30,0,2.0,1,24,3,0.0,19,0.0,0.0
2,3,3.0,415,4,0,4,2,1,191,1,0.0,0.0,,8,1,7,0.0,2,7,10,1522,0,2,30,4,1.0,1,31,13,0.0,33,0.0,0.0
2,3,3.0,2200,2,1,10,2,2,489,1,0.0,0.0,,8,1,10,0.0,3,7,6,1434,1,2,30,5,3.0,1,24,14,0.0,33,0.0,0.0
2,3,2.0,2800,12,1,9,1,1,355,1,0.0,0.0,,2,1,10,0.0,3,7,1,1724,3,2,30,0,2.0,1,31,14,0.0,33,0.0,0.0
2,3,2.0,1359,12,1,1,1,5,61,1,0.0,0.0,,17,5,7,0.0,0,3,10,234,5,2,30,4,1.0,1,24,15,0.0,33,0.0,0.0
2,3,2.0,5100,11,1,4,1,1,178,1,0.0,0.0,,2,1,15,0.0,2,3,1,923,3,2,30,0,5.0,1,16,14,0.0,18,0.0,0.0
2,3,2.0,6330,9,1,2,2,1,178,1,0.0,0.0,,8,2,10,0.0,1,4,9,2413,3,2,25,3,2.0,1,17,3,0.0,36,0.0,0.0
2,3,2.0,658,13,1,12,1,5,394,1,0.0,0.0,,3,5,15,0.0,1,7,1,1834,3,2,35,4,8.0,1,31,15,0.0,22,0.0,0.0
2,3,4.0,800,15,1,11,1,1,57,1,0.0,0.0,,8,1,10,0.0,3,6,1,925,3,2,30,0,4.0,1,31,14,0.0,18,0.0,0.0
2,3,2.0,1520,13,0,6,1,5,81,1,0.0,0.0,,8,1,10,0.0,3,1,1,725,3,2,35,0,2.0,1,31,14,0.0,17,0.0,0.0
2,3,2.0,1614,17,1,11,2,6,47,1,0.0,0.0,,11,2,7,0.0,3,4,1,912,2,2,30,0,2.0,1,24,3,0.0,25,0.0,0.0
2,3,2.0,43,23,0,10,1,1,619,1,0.0,0.0,,10,2,7,0.0,1,2,10,1513,1,2,25,4,1.0,1,31,3,0.0,33,0.0,0.0
1,3,2.0,3032,6,1,7,2,1,120,1,0.0,0.0,,8,2,0,0.0,3,7,6,1733,3,2,30,5,2.0,1,5,3,0.0,5,0.0,0.0
0,3,2.0,1,5,0,7,2,5,616,1,0.0,1.0,,6,1,9,0.0,2,5,1,122,3,3,30,0,1.0,1,15,14,0.0,18,1.0,0.0
2,3,2.0,7105,11,1,8,2,1,120,1,0.0,0.0,,8,2,7,0.0,3,6,1,1632,3,2,30,0,2.0,1,31,3,0.0,33,0.0,0.0
2,3,2.0,800,0,0,8,2,1,397,1,0.0,0.0,,3,1,10,0.0,1,2,1,1833,1,2,40,0,2.0,1,31,14,0.0,33,0.0,0.0
1,3,2.0,7321,8,1,9,1,1,569,1,0.0,0.0,,8,1,10,0.0,1,5,1,2423,3,2,30,0,2.0,1,17,14,0.0,19,0.0,0.0
2,3,2.0,5307,6,1,6,2,5,293,1,0.0,0.0,,8,2,7,0.0,2,5,10,923,5,2,25,4,1.0,1,31,3,0.0,33,0.0,0.0
2,3,2.0,800,3,0,2,2,1,103,1,0.0,0.0,,6,1,10,0.0,3,4,1,613,1,2,30,0,2.0,1,19,14,0.0,26,0.0,0.0
2,3,2.0,6700,20,1,11,1,1,590,1,0.0,0.0,,8,0,10,0.0,2,4,6,332,1,2,30,5,2.0,1,31,13,0.0,33,0.0,0.0
1,3,2.0,8013,7,0,1,2,1,307,1,0.0,1.0,,10,2,15,0.0,2,2,1,621,3,3,25,0,2.0,1,15,13,0.0,26,1.0,0.0
2,3,2.0,12300,5,1,1,2,1,355,1,0.0,0.0,,15,1,15,0.0,3,3,1,1654,2,2,45,0,2.0,1,10,14,0.0,18,0.0,0.0
2,3,4.0,4203,16,0,4,2,1,131,1,0.0,0.0,,15,1,16,0.0,2,3,1,924,3,2,30,0,4.0,1,15,14,0.0,18,0.0,0.0
0,3,2.0,4100,14,0,7,2,1,232,1,0.0,1.0,,15,1,8,0.0,1,2,1,1614,3,3,30,0,1.0,1,31,13,0.0,17,1.0,0.0
2,3,2.0,8300,20,1,12,1,5,227,1,0.0,0.0,,2,1,10,0.0,2,2,10,632,5,2,30,4,2.0,1,24,14,0.0,17,0.0,0.0
1,3,2.0,4000,17,1,7,1,1,232,1,0.0,0.0,,8,2,15,0.0,1,4,1,1614,3,2,30,0,2.0,1,31,3,0.0,23,0.0,0.0
2,3,1.0,1234,13,1,1,2,1,51,1,0.0,0.0,,13,2,2,0.0,3,4,1,924,3,2,30,0,1.0,1,24,3,0.0,33,0.0,0.0
2,3,2.0,6397,6,1,8,1,1,543,1,0.0,0.0,,6,1,13,0.0,1,6,1,2413,3,2,25,5,2.0,1,31,11,0.0,33,0.0,0.0
0,3,1.0,8208,15,1,2,2,1,632,1,0.0,0.0,,8,2,2,0.0,2,3,1,835,3,2,30,0,1.0,1,24,3,0.0,35,0.0,0.0
2,3,2.0,1142,12,0,2,2,1,13,1,0.0,0.0,,8,2,14,0.0,3,3,1,2234,3,2,30,0,2.0,1,15,3,0.0,22,0.0,0.0
2,3,1.0,9915,9,1,10,2,1,139,1,0.0,0.0,,8,5,2,0.0,2,6,2,432,3,2,30,5,2.0,1,24,3,0.0,33,0.0,0.0
2,3,2.0,236,3,1,3,2,1,410,1,0.0,0.0,,8,1,16,0.0,1,1,9,1223,1,2,30,5,2.0,1,31,6,0.0,33,0.0,0.0
2,3,2.0,3098,7,0,7,2,5,355,1,0.0,1.0,,8,5,16,0.0,3,3,1,1724,3,3,30,0,1.0,0,31,15,0.0,33,1.0,0.0
2,3,2.0,6400,10,1,11,1,5,171,1,0.0,0.0,,8,5,15,0.0,3,5,1,1612,3,2,30,4,2.0,1,31,15,0.0,33,0.0,0.0
2,3,2.0,1615,7,0,10,2,1,103,1,0.0,0.0,,8,1,15,0.0,3,4,1,2221,3,2,35,0,2.0,1,16,14,0.0,17,0.0,0.0
0,3,2.0,333,16,0,3,2,1,246,1,0.0,1.0,,17,2,9,0.0,3,5,1,1935,3,3,10,4,1.0,1,31,3,0.0,21,1.0,0.0
2,3,2.0,145,15,1,1,1,5,51,1,0.0,0.0,,10,1,16,0.0,0,1,1,215,3,2,35,0,2.0,1,31,14,0.0,24,0.0,0.0
2,3,2.0,229,16,1,5,1,1,234,1,0.0,0.0,,2,2,15,0.0,1,4,1,1223,3,2,30,0,2.0,1,31,3,0.0,23,0.0,0.0
1,3,2.0,3009,8,1,1,1,5,422,1,0.0,0.0,,14,1,0,0.0,1,5,9,2514,3,2,20,3,2.0,1,31,13,0.0,17,0.0,0.0
0,3,2.0,6698,19,1,6,1,1,580,1,0.0,0.0,,8,1,10,0.0,2,2,1,831,4,2,25,0,2.0,1,17,13,0.0,19,0.0,0.0
0,3,2.0,3699,22,1,8,2,5,147,1,0.0,0.0,,10,2,7,0.0,3,2,1,2525,1,2,30,5,1.0,1,24,3,0.0,17,0.0,0.0
1,3,2.0,2701,8,1,6,1,1,604,1,0.0,0.0,,8,1,10,0.0,3,5,1,2411,3,2,30,0,2.0,1,17,14,0.0,19,0.0,0.0
2,3,2.0,3153,4,1,11,1,5,355,1,0.0,0.0,,8,5,7,0.0,3,2,10,1733,1,2,30,4,1.0,1,24,15,0.0,33,0.0,0.0
2,3,2.0,303,11,1,8,1,1,616,1,0.0,0.0,,3,2,15,0.0,0,4,1,114,3,2,30,0,2.0,1,21,3,0.0,18,0.0,0.0
1,3,2.0,35,19,1,1,2,1,269,1,0.0,0.0,,10,1,10,0.0,3,5,1,1824,1,2,30,0,2.0,1,31,13,0.0,19,0.0,0.0
1,3,2.0,3801,15,1,2,1,1,321,1,0.0,0.0,,18,1,16,0.0,3,3,1,1133,3,2,30,0,3.0,1,24,14,0.0,33,0.0,0.0
2,3,2.0,15,17,1,10,2,1,92,1,0.0,0.0,,6,1,16,0.0,3,3,6,623,3,2,30,5,2.0,1,24,14,0.0,36,0.0,0.0
1,3,2.0,3983,19,1,3,1,1,97,1,0.0,0.0,,8,1,16,0.0,3,6,1,834,0,2,30,5,2.0,1,24,14,0.0,24,0.0,0.0
2,3,2.0,7030,14,1,6,1,1,131,1,0.0,0.0,,12,2,16,0.0,2,5,1,735,3,2,10,0,2.0,1,24,3,0.0,22,0.0,0.0
1,3,2.0,5300,13,1,4,1,1,304,1,0.0,0.0,,8,2,16,0.0,3,5,1,2515,3,2,30,0,2.0,1,31,3,0.0,33,0.0,0.0
1,3,2.0,7366,11,0,4,2,1,132,1,0.0,0.0,,8,1,7,0.0,1,4,1,2423,3,2,25,0,2.0,1,24,14,0.0,34,0.0,0.0
2,3,2.0,5200,13,0,12,2,1,489,1,0.0,1.0,,1,1,16,0.0,3,5,1,2532,3,3,30,0,4.0,1,24,14,0.0,18,1.0,0.0
1,3,2.0,1717,18,1,5,1,1,79,1,0.0,0.0,,0,2,14,0.0,0,3,1,332,3,2,25,0,2.0,1,24,3,0.0,33,0.0,0.0
2,3,2.0,1003,19,0,7,2,5,321,1,0.0,1.0,,15,1,8,0.0,3,7,1,1232,3,3,30,0,1.0,1,15,14,0.0,18,1.0,0.0
2,3,2.0,7320,19,0,6,2,1,647,1,0.0,0.0,,10,2,15,0.0,2,3,1,731,3,2,30,0,2.0,1,31,3,0.0,18,0.0,0.0
2,3,1.0,3631,14,1,10,2,1,304,1,0.0,0.0,,0,2,2,0.0,3,4,1,1112,3,2,15,0,1.0,1,31,15,0.0,33,0.0,0.0
2,3,2.0,1601,14,0,9,1,5,37,1,0.0,2.0,,6,5,10,0.0,3,1,1,1234,3,4,30,0,4.0,1,16,14,0.0,18,0.0,2.0
2,3,2.0,1800,8,1,1,1,1,464,1,0.0,0.0,,8,1,10,0.0,1,4,2,1434,3,2,30,5,2.0,1,24,14,0.0,19,0.0,0.0
2,3,2.0,128,18,1,6,1,5,14,1,0.0,0.0,,8,2,7,0.0,3,6,6,522,3,2,30,5,1.0,1,24,3,0.0,21,0.0,0.0
2,3,2.0,5001,16,0,7,1,1,632,1,0.0,0.0,,8,1,0,0.0,2,4,1,923,3,2,30,0,2.0,1,24,13,0.0,5,0.0,0.0
1,3,2.0,1227,14,1,1,1,5,641,1,0.0,0.0,,8,2,7,0.0,3,5,1,2033,3,2,30,4,1.0,1,31,3,0.0,33,0.0,0.0
2,3,2.0,7320,17,1,9,2,1,256,1,0.0,0.0,,2,2,10,0.0,2,3,1,323,3,2,30,0,2.0,1,31,3,0.0,17,0.0,0.0
2,3,2.0,200,16,0,11,2,1,59,1,0.0,0.0,,6,2,0,0.0,0,2,1,224,3,2,25,0,2.0,1,24,13,0.0,18,0.0,0.0
2,3,2.0,4000,18,1,8,2,1,470,1,0.0,0.0,,8,1,15,0.0,3,6,1,1722,3,2,30,0,2.0,1,31,14,0.0,22,0.0,0.0
0,3,2.0,5300,9,1,12,1,1,381,1,0.0,0.0,,8,2,16,0.0,2,7,9,234,3,2,20,3,2.0,1,21,3,0.0,36,0.0,0.0
2,3,1.0,1376,8,1,1,2,3,92,1,0.0,0.0,,6,1,4,0.0,3,2,1,612,3,2,30,3,2.0,1,24,14,0.0,30,0.0,0.0
1,3,2.0,1,12,1,8,1,1,313,1,0.0,0.0,,2,2,15,0.0,1,4,1,1224,3,2,30,0,3.0,1,24,14,0.0,23,0.0,0.0
0,3,2.0,1951,15,1,1,2,5,335,1,0.0,0.0,,8,5,10,0.0,2,5,1,1024,3,2,30,5,7.0,1,17,3,0.0,19,0.0,0.0
1,3,2.0,300,11,1,11,2,1,215,1,0.0,0.0,,8,1,15,0.0,1,1,1,114,3,2,25,0,2.0,1,10,14,0.0,18,0.0,0.0
1,3,2.0,609,10,1,12,1,5,588,1,0.0,0.0,,17,5,7,0.0,2,3,10,123,3,2,10,4,1.0,1,24,15,0.0,25,0.0,0.0
2,3,2.0,1,13,1,9,1,1,537,1,0.0,0.0,,8,1,16,0.0,1,1,6,1122,3,2,30,5,4.0,1,15,14,0.0,18,0.0,0.0
2,3,1.0,3234,15,1,8,2,1,643,1,0.0,0.0,,0,2,2,0.0,1,6,1,1922,3,2,15,0,1.0,1,31,3,0.0,33,0.0,0.0
1,3,2.0,12000,13,1,8,1,1,313,1,0.0,0.0,,8,2,10,0.0,2,7,1,524,3,2,30,0,2.0,1,31,3,0.0,33,0.0,0.0
2,3,1.0,400,14,1,12,2,1,549,1,0.0,0.0,,8,2,2,0.0,3,4,1,925,3,2,30,0,1.0,1,31,3,0.0,33,0.0,0.0
1,3,2.0,4300,15,1,9,1,1,632,0,0.0,0.0,,8,2,15,0.0,2,3,1,922,3,2,30,0,4.0,1,24,3,0.0,25,0.0,0.0
2,3,2.0,2200,11,1,7,1,1,131,1,0.0,0.0,,8,1,10,0.0,2,5,1,1034,3,2,30,0,2.0,1,24,14,0.0,33,0.0,0.0
0,3,2.0,4800,14,1,3,1,1,204,1,0.0,0.0,,2,1,10,0.0,2,1,6,814,3,2,30,5,4.0,1,24,14,0.0,17,0.0,0.0
1,3,2.0,4655,18,1,9,1,5,489,1,0.0,0.0,,8,2,10,0.0,3,5,10,2533,5,2,25,4,2.0,1,24,3,0.0,33,0.0,0.0
2,3,1.0,5159,5,0,6,2,1,439,1,0.0,0.0,,8,1,2,0.0,3,1,1,1533,3,2,30,0,3.0,1,31,14,0.0,33,0.0,0.0
1,3,2.0,5201,21,1,9,1,5,623,1,0.0,0.0,,8,1,10,0.0,3,2,1,1522,1,2,30,0,2.0,1,31,5,0.0,19,0.0,0.0
1,3,2.0,5441,18,1,1,1,1,594,1,0.0,0.0,,8,2,7,0.0,3,5,6,1623,0,2,30,5,1.0,1,31,3,0.0,33,0.0,0.0
2,3,2.0,2585,16,1,7,1,5,207,1,0.0,0.0,,8,1,10,0.0,1,5,1,1935,3,2,30,4,2.0,1,11,14,0.0,13,0.0,0.0
2,3,2.0,11200,15,1,3,2,1,138,1,0.0,0.0,,11,1,0,0.0,2,1,1,433,3,2,25,0,6.0,1,16,13,0.0,18,0.0,0.0
0,3,2.0,6832,7,0,2,2,1,245,1,0.0,1.0,,6,1,9,0.0,3,3,1,2511,2,3,30,0,1.0,1,24,13,0.0,18,1.0,0.0
1,3,2.0,2503,11,1,4,1,1,84,1,0.0,0.0,,10,1,7,0.0,0,1,1,334,3,2,30,0,1.0,1,31,13,0.0,33,0.0,0.0
1,0,1.0,200,14,1,8,1,2,471,1,0.0,0.0,,11,2,2,0.0,3,7,1,1915,3,2,30,2,1.0,1,24,3,0.0,35,0.0,0.0
0,3,2.0,11205,21,1,7,1,1,313,1,0.0,0.0,,8,2,15,0.0,2,2,1,2233,0,2,30,0,2.0,1,24,3,0.0,33,0.0,0.0
2,3,2.0,7000,8,1,6,1,5,207,1,0.0,0.0,,8,5,0,0.0,1,7,1,2424,3,2,30,4,2.0,1,16,14,0.0,6,0.0,0.0
1,3,2.0,1327,21,0,11,2,1,5,1,0.0,1.0,,2,1,10,0.0,3,6,1,2212,1,4,30,0,2.0,1,15,14,0.0,19,0.0,1.0
0,3,2.0,7059,1,1,6,1,1,576,1,0.0,0.0,,8,2,15,0.0,2,7,1,334,4,2,30,0,2.0,0,31,3,0.0,22,0.0,0.0
2,3,2.0,5200,16,1,10,1,1,585,1,0.0,0.0,,10,2,15,0.0,1,3,6,1712,3,2,25,5,2.0,1,31,3,0.0,33,0.0,0.0
2,3,2.0,800,4,0,2,2,1,100,1,0.0,2.0,,8,1,16,0.0,0,1,1,632,1,3,25,0,0.0,1,15,14,0.0,6,2.0,0.0
2,3,2.0,3208,10,1,11,1,1,60,1,0.0,0.0,,8,2,10,0.0,3,4,1,821,3,2,30,0,2.0,1,31,14,0.0,19,0.0,0.0
2,3,2.0,6621,11,1,10,2,5,268,1,0.0,0.0,,10,2,7,0.0,2,6,6,321,3,2,30,5,1.0,1,31,3,0.0,33,0.0,0.0
2,3,2.0,5114,13,1,1,1,1,538,1,0.0,0.0,,2,2,16,0.0,2,6,1,934,3,2,30,0,2.0,1,31,3,0.0,18,0.0,0.0
2,3,2.0,732,8,1,6,1,5,103,1,0.0,0.0,,11,2,10,0.0,3,5,10,622,3,2,10,4,2.0,1,31,3,0.0,33,0.0,0.0
1,3,2.0,4346,15,1,8,1,5,41,1,0.0,0.0,,4,2,7,0.0,3,7,1,1013,3,2,30,4,2.0,1,21,3,0.0,23,0.0,0.0
2,3,2.0,5419,21,1,7,1,5,406,1,0.0,0.0,,8,2,15,0.0,2,3,10,822,1,2,20,4,2.0,1,31,3,0.0,2,0.0,0.0
2,3,2.0,2301,12,0,5,2,1,103,1,0.0,0.0,,3,2,15,0.0,3,2,6,2221,3,2,30,5,2.0,1,24,3,0.0,14,0.0,0.0
2,3,2.0,3000,12,0,6,2,1,296,1,0.0,0.0,,6,1,16,0.0,3,3,1,1414,3,2,30,0,2.0,1,24,14,0.0,33,0.0,0.0
0,3,2.0,1324,15,1,8,1,5,453,1,0.0,0.0,,17,2,15,0.0,3,3,1,1924,3,2,30,4,2.0,1,10,3,0.0,23,0.0,0.0
2,3,2.0,400,0,1,3,2,1,75,1,0.0,0.0,,2,5,16,0.0,0,4,1,312,1,2,25,0,2.0,1,24,13,0.0,33,0.0,0.0
1,3,2.0,6700,7,1,2,1,1,489,1,0.0,0.0,,8,2,16,0.0,3,5,1,2513,3,2,30,5,2.0,1,24,3,0.0,23,0.0,0.0
2,3,2.0,3935,17,1,3,1,5,41,1,0.0,0.0,,8,5,0,0.0,3,4,1,1031,3,2,30,0,3.0,1,24,13,0.0,18,0.0,0.0
1,3,2.0,9,12,1,4,1,1,506,1,0.0,0.0,,10,1,15,0.0,0,5,1,1834,3,2,30,0,3.0,1,31,14,0.0,33,0.0,0.0
1,3,2.0,1901,14,1,12,2,1,243,1,0.0,0.0,,2,1,11,0.0,3,7,1,2413,3,2,35,0,2.0,1,15,14,0.0,19,0.0,0.0
2,3,2.0,6336,19,1,7,1,5,489,1,0.0,0.0,,8,1,16,0.0,3,1,1,2513,3,2,30,0,3.0,1,24,14,0.0,24,0.0,0.0
0,3,2.0,2700,12,1,10,1,5,191,1,0.0,0.0,,12,5,7,0.0,1,2,1,2514,3,2,15,0,2.0,1,31,15,0.0,33,0.0,0.0
1,3,2.0,7034,15,1,4,2,1,569,1,0.0,0.0,,8,2,15,0.0,1,4,6,2423,3,2,30,5,2.0,1,24,3,0.0,23,0.0,0.0
0,3,2.0,5412,14,0,12,2,1,368,1,0.0,1.0,,2,2,8,0.0,2,7,1,822,3,3,30,0,0.0,1,24,3,0.0,33,1.0,0.0
2,3,2.0,5720,12,1,9,1,1,394,1,0.0,0.0,,3,2,15,0.0,2,2,1,331,1,2,30,0,2.0,1,31,3,0.0,33,0.0,0.0
1,3,2.0,6631,16,1,1,1,1,164,1,0.0,0.0,,12,2,7,0.0,1,6,1,2432,3,2,15,0,1.0,1,31,3,0.0,33,0.0,0.0
1,3,2.0,2017,11,1,10,1,1,485,1,0.0,0.0,,0,2,0,0.0,1,5,2,2512,3,2,15,0,3.0,1,31,3,0.0,18,0.0,0.0
2,3,2.0,2221,6,1,8,1,5,546,1,0.0,0.0,,10,5,7,0.0,1,4,1,1431,3,2,25,0,1.0,1,31,15,0.0,33,0.0,0.0
2,3,2.0,1120,10,1,3,2,1,270,1,0.0,0.0,,2,1,16,0.0,1,5,1,1213,3,2,30,0,2.0,1,15,5,0.0,23,0.0,0.0
1,5,2.0,2959,6,1,8,2,1,234,1,0.0,0.0,,3,1,16,0.0,2,4,1,912,3,2,30,0,2.0,1,24,14,0.0,23,0.0,0.0
1,3,2.0,8847,16,1,3,2,1,131,1,0.0,0.0,,2,2,16,0.0,2,7,2,2221,4,2,30,0,2.0,1,33,3,0.0,18,0.0,0.0
2,3,2.0,500,7,0,11,2,1,401,1,0.0,2.0,,3,5,10,0.0,1,3,1,1523,3,4,30,0,3.0,1,17,3,0.0,13,0.0,2.0
2,3,2.0,1933,6,0,4,2,1,133,1,0.0,1.0,,2,2,0,0.0,3,5,1,1212,3,1,30,5,2.0,1,15,13,1.0,18,0.0,0.0
0,3,2.0,1010,17,1,8,2,1,632,1,0.0,0.0,,3,2,7,0.0,2,7,1,1135,4,2,30,0,2.0,1,24,3,0.0,33,0.0,0.0
1,3,2.0,5324,10,1,5,1,1,64,1,0.0,0.0,,8,2,7,0.0,3,1,1,814,3,2,30,0,1.0,1,10,3,0.0,8,0.0,0.0
0,3,2.0,8700,17,1,5,1,1,648,1,0.0,0.0,,8,2,7,0.0,2,2,1,423,3,2,30,0,1.0,1,31,3,0.0,33,0.0,0.0
2,3,2.0,375,6,1,7,1,1,434,1,0.0,0.0,,3,1,15,0.0,0,3,1,114,3,2,30,0,2.0,1,24,14,0.0,23,0.0,0.0
2,3,2.0,2001,10,1,10,1,5,244,1,0.0,0.0,,10,2,7,0.0,3,5,6,1432,3,2,30,3,1.0,1,24,3,0.0,33,0.0,0.0
1,3,2.0,103,11,1,5,1,1,457,1,0.0,0.0,,12,2,7,0.0,2,1,1,114,3,2,15,0,1.0,1,10,3,0.0,17,0.0,0.0
2,3,2.0,1500,14,1,6,1,1,57,1,0.0,0.0,,8,1,16,0.0,3,2,1,924,3,2,30,0,2.0,1,24,14,0.0,33,0.0,0.0
2,3,2.0,6400,13,1,10,2,1,243,1,0.0,0.0,,11,5,16,0.0,3,5,1,1611,3,2,30,0,2.0,1,31,14,0.0,33,0.0,0.0
2,3,3.0,8305,19,0,9,2,1,648,1,0.0,1.0,,8,1,10,0.0,2,3,1,423,1,4,30,0,4.0,1,31,14,0.0,17,0.0,1.0
0,3,2.0,6530,8,1,1,1,1,590,1,0.0,0.0,,2,2,16,0.0,2,3,1,321,3,2,30,0,2.0,1,24,3,0.0,33,0.0,0.0
1,3,2.0,3014,16,1,12,1,1,407,1,0.0,0.0,,2,2,7,0.0,3,2,9,1713,1,2,30,3,1.0,1,24,3,0.0,33,0.0,0.0
2,3,1.0,730,16,0,1,2,1,191,1,0.0,0.0,,8,1,2,0.0,2,3,1,1513,3,2,30,0,1.0,1,25,14,0.0,15,0.0,0.0
1,3,2.0,1638,17,1,6,1,1,163,1,0.0,0.0,,8,2,7,0.0,2,2,1,1233,3,2,30,0,1.0,1,24,3,0.0,27,0.0,0.0
2,3,2.0,1158,14,1,11,1,5,86,1,0.0,0.0,,6,1,11,0.0,3,6,1,733,3,2,30,0,2.0,1,10,14,0.0,21,0.0,0.0
1,3,2.0,5900,7,1,8,1,1,234,1,0.0,0.0,,8,1,10,0.0,2,5,1,714,3,2,30,0,2.0,1,31,14,0.0,19,0.0,0.0
2,3,2.0,10299,16,0,8,2,1,537,1,0.0,1.0,,3,1,3,0.0,2,1,1,2211,3,3,30,0,2.0,1,16,14,0.0,23,1.0,0.0
2,3,2.0,5757,15,1,7,1,1,569,1,0.0,0.0,,8,2,15,0.0,1,4,1,2022,3,2,30,0,2.0,1,24,3,0.0,22,0.0,0.0
1,3,2.0,10221,12,1,8,1,1,195,1,0.0,0.0,,8,2,7,0.0,2,5,1,2213,3,2,30,0,1.0,1,31,3,0.0,33,0.0,0.0
2,3,2.0,300,13,1,12,1,5,457,1,0.0,0.0,,3,5,10,0.0,1,2,1,111,3,2,30,0,2.0,1,31,14,0.0,19,0.0,0.0
0,3,2.0,7098,3,1,8,1,1,362,1,0.0,0.0,,8,1,15,0.0,2,1,1,332,4,2,30,0,2.0,1,31,3,0.0,22,0.0,0.0
0,3,2.0,1632,15,1,5,2,1,111,1,0.0,0.0,,2,2,15,0.0,0,6,1,413,3,2,30,0,4.0,0,24,3,0.0,22,0.0,0.0
1,3,2.0,3200,12,1,5,1,1,191,1,0.0,0.0,,8,1,8,0.0,1,6,1,1633,3,2,30,0,2.0,1,31,14,0.0,33,0.0,0.0
1,3,2.0,3400,12,1,8,1,5,296,1,0.0,0.0,,8,1,10,0.0,3,2,10,1413,5,2,30,4,2.0,1,24,14,0.0,33,0.0,0.0
