id,title,description,category,price,discountPercentage,rating,stock,tags,brand,sku,weight,warrantyInformation,shippingInformation,availabilityStatus,reviews,returnPolicy,minimumOrderQuantity,images,thumbnail,dimensions.width,dimensions.height,dimensions.depth,meta.createdAt,meta.updatedAt,meta.barcode,meta.qrCode
1,Essence Mascara Lash Princess,The Essence Mascara Lash Princess is a popular mascara known for its volumizing and lengthening effects. Achieve dramatic lashes with this long-lasting and cruelty-free formula.,beauty,9.99,10.48,2.56,99,"['beauty', 'mascara']",Essence,BEA-ESS-ESS-001,4,1 week warranty,Ships in 3-5 business days,In Stock,"[{'rating': 3, 'comment': 'Would not recommend!', 'date': '2025-04-30T09:41:02.053Z', 'reviewerName': 'Eleanor Collins', 'reviewerEmail': 'eleanor.collins@x.dummyjson.com'}, {'rating': 4, 'comment': 'Very satisfied!', 'date': '2025-04-30T09:41:02.053Z', 'reviewerName': 'Lucas Gordon', 'reviewerEmail': 'lucas.gordon@x.dummyjson.com'}, {'rating': 5, 'comment': 'Highly impressed!', 'date': '2025-04-30T09:41:02.053Z', 'reviewerName': 'Eleanor Collins', 'reviewerEmail': 'eleanor.collins@x.dummyjson.com'}]",No return policy,48,['https://cdn.dummyjson.com/product-images/beauty/essence-mascara-lash-princess/1.webp'],https://cdn.dummyjson.com/product-images/beauty/essence-mascara-lash-princess/thumbnail.webp,15.14,13.08,22.99,2025-04-30T09:41:02.053Z,2025-04-30T09:41:02.053Z,5784719087687,https://cdn.dummyjson.com/public/qr-code.png
2,Eyeshadow Palette with Mirror,"The Eyeshadow Palette with Mirror offers a versatile range of eyeshadow shades for creating stunning eye looks. With a built-in mirror, it's convenient for on-the-go makeup application.",beauty,19.99,18.19,2.86,34,"['beauty', 'eyeshadow']",Glamour Beauty,BEA-GLA-EYE-002,9,1 year warranty,Ships in 2 weeks,In Stock,"[{'rating': 5, 'comment': 'Great product!', 'date': '2025-04-30T09:41:02.053Z', 'reviewerName': 'Savannah Gomez', 'reviewerEmail': 'savannah.gomez@x.dummyjson.com'}, {'rating': 4, 'comment': 'Awesome product!', 'date': '2025-04-30T09:41:02.053Z', 'reviewerName': 'Christian Perez', 'reviewerEmail': 'christian.perez@x.dummyjson.com'}, {'rating': 1, 'comment': 'Poor quality!', 'date': '2025-04-30T09:41:02.053Z', 'reviewerName': 'Nicholas Bailey', 'reviewerEmail': 'nicholas.bailey@x.dummyjson.com'}]",7 days return policy,20,['https://cdn.dummyjson.com/product-images/beauty/eyeshadow-palette-with-mirror/1.webp'],https://cdn.dummyjson.com/product-images/beauty/eyeshadow-palette-with-mirror/thumbnail.webp,9.26,22.47,27.67,2025-04-30T09:41:02.053Z,2025-04-30T09:41:02.053Z,9170275171413,https://cdn.dummyjson.com/public/qr-code.png
3,Powder Canister,"The Powder Canister is a finely milled setting powder designed to set makeup and control shine. With a lightweight and translucent formula, it provides a smooth and matte finish.",beauty,14.99,9.84,4.64,89,"['beauty', 'face powder']",Velvet Touch,BEA-VEL-POW-003,8,3 months warranty,Ships in 1-2 business days,In Stock,"[{'rating': 4, 'comment': 'Would buy again!', 'date': '2025-04-30T09:41:02.053Z', 'reviewerName': 'Alexander Jones', 'reviewerEmail': 'alexander.jones@x.dummyjson.com'}, {'rating': 5, 'comment': 'Highly impressed!', 'date': '2025-04-30T09:41:02.053Z', 'reviewerName': 'Elijah Cruz', 'reviewerEmail': 'elijah.cruz@x.dummyjson.com'}, {'rating': 1, 'comment': 'Very dissatisfied!', 'date': '2025-04-30T09:41:02.053Z', 'reviewerName': 'Avery Perez', 'reviewerEmail': 'avery.perez@x.dummyjson.com'}]",No return policy,22,['https://cdn.dummyjson.com/product-images/beauty/powder-canister/1.webp'],https://cdn.dummyjson.com/product-images/beauty/powder-canister/thumbnail.webp,29.27,27.93,20.59,2025-04-30T09:41:02.053Z,2025-04-30T09:41:02.053Z,8418883906837,https://cdn.dummyjson.com/public/qr-code.png
4,Red Lipstick,"The Red Lipstick is a classic and bold choice for adding a pop of color to your lips. With a creamy and pigmented formula, it provides a vibrant and long-lasting finish.",beauty,12.99,12.16,4.36,91,"['beauty', 'lipstick']",Chic Cosmetics,BEA-CHI-LIP-004,1,3 year warranty,Ships in 1 week,In Stock,"[{'rating': 4, 'comment': 'Great product!', 'date': '2025-04-30T09:41:02.053Z', 'reviewerName': 'Liam Garcia', 'reviewerEmail': 'liam.garcia@x.dummyjson.com'}, {'rating': 5, 'comment': 'Great product!', 'date': '2025-04-30T09:41:02.053Z', 'reviewerName': 'Ruby Andrews', 'reviewerEmail': 'ruby.andrews@x.dummyjson.com'}, {'rating': 5, 'comment': 'Would buy again!', 'date': '2025-04-30T09:41:02.053Z', 'reviewerName': 'Clara Berry', 'reviewerEmail': 'clara.berry@x.dummyjson.com'}]",7 days return policy,40,['https://cdn.dummyjson.com/product-images/beauty/red-lipstick/1.webp'],https://cdn.dummyjson.com/product-images/beauty/red-lipstick/thumbnail.webp,18.11,28.38,22.17,2025-04-30T09:41:02.053Z,2025-04-30T09:41:02.053Z,9467746727219,https://cdn.dummyjson.com/public/qr-code.png
5,Red Nail Polish,"The Red Nail Polish offers a rich and glossy red hue for vibrant and polished nails. With a quick-drying formula, it provides a salon-quality finish at home.",beauty,8.99,11.44,4.32,79,"['beauty', 'nail polish']",Nail Couture,BEA-NAI-NAI-005,8,1 month warranty,Ships overnight,In Stock,"[{'rating': 2, 'comment': 'Poor quality!', 'date': '2025-04-30T09:41:02.053Z', 'reviewerName': 'Benjamin Wilson', 'reviewerEmail': 'benjamin.wilson@x.dummyjson.com'}, {'rating': 5, 'comment': 'Great product!', 'date': '2025-04-30T09:41:02.053Z', 'reviewerName': 'Liam Smith', 'reviewerEmail': 'liam.smith@x.dummyjson.com'}, {'rating': 1, 'comment': 'Very unhappy with my purchase!', 'date': '2025-04-30T09:41:02.053Z', 'reviewerName': 'Clara Berry', 'reviewerEmail': 'clara.berry@x.dummyjson.com'}]",No return policy,22,['https://cdn.dummyjson.com/product-images/beauty/red-nail-polish/1.webp'],https://cdn.dummyjson.com/product-images/beauty/red-nail-polish/thumbnail.webp,21.63,16.48,29.84,2025-04-30T09:41:02.053Z,2025-04-30T09:41:02.053Z,4063010628104,https://cdn.dummyjson.com/public/qr-code.png
6,Calvin Klein CK One,"CK One by Calvin Klein is a classic unisex fragrance, known for its fresh and clean scent. It's a versatile fragrance suitable for everyday wear.",fragrances,49.99,1.89,4.37,29,"['fragrances', 'perfumes']",Calvin Klein,FRA-CAL-CAL-006,7,1 week warranty,Ships overnight,In Stock,"[{'rating': 2, 'comment': 'Very disappointed!', 'date': '2025-04-30T09:41:02.053Z', 'reviewerName': 'Layla Young', 'reviewerEmail': 'layla.young@x.dummyjson.com'}, {'rating': 4, 'comment': 'Fast shipping!', 'date': '2025-04-30T09:41:02.053Z', 'reviewerName': 'Daniel Cook', 'reviewerEmail': 'daniel.cook@x.dummyjson.com'}, {'rating': 3, 'comment': 'Not as described!', 'date': '2025-04-30T09:41:02.053Z', 'reviewerName': 'Jacob Cooper', 'reviewerEmail': 'jacob.cooper@x.dummyjson.com'}]",90 days return policy,9,"['https://cdn.dummyjson.com/product-images/fragrances/calvin-klein-ck-one/1.webp', 'https://cdn.dummyjson.com/product-images/fragrances/calvin-klein-ck-one/2.webp', 'https://cdn.dummyjson.com/product-images/fragrances/calvin-klein-ck-one/3.webp']",https://cdn.dummyjson.com/product-images/fragrances/calvin-klein-ck-one/thumbnail.webp,29.36,27.76,20.72,2025-04-30T09:41:02.053Z,2025-04-30T09:41:02.053Z,2451534060749,https://cdn.dummyjson.com/public/qr-code.png
7,Chanel Coco Noir Eau De,"Coco Noir by Chanel is an elegant and mysterious fragrance, featuring notes of grapefruit, rose, and sandalwood. Perfect for evening occasions.",fragrances,129.99,16.51,4.26,58,"['fragrances', 'perfumes']",Chanel,FRA-CHA-CHA-007,7,3 year warranty,Ships overnight,In Stock,"[{'rating': 4, 'comment': 'Highly impressed!', 'date': '2025-04-30T09:41:02.053Z', 'reviewerName': 'Ruby Andrews', 'reviewerEmail': 'ruby.andrews@x.dummyjson.com'}, {'rating': 5, 'comment': 'Awesome product!', 'date': '2025-04-30T09:41:02.053Z', 'reviewerName': 'Leah Henderson', 'reviewerEmail': 'leah.henderson@x.dummyjson.com'}, {'rating': 5, 'comment': 'Very happy with my purchase!', 'date': '2025-04-30T09:41:02.053Z', 'reviewerName': 'Xavier Wright', 'reviewerEmail': 'xavier.wright@x.dummyjson.com'}]",No return policy,1,"['https://cdn.dummyjson.com/product-images/fragrances/chanel-coco-noir-eau-de/1.webp', 'https://cdn.dummyjson.com/product-images/fragrances/chanel-coco-noir-eau-de/2.webp', 'https://cdn.dummyjson.com/product-images/fragrances/chanel-coco-noir-eau-de/3.webp']",https://cdn.dummyjson.com/product-images/fragrances/chanel-coco-noir-eau-de/thumbnail.webp,24.5,25.7,25.98,2025-04-30T09:41:02.053Z,2025-04-30T09:41:02.053Z,4091737746820,https://cdn.dummyjson.com/public/qr-code.png
8,Dior J'adore,"J'adore by Dior is a luxurious and floral fragrance, known for its blend of ylang-ylang, rose, and jasmine. It embodies femininity and sophistication.",fragrances,89.99,14.72,3.8,98,"['fragrances', 'perfumes']",Dior,FRA-DIO-DIO-008,4,1 week warranty,Ships in 2 weeks,In Stock,"[{'rating': 5, 'comment': 'Great value for money!', 'date': '2025-04-30T09:41:02.053Z', 'reviewerName': 'Nicholas Bailey', 'reviewerEmail': 'nicholas.bailey@x.dummyjson.com'}, {'rating': 4, 'comment': 'Great value for money!', 'date': '2025-04-30T09:41:02.053Z', 'reviewerName': 'Penelope Harper', 'reviewerEmail': 'penelope.harper@x.dummyjson.com'}, {'rating': 4, 'comment': 'Great product!', 'date': '2025-04-30T09:41:02.053Z', 'reviewerName': 'Emma Miller', 'reviewerEmail': 'emma.miller@x.dummyjson.com'}]",7 days return policy,10,"[""https://cdn.dummyjson.com/product-images/fragrances/dior-j'adore/1.webp"", ""https://cdn.dummyjson.com/product-images/fragrances/dior-j'adore/2.webp"", ""https://cdn.dummyjson.com/product-images/fragrances/dior-j'adore/3.webp""]",https://cdn.dummyjson.com/product-images/fragrances/dior-j'adore/thumbnail.webp,27.67,28.28,11.83,2025-04-30T09:41:02.053Z,2025-04-30T09:41:02.053Z,1445086097250,https://cdn.dummyjson.com/public/qr-code.png
9,Dolce Shine Eau de,"Dolce Shine by Dolce & Gabbana is a vibrant and fruity fragrance, featuring notes of mango, jasmine, and blonde woods. It's a joyful and youthful scent.",fragrances,69.99,0.62,3.96,4,"['fragrances', 'perfumes']",Dolce & Gabbana,FRA-DOL-DOL-009,6,3 year warranty,Ships in 1 month,Low Stock,"[{'rating': 4, 'comment': 'Would buy again!', 'date': '2025-04-30T09:41:02.053Z', 'reviewerName': 'Mateo Bennett', 'reviewerEmail': 'mateo.bennett@x.dummyjson.com'}, {'rating': 4, 'comment': 'Highly recommended!', 'date': '2025-04-30T09:41:02.053Z', 'reviewerName': 'Nolan Gonzalez', 'reviewerEmail': 'nolan.gonzalez@x.dummyjson.com'}, {'rating': 5, 'comment': 'Very happy with my purchase!', 'date': '2025-04-30T09:41:02.053Z', 'reviewerName': 'Aurora Lawson', 'reviewerEmail': 'aurora.lawson@x.dummyjson.com'}]",7 days return policy,2,"['https://cdn.dummyjson.com/product-images/fragrances/dolce-shine-eau-de/1.webp', 'https://cdn.dummyjson.com/product-images/fragrances/dolce-shine-eau-de/2.webp', 'https://cdn.dummyjson.com/product-images/fragrances/dolce-shine-eau-de/3.webp']",https://cdn.dummyjson.com/product-images/fragrances/dolce-shine-eau-de/thumbnail.webp,27.28,29.88,18.3,2025-04-30T09:41:02.053Z,2025-04-30T09:41:02.053Z,3023868210708,https://cdn.dummyjson.com/public/qr-code.png
10,Gucci Bloom Eau de,"Gucci Bloom by Gucci is a floral and captivating fragrance, with notes of tuberose, jasmine, and Rangoon creeper. It's a modern and romantic scent.",fragrances,79.99,14.39,2.74,91,"['fragrances', 'perfumes']",Gucci,FRA-GUC-GUC-010,7,6 months warranty,Ships overnight,In Stock,"[{'rating': 1, 'comment': 'Very dissatisfied!', 'date': '2025-04-30T09:41:02.053Z', 'reviewerName': 'Cameron Perez', 'reviewerEmail': 'cameron.perez@x.dummyjson.com'}, {'rating': 5, 'comment': 'Very happy with my purchase!', 'date': '2025-04-30T09:41:02.053Z', 'reviewerName': 'Daniel Cook', 'reviewerEmail': 'daniel.cook@x.dummyjson.com'}, {'rating': 4, 'comment': 'Highly impressed!', 'date': '2025-04-30T09:41:02.053Z', 'reviewerName': 'Addison Wright', 'reviewerEmail': 'addison.wright@x.dummyjson.com'}]",No return policy,2,"['https://cdn.dummyjson.com/product-images/fragrances/gucci-bloom-eau-de/1.webp', 'https://cdn.dummyjson.com/product-images/fragrances/gucci-bloom-eau-de/2.webp', 'https://cdn.dummyjson.com/product-images/fragrances/gucci-bloom-eau-de/3.webp']",https://cdn.dummyjson.com/product-images/fragrances/gucci-bloom-eau-de/thumbnail.webp,20.92,21.68,11.2,2025-04-30T09:41:02.053Z,2025-04-30T09:41:02.053Z,3170832177880,https://cdn.dummyjson.com/public/qr-code.png
11,Annibale Colombo Bed,"The Annibale Colombo Bed is a luxurious and elegant bed frame, crafted with high-quality materials for a comfortable and stylish bedroom.",furniture,1899.99,8.57,4.77,88,"['furniture', 'beds']",Annibale Colombo,FUR-ANN-ANN-011,10,1 year warranty,Ships in 1 month,In Stock,"[{'rating': 2, 'comment': 'Would not recommend!', 'date': '2025-04-30T09:41:02.053Z', 'reviewerName': 'Christopher West', 'reviewerEmail': 'christopher.west@x.dummyjson.com'}, {'rating': 4, 'comment': 'Highly impressed!', 'date': '2025-04-30T09:41:02.053Z', 'reviewerName': 'Vivian Carter', 'reviewerEmail': 'vivian.carter@x.dummyjson.com'}, {'rating': 1, 'comment': 'Poor quality!', 'date': '2025-04-30T09:41:02.053Z', 'reviewerName': 'Mason Wright', 'reviewerEmail': 'mason.wright@x.dummyjson.com'}]",No return policy,1,"['https://cdn.dummyjson.com/product-images/furniture/annibale-colombo-bed/1.webp', 'https://cdn.dummyjson.com/product-images/furniture/annibale-colombo-bed/2.webp', 'https://cdn.dummyjson.com/product-images/furniture/annibale-colombo-bed/3.webp']",https://cdn.dummyjson.com/product-images/furniture/annibale-colombo-bed/thumbnail.webp,28.16,25.36,17.28,2025-04-30T09:41:02.053Z,2025-04-30T09:41:02.053Z,3610757456581,https://cdn.dummyjson.com/public/qr-code.png
12,Annibale Colombo Sofa,"The Annibale Colombo Sofa is a sophisticated and comfortable seating option, featuring exquisite design and premium upholstery for your living room.",furniture,2499.99,14.4,3.92,60,"['furniture', 'sofas']",Annibale Colombo,FUR-ANN-ANN-012,6,Lifetime warranty,Ships in 1 week,In Stock,"[{'rating': 3, 'comment': 'Very unhappy with my purchase!', 'date': '2025-04-30T09:41:02.053Z', 'reviewerName': 'Christian Perez', 'reviewerEmail': 'christian.perez@x.dummyjson.com'}, {'rating': 5, 'comment': 'Fast shipping!', 'date': '2025-04-30T09:41:02.053Z', 'reviewerName': 'Lillian Bishop', 'reviewerEmail': 'lillian.bishop@x.dummyjson.com'}, {'rating': 1, 'comment': 'Poor quality!', 'date': '2025-04-30T09:41:02.053Z', 'reviewerName': 'Lillian Simmons', 'reviewerEmail': 'lillian.simmons@x.dummyjson.com'}]",7 days return policy,1,"['https://cdn.dummyjson.com/product-images/furniture/annibale-colombo-sofa/1.webp', 'https://cdn.dummyjson.com/product-images/furniture/annibale-colombo-sofa/2.webp', 'https://cdn.dummyjson.com/product-images/furniture/annibale-colombo-sofa/3.webp']",https://cdn.dummyjson.com/product-images/furniture/annibale-colombo-sofa/thumbnail.webp,12.75,20.55,19.06,2025-04-30T09:41:02.053Z,2025-04-30T09:41:02.053Z,1777662847736,https://cdn.dummyjson.com/public/qr-code.png
13,Bedside Table African Cherry,"The Bedside Table in African Cherry is a stylish and functional addition to your bedroom, providing convenient storage space and a touch of elegance.",furniture,299.99,19.09,2.87,64,"['furniture', 'bedside tables']",Furniture Co.,FUR-FUR-BED-013,2,5 year warranty,Ships overnight,In Stock,"[{'rating': 4, 'comment': 'Excellent quality!', 'date': '2025-04-30T09:41:02.053Z', 'reviewerName': 'Aaliyah Hanson', 'reviewerEmail': 'aaliyah.hanson@x.dummyjson.com'}, {'rating': 4, 'comment': 'Excellent quality!', 'date': '2025-04-30T09:41:02.053Z', 'reviewerName': 'Liam Smith', 'reviewerEmail': 'liam.smith@x.dummyjson.com'}, {'rating': 4, 'comment': 'Highly recommended!', 'date': '2025-04-30T09:41:02.053Z', 'reviewerName': 'Avery Barnes', 'reviewerEmail': 'avery.barnes@x.dummyjson.com'}]",7 days return policy,3,"['https://cdn.dummyjson.com/product-images/furniture/bedside-table-african-cherry/1.webp', 'https://cdn.dummyjson.com/product-images/furniture/bedside-table-african-cherry/2.webp', 'https://cdn.dummyjson.com/product-images/furniture/bedside-table-african-cherry/3.webp']",https://cdn.dummyjson.com/product-images/furniture/bedside-table-african-cherry/thumbnail.webp,13.47,24.99,27.35,2025-04-30T09:41:02.053Z,2025-04-30T09:41:02.053Z,6441287925979,https://cdn.dummyjson.com/public/qr-code.png
14,Knoll Saarinen Executive Conference Chair,"The Knoll Saarinen Executive Conference Chair is a modern and ergonomic chair, perfect for your office or conference room with its timeless design.",furniture,499.99,2.01,4.88,26,"['furniture', 'office chairs']",Knoll,FUR-KNO-KNO-014,10,2 year warranty,Ships overnight,In Stock,"[{'rating': 2, 'comment': 'Waste of money!', 'date': '2025-04-30T09:41:02.053Z', 'reviewerName': 'Ella Cook', 'reviewerEmail': 'ella.cook@x.dummyjson.com'}, {'rating': 2, 'comment': 'Very dissatisfied!', 'date': '2025-04-30T09:41:02.053Z', 'reviewerName': 'Clara Berry', 'reviewerEmail': 'clara.berry@x.dummyjson.com'}, {'rating': 5, 'comment': 'Would buy again!', 'date': '2025-04-30T09:41:02.053Z', 'reviewerName': 'Elena Long', 'reviewerEmail': 'elena.long@x.dummyjson.com'}]",60 days return policy,5,"['https://cdn.dummyjson.com/product-images/furniture/knoll-saarinen-executive-conference-chair/1.webp', 'https://cdn.dummyjson.com/product-images/furniture/knoll-saarinen-executive-conference-chair/2.webp', 'https://cdn.dummyjson.com/product-images/furniture/knoll-saarinen-executive-conference-chair/3.webp']",https://cdn.dummyjson.com/product-images/furniture/knoll-saarinen-executive-conference-chair/thumbnail.webp,13.81,7.5,5.62,2025-04-30T09:41:02.053Z,2025-04-30T09:41:02.053Z,8919386859966,https://cdn.dummyjson.com/public/qr-code.png
15,Wooden Bathroom Sink With Mirror,"The Wooden Bathroom Sink with Mirror is a unique and stylish addition to your bathroom, featuring a wooden sink countertop and a matching mirror.",furniture,799.99,8.8,3.59,7,"['furniture', 'bathroom']",Bath Trends,FUR-BAT-WOO-015,10,3 year warranty,Ships in 3-5 business days,Low Stock,"[{'rating': 4, 'comment': 'Fast shipping!', 'date': '2025-04-30T09:41:02.053Z', 'reviewerName': 'Logan Torres', 'reviewerEmail': 'logan.torres@x.dummyjson.com'}, {'rating': 5, 'comment': 'Very pleased!', 'date': '2025-04-30T09:41:02.053Z', 'reviewerName': 'Aria Parker', 'reviewerEmail': 'aria.parker@x.dummyjson.com'}, {'rating': 3, 'comment': 'Poor quality!', 'date': '2025-04-30T09:41:02.053Z', 'reviewerName': 'Dylan Wells', 'reviewerEmail': 'dylan.wells@x.dummyjson.com'}]",60 days return policy,2,"['https://cdn.dummyjson.com/product-images/furniture/wooden-bathroom-sink-with-mirror/1.webp', 'https://cdn.dummyjson.com/product-images/furniture/wooden-bathroom-sink-with-mirror/2.webp', 'https://cdn.dummyjson.com/product-images/furniture/wooden-bathroom-sink-with-mirror/3.webp']",https://cdn.dummyjson.com/product-images/furniture/wooden-bathroom-sink-with-mirror/thumbnail.webp,7.98,8.88,28.46,2025-04-30T09:41:02.053Z,2025-04-30T09:41:02.053Z,1958104402873,https://cdn.dummyjson.com/public/qr-code.png
16,Apple,"Fresh and crisp apples, perfect for snacking or incorporating into various recipes.",groceries,1.99,12.62,4.19,8,['fruits'],,GRO-BRD-APP-016,9,3 year warranty,Ships in 2 weeks,In Stock,"[{'rating': 5, 'comment': 'Very satisfied!', 'date': '2025-04-30T09:41:02.053Z', 'reviewerName': 'Sophia Brown', 'reviewerEmail': 'sophia.brown@x.dummyjson.com'}, {'rating': 1, 'comment': 'Very dissatisfied!', 'date': '2025-04-30T09:41:02.053Z', 'reviewerName': 'Scarlett Bowman', 'reviewerEmail': 'scarlett.bowman@x.dummyjson.com'}, {'rating': 3, 'comment': 'Very unhappy with my purchase!', 'date': '2025-04-30T09:41:02.053Z', 'reviewerName': 'William Gonzalez', 'reviewerEmail': 'william.gonzalez@x.dummyjson.com'}]",90 days return policy,7,['https://cdn.dummyjson.com/product-images/groceries/apple/1.webp'],https://cdn.dummyjson.com/product-images/groceries/apple/thumbnail.webp,13.66,11.01,9.73,2025-04-30T09:41:02.053Z,2025-04-30T09:41:02.053Z,7962803553314,https://cdn.dummyjson.com/public/qr-code.png
17,Beef Steak,"High-quality beef steak, great for grilling or cooking to your preferred level of doneness.",groceries,12.99,9.61,4.47,86,['meat'],,GRO-BRD-BEE-017,10,3 year warranty,Ships overnight,In Stock,"[{'rating': 3, 'comment': 'Would not recommend!', 'date': '2025-04-30T09:41:02.053Z', 'reviewerName': 'Eleanor Tyler', 'reviewerEmail': 'eleanor.tyler@x.dummyjson.com'}, {'rating': 4, 'comment': 'Fast shipping!', 'date': '2025-04-30T09:41:02.053Z', 'reviewerName': 'Alexander Jones', 'reviewerEmail': 'alexander.jones@x.dummyjson.com'}, {'rating': 5, 'comment': 'Great value for money!', 'date': '2025-04-30T09:41:02.053Z', 'reviewerName': 'Natalie Harris', 'reviewerEmail': 'natalie.harris@x.dummyjson.com'}]",60 days return policy,43,['https://cdn.dummyjson.com/product-images/groceries/beef-steak/1.webp'],https://cdn.dummyjson.com/product-images/groceries/beef-steak/thumbnail.webp,18.9,5.77,18.57,2025-04-30T09:41:02.053Z,2025-04-30T09:41:02.053Z,5640063409695,https://cdn.dummyjson.com/public/qr-code.png
18,Cat Food,Nutritious cat food formulated to meet the dietary needs of your feline friend.,groceries,8.99,9.58,3.13,46,"['pet supplies', 'cat food']",,GRO-BRD-FOO-018,10,1 year warranty,Ships overnight,In Stock,"[{'rating': 3, 'comment': 'Would not recommend!', 'date': '2025-04-30T09:41:02.053Z', 'reviewerName': 'Noah Lewis', 'reviewerEmail': 'noah.lewis@x.dummyjson.com'}, {'rating': 3, 'comment': 'Very unhappy with my purchase!', 'date': '2025-04-30T09:41:02.053Z', 'reviewerName': 'Ruby Andrews', 'reviewerEmail': 'ruby.andrews@x.dummyjson.com'}, {'rating': 2, 'comment': 'Very disappointed!', 'date': '2025-04-30T09:41:02.053Z', 'reviewerName': 'Ethan Thompson', 'reviewerEmail': 'ethan.thompson@x.dummyjson.com'}]",No return policy,18,['https://cdn.dummyjson.com/product-images/groceries/cat-food/1.webp'],https://cdn.dummyjson.com/product-images/groceries/cat-food/thumbnail.webp,18.08,9.26,21.86,2025-04-30T09:41:02.053Z,2025-04-30T09:41:02.053Z,1483991328610,https://cdn.dummyjson.com/public/qr-code.png
19,Chicken Meat,"Fresh and tender chicken meat, suitable for various culinary preparations.",groceries,9.99,13.7,3.19,97,['meat'],,GRO-BRD-CHI-019,1,1 year warranty,Ships in 1 month,In Stock,"[{'rating': 5, 'comment': 'Great product!', 'date': '2025-04-30T09:41:02.053Z', 'reviewerName': 'Mateo Bennett', 'reviewerEmail': 'mateo.bennett@x.dummyjson.com'}, {'rating': 4, 'comment': 'Highly recommended!', 'date': '2025-04-30T09:41:02.053Z', 'reviewerName': 'Jackson Evans', 'reviewerEmail': 'jackson.evans@x.dummyjson.com'}, {'rating': 3, 'comment': 'Not worth the price!', 'date': '2025-04-30T09:41:02.053Z', 'reviewerName': 'Sadie Morales', 'reviewerEmail': 'sadie.morales@x.dummyjson.com'}]",7 days return policy,22,"['https://cdn.dummyjson.com/product-images/groceries/chicken-meat/1.webp', 'https://cdn.dummyjson.com/product-images/groceries/chicken-meat/2.webp']",https://cdn.dummyjson.com/product-images/groceries/chicken-meat/thumbnail.webp,11.03,22.11,16.01,2025-04-30T09:41:02.053Z,2025-04-30T09:41:02.053Z,8829514594521,https://cdn.dummyjson.com/public/qr-code.png
20,Cooking Oil,"Versatile cooking oil suitable for frying, sautéing, and various culinary applications.",groceries,4.99,9.33,4.8,10,['cooking essentials'],,GRO-BRD-COO-020,5,Lifetime warranty,Ships in 1-2 business days,In Stock,"[{'rating': 5, 'comment': 'Very happy with my purchase!', 'date': '2025-04-30T09:41:02.053Z', 'reviewerName': 'Victoria McDonald', 'reviewerEmail': 'victoria.mcdonald@x.dummyjson.com'}, {'rating': 2, 'comment': 'Would not recommend!', 'date': '2025-04-30T09:41:02.053Z', 'reviewerName': 'Hazel Evans', 'reviewerEmail': 'hazel.evans@x.dummyjson.com'}, {'rating': 5, 'comment': 'Would buy again!', 'date': '2025-04-30T09:41:02.053Z', 'reviewerName': 'Zoe Bennett', 'reviewerEmail': 'zoe.bennett@x.dummyjson.com'}]",30 days return policy,46,['https://cdn.dummyjson.com/product-images/groceries/cooking-oil/1.webp'],https://cdn.dummyjson.com/product-images/groceries/cooking-oil/thumbnail.webp,19.95,27.54,24.86,2025-04-30T09:41:02.053Z,2025-04-30T09:41:02.053Z,4874727824518,https://cdn.dummyjson.com/public/qr-code.png
21,Cucumber,"Crisp and hydrating cucumbers, ideal for salads, snacks, or as a refreshing side.",groceries,1.49,0.16,4.07,84,['vegetables'],,GRO-BRD-CUC-021,4,2 year warranty,Ships in 1-2 business days,In Stock,"[{'rating': 4, 'comment': 'Great product!', 'date': '2025-04-30T09:41:02.053Z', 'reviewerName': 'Lincoln Kelly', 'reviewerEmail': 'lincoln.kelly@x.dummyjson.com'}, {'rating': 4, 'comment': 'Great value for money!', 'date': '2025-04-30T09:41:02.053Z', 'reviewerName': 'Savannah Gomez', 'reviewerEmail': 'savannah.gomez@x.dummyjson.com'}, {'rating': 2, 'comment': 'Poor quality!', 'date': '2025-04-30T09:41:02.053Z', 'reviewerName': 'James Davis', 'reviewerEmail': 'james.davis@x.dummyjson.com'}]",7 days return policy,2,['https://cdn.dummyjson.com/product-images/groceries/cucumber/1.webp'],https://cdn.dummyjson.com/product-images/groceries/cucumber/thumbnail.webp,12.8,28.38,21.34,2025-04-30T09:41:02.053Z,2025-04-30T09:41:02.053Z,5300066378225,https://cdn.dummyjson.com/public/qr-code.png
22,Dog Food,Specially formulated dog food designed to provide essential nutrients for your canine companion.,groceries,10.99,10.27,4.55,71,"['pet supplies', 'dog food']",,GRO-BRD-FOO-022,10,No warranty,Ships in 1-2 business days,In Stock,"[{'rating': 5, 'comment': 'Excellent quality!', 'date': '2025-04-30T09:41:02.053Z', 'reviewerName': 'Nicholas Edwards', 'reviewerEmail': 'nicholas.edwards@x.dummyjson.com'}, {'rating': 5, 'comment': 'Awesome product!', 'date': '2025-04-30T09:41:02.053Z', 'reviewerName': 'Zachary Lee', 'reviewerEmail': 'zachary.lee@x.dummyjson.com'}, {'rating': 4, 'comment': 'Great product!', 'date': '2025-04-30T09:41:02.053Z', 'reviewerName': 'Nova Cooper', 'reviewerEmail': 'nova.cooper@x.dummyjson.com'}]",60 days return policy,43,['https://cdn.dummyjson.com/product-images/groceries/dog-food/1.webp'],https://cdn.dummyjson.com/product-images/groceries/dog-food/thumbnail.webp,16.93,27.15,9.29,2025-04-30T09:41:02.053Z,2025-04-30T09:41:02.053Z,5906686116469,https://cdn.dummyjson.com/public/qr-code.png
23,Eggs,"Fresh eggs, a versatile ingredient for baking, cooking, or breakfast.",groceries,2.99,11.05,2.53,9,['dairy'],,GRO-BRD-EGG-023,2,1 week warranty,Ships in 1 week,In Stock,"[{'rating': 3, 'comment': 'Disappointing product!', 'date': '2025-04-30T09:41:02.053Z', 'reviewerName': 'Penelope King', 'reviewerEmail': 'penelope.king@x.dummyjson.com'}, {'rating': 3, 'comment': 'Poor quality!', 'date': '2025-04-30T09:41:02.053Z', 'reviewerName': 'Eleanor Tyler', 'reviewerEmail': 'eleanor.tyler@x.dummyjson.com'}, {'rating': 4, 'comment': 'Very pleased!', 'date': '2025-04-30T09:41:02.053Z', 'reviewerName': 'Benjamin Foster', 'reviewerEmail': 'benjamin.foster@x.dummyjson.com'}]",No return policy,32,['https://cdn.dummyjson.com/product-images/groceries/eggs/1.webp'],https://cdn.dummyjson.com/product-images/groceries/eggs/thumbnail.webp,11.42,7.44,16.95,2025-04-30T09:41:02.053Z,2025-04-30T09:41:02.053Z,3478638588469,https://cdn.dummyjson.com/public/qr-code.png
24,Fish Steak,"Quality fish steak, suitable for grilling, baking, or pan-searing.",groceries,14.99,4.23,3.78,74,['seafood'],,GRO-BRD-FIS-024,6,1 month warranty,Ships in 3-5 business days,In Stock,"[{'rating': 2, 'comment': 'Would not buy again!', 'date': '2025-04-30T09:41:02.053Z', 'reviewerName': 'Caleb Perkins', 'reviewerEmail': 'caleb.perkins@x.dummyjson.com'}, {'rating': 5, 'comment': 'Excellent quality!', 'date': '2025-04-30T09:41:02.053Z', 'reviewerName': 'Isabella Jackson', 'reviewerEmail': 'isabella.jackson@x.dummyjson.com'}, {'rating': 4, 'comment': 'Great value for money!', 'date': '2025-04-30T09:41:02.053Z', 'reviewerName': 'Nathan Dixon', 'reviewerEmail': 'nathan.dixon@x.dummyjson.com'}]",60 days return policy,50,['https://cdn.dummyjson.com/product-images/groceries/fish-steak/1.webp'],https://cdn.dummyjson.com/product-images/groceries/fish-steak/thumbnail.webp,14.95,26.31,11.27,2025-04-30T09:41:02.053Z,2025-04-30T09:41:02.053Z,9595036192098,https://cdn.dummyjson.com/public/qr-code.png
25,Green Bell Pepper,"Fresh and vibrant green bell pepper, perfect for adding color and flavor to your dishes.",groceries,1.29,0.16,3.25,33,['vegetables'],,GRO-BRD-GRE-025,2,1 month warranty,Ships in 1 week,In Stock,"[{'rating': 4, 'comment': 'Highly recommended!', 'date': '2025-04-30T09:41:02.053Z', 'reviewerName': 'Avery Carter', 'reviewerEmail': 'avery.carter@x.dummyjson.com'}, {'rating': 3, 'comment': 'Would not recommend!', 'date': '2025-04-30T09:41:02.053Z', 'reviewerName': 'Henry Hill', 'reviewerEmail': 'henry.hill@x.dummyjson.com'}, {'rating': 5, 'comment': 'Excellent quality!', 'date': '2025-04-30T09:41:02.053Z', 'reviewerName': 'Addison Wright', 'reviewerEmail': 'addison.wright@x.dummyjson.com'}]",30 days return policy,12,['https://cdn.dummyjson.com/product-images/groceries/green-bell-pepper/1.webp'],https://cdn.dummyjson.com/product-images/groceries/green-bell-pepper/thumbnail.webp,15.33,26.65,14.44,2025-04-30T09:41:02.053Z,2025-04-30T09:41:02.053Z,2365227493323,https://cdn.dummyjson.com/public/qr-code.png
26,Green Chili Pepper,"Spicy green chili pepper, ideal for adding heat to your favorite recipes.",groceries,0.99,1.0,3.66,3,['vegetables'],,GRO-BRD-GRE-026,7,2 year warranty,Ships in 1 week,Low Stock,"[{'rating': 4, 'comment': 'Great product!', 'date': '2025-04-30T09:41:02.053Z', 'reviewerName': 'Luna Russell', 'reviewerEmail': 'luna.russell@x.dummyjson.com'}, {'rating': 1, 'comment': 'Waste of money!', 'date': '2025-04-30T09:41:02.053Z', 'reviewerName': 'Noah Lewis', 'reviewerEmail': 'noah.lewis@x.dummyjson.com'}, {'rating': 3, 'comment': 'Very disappointed!', 'date': '2025-04-30T09:41:02.053Z', 'reviewerName': 'Clara Berry', 'reviewerEmail': 'clara.berry@x.dummyjson.com'}]",30 days return policy,39,['https://cdn.dummyjson.com/product-images/groceries/green-chili-pepper/1.webp'],https://cdn.dummyjson.com/product-images/groceries/green-chili-pepper/thumbnail.webp,15.38,18.12,19.92,2025-04-30T09:41:02.053Z,2025-04-30T09:41:02.053Z,9335000538563,https://cdn.dummyjson.com/public/qr-code.png
27,Honey Jar,"Pure and natural honey in a convenient jar, perfect for sweetening beverages or drizzling over food.",groceries,6.99,14.4,3.97,34,['condiments'],,GRO-BRD-HON-027,2,1 month warranty,Ships in 1-2 business days,In Stock,"[{'rating': 1, 'comment': 'Very disappointed!', 'date': '2025-04-30T09:41:02.053Z', 'reviewerName': 'Autumn Gomez', 'reviewerEmail': 'autumn.gomez@x.dummyjson.com'}, {'rating': 4, 'comment': 'Highly impressed!', 'date': '2025-04-30T09:41:02.053Z', 'reviewerName': 'Benjamin Wilson', 'reviewerEmail': 'benjamin.wilson@x.dummyjson.com'}, {'rating': 2, 'comment': 'Very disappointed!', 'date': '2025-04-30T09:41:02.053Z', 'reviewerName': 'Nicholas Edwards', 'reviewerEmail': 'nicholas.edwards@x.dummyjson.com'}]",90 days return policy,47,['https://cdn.dummyjson.com/product-images/groceries/honey-jar/1.webp'],https://cdn.dummyjson.com/product-images/groceries/honey-jar/thumbnail.webp,9.28,21.72,17.74,2025-04-30T09:41:02.053Z,2025-04-30T09:41:02.053Z,6354306346329,https://cdn.dummyjson.com/public/qr-code.png
28,Ice Cream,"Creamy and delicious ice cream, available in various flavors for a delightful treat.",groceries,5.49,8.69,3.39,27,['desserts'],,GRO-BRD-CRE-028,1,1 month warranty,Ships in 2 weeks,In Stock,"[{'rating': 5, 'comment': 'Very pleased!', 'date': '2025-04-30T09:41:02.053Z', 'reviewerName': 'Elijah Cruz', 'reviewerEmail': 'elijah.cruz@x.dummyjson.com'}, {'rating': 4, 'comment': 'Excellent quality!', 'date': '2025-04-30T09:41:02.053Z', 'reviewerName': 'Jace Smith', 'reviewerEmail': 'jace.smith@x.dummyjson.com'}, {'rating': 5, 'comment': 'Highly impressed!', 'date': '2025-04-30T09:41:02.053Z', 'reviewerName': 'Sadie Morales', 'reviewerEmail': 'sadie.morales@x.dummyjson.com'}]",No return policy,42,"['https://cdn.dummyjson.com/product-images/groceries/ice-cream/1.webp', 'https://cdn.dummyjson.com/product-images/groceries/ice-cream/2.webp', 'https://cdn.dummyjson.com/product-images/groceries/ice-cream/3.webp', 'https://cdn.dummyjson.com/product-images/groceries/ice-cream/4.webp']",https://cdn.dummyjson.com/product-images/groceries/ice-cream/thumbnail.webp,14.83,15.07,24.2,2025-04-30T09:41:02.053Z,2025-04-30T09:41:02.053Z,0788954559076,https://cdn.dummyjson.com/public/qr-code.png
29,Juice,"Refreshing fruit juice, packed with vitamins and great for staying hydrated.",groceries,3.99,12.06,3.94,50,['beverages'],,GRO-BRD-JUI-029,1,6 months warranty,Ships in 1 week,In Stock,"[{'rating': 5, 'comment': 'Excellent quality!', 'date': '2025-04-30T09:41:02.053Z', 'reviewerName': 'Nolan Gonzalez', 'reviewerEmail': 'nolan.gonzalez@x.dummyjson.com'}, {'rating': 4, 'comment': 'Would buy again!', 'date': '2025-04-30T09:41:02.053Z', 'reviewerName': 'Bella Grant', 'reviewerEmail': 'bella.grant@x.dummyjson.com'}, {'rating': 5, 'comment': 'Awesome product!', 'date': '2025-04-30T09:41:02.053Z', 'reviewerName': 'Aria Flores', 'reviewerEmail': 'aria.flores@x.dummyjson.com'}]",No return policy,25,['https://cdn.dummyjson.com/product-images/groceries/juice/1.webp'],https://cdn.dummyjson.com/product-images/groceries/juice/thumbnail.webp,18.56,21.46,28.02,2025-04-30T09:41:02.053Z,2025-04-30T09:41:02.053Z,6936112580956,https://cdn.dummyjson.com/public/qr-code.png
30,Kiwi,"Nutrient-rich kiwi, perfect for snacking or adding a tropical twist to your dishes.",groceries,2.49,15.22,4.93,99,['fruits'],,GRO-BRD-KIW-030,5,6 months warranty,Ships overnight,In Stock,"[{'rating': 4, 'comment': 'Highly recommended!', 'date': '2025-04-30T09:41:02.053Z', 'reviewerName': 'Emily Brown', 'reviewerEmail': 'emily.brown@x.dummyjson.com'}, {'rating': 2, 'comment': 'Would not buy again!', 'date': '2025-04-30T09:41:02.053Z', 'reviewerName': 'Jackson Morales', 'reviewerEmail': 'jackson.morales@x.dummyjson.com'}, {'rating': 4, 'comment': 'Fast shipping!', 'date': '2025-04-30T09:41:02.053Z', 'reviewerName': 'Nora Russell', 'reviewerEmail': 'nora.russell@x.dummyjson.com'}]",7 days return policy,30,['https://cdn.dummyjson.com/product-images/groceries/kiwi/1.webp'],https://cdn.dummyjson.com/product-images/groceries/kiwi/thumbnail.webp,19.4,18.67,17.13,2025-04-30T09:41:02.053Z,2025-04-30T09:41:02.053Z,2530169917252,https://cdn.dummyjson.com/public/qr-code.png
31,Lemon,"Zesty and tangy lemons, versatile for cooking, baking, or making refreshing beverages.",groceries,0.79,9.7,3.53,31,['fruits'],,GRO-BRD-LEM-031,3,No warranty,Ships in 1 month,In Stock,"[{'rating': 5, 'comment': 'Awesome product!', 'date': '2025-04-30T09:41:02.053Z', 'reviewerName': 'Logan Lawson', 'reviewerEmail': 'logan.lawson@x.dummyjson.com'}, {'rating': 5, 'comment': 'Highly impressed!', 'date': '2025-04-30T09:41:02.053Z', 'reviewerName': 'Avery Perez', 'reviewerEmail': 'avery.perez@x.dummyjson.com'}, {'rating': 5, 'comment': 'Very satisfied!', 'date': '2025-04-30T09:41:02.053Z', 'reviewerName': 'Benjamin Foster', 'reviewerEmail': 'benjamin.foster@x.dummyjson.com'}]",7 days return policy,29,['https://cdn.dummyjson.com/product-images/groceries/lemon/1.webp'],https://cdn.dummyjson.com/product-images/groceries/lemon/thumbnail.webp,23.77,9.22,12.05,2025-04-30T09:41:02.053Z,2025-04-30T09:41:02.053Z,4871812433378,https://cdn.dummyjson.com/public/qr-code.png
32,Milk,"Fresh and nutritious milk, a staple for various recipes and daily consumption.",groceries,3.49,13.74,2.61,27,['dairy'],,GRO-BRD-MIL-032,5,3 year warranty,Ships in 2 weeks,In Stock,"[{'rating': 4, 'comment': 'Very satisfied!', 'date': '2025-04-30T09:41:02.053Z', 'reviewerName': 'Nicholas Bailey', 'reviewerEmail': 'nicholas.bailey@x.dummyjson.com'}, {'rating': 3, 'comment': 'Would not buy again!', 'date': '2025-04-30T09:41:02.053Z', 'reviewerName': 'Harper Turner', 'reviewerEmail': 'harper.turner@x.dummyjson.com'}, {'rating': 5, 'comment': 'Great value for money!', 'date': '2025-04-30T09:41:02.053Z', 'reviewerName': 'Autumn Gomez', 'reviewerEmail': 'autumn.gomez@x.dummyjson.com'}]",7 days return policy,5,['https://cdn.dummyjson.com/product-images/groceries/milk/1.webp'],https://cdn.dummyjson.com/product-images/groceries/milk/thumbnail.webp,12.92,15.76,11.29,2025-04-30T09:41:02.053Z,2025-04-30T09:41:02.053Z,9835034508303,https://cdn.dummyjson.com/public/qr-code.png
33,Mulberry,"Sweet and juicy mulberries, perfect for snacking or adding to desserts and cereals.",groceries,4.99,12.87,4.95,99,['fruits'],,GRO-BRD-MUL-033,5,2 year warranty,Ships in 1 week,In Stock,"[{'rating': 5, 'comment': 'Fast shipping!', 'date': '2025-04-30T09:41:02.053Z', 'reviewerName': 'Avery Barnes', 'reviewerEmail': 'avery.barnes@x.dummyjson.com'}, {'rating': 2, 'comment': 'Not worth the price!', 'date': '2025-04-30T09:41:02.053Z', 'reviewerName': 'Sadie Morales', 'reviewerEmail': 'sadie.morales@x.dummyjson.com'}, {'rating': 1, 'comment': 'Would not buy again!', 'date': '2025-04-30T09:41:02.053Z', 'reviewerName': 'Oscar Powers', 'reviewerEmail': 'oscar.powers@x.dummyjson.com'}]",No return policy,43,['https://cdn.dummyjson.com/product-images/groceries/mulberry/1.webp'],https://cdn.dummyjson.com/product-images/groceries/mulberry/thumbnail.webp,12.8,18.54,6.31,2025-04-30T09:41:02.053Z,2025-04-30T09:41:02.053Z,2206629068605,https://cdn.dummyjson.com/public/qr-code.png
34,Nescafe Coffee,"Quality coffee from Nescafe, available in various blends for a rich and satisfying cup.",groceries,7.99,1.59,4.82,57,"['beverages', 'coffee']",,GRO-BRD-NES-034,6,1 year warranty,Ships in 1-2 business days,In Stock,"[{'rating': 5, 'comment': 'Very pleased!', 'date': '2025-04-30T09:41:02.053Z', 'reviewerName': 'Gabriel Adams', 'reviewerEmail': 'gabriel.adams@x.dummyjson.com'}, {'rating': 5, 'comment': 'Highly recommended!', 'date': '2025-04-30T09:41:02.053Z', 'reviewerName': 'Ella Cook', 'reviewerEmail': 'ella.cook@x.dummyjson.com'}, {'rating': 4, 'comment': 'Would buy again!', 'date': '2025-04-30T09:41:02.053Z', 'reviewerName': 'Logan Torres', 'reviewerEmail': 'logan.torres@x.dummyjson.com'}]",30 days return policy,8,['https://cdn.dummyjson.com/product-images/groceries/nescafe-coffee/1.webp'],https://cdn.dummyjson.com/product-images/groceries/nescafe-coffee/thumbnail.webp,20.54,29.49,29.2,2025-04-30T09:41:02.053Z,2025-04-30T09:41:02.053Z,8572637994159,https://cdn.dummyjson.com/public/qr-code.png
35,Potatoes,"Versatile and starchy potatoes, great for roasting, mashing, or as a side dish.",groceries,2.29,5.38,4.81,13,['vegetables'],,GRO-BRD-POT-035,9,3 year warranty,Ships in 3-5 business days,In Stock,"[{'rating': 5, 'comment': 'Highly impressed!', 'date': '2025-04-30T09:41:02.053Z', 'reviewerName': 'Eleanor Collins', 'reviewerEmail': 'eleanor.collins@x.dummyjson.com'}, {'rating': 4, 'comment': 'Fast shipping!', 'date': '2025-04-30T09:41:02.053Z', 'reviewerName': 'Lily Torres', 'reviewerEmail': 'lily.torres@x.dummyjson.com'}, {'rating': 5, 'comment': 'Highly recommended!', 'date': '2025-04-30T09:41:02.053Z', 'reviewerName': 'Ariana Ross', 'reviewerEmail': 'ariana.ross@x.dummyjson.com'}]",90 days return policy,9,['https://cdn.dummyjson.com/product-images/groceries/potatoes/1.webp'],https://cdn.dummyjson.com/product-images/groceries/potatoes/thumbnail.webp,22.65,9.83,21.75,2025-04-30T09:41:02.053Z,2025-04-30T09:41:02.053Z,3590399655074,https://cdn.dummyjson.com/public/qr-code.png
36,Protein Powder,"Nutrient-packed protein powder, ideal for supplementing your diet with essential proteins.",groceries,19.99,7.59,4.18,80,['health supplements'],,GRO-BRD-PRO-036,9,1 week warranty,Ships in 1 month,In Stock,"[{'rating': 3, 'comment': 'Very unhappy with my purchase!', 'date': '2025-04-30T09:41:02.053Z', 'reviewerName': 'Aurora Rodriguez', 'reviewerEmail': 'aurora.rodriguez@x.dummyjson.com'}, {'rating': 4, 'comment': 'Would buy again!', 'date': '2025-04-30T09:41:02.053Z', 'reviewerName': 'Miles Stevenson', 'reviewerEmail': 'miles.stevenson@x.dummyjson.com'}, {'rating': 4, 'comment': 'Very happy with my purchase!', 'date': '2025-04-30T09:41:02.053Z', 'reviewerName': 'Clara Berry', 'reviewerEmail': 'clara.berry@x.dummyjson.com'}]",No return policy,6,['https://cdn.dummyjson.com/product-images/groceries/protein-powder/1.webp'],https://cdn.dummyjson.com/product-images/groceries/protein-powder/thumbnail.webp,9.01,12.53,22.35,2025-04-30T09:41:02.053Z,2025-04-30T09:41:02.053Z,0435397154434,https://cdn.dummyjson.com/public/qr-code.png
37,Red Onions,"Flavorful and aromatic red onions, perfect for adding depth to your savory dishes.",groceries,1.99,9.9,4.2,82,['vegetables'],,GRO-BRD-ONI-037,9,1 month warranty,Ships in 3-5 business days,In Stock,"[{'rating': 4, 'comment': 'Fast shipping!', 'date': '2025-04-30T09:41:02.053Z', 'reviewerName': 'Maya Reed', 'reviewerEmail': 'maya.reed@x.dummyjson.com'}, {'rating': 3, 'comment': 'Very dissatisfied!', 'date': '2025-04-30T09:41:02.053Z', 'reviewerName': 'Evelyn Gonzalez', 'reviewerEmail': 'evelyn.gonzalez@x.dummyjson.com'}, {'rating': 5, 'comment': 'Awesome product!', 'date': '2025-04-30T09:41:02.053Z', 'reviewerName': 'Jackson Evans', 'reviewerEmail': 'jackson.evans@x.dummyjson.com'}]",7 days return policy,8,['https://cdn.dummyjson.com/product-images/groceries/red-onions/1.webp'],https://cdn.dummyjson.com/product-images/groceries/red-onions/thumbnail.webp,16.01,24.96,12.74,2025-04-30T09:41:02.053Z,2025-04-30T09:41:02.053Z,4716374115631,https://cdn.dummyjson.com/public/qr-code.png
38,Rice,"High-quality rice, a staple for various cuisines and a versatile base for many dishes.",groceries,5.99,9.29,3.18,59,['grains'],,GRO-BRD-RIC-038,5,6 months warranty,Ships overnight,In Stock,"[{'rating': 5, 'comment': 'Would buy again!', 'date': '2025-04-30T09:41:02.053Z', 'reviewerName': 'Sophia Brown', 'reviewerEmail': 'sophia.brown@x.dummyjson.com'}, {'rating': 4, 'comment': 'Very satisfied!', 'date': '2025-04-30T09:41:02.053Z', 'reviewerName': 'Grace Perry', 'reviewerEmail': 'grace.perry@x.dummyjson.com'}, {'rating': 1, 'comment': 'Very disappointed!', 'date': '2025-04-30T09:41:02.053Z', 'reviewerName': 'Cameron Burke', 'reviewerEmail': 'cameron.burke@x.dummyjson.com'}]",No return policy,20,['https://cdn.dummyjson.com/product-images/groceries/rice/1.webp'],https://cdn.dummyjson.com/product-images/groceries/rice/thumbnail.webp,17.21,9.88,17.16,2025-04-30T09:41:02.053Z,2025-04-30T09:41:02.053Z,7339757397015,https://cdn.dummyjson.com/public/qr-code.png
39,Soft Drinks,"Assorted soft drinks in various flavors, perfect for refreshing beverages.",groceries,1.99,17.48,4.75,53,['beverages'],,GRO-BRD-SOF-039,9,6 months warranty,Ships in 2 weeks,In Stock,"[{'rating': 2, 'comment': 'Would not recommend!', 'date': '2025-04-30T09:41:02.053Z', 'reviewerName': 'Zachary Lee', 'reviewerEmail': 'zachary.lee@x.dummyjson.com'}, {'rating': 2, 'comment': 'Would not recommend!', 'date': '2025-04-30T09:41:02.053Z', 'reviewerName': 'Oscar Powers', 'reviewerEmail': 'oscar.powers@x.dummyjson.com'}, {'rating': 5, 'comment': 'Highly recommended!', 'date': '2025-04-30T09:41:02.053Z', 'reviewerName': 'Hannah Robinson', 'reviewerEmail': 'hannah.robinson@x.dummyjson.com'}]",7 days return policy,10,['https://cdn.dummyjson.com/product-images/groceries/soft-drinks/1.webp'],https://cdn.dummyjson.com/product-images/groceries/soft-drinks/thumbnail.webp,19.75,6.79,9.33,2025-04-30T09:41:02.053Z,2025-04-30T09:41:02.053Z,2991169581178,https://cdn.dummyjson.com/public/qr-code.png
40,Strawberry,"Sweet and succulent strawberries, great for snacking, desserts, or blending into smoothies.",groceries,3.99,1.12,3.08,46,['fruits'],,GRO-BRD-STR-040,1,1 week warranty,Ships in 1-2 business days,In Stock,"[{'rating': 3, 'comment': 'Would not buy again!', 'date': '2025-04-30T09:41:02.053Z', 'reviewerName': 'Amelia Perez', 'reviewerEmail': 'amelia.perez@x.dummyjson.com'}, {'rating': 3, 'comment': 'Would not buy again!', 'date': '2025-04-30T09:41:02.053Z', 'reviewerName': 'Olivia Wilson', 'reviewerEmail': 'olivia.wilson@x.dummyjson.com'}, {'rating': 4, 'comment': 'Would buy again!', 'date': '2025-04-30T09:41:02.053Z', 'reviewerName': 'Hunter Gordon', 'reviewerEmail': 'hunter.gordon@x.dummyjson.com'}]",No return policy,12,['https://cdn.dummyjson.com/product-images/groceries/strawberry/1.webp'],https://cdn.dummyjson.com/product-images/groceries/strawberry/thumbnail.webp,28.18,21.25,28.54,2025-04-30T09:41:02.053Z,2025-04-30T09:41:02.053Z,0792647462295,https://cdn.dummyjson.com/public/qr-code.png
41,Tissue Paper Box,"Convenient tissue paper box for everyday use, providing soft and absorbent tissues.",groceries,2.49,13.28,2.69,86,['household essentials'],,GRO-BRD-TIS-041,1,No warranty,Ships in 1-2 business days,In Stock,"[{'rating': 1, 'comment': 'Not as described!', 'date': '2025-04-30T09:41:02.053Z', 'reviewerName': 'Ariana Ross', 'reviewerEmail': 'ariana.ross@x.dummyjson.com'}, {'rating': 5, 'comment': 'Fast shipping!', 'date': '2025-04-30T09:41:02.053Z', 'reviewerName': 'Carter Baker', 'reviewerEmail': 'carter.baker@x.dummyjson.com'}, {'rating': 5, 'comment': 'Great value for money!', 'date': '2025-04-30T09:41:02.053Z', 'reviewerName': 'Penelope Harper', 'reviewerEmail': 'penelope.harper@x.dummyjson.com'}]",90 days return policy,44,"['https://cdn.dummyjson.com/product-images/groceries/tissue-paper-box/1.webp', 'https://cdn.dummyjson.com/product-images/groceries/tissue-paper-box/2.webp']",https://cdn.dummyjson.com/product-images/groceries/tissue-paper-box/thumbnail.webp,18.75,17.58,12.43,2025-04-30T09:41:02.053Z,2025-04-30T09:41:02.053Z,9446468291745,https://cdn.dummyjson.com/public/qr-code.png
42,Water,"Pure and refreshing bottled water, essential for staying hydrated throughout the day.",groceries,0.99,14.92,4.96,53,['beverages'],,GRO-BRD-WAT-042,4,3 months warranty,Ships in 1 month,In Stock,"[{'rating': 5, 'comment': 'Highly impressed!', 'date': '2025-04-30T09:41:02.053Z', 'reviewerName': 'Jonathan Pierce', 'reviewerEmail': 'jonathan.pierce@x.dummyjson.com'}, {'rating': 2, 'comment': 'Would not recommend!', 'date': '2025-04-30T09:41:02.053Z', 'reviewerName': 'Grayson Coleman', 'reviewerEmail': 'grayson.coleman@x.dummyjson.com'}, {'rating': 3, 'comment': 'Not as described!', 'date': '2025-04-30T09:41:02.053Z', 'reviewerName': 'Ethan Fletcher', 'reviewerEmail': 'ethan.fletcher@x.dummyjson.com'}]",7 days return policy,28,['https://cdn.dummyjson.com/product-images/groceries/water/1.webp'],https://cdn.dummyjson.com/product-images/groceries/water/thumbnail.webp,18.43,7.4,17.79,2025-04-30T09:41:02.053Z,2025-04-30T09:41:02.053Z,2409829645213,https://cdn.dummyjson.com/public/qr-code.png
43,Decoration Swing,"The Decoration Swing is a charming addition to your home decor. Crafted with intricate details, it adds a touch of elegance and whimsy to any room.",home-decoration,59.99,10.41,3.16,47,"['home decor', 'swing']",,HOM-BRD-DEC-043,4,1 week warranty,Ships in 1 month,In Stock,"[{'rating': 1, 'comment': 'Would not buy again!', 'date': '2025-04-30T09:41:02.053Z', 'reviewerName': 'Daniel Cook', 'reviewerEmail': 'daniel.cook@x.dummyjson.com'}, {'rating': 2, 'comment': 'Poor quality!', 'date': '2025-04-30T09:41:02.053Z', 'reviewerName': 'Hunter Gordon', 'reviewerEmail': 'hunter.gordon@x.dummyjson.com'}, {'rating': 3, 'comment': 'Very unhappy with my purchase!', 'date': '2025-04-30T09:41:02.053Z', 'reviewerName': 'Stella Morris', 'reviewerEmail': 'stella.morris@x.dummyjson.com'}]",90 days return policy,8,"['https://cdn.dummyjson.com/product-images/home-decoration/decoration-swing/1.webp', 'https://cdn.dummyjson.com/product-images/home-decoration/decoration-swing/2.webp', 'https://cdn.dummyjson.com/product-images/home-decoration/decoration-swing/3.webp']",https://cdn.dummyjson.com/product-images/home-decoration/decoration-swing/thumbnail.webp,23.84,15.19,26.05,2025-04-30T09:41:02.053Z,2025-04-30T09:41:02.053Z,9646971048759,https://cdn.dummyjson.com/public/qr-code.png
44,Family Tree Photo Frame,"The Family Tree Photo Frame is a sentimental and stylish way to display your cherished family memories. With multiple photo slots, it tells the story of your loved ones.",home-decoration,29.99,14.87,4.53,77,"['home decor', 'photo frame']",,HOM-BRD-FAM-044,1,1 month warranty,Ships in 2 weeks,In Stock,"[{'rating': 4, 'comment': 'Highly impressed!', 'date': '2025-04-30T09:41:02.053Z', 'reviewerName': 'Oscar Powers', 'reviewerEmail': 'oscar.powers@x.dummyjson.com'}, {'rating': 5, 'comment': 'Excellent quality!', 'date': '2025-04-30T09:41:02.053Z', 'reviewerName': 'Austin Hudson', 'reviewerEmail': 'austin.hudson@x.dummyjson.com'}, {'rating': 2, 'comment': 'Very dissatisfied!', 'date': '2025-04-30T09:41:02.053Z', 'reviewerName': 'Luke Cooper', 'reviewerEmail': 'luke.cooper@x.dummyjson.com'}]",No return policy,15,['https://cdn.dummyjson.com/product-images/home-decoration/family-tree-photo-frame/1.webp'],https://cdn.dummyjson.com/product-images/home-decoration/family-tree-photo-frame/thumbnail.webp,17.27,14.81,29.11,2025-04-30T09:41:02.053Z,2025-04-30T09:41:02.053Z,5398738320864,https://cdn.dummyjson.com/public/qr-code.png
45,House Showpiece Plant,The House Showpiece Plant is an artificial plant that brings a touch of nature to your home without the need for maintenance. It adds greenery and style to any space.,home-decoration,39.99,7.46,4.67,28,"['home decor', 'artificial plants']",,HOM-BRD-HOU-045,8,1 year warranty,Ships in 1 week,In Stock,"[{'rating': 5, 'comment': 'Very happy with my purchase!', 'date': '2025-04-30T09:41:02.053Z', 'reviewerName': 'Natalie Harris', 'reviewerEmail': 'natalie.harris@x.dummyjson.com'}, {'rating': 1, 'comment': 'Poor quality!', 'date': '2025-04-30T09:41:02.053Z', 'reviewerName': 'Max Russell', 'reviewerEmail': 'max.russell@x.dummyjson.com'}, {'rating': 5, 'comment': 'Very pleased!', 'date': '2025-04-30T09:41:02.053Z', 'reviewerName': 'Nolan Gonzalez', 'reviewerEmail': 'nolan.gonzalez@x.dummyjson.com'}]",No return policy,3,"['https://cdn.dummyjson.com/product-images/home-decoration/house-showpiece-plant/1.webp', 'https://cdn.dummyjson.com/product-images/home-decoration/house-showpiece-plant/2.webp', 'https://cdn.dummyjson.com/product-images/home-decoration/house-showpiece-plant/3.webp']",https://cdn.dummyjson.com/product-images/home-decoration/house-showpiece-plant/thumbnail.webp,8.55,14.62,17.25,2025-04-30T09:41:02.053Z,2025-04-30T09:41:02.053Z,8433795204995,https://cdn.dummyjson.com/public/qr-code.png
46,Plant Pot,"The Plant Pot is a stylish container for your favorite plants. With a sleek design, it complements your indoor or outdoor garden, adding a modern touch to your plant display.",home-decoration,14.99,6.84,3.01,59,"['home decor', 'plant accessories']",,HOM-BRD-PLA-046,9,Lifetime warranty,Ships in 3-5 business days,In Stock,"[{'rating': 4, 'comment': 'Fast shipping!', 'date': '2025-04-30T09:41:02.053Z', 'reviewerName': 'Vivian Carter', 'reviewerEmail': 'vivian.carter@x.dummyjson.com'}, {'rating': 5, 'comment': 'Very satisfied!', 'date': '2025-04-30T09:41:02.053Z', 'reviewerName': 'Ella Adams', 'reviewerEmail': 'ella.adams@x.dummyjson.com'}, {'rating': 3, 'comment': 'Poor quality!', 'date': '2025-04-30T09:41:02.053Z', 'reviewerName': 'Liam Smith', 'reviewerEmail': 'liam.smith@x.dummyjson.com'}]",30 days return policy,31,"['https://cdn.dummyjson.com/product-images/home-decoration/plant-pot/1.webp', 'https://cdn.dummyjson.com/product-images/home-decoration/plant-pot/2.webp', 'https://cdn.dummyjson.com/product-images/home-decoration/plant-pot/3.webp', 'https://cdn.dummyjson.com/product-images/home-decoration/plant-pot/4.webp']",https://cdn.dummyjson.com/product-images/home-decoration/plant-pot/thumbnail.webp,9.83,20.28,13.49,2025-04-30T09:41:02.053Z,2025-04-30T09:41:02.053Z,8477070578398,https://cdn.dummyjson.com/public/qr-code.png
47,Table Lamp,"The Table Lamp is a functional and decorative lighting solution for your living space. With a modern design, it provides both ambient and task lighting, enhancing the atmosphere.",home-decoration,49.99,7.09,3.55,9,"['home decor', 'lighting']",,HOM-BRD-TAB-047,4,3 months warranty,Ships in 1-2 business days,In Stock,"[{'rating': 5, 'comment': 'Excellent quality!', 'date': '2025-04-30T09:41:02.053Z', 'reviewerName': 'Benjamin Foster', 'reviewerEmail': 'benjamin.foster@x.dummyjson.com'}, {'rating': 3, 'comment': 'Would not recommend!', 'date': '2025-04-30T09:41:02.053Z', 'reviewerName': 'Sophia Jones', 'reviewerEmail': 'sophia.jones@x.dummyjson.com'}, {'rating': 5, 'comment': 'Awesome product!', 'date': '2025-04-30T09:41:02.053Z', 'reviewerName': 'Natalie Harris', 'reviewerEmail': 'natalie.harris@x.dummyjson.com'}]",90 days return policy,2,['https://cdn.dummyjson.com/product-images/home-decoration/table-lamp/1.webp'],https://cdn.dummyjson.com/product-images/home-decoration/table-lamp/thumbnail.webp,8.98,13.41,5.65,2025-04-30T09:41:02.053Z,2025-04-30T09:41:02.053Z,8806138916048,https://cdn.dummyjson.com/public/qr-code.png
48,Bamboo Spatula,"The Bamboo Spatula is a versatile kitchen tool made from eco-friendly bamboo. Ideal for flipping, stirring, and serving various dishes.",kitchen-accessories,7.99,2.84,3.27,37,"['kitchen tools', 'utensils']",,KIT-BRD-BAM-048,3,1 month warranty,Ships overnight,In Stock,"[{'rating': 5, 'comment': 'Awesome product!', 'date': '2025-04-30T09:41:02.053Z', 'reviewerName': 'Lucas Ramirez', 'reviewerEmail': 'lucas.ramirez@x.dummyjson.com'}, {'rating': 5, 'comment': 'Highly recommended!', 'date': '2025-04-30T09:41:02.053Z', 'reviewerName': 'Caleb Perkins', 'reviewerEmail': 'caleb.perkins@x.dummyjson.com'}, {'rating': 4, 'comment': 'Highly recommended!', 'date': '2025-04-30T09:41:02.053Z', 'reviewerName': 'Nolan Gonzalez', 'reviewerEmail': 'nolan.gonzalez@x.dummyjson.com'}]",60 days return policy,29,['https://cdn.dummyjson.com/product-images/kitchen-accessories/bamboo-spatula/1.webp'],https://cdn.dummyjson.com/product-images/kitchen-accessories/bamboo-spatula/thumbnail.webp,21.32,23.03,25.94,2025-04-30T09:41:02.053Z,2025-04-30T09:41:02.053Z,3988181417733,https://cdn.dummyjson.com/public/qr-code.png
49,Black Aluminium Cup,The Black Aluminium Cup is a stylish and durable cup suitable for both hot and cold beverages. Its sleek black design adds a modern touch to your drinkware collection.,kitchen-accessories,5.99,15.65,4.46,75,"['drinkware', 'cups']",,KIT-BRD-BLA-049,7,1 year warranty,Ships overnight,In Stock,"[{'rating': 3, 'comment': 'Very disappointed!', 'date': '2025-04-30T09:41:02.053Z', 'reviewerName': 'Alexander Hernandez', 'reviewerEmail': 'alexander.hernandez@x.dummyjson.com'}, {'rating': 5, 'comment': 'Great value for money!', 'date': '2025-04-30T09:41:02.053Z', 'reviewerName': 'Aurora Rodriguez', 'reviewerEmail': 'aurora.rodriguez@x.dummyjson.com'}, {'rating': 1, 'comment': 'Not worth the price!', 'date': '2025-04-30T09:41:02.053Z', 'reviewerName': 'Benjamin Foster', 'reviewerEmail': 'benjamin.foster@x.dummyjson.com'}]",30 days return policy,48,"['https://cdn.dummyjson.com/product-images/kitchen-accessories/black-aluminium-cup/1.webp', 'https://cdn.dummyjson.com/product-images/kitchen-accessories/black-aluminium-cup/2.webp']",https://cdn.dummyjson.com/product-images/kitchen-accessories/black-aluminium-cup/thumbnail.webp,5.88,5.11,10.03,2025-04-30T09:41:02.053Z,2025-04-30T09:41:02.053Z,5606164195748,https://cdn.dummyjson.com/public/qr-code.png
50,Black Whisk,The Black Whisk is a kitchen essential for whisking and beating ingredients. Its ergonomic handle and sleek design make it a practical and stylish tool.,kitchen-accessories,9.99,10.24,3.9,73,"['kitchen tools', 'utensils']",,KIT-BRD-BLA-050,1,3 months warranty,Ships in 1 month,In Stock,"[{'rating': 3, 'comment': 'Not worth the price!', 'date': '2025-04-30T09:41:02.053Z', 'reviewerName': 'Cameron Perez', 'reviewerEmail': 'cameron.perez@x.dummyjson.com'}, {'rating': 1, 'comment': 'Waste of money!', 'date': '2025-04-30T09:41:02.053Z', 'reviewerName': 'Benjamin Foster', 'reviewerEmail': 'benjamin.foster@x.dummyjson.com'}, {'rating': 5, 'comment': 'Very pleased!', 'date': '2025-04-30T09:41:02.053Z', 'reviewerName': 'Paisley Bell', 'reviewerEmail': 'paisley.bell@x.dummyjson.com'}]",30 days return policy,40,['https://cdn.dummyjson.com/product-images/kitchen-accessories/black-whisk/1.webp'],https://cdn.dummyjson.com/product-images/kitchen-accessories/black-whisk/thumbnail.webp,13.03,5.99,20.64,2025-04-30T09:41:02.053Z,2025-04-30T09:41:02.053Z,3112495795209,https://cdn.dummyjson.com/public/qr-code.png
51,Boxed Blender,"The Boxed Blender is a powerful and compact blender perfect for smoothies, shakes, and more. Its convenient design and multiple functions make it a versatile kitchen appliance.",kitchen-accessories,39.99,7.26,4.56,9,"['kitchen appliances', 'blenders']",,KIT-BRD-BOX-051,1,5 year warranty,Ships in 1-2 business days,In Stock,"[{'rating': 5, 'comment': 'Very pleased!', 'date': '2025-04-30T09:41:02.053Z', 'reviewerName': 'Ella Adams', 'reviewerEmail': 'ella.adams@x.dummyjson.com'}, {'rating': 5, 'comment': 'Would buy again!', 'date': '2025-04-30T09:41:02.053Z', 'reviewerName': 'Ruby Andrews', 'reviewerEmail': 'ruby.andrews@x.dummyjson.com'}, {'rating': 5, 'comment': 'Very happy with my purchase!', 'date': '2025-04-30T09:41:02.053Z', 'reviewerName': 'Aurora Lawson', 'reviewerEmail': 'aurora.lawson@x.dummyjson.com'}]",7 days return policy,4,"['https://cdn.dummyjson.com/product-images/kitchen-accessories/boxed-blender/1.webp', 'https://cdn.dummyjson.com/product-images/kitchen-accessories/boxed-blender/2.webp', 'https://cdn.dummyjson.com/product-images/kitchen-accessories/boxed-blender/3.webp', 'https://cdn.dummyjson.com/product-images/kitchen-accessories/boxed-blender/4.webp']",https://cdn.dummyjson.com/product-images/kitchen-accessories/boxed-blender/thumbnail.webp,9.05,19.45,17.59,2025-04-30T09:41:02.053Z,2025-04-30T09:41:02.053Z,4823087836817,https://cdn.dummyjson.com/public/qr-code.png
52,Carbon Steel Wok,"The Carbon Steel Wok is a versatile cooking pan suitable for stir-frying, sautéing, and deep frying. Its sturdy construction ensures even heat distribution for delicious meals.",kitchen-accessories,29.99,6.53,4.05,40,"['cookware', 'woks']",,KIT-BRD-CAR-052,2,2 year warranty,Ships in 1-2 business days,In Stock,"[{'rating': 4, 'comment': 'Excellent quality!', 'date': '2025-04-30T09:41:02.053Z', 'reviewerName': 'Nolan Bryant', 'reviewerEmail': 'nolan.bryant@x.dummyjson.com'}, {'rating': 4, 'comment': 'Highly impressed!', 'date': '2025-04-30T09:41:02.053Z', 'reviewerName': 'Luna Perez', 'reviewerEmail': 'luna.perez@x.dummyjson.com'}, {'rating': 5, 'comment': 'Very satisfied!', 'date': '2025-04-30T09:41:02.053Z', 'reviewerName': 'Noah Lewis', 'reviewerEmail': 'noah.lewis@x.dummyjson.com'}]",7 days return policy,9,['https://cdn.dummyjson.com/product-images/kitchen-accessories/carbon-steel-wok/1.webp'],https://cdn.dummyjson.com/product-images/kitchen-accessories/carbon-steel-wok/thumbnail.webp,27.69,7.54,10.11,2025-04-30T09:41:02.053Z,2025-04-30T09:41:02.053Z,1810862118199,https://cdn.dummyjson.com/public/qr-code.png
53,Chopping Board,"The Chopping Board is an essential kitchen accessory for food preparation. Made from durable material, it provides a safe and hygienic surface for cutting and chopping.",kitchen-accessories,12.99,8.03,3.7,14,"['kitchen tools', 'cutting boards']",,KIT-BRD-CHO-053,2,3 months warranty,Ships in 2 weeks,In Stock,"[{'rating': 5, 'comment': 'Great value for money!', 'date': '2025-04-30T09:41:02.053Z', 'reviewerName': 'Xavier Wright', 'reviewerEmail': 'xavier.wright@x.dummyjson.com'}, {'rating': 4, 'comment': 'Great value for money!', 'date': '2025-04-30T09:41:02.053Z', 'reviewerName': 'Henry Turner', 'reviewerEmail': 'henry.turner@x.dummyjson.com'}, {'rating': 4, 'comment': 'Fast shipping!', 'date': '2025-04-30T09:41:02.053Z', 'reviewerName': 'Evelyn Walker', 'reviewerEmail': 'evelyn.walker@x.dummyjson.com'}]",No return policy,5,['https://cdn.dummyjson.com/product-images/kitchen-accessories/chopping-board/1.webp'],https://cdn.dummyjson.com/product-images/kitchen-accessories/chopping-board/thumbnail.webp,15.6,6.93,8.51,2025-04-30T09:41:02.053Z,2025-04-30T09:41:02.053Z,0085585730728,https://cdn.dummyjson.com/public/qr-code.png
54,Citrus Squeezer Yellow,The Citrus Squeezer in Yellow is a handy tool for extracting juice from citrus fruits. Its vibrant color adds a cheerful touch to your kitchen gadgets.,kitchen-accessories,8.99,12.1,4.63,22,"['kitchen tools', 'juicers']",,KIT-BRD-CIT-054,2,2 year warranty,Ships in 3-5 business days,In Stock,"[{'rating': 4, 'comment': 'Highly recommended!', 'date': '2025-04-30T09:41:02.053Z', 'reviewerName': 'Lucas Ramirez', 'reviewerEmail': 'lucas.ramirez@x.dummyjson.com'}, {'rating': 4, 'comment': 'Great product!', 'date': '2025-04-30T09:41:02.053Z', 'reviewerName': 'Eleanor Collins', 'reviewerEmail': 'eleanor.collins@x.dummyjson.com'}, {'rating': 5, 'comment': 'Highly impressed!', 'date': '2025-04-30T09:41:02.053Z', 'reviewerName': 'Mila Hernandez', 'reviewerEmail': 'mila.hernandez@x.dummyjson.com'}]",60 days return policy,38,['https://cdn.dummyjson.com/product-images/kitchen-accessories/citrus-squeezer-yellow/1.webp'],https://cdn.dummyjson.com/product-images/kitchen-accessories/citrus-squeezer-yellow/thumbnail.webp,17.16,26.8,16.29,2025-04-30T09:41:02.053Z,2025-04-30T09:41:02.053Z,2231952604189,https://cdn.dummyjson.com/public/qr-code.png
55,Egg Slicer,"The Egg Slicer is a convenient tool for slicing boiled eggs evenly. It's perfect for salads, sandwiches, and other dishes where sliced eggs are desired.",kitchen-accessories,6.99,14.76,3.09,40,"['kitchen tools', 'slicers']",,KIT-BRD-SLI-055,2,1 week warranty,Ships in 1 month,In Stock,"[{'rating': 3, 'comment': 'Very dissatisfied!', 'date': '2025-04-30T09:41:02.053Z', 'reviewerName': 'Harper Garcia', 'reviewerEmail': 'harper.garcia@x.dummyjson.com'}, {'rating': 4, 'comment': 'Very happy with my purchase!', 'date': '2025-04-30T09:41:02.053Z', 'reviewerName': 'Lily Torres', 'reviewerEmail': 'lily.torres@x.dummyjson.com'}, {'rating': 1, 'comment': 'Not worth the price!', 'date': '2025-04-30T09:41:02.053Z', 'reviewerName': 'Tyler Davis', 'reviewerEmail': 'tyler.davis@x.dummyjson.com'}]",No return policy,32,['https://cdn.dummyjson.com/product-images/kitchen-accessories/egg-slicer/1.webp'],https://cdn.dummyjson.com/product-images/kitchen-accessories/egg-slicer/thumbnail.webp,10.81,19.15,13.18,2025-04-30T09:41:02.053Z,2025-04-30T09:41:02.053Z,6456249953517,https://cdn.dummyjson.com/public/qr-code.png
56,Electric Stove,The Electric Stove provides a portable and efficient cooking solution. Ideal for small kitchens or as an additional cooking surface for various culinary needs.,kitchen-accessories,49.99,14.04,4.11,21,"['kitchen appliances', 'cooktops']",,KIT-BRD-ELE-056,5,2 year warranty,Ships in 1 week,In Stock,"[{'rating': 1, 'comment': 'Would not recommend!', 'date': '2025-04-30T09:41:02.053Z', 'reviewerName': 'Ava Harris', 'reviewerEmail': 'ava.harris@x.dummyjson.com'}, {'rating': 2, 'comment': 'Very dissatisfied!', 'date': '2025-04-30T09:41:02.053Z', 'reviewerName': 'Liam Smith', 'reviewerEmail': 'liam.smith@x.dummyjson.com'}, {'rating': 4, 'comment': 'Very pleased!', 'date': '2025-04-30T09:41:02.053Z', 'reviewerName': 'Christian Perez', 'reviewerEmail': 'christian.perez@x.dummyjson.com'}]",7 days return policy,8,"['https://cdn.dummyjson.com/product-images/kitchen-accessories/electric-stove/1.webp', 'https://cdn.dummyjson.com/product-images/kitchen-accessories/electric-stove/2.webp', 'https://cdn.dummyjson.com/product-images/kitchen-accessories/electric-stove/3.webp', 'https://cdn.dummyjson.com/product-images/kitchen-accessories/electric-stove/4.webp']",https://cdn.dummyjson.com/product-images/kitchen-accessories/electric-stove/thumbnail.webp,24.17,22.55,27.49,2025-04-30T09:41:02.053Z,2025-04-30T09:41:02.053Z,7534096777716,https://cdn.dummyjson.com/public/qr-code.png
57,Fine Mesh Strainer,The Fine Mesh Strainer is a versatile tool for straining liquids and sifting dry ingredients. Its fine mesh ensures efficient filtering for smooth cooking and baking.,kitchen-accessories,9.99,3.5,3.04,85,"['kitchen tools', 'strainers']",,KIT-BRD-FIN-057,9,1 month warranty,Ships overnight,In Stock,"[{'rating': 5, 'comment': 'Very pleased!', 'date': '2025-04-30T09:41:02.053Z', 'reviewerName': 'Isabella Anderson', 'reviewerEmail': 'isabella.anderson@x.dummyjson.com'}, {'rating': 4, 'comment': 'Highly impressed!', 'date': '2025-04-30T09:41:02.053Z', 'reviewerName': 'Aaliyah Hanson', 'reviewerEmail': 'aaliyah.hanson@x.dummyjson.com'}, {'rating': 2, 'comment': 'Would not recommend!', 'date': '2025-04-30T09:41:02.053Z', 'reviewerName': 'Layla Sullivan', 'reviewerEmail': 'layla.sullivan@x.dummyjson.com'}]",7 days return policy,43,['https://cdn.dummyjson.com/product-images/kitchen-accessories/fine-mesh-strainer/1.webp'],https://cdn.dummyjson.com/product-images/kitchen-accessories/fine-mesh-strainer/thumbnail.webp,18.02,13.23,15.92,2025-04-30T09:41:02.053Z,2025-04-30T09:41:02.053Z,8181672477425,https://cdn.dummyjson.com/public/qr-code.png
58,Fork,The Fork is a classic utensil for various dining and serving purposes. Its durable and ergonomic design makes it a reliable choice for everyday use.,kitchen-accessories,3.99,8.07,3.11,7,"['kitchen tools', 'utensils']",,KIT-BRD-FOR-058,9,No warranty,Ships in 1 month,In Stock,"[{'rating': 5, 'comment': 'Highly impressed!', 'date': '2025-04-30T09:41:02.053Z', 'reviewerName': 'Elena Baker', 'reviewerEmail': 'elena.baker@x.dummyjson.com'}, {'rating': 5, 'comment': 'Very satisfied!', 'date': '2025-04-30T09:41:02.053Z', 'reviewerName': 'Avery Scott', 'reviewerEmail': 'avery.scott@x.dummyjson.com'}, {'rating': 2, 'comment': 'Would not buy again!', 'date': '2025-04-30T09:41:02.053Z', 'reviewerName': 'Mateo Perez', 'reviewerEmail': 'mateo.perez@x.dummyjson.com'}]",No return policy,36,['https://cdn.dummyjson.com/product-images/kitchen-accessories/fork/1.webp'],https://cdn.dummyjson.com/product-images/kitchen-accessories/fork/thumbnail.webp,12.3,25.91,22.57,2025-04-30T09:41:02.053Z,2025-04-30T09:41:02.053Z,2851192866410,https://cdn.dummyjson.com/public/qr-code.png
59,Glass,The Glass is a versatile and elegant drinking vessel suitable for a variety of beverages. Its clear design allows you to enjoy the colors and textures of your drinks.,kitchen-accessories,4.99,7.92,4.02,46,"['drinkware', 'glasses']",,KIT-BRD-GLA-059,10,3 year warranty,Ships overnight,In Stock,"[{'rating': 5, 'comment': 'Very happy with my purchase!', 'date': '2025-04-30T09:41:02.053Z', 'reviewerName': 'Jackson Evans', 'reviewerEmail': 'jackson.evans@x.dummyjson.com'}, {'rating': 3, 'comment': 'Waste of money!', 'date': '2025-04-30T09:41:02.053Z', 'reviewerName': 'Nicholas Bailey', 'reviewerEmail': 'nicholas.bailey@x.dummyjson.com'}, {'rating': 5, 'comment': 'Very satisfied!', 'date': '2025-04-30T09:41:02.053Z', 'reviewerName': 'Nathan Reed', 'reviewerEmail': 'nathan.reed@x.dummyjson.com'}]",7 days return policy,17,['https://cdn.dummyjson.com/product-images/kitchen-accessories/glass/1.webp'],https://cdn.dummyjson.com/product-images/kitchen-accessories/glass/thumbnail.webp,20.23,24.56,26.97,2025-04-30T09:41:02.053Z,2025-04-30T09:41:02.053Z,4900880403720,https://cdn.dummyjson.com/public/qr-code.png
60,Grater Black,"The Grater in Black is a handy kitchen tool for grating cheese, vegetables, and more. Its sleek design and sharp blades make food preparation efficient and easy.",kitchen-accessories,10.99,3.56,3.21,84,"['kitchen tools', 'graters']",,KIT-BRD-GRA-060,3,1 month warranty,Ships in 1 week,In Stock,"[{'rating': 1, 'comment': 'Would not buy again!', 'date': '2025-04-30T09:41:02.053Z', 'reviewerName': 'Ella Adams', 'reviewerEmail': 'ella.adams@x.dummyjson.com'}, {'rating': 1, 'comment': 'Not as described!', 'date': '2025-04-30T09:41:02.053Z', 'reviewerName': 'Eli Ward', 'reviewerEmail': 'eli.ward@x.dummyjson.com'}, {'rating': 5, 'comment': 'Highly impressed!', 'date': '2025-04-30T09:41:02.053Z', 'reviewerName': 'James Garcia', 'reviewerEmail': 'james.garcia@x.dummyjson.com'}]",60 days return policy,5,['https://cdn.dummyjson.com/product-images/kitchen-accessories/grater-black/1.webp'],https://cdn.dummyjson.com/product-images/kitchen-accessories/grater-black/thumbnail.webp,6.32,23.11,24.64,2025-04-30T09:41:02.053Z,2025-04-30T09:41:02.053Z,2542647841284,https://cdn.dummyjson.com/public/qr-code.png
61,Hand Blender,"The Hand Blender is a versatile kitchen appliance for blending, pureeing, and mixing. Its compact design and powerful motor make it a convenient tool for various recipes.",kitchen-accessories,34.99,17.02,3.86,84,"['kitchen appliances', 'blenders']",,KIT-BRD-HAN-061,5,1 year warranty,Ships in 1 week,In Stock,"[{'rating': 5, 'comment': 'Excellent quality!', 'date': '2025-04-30T09:41:02.053Z', 'reviewerName': 'Hazel Evans', 'reviewerEmail': 'hazel.evans@x.dummyjson.com'}, {'rating': 4, 'comment': 'Highly impressed!', 'date': '2025-04-30T09:41:02.053Z', 'reviewerName': 'Hannah Howard', 'reviewerEmail': 'hannah.howard@x.dummyjson.com'}, {'rating': 1, 'comment': 'Would not buy again!', 'date': '2025-04-30T09:41:02.053Z', 'reviewerName': 'Jonathan Pierce', 'reviewerEmail': 'jonathan.pierce@x.dummyjson.com'}]",No return policy,11,['https://cdn.dummyjson.com/product-images/kitchen-accessories/hand-blender/1.webp'],https://cdn.dummyjson.com/product-images/kitchen-accessories/hand-blender/thumbnail.webp,27.31,21.0,24.27,2025-04-30T09:41:02.053Z,2025-04-30T09:41:02.053Z,1980575898457,https://cdn.dummyjson.com/public/qr-code.png
62,Ice Cube Tray,The Ice Cube Tray is a practical accessory for making ice cubes in various shapes. Perfect for keeping your drinks cool and adding a fun element to your beverages.,kitchen-accessories,5.99,0.63,4.71,13,"['kitchen tools', 'ice cube trays']",,KIT-BRD-CUB-062,3,1 month warranty,Ships overnight,In Stock,"[{'rating': 5, 'comment': 'Awesome product!', 'date': '2025-04-30T09:41:02.053Z', 'reviewerName': 'Isaac Lawrence', 'reviewerEmail': 'isaac.lawrence@x.dummyjson.com'}, {'rating': 5, 'comment': 'Would buy again!', 'date': '2025-04-30T09:41:02.053Z', 'reviewerName': 'Leo Rivera', 'reviewerEmail': 'leo.rivera@x.dummyjson.com'}, {'rating': 5, 'comment': 'Very pleased!', 'date': '2025-04-30T09:41:02.053Z', 'reviewerName': 'Henry Turner', 'reviewerEmail': 'henry.turner@x.dummyjson.com'}]",No return policy,16,['https://cdn.dummyjson.com/product-images/kitchen-accessories/ice-cube-tray/1.webp'],https://cdn.dummyjson.com/product-images/kitchen-accessories/ice-cube-tray/thumbnail.webp,26.67,18.14,5.31,2025-04-30T09:41:02.053Z,2025-04-30T09:41:02.053Z,9123541111825,https://cdn.dummyjson.com/public/qr-code.png
63,Kitchen Sieve,The Kitchen Sieve is a versatile tool for sifting and straining dry and wet ingredients. Its fine mesh design ensures smooth results in your cooking and baking.,kitchen-accessories,7.99,18.91,3.09,68,"['kitchen tools', 'strainers']",,KIT-BRD-KIT-063,5,1 month warranty,Ships overnight,In Stock,"[{'rating': 5, 'comment': 'Highly recommended!', 'date': '2025-04-30T09:41:02.053Z', 'reviewerName': 'Stella Morris', 'reviewerEmail': 'stella.morris@x.dummyjson.com'}, {'rating': 5, 'comment': 'Very happy with my purchase!', 'date': '2025-04-30T09:41:02.053Z', 'reviewerName': 'Henry Adams', 'reviewerEmail': 'henry.adams@x.dummyjson.com'}, {'rating': 4, 'comment': 'Awesome product!', 'date': '2025-04-30T09:41:02.053Z', 'reviewerName': 'Lillian Simmons', 'reviewerEmail': 'lillian.simmons@x.dummyjson.com'}]",No return policy,5,['https://cdn.dummyjson.com/product-images/kitchen-accessories/kitchen-sieve/1.webp'],https://cdn.dummyjson.com/product-images/kitchen-accessories/kitchen-sieve/thumbnail.webp,20.68,6.5,7.86,2025-04-30T09:41:02.053Z,2025-04-30T09:41:02.053Z,7119606190291,https://cdn.dummyjson.com/public/qr-code.png
64,Knife,"The Knife is an essential kitchen tool for chopping, slicing, and dicing. Its sharp blade and ergonomic handle make it a reliable choice for food preparation.",kitchen-accessories,14.99,18.86,3.26,7,"['kitchen tools', 'cutlery']",,KIT-BRD-KNI-064,3,1 month warranty,Ships in 1 week,Low Stock,"[{'rating': 2, 'comment': 'Very disappointed!', 'date': '2025-04-30T09:41:02.053Z', 'reviewerName': 'Aaliyah Martinez', 'reviewerEmail': 'aaliyah.martinez@x.dummyjson.com'}, {'rating': 5, 'comment': 'Fast shipping!', 'date': '2025-04-30T09:41:02.053Z', 'reviewerName': 'Addison Wright', 'reviewerEmail': 'addison.wright@x.dummyjson.com'}, {'rating': 5, 'comment': 'Very pleased!', 'date': '2025-04-30T09:41:02.053Z', 'reviewerName': 'Mateo Nguyen', 'reviewerEmail': 'mateo.nguyen@x.dummyjson.com'}]",7 days return policy,50,['https://cdn.dummyjson.com/product-images/kitchen-accessories/knife/1.webp'],https://cdn.dummyjson.com/product-images/kitchen-accessories/knife/thumbnail.webp,25.19,18.52,20.5,2025-04-30T09:41:02.053Z,2025-04-30T09:41:02.053Z,2258278927819,https://cdn.dummyjson.com/public/qr-code.png
65,Lunch Box,"The Lunch Box is a convenient and portable container for packing and carrying your meals. With compartments for different foods, it's perfect for on-the-go dining.",kitchen-accessories,12.99,10.34,4.93,94,"['kitchen tools', 'storage']",,KIT-BRD-LUN-065,9,5 year warranty,Ships in 1-2 business days,In Stock,"[{'rating': 5, 'comment': 'Very pleased!', 'date': '2025-04-30T09:41:02.053Z', 'reviewerName': 'Jace Smith', 'reviewerEmail': 'jace.smith@x.dummyjson.com'}, {'rating': 5, 'comment': 'Very happy with my purchase!', 'date': '2025-04-30T09:41:02.053Z', 'reviewerName': 'Zoe Bennett', 'reviewerEmail': 'zoe.bennett@x.dummyjson.com'}, {'rating': 2, 'comment': 'Poor quality!', 'date': '2025-04-30T09:41:02.053Z', 'reviewerName': 'Michael Johnson', 'reviewerEmail': 'michael.johnson@x.dummyjson.com'}]",30 days return policy,39,['https://cdn.dummyjson.com/product-images/kitchen-accessories/lunch-box/1.webp'],https://cdn.dummyjson.com/product-images/kitchen-accessories/lunch-box/thumbnail.webp,12.45,19.08,8.24,2025-04-30T09:41:02.053Z,2025-04-30T09:41:02.053Z,3287134465440,https://cdn.dummyjson.com/public/qr-code.png
66,Microwave Oven,"The Microwave Oven is a versatile kitchen appliance for quick and efficient cooking, reheating, and defrosting. Its compact size makes it suitable for various kitchen setups.",kitchen-accessories,89.99,12.13,4.82,59,"['kitchen appliances', 'microwaves']",,KIT-BRD-MIC-066,9,1 year warranty,Ships in 1 week,In Stock,"[{'rating': 3, 'comment': 'Very dissatisfied!', 'date': '2025-04-30T09:41:02.053Z', 'reviewerName': 'Nora Russell', 'reviewerEmail': 'nora.russell@x.dummyjson.com'}, {'rating': 4, 'comment': 'Fast shipping!', 'date': '2025-04-30T09:41:02.053Z', 'reviewerName': 'Alice Smith', 'reviewerEmail': 'alice.smith@x.dummyjson.com'}, {'rating': 2, 'comment': 'Very disappointed!', 'date': '2025-04-30T09:41:02.053Z', 'reviewerName': 'Ethan Fletcher', 'reviewerEmail': 'ethan.fletcher@x.dummyjson.com'}]",7 days return policy,4,"['https://cdn.dummyjson.com/product-images/kitchen-accessories/microwave-oven/1.webp', 'https://cdn.dummyjson.com/product-images/kitchen-accessories/microwave-oven/2.webp', 'https://cdn.dummyjson.com/product-images/kitchen-accessories/microwave-oven/3.webp', 'https://cdn.dummyjson.com/product-images/kitchen-accessories/microwave-oven/4.webp']",https://cdn.dummyjson.com/product-images/kitchen-accessories/microwave-oven/thumbnail.webp,16.31,27.45,13.05,2025-04-30T09:41:02.053Z,2025-04-30T09:41:02.053Z,7578271198951,https://cdn.dummyjson.com/public/qr-code.png
67,Mug Tree Stand,The Mug Tree Stand is a stylish and space-saving solution for organizing your mugs. Keep your favorite mugs easily accessible and neatly displayed in your kitchen.,kitchen-accessories,15.99,9.25,2.64,88,"['kitchen tools', 'organization']",,KIT-BRD-TRE-067,3,1 year warranty,Ships in 1 month,In Stock,"[{'rating': 1, 'comment': 'Very unhappy with my purchase!', 'date': '2025-04-30T09:41:02.053Z', 'reviewerName': 'Bella Grant', 'reviewerEmail': 'bella.grant@x.dummyjson.com'}, {'rating': 5, 'comment': 'Highly recommended!', 'date': '2025-04-30T09:41:02.053Z', 'reviewerName': 'Paisley Bell', 'reviewerEmail': 'paisley.bell@x.dummyjson.com'}, {'rating': 4, 'comment': 'Fast shipping!', 'date': '2025-04-30T09:41:02.053Z', 'reviewerName': 'David Martinez', 'reviewerEmail': 'david.martinez@x.dummyjson.com'}]",30 days return policy,45,"['https://cdn.dummyjson.com/product-images/kitchen-accessories/mug-tree-stand/1.webp', 'https://cdn.dummyjson.com/product-images/kitchen-accessories/mug-tree-stand/2.webp']",https://cdn.dummyjson.com/product-images/kitchen-accessories/mug-tree-stand/thumbnail.webp,18.99,27.14,27.29,2025-04-30T09:41:02.053Z,2025-04-30T09:41:02.053Z,4136081478055,https://cdn.dummyjson.com/public/qr-code.png
68,Pan,"The Pan is a versatile and essential cookware item for frying, sautéing, and cooking various dishes. Its non-stick coating ensures easy food release and cleanup.",kitchen-accessories,24.99,3.0,2.79,90,"['cookware', 'pans']",,KIT-BRD-PRD-068,8,1 year warranty,Ships in 3-5 business days,In Stock,"[{'rating': 5, 'comment': 'Highly impressed!', 'date': '2025-04-30T09:41:02.053Z', 'reviewerName': 'Michael Johnson', 'reviewerEmail': 'michael.johnson@x.dummyjson.com'}, {'rating': 4, 'comment': 'Highly recommended!', 'date': '2025-04-30T09:41:02.053Z', 'reviewerName': 'Adrian Flores', 'reviewerEmail': 'adrian.flores@x.dummyjson.com'}, {'rating': 1, 'comment': 'Not as described!', 'date': '2025-04-30T09:41:02.053Z', 'reviewerName': 'Nicholas Bailey', 'reviewerEmail': 'nicholas.bailey@x.dummyjson.com'}]",30 days return policy,17,['https://cdn.dummyjson.com/product-images/kitchen-accessories/pan/1.webp'],https://cdn.dummyjson.com/product-images/kitchen-accessories/pan/thumbnail.webp,17.14,21.7,25.75,2025-04-30T09:41:02.053Z,2025-04-30T09:41:02.053Z,5159803862015,https://cdn.dummyjson.com/public/qr-code.png
69,Plate,The Plate is a classic and essential dishware item for serving meals. Its durable and stylish design makes it suitable for everyday use or special occasions.,kitchen-accessories,3.99,7.31,3.65,66,"['dinnerware', 'plates']",,KIT-BRD-PLA-069,4,1 year warranty,Ships in 1-2 business days,In Stock,"[{'rating': 3, 'comment': 'Disappointing product!', 'date': '2025-04-30T09:41:02.053Z', 'reviewerName': 'Mia Miller', 'reviewerEmail': 'mia.miller@x.dummyjson.com'}, {'rating': 4, 'comment': 'Great product!', 'date': '2025-04-30T09:41:02.053Z', 'reviewerName': 'Henry Adams', 'reviewerEmail': 'henry.adams@x.dummyjson.com'}, {'rating': 4, 'comment': 'Excellent quality!', 'date': '2025-04-30T09:41:02.053Z', 'reviewerName': 'Nora Russell', 'reviewerEmail': 'nora.russell@x.dummyjson.com'}]",90 days return policy,6,['https://cdn.dummyjson.com/product-images/kitchen-accessories/plate/1.webp'],https://cdn.dummyjson.com/product-images/kitchen-accessories/plate/thumbnail.webp,16.46,5.39,13.15,2025-04-30T09:41:02.053Z,2025-04-30T09:41:02.053Z,8084753475328,https://cdn.dummyjson.com/public/qr-code.png
70,Red Tongs,The Red Tongs are versatile kitchen tongs suitable for various cooking and serving tasks. Their vibrant color adds a pop of excitement to your kitchen utensils.,kitchen-accessories,6.99,14.52,4.42,82,"['kitchen tools', 'tongs']",,KIT-BRD-TON-070,7,No warranty,Ships in 1 week,In Stock,"[{'rating': 4, 'comment': 'Very satisfied!', 'date': '2025-04-30T09:41:02.053Z', 'reviewerName': 'Xavier Wright', 'reviewerEmail': 'xavier.wright@x.dummyjson.com'}, {'rating': 5, 'comment': 'Highly recommended!', 'date': '2025-04-30T09:41:02.053Z', 'reviewerName': 'Stella Hughes', 'reviewerEmail': 'stella.hughes@x.dummyjson.com'}, {'rating': 4, 'comment': 'Excellent quality!', 'date': '2025-04-30T09:41:02.053Z', 'reviewerName': 'Jaxon Barnes', 'reviewerEmail': 'jaxon.barnes@x.dummyjson.com'}]",30 days return policy,23,['https://cdn.dummyjson.com/product-images/kitchen-accessories/red-tongs/1.webp'],https://cdn.dummyjson.com/product-images/kitchen-accessories/red-tongs/thumbnail.webp,22.86,26.2,17.0,2025-04-30T09:41:02.053Z,2025-04-30T09:41:02.053Z,1919888449594,https://cdn.dummyjson.com/public/qr-code.png
71,Silver Pot With Glass Cap,"The Silver Pot with Glass Cap is a stylish and functional cookware item for boiling, simmering, and preparing delicious meals. Its glass cap allows you to monitor cooking progress.",kitchen-accessories,39.99,5.7,3.22,40,"['cookware', 'pots']",,KIT-BRD-SIL-071,7,1 year warranty,Ships in 1 month,In Stock,"[{'rating': 4, 'comment': 'Great product!', 'date': '2025-04-30T09:41:02.053Z', 'reviewerName': 'Julian Newton', 'reviewerEmail': 'julian.newton@x.dummyjson.com'}, {'rating': 4, 'comment': 'Excellent quality!', 'date': '2025-04-30T09:41:02.053Z', 'reviewerName': 'Noah Lewis', 'reviewerEmail': 'noah.lewis@x.dummyjson.com'}, {'rating': 1, 'comment': 'Disappointing product!', 'date': '2025-04-30T09:41:02.053Z', 'reviewerName': 'Brayden Hill', 'reviewerEmail': 'brayden.hill@x.dummyjson.com'}]",90 days return policy,10,['https://cdn.dummyjson.com/product-images/kitchen-accessories/silver-pot-with-glass-cap/1.webp'],https://cdn.dummyjson.com/product-images/kitchen-accessories/silver-pot-with-glass-cap/thumbnail.webp,21.03,11.7,6.69,2025-04-30T09:41:02.053Z,2025-04-30T09:41:02.053Z,9757232943842,https://cdn.dummyjson.com/public/qr-code.png
72,Slotted Turner,"The Slotted Turner is a kitchen utensil designed for flipping and turning food items. Its slotted design allows excess liquid to drain, making it ideal for frying and sautéing.",kitchen-accessories,8.99,13.35,3.4,88,"['kitchen tools', 'turners']",,KIT-BRD-SLO-072,8,Lifetime warranty,Ships in 1-2 business days,In Stock,"[{'rating': 1, 'comment': 'Would not recommend!', 'date': '2025-04-30T09:41:02.053Z', 'reviewerName': 'Ava Taylor', 'reviewerEmail': 'ava.taylor@x.dummyjson.com'}, {'rating': 2, 'comment': 'Would not recommend!', 'date': '2025-04-30T09:41:02.053Z', 'reviewerName': 'Liam Smith', 'reviewerEmail': 'liam.smith@x.dummyjson.com'}, {'rating': 5, 'comment': 'Very satisfied!', 'date': '2025-04-30T09:41:02.053Z', 'reviewerName': 'Gabriel Mitchell', 'reviewerEmail': 'gabriel.mitchell@x.dummyjson.com'}]",7 days return policy,34,['https://cdn.dummyjson.com/product-images/kitchen-accessories/slotted-turner/1.webp'],https://cdn.dummyjson.com/product-images/kitchen-accessories/slotted-turner/thumbnail.webp,14.41,27.15,14.76,2025-04-30T09:41:02.053Z,2025-04-30T09:41:02.053Z,4396291569672,https://cdn.dummyjson.com/public/qr-code.png
73,Spice Rack,The Spice Rack is a convenient organizer for your spices and seasonings. Keep your kitchen essentials within reach and neatly arranged with this stylish spice rack.,kitchen-accessories,19.99,12.09,4.87,79,"['kitchen tools', 'organization']",,KIT-BRD-SPI-073,7,1 week warranty,Ships overnight,In Stock,"[{'rating': 5, 'comment': 'Very satisfied!', 'date': '2025-04-30T09:41:02.053Z', 'reviewerName': 'Elena Baker', 'reviewerEmail': 'elena.baker@x.dummyjson.com'}, {'rating': 4, 'comment': 'Excellent quality!', 'date': '2025-04-30T09:41:02.053Z', 'reviewerName': 'Owen Fisher', 'reviewerEmail': 'owen.fisher@x.dummyjson.com'}, {'rating': 2, 'comment': 'Waste of money!', 'date': '2025-04-30T09:41:02.053Z', 'reviewerName': 'Sadie Morales', 'reviewerEmail': 'sadie.morales@x.dummyjson.com'}]",7 days return policy,18,['https://cdn.dummyjson.com/product-images/kitchen-accessories/spice-rack/1.webp'],https://cdn.dummyjson.com/product-images/kitchen-accessories/spice-rack/thumbnail.webp,28.06,22.43,26.34,2025-04-30T09:41:02.053Z,2025-04-30T09:41:02.053Z,6149284465708,https://cdn.dummyjson.com/public/qr-code.png
74,Spoon,"The Spoon is a versatile kitchen utensil for stirring, serving, and tasting. Its ergonomic design and durable construction make it an essential tool for every kitchen.",kitchen-accessories,4.99,1.53,4.03,59,"['kitchen tools', 'utensils']",,KIT-BRD-SPO-074,6,1 year warranty,Ships in 1-2 business days,In Stock,"[{'rating': 3, 'comment': 'Waste of money!', 'date': '2025-04-30T09:41:02.053Z', 'reviewerName': 'Jackson Evans', 'reviewerEmail': 'jackson.evans@x.dummyjson.com'}, {'rating': 1, 'comment': 'Disappointing product!', 'date': '2025-04-30T09:41:02.053Z', 'reviewerName': 'Elena Baker', 'reviewerEmail': 'elena.baker@x.dummyjson.com'}, {'rating': 4, 'comment': 'Awesome product!', 'date': '2025-04-30T09:41:02.053Z', 'reviewerName': 'Bella Gonzalez', 'reviewerEmail': 'bella.gonzalez@x.dummyjson.com'}]",90 days return policy,15,['https://cdn.dummyjson.com/product-images/kitchen-accessories/spoon/1.webp'],https://cdn.dummyjson.com/product-images/kitchen-accessories/spoon/thumbnail.webp,8.49,26.04,27.78,2025-04-30T09:41:02.053Z,2025-04-30T09:41:02.053Z,7769627934740,https://cdn.dummyjson.com/public/qr-code.png
75,Tray,"The Tray is a functional and decorative item for serving snacks, appetizers, or drinks. Its stylish design makes it a versatile accessory for entertaining guests.",kitchen-accessories,16.99,7.48,4.62,71,"['serveware', 'trays']",,KIT-BRD-TRA-075,10,5 year warranty,Ships in 2 weeks,In Stock,"[{'rating': 5, 'comment': 'Fast shipping!', 'date': '2025-04-30T09:41:02.053Z', 'reviewerName': 'Samantha Howard', 'reviewerEmail': 'samantha.howard@x.dummyjson.com'}, {'rating': 3, 'comment': 'Very disappointed!', 'date': '2025-04-30T09:41:02.053Z', 'reviewerName': 'Benjamin Wilson', 'reviewerEmail': 'benjamin.wilson@x.dummyjson.com'}, {'rating': 4, 'comment': 'Excellent quality!', 'date': '2025-04-30T09:41:02.053Z', 'reviewerName': 'Caleb Nelson', 'reviewerEmail': 'caleb.nelson@x.dummyjson.com'}]",7 days return policy,23,['https://cdn.dummyjson.com/product-images/kitchen-accessories/tray/1.webp'],https://cdn.dummyjson.com/product-images/kitchen-accessories/tray/thumbnail.webp,12.7,7.52,9.72,2025-04-30T09:41:02.053Z,2025-04-30T09:41:02.053Z,5239514403214,https://cdn.dummyjson.com/public/qr-code.png
76,Wooden Rolling Pin,The Wooden Rolling Pin is a classic kitchen tool for rolling out dough for baking. Its smooth surface and sturdy handles make it easy to achieve uniform thickness.,kitchen-accessories,11.99,9.75,2.92,80,"['kitchen tools', 'baking']",,KIT-BRD-WOO-076,7,3 year warranty,Ships in 2 weeks,In Stock,"[{'rating': 2, 'comment': 'Would not recommend!', 'date': '2025-04-30T09:41:02.053Z', 'reviewerName': 'Aurora Lawson', 'reviewerEmail': 'aurora.lawson@x.dummyjson.com'}, {'rating': 3, 'comment': 'Very disappointed!', 'date': '2025-04-30T09:41:02.053Z', 'reviewerName': 'Ava Taylor', 'reviewerEmail': 'ava.taylor@x.dummyjson.com'}, {'rating': 5, 'comment': 'Great product!', 'date': '2025-04-30T09:41:02.053Z', 'reviewerName': 'Mila Hernandez', 'reviewerEmail': 'mila.hernandez@x.dummyjson.com'}]",30 days return policy,11,['https://cdn.dummyjson.com/product-images/kitchen-accessories/wooden-rolling-pin/1.webp'],https://cdn.dummyjson.com/product-images/kitchen-accessories/wooden-rolling-pin/thumbnail.webp,5.92,10.87,19.55,2025-04-30T09:41:02.053Z,2025-04-30T09:41:02.053Z,6934305212813,https://cdn.dummyjson.com/public/qr-code.png
77,Yellow Peeler,The Yellow Peeler is a handy tool for peeling fruits and vegetables with ease. Its bright yellow color adds a cheerful touch to your kitchen gadgets.,kitchen-accessories,5.99,12.48,4.24,35,"['kitchen tools', 'peelers']",,KIT-BRD-YEL-077,7,1 month warranty,Ships in 3-5 business days,In Stock,"[{'rating': 1, 'comment': 'Very unhappy with my purchase!', 'date': '2025-04-30T09:41:02.053Z', 'reviewerName': 'Claire Foster', 'reviewerEmail': 'claire.foster@x.dummyjson.com'}, {'rating': 5, 'comment': 'Very happy with my purchase!', 'date': '2025-04-30T09:41:02.053Z', 'reviewerName': 'Aaliyah Hanson', 'reviewerEmail': 'aaliyah.hanson@x.dummyjson.com'}, {'rating': 4, 'comment': 'Great product!', 'date': '2025-04-30T09:41:02.053Z', 'reviewerName': 'Olivia Wilson', 'reviewerEmail': 'olivia.wilson@x.dummyjson.com'}]",90 days return policy,6,['https://cdn.dummyjson.com/product-images/kitchen-accessories/yellow-peeler/1.webp'],https://cdn.dummyjson.com/product-images/kitchen-accessories/yellow-peeler/thumbnail.webp,9.7,6.43,17.93,2025-04-30T09:41:02.053Z,2025-04-30T09:41:02.053Z,8946155386929,https://cdn.dummyjson.com/public/qr-code.png
78,Apple MacBook Pro 14 Inch Space Grey,"The MacBook Pro 14 Inch in Space Grey is a powerful and sleek laptop, featuring Apple's M1 Pro chip for exceptional performance and a stunning Retina display.",laptops,1999.99,4.69,3.65,24,"['laptops', 'apple']",Apple,LAP-APP-APP-078,9,3 year warranty,Ships in 2 weeks,In Stock,"[{'rating': 5, 'comment': 'Very happy with my purchase!', 'date': '2025-04-30T09:41:02.053Z', 'reviewerName': 'Hazel Evans', 'reviewerEmail': 'hazel.evans@x.dummyjson.com'}, {'rating': 5, 'comment': 'Very happy with my purchase!', 'date': '2025-04-30T09:41:02.053Z', 'reviewerName': 'Christopher West', 'reviewerEmail': 'christopher.west@x.dummyjson.com'}, {'rating': 4, 'comment': 'Very satisfied!', 'date': '2025-04-30T09:41:02.053Z', 'reviewerName': 'Aubrey Garcia', 'reviewerEmail': 'aubrey.garcia@x.dummyjson.com'}]",90 days return policy,1,"['https://cdn.dummyjson.com/product-images/laptops/apple-macbook-pro-14-inch-space-grey/1.webp', 'https://cdn.dummyjson.com/product-images/laptops/apple-macbook-pro-14-inch-space-grey/2.webp', 'https://cdn.dummyjson.com/product-images/laptops/apple-macbook-pro-14-inch-space-grey/3.webp']",https://cdn.dummyjson.com/product-images/laptops/apple-macbook-pro-14-inch-space-grey/thumbnail.webp,20.03,9.54,14.82,2025-04-30T09:41:02.053Z,2025-04-30T09:41:02.053Z,5275211560367,https://cdn.dummyjson.com/public/qr-code.png
79,Asus Zenbook Pro Dual Screen Laptop,"The Asus Zenbook Pro Dual Screen Laptop is a high-performance device with dual screens, providing productivity and versatility for creative professionals.",laptops,1799.99,11.14,3.95,45,['laptops'],Asus,LAP-ASU-ASU-079,9,3 year warranty,Ships in 1 month,In Stock,"[{'rating': 4, 'comment': 'Very happy with my purchase!', 'date': '2025-04-30T09:41:02.053Z', 'reviewerName': 'Michael Johnson', 'reviewerEmail': 'michael.johnson@x.dummyjson.com'}, {'rating': 5, 'comment': 'Highly recommended!', 'date': '2025-04-30T09:41:02.053Z', 'reviewerName': 'Zoe Bennett', 'reviewerEmail': 'zoe.bennett@x.dummyjson.com'}, {'rating': 4, 'comment': 'Very satisfied!', 'date': '2025-04-30T09:41:02.053Z', 'reviewerName': 'Mila Hernandez', 'reviewerEmail': 'mila.hernandez@x.dummyjson.com'}]",7 days return policy,1,"['https://cdn.dummyjson.com/product-images/laptops/asus-zenbook-pro-dual-screen-laptop/1.webp', 'https://cdn.dummyjson.com/product-images/laptops/asus-zenbook-pro-dual-screen-laptop/2.webp', 'https://cdn.dummyjson.com/product-images/laptops/asus-zenbook-pro-dual-screen-laptop/3.webp']",https://cdn.dummyjson.com/product-images/laptops/asus-zenbook-pro-dual-screen-laptop/thumbnail.webp,16.6,11.49,10.89,2025-04-30T09:41:02.053Z,2025-04-30T09:41:02.053Z,7392988535158,https://cdn.dummyjson.com/public/qr-code.png
80,Huawei Matebook X Pro,"The Huawei Matebook X Pro is a slim and stylish laptop with a high-resolution touchscreen display, offering a premium experience for users on the go.",laptops,1399.99,9.38,4.98,75,['laptops'],Huawei,LAP-HUA-HUA-080,9,No warranty,Ships overnight,In Stock,"[{'rating': 4, 'comment': 'Very satisfied!', 'date': '2025-04-30T09:41:02.053Z', 'reviewerName': 'Evan Wright', 'reviewerEmail': 'evan.wright@x.dummyjson.com'}, {'rating': 4, 'comment': 'Very happy with my purchase!', 'date': '2025-04-30T09:41:02.053Z', 'reviewerName': 'Hunter Gordon', 'reviewerEmail': 'hunter.gordon@x.dummyjson.com'}, {'rating': 1, 'comment': 'Not worth the price!', 'date': '2025-04-30T09:41:02.053Z', 'reviewerName': 'William Gonzalez', 'reviewerEmail': 'william.gonzalez@x.dummyjson.com'}]",60 days return policy,1,"['https://cdn.dummyjson.com/product-images/laptops/huawei-matebook-x-pro/1.webp', 'https://cdn.dummyjson.com/product-images/laptops/huawei-matebook-x-pro/2.webp', 'https://cdn.dummyjson.com/product-images/laptops/huawei-matebook-x-pro/3.webp']",https://cdn.dummyjson.com/product-images/laptops/huawei-matebook-x-pro/thumbnail.webp,18.21,22.83,17.26,2025-04-30T09:41:02.053Z,2025-04-30T09:41:02.053Z,0592296671061,https://cdn.dummyjson.com/public/qr-code.png
81,Lenovo Yoga 920,"The Lenovo Yoga 920 is a 2-in-1 convertible laptop with a flexible hinge, allowing you to use it as a laptop or tablet, offering versatility and portability.",laptops,1099.99,6.55,2.86,40,['laptops'],Lenovo,LAP-LEN-LEN-081,9,6 months warranty,Ships in 2 weeks,In Stock,"[{'rating': 4, 'comment': 'Would buy again!', 'date': '2025-04-30T09:41:02.053Z', 'reviewerName': 'Bella Gonzalez', 'reviewerEmail': 'bella.gonzalez@x.dummyjson.com'}, {'rating': 5, 'comment': 'Great value for money!', 'date': '2025-04-30T09:41:02.053Z', 'reviewerName': 'Nathan Reed', 'reviewerEmail': 'nathan.reed@x.dummyjson.com'}, {'rating': 4, 'comment': 'Great value for money!', 'date': '2025-04-30T09:41:02.053Z', 'reviewerName': 'Hazel Gardner', 'reviewerEmail': 'hazel.gardner@x.dummyjson.com'}]",No return policy,1,"['https://cdn.dummyjson.com/product-images/laptops/lenovo-yoga-920/1.webp', 'https://cdn.dummyjson.com/product-images/laptops/lenovo-yoga-920/2.webp', 'https://cdn.dummyjson.com/product-images/laptops/lenovo-yoga-920/3.webp']",https://cdn.dummyjson.com/product-images/laptops/lenovo-yoga-920/thumbnail.webp,20.84,22.68,17.39,2025-04-30T09:41:02.053Z,2025-04-30T09:41:02.053Z,5506742916764,https://cdn.dummyjson.com/public/qr-code.png
82,New DELL XPS 13 9300 Laptop,"The New DELL XPS 13 9300 Laptop is a compact and powerful device, featuring a virtually borderless InfinityEdge display and high-end performance for various tasks.",laptops,1499.99,11.89,2.67,74,['laptops'],Dell,LAP-DEL-DEL-082,2,2 year warranty,Ships in 2 weeks,In Stock,"[{'rating': 3, 'comment': 'Poor quality!', 'date': '2025-04-30T09:41:02.053Z', 'reviewerName': 'Charlotte Lopez', 'reviewerEmail': 'charlotte.lopez@x.dummyjson.com'}, {'rating': 4, 'comment': 'Very satisfied!', 'date': '2025-04-30T09:41:02.053Z', 'reviewerName': 'Alice Smith', 'reviewerEmail': 'alice.smith@x.dummyjson.com'}, {'rating': 2, 'comment': 'Disappointing product!', 'date': '2025-04-30T09:41:02.053Z', 'reviewerName': 'Ava Taylor', 'reviewerEmail': 'ava.taylor@x.dummyjson.com'}]",60 days return policy,1,"['https://cdn.dummyjson.com/product-images/laptops/new-dell-xps-13-9300-laptop/1.webp', 'https://cdn.dummyjson.com/product-images/laptops/new-dell-xps-13-9300-laptop/2.webp', 'https://cdn.dummyjson.com/product-images/laptops/new-dell-xps-13-9300-laptop/3.webp']",https://cdn.dummyjson.com/product-images/laptops/new-dell-xps-13-9300-laptop/thumbnail.webp,13.76,29.0,21.42,2025-04-30T09:41:02.053Z,2025-04-30T09:41:02.053Z,5963805976904,https://cdn.dummyjson.com/public/qr-code.png
83,Blue & Black Check Shirt,"The Blue & Black Check Shirt is a stylish and comfortable men's shirt featuring a classic check pattern. Made from high-quality fabric, it's suitable for both casual and semi-formal occasions.",mens-shirts,29.99,15.35,3.64,38,"['clothing', ""men's shirts""]",Fashion Trends,MEN-FAS-BLU-083,4,3 year warranty,Ships in 3-5 business days,In Stock,"[{'rating': 1, 'comment': 'Waste of money!', 'date': '2025-04-30T09:41:02.053Z', 'reviewerName': 'Logan Lee', 'reviewerEmail': 'logan.lee@x.dummyjson.com'}, {'rating': 5, 'comment': 'Very satisfied!', 'date': '2025-04-30T09:41:02.053Z', 'reviewerName': 'Zachary Lee', 'reviewerEmail': 'zachary.lee@x.dummyjson.com'}, {'rating': 4, 'comment': 'Fast shipping!', 'date': '2025-04-30T09:41:02.053Z', 'reviewerName': 'Aurora Rodriguez', 'reviewerEmail': 'aurora.rodriguez@x.dummyjson.com'}]",30 days return policy,18,"['https://cdn.dummyjson.com/product-images/mens-shirts/blue-&-black-check-shirt/1.webp', 'https://cdn.dummyjson.com/product-images/mens-shirts/blue-&-black-check-shirt/2.webp', 'https://cdn.dummyjson.com/product-images/mens-shirts/blue-&-black-check-shirt/3.webp', 'https://cdn.dummyjson.com/product-images/mens-shirts/blue-&-black-check-shirt/4.webp']",https://cdn.dummyjson.com/product-images/mens-shirts/blue-&-black-check-shirt/thumbnail.webp,27.49,23.73,28.61,2025-04-30T09:41:02.053Z,2025-04-30T09:41:02.053Z,7148674604957,https://cdn.dummyjson.com/public/qr-code.png
84,Gigabyte Aorus Men Tshirt,"The Gigabyte Aorus Men Tshirt is a cool and casual shirt for gaming enthusiasts. With the Aorus logo and sleek design, it's perfect for expressing your gaming style.",mens-shirts,24.99,0.94,3.18,90,"['clothing', ""men's t-shirts""]",Gigabyte,MEN-GIG-GIG-084,4,3 year warranty,Ships overnight,In Stock,"[{'rating': 5, 'comment': 'Excellent quality!', 'date': '2025-04-30T09:41:02.053Z', 'reviewerName': 'Amelia Perez', 'reviewerEmail': 'amelia.perez@x.dummyjson.com'}, {'rating': 5, 'comment': 'Awesome product!', 'date': '2025-04-30T09:41:02.053Z', 'reviewerName': 'Tyler Davis', 'reviewerEmail': 'tyler.davis@x.dummyjson.com'}, {'rating': 1, 'comment': 'Disappointing product!', 'date': '2025-04-30T09:41:02.053Z', 'reviewerName': 'Harper King', 'reviewerEmail': 'harper.king@x.dummyjson.com'}]",30 days return policy,16,"['https://cdn.dummyjson.com/product-images/mens-shirts/gigabyte-aorus-men-tshirt/1.webp', 'https://cdn.dummyjson.com/product-images/mens-shirts/gigabyte-aorus-men-tshirt/2.webp', 'https://cdn.dummyjson.com/product-images/mens-shirts/gigabyte-aorus-men-tshirt/3.webp', 'https://cdn.dummyjson.com/product-images/mens-shirts/gigabyte-aorus-men-tshirt/4.webp']",https://cdn.dummyjson.com/product-images/mens-shirts/gigabyte-aorus-men-tshirt/thumbnail.webp,22.31,26.47,13.27,2025-04-30T09:41:02.053Z,2025-04-30T09:41:02.053Z,1654388837068,https://cdn.dummyjson.com/public/qr-code.png
85,Man Plaid Shirt,The Man Plaid Shirt is a timeless and versatile men's shirt with a classic plaid pattern. Its comfortable fit and casual style make it a wardrobe essential for various occasions.,mens-shirts,34.99,19.5,3.46,82,"['clothing', ""men's shirts""]",Classic Wear,MEN-CLA-PLA-085,3,1 week warranty,Ships in 1-2 business days,In Stock,"[{'rating': 3, 'comment': 'Disappointing product!', 'date': '2025-04-30T09:41:02.053Z', 'reviewerName': 'Aubrey Wagner', 'reviewerEmail': 'aubrey.wagner@x.dummyjson.com'}, {'rating': 4, 'comment': 'Awesome product!', 'date': '2025-04-30T09:41:02.053Z', 'reviewerName': 'Evan Reed', 'reviewerEmail': 'evan.reed@x.dummyjson.com'}, {'rating': 2, 'comment': 'Very disappointed!', 'date': '2025-04-30T09:41:02.053Z', 'reviewerName': 'Evelyn Gonzalez', 'reviewerEmail': 'evelyn.gonzalez@x.dummyjson.com'}]",7 days return policy,13,"['https://cdn.dummyjson.com/product-images/mens-shirts/man-plaid-shirt/1.webp', 'https://cdn.dummyjson.com/product-images/mens-shirts/man-plaid-shirt/2.webp', 'https://cdn.dummyjson.com/product-images/mens-shirts/man-plaid-shirt/3.webp', 'https://cdn.dummyjson.com/product-images/mens-shirts/man-plaid-shirt/4.webp']",https://cdn.dummyjson.com/product-images/mens-shirts/man-plaid-shirt/thumbnail.webp,9.34,5.97,10.85,2025-04-30T09:41:02.053Z,2025-04-30T09:41:02.053Z,2821496314023,https://cdn.dummyjson.com/public/qr-code.png
86,Man Short Sleeve Shirt,"The Man Short Sleeve Shirt is a breezy and stylish option for warm days. With a comfortable fit and short sleeves, it's perfect for a laid-back yet polished look.",mens-shirts,19.99,6.83,2.9,2,"['clothing', ""men's shirts""]",Casual Comfort,MEN-CAS-SHO-086,2,3 year warranty,Ships in 2 weeks,Low Stock,"[{'rating': 5, 'comment': 'Highly recommended!', 'date': '2025-04-30T09:41:02.053Z', 'reviewerName': 'Charlotte Lopez', 'reviewerEmail': 'charlotte.lopez@x.dummyjson.com'}, {'rating': 2, 'comment': 'Poor quality!', 'date': '2025-04-30T09:41:02.053Z', 'reviewerName': 'Ellie Stewart', 'reviewerEmail': 'ellie.stewart@x.dummyjson.com'}, {'rating': 1, 'comment': 'Would not recommend!', 'date': '2025-04-30T09:41:02.053Z', 'reviewerName': 'Sadie Morales', 'reviewerEmail': 'sadie.morales@x.dummyjson.com'}]",30 days return policy,4,"['https://cdn.dummyjson.com/product-images/mens-shirts/man-short-sleeve-shirt/1.webp', 'https://cdn.dummyjson.com/product-images/mens-shirts/man-short-sleeve-shirt/2.webp', 'https://cdn.dummyjson.com/product-images/mens-shirts/man-short-sleeve-shirt/3.webp', 'https://cdn.dummyjson.com/product-images/mens-shirts/man-short-sleeve-shirt/4.webp']",https://cdn.dummyjson.com/product-images/mens-shirts/man-short-sleeve-shirt/thumbnail.webp,5.02,16.57,9.6,2025-04-30T09:41:02.053Z,2025-04-30T09:41:02.053Z,9995865660204,https://cdn.dummyjson.com/public/qr-code.png
87,Men Check Shirt,"The Men Check Shirt is a classic and versatile shirt featuring a stylish check pattern. Suitable for various occasions, it adds a smart and polished touch to your wardrobe.",mens-shirts,27.99,11.38,2.72,95,"['clothing', ""men's shirts""]",Urban Chic,MEN-URB-CHE-087,10,No warranty,Ships in 1-2 business days,In Stock,"[{'rating': 3, 'comment': 'Would not recommend!', 'date': '2025-04-30T09:41:02.053Z', 'reviewerName': 'Mateo Nguyen', 'reviewerEmail': 'mateo.nguyen@x.dummyjson.com'}, {'rating': 5, 'comment': 'Fast shipping!', 'date': '2025-04-30T09:41:02.053Z', 'reviewerName': 'Lucas Allen', 'reviewerEmail': 'lucas.allen@x.dummyjson.com'}, {'rating': 2, 'comment': 'Very unhappy with my purchase!', 'date': '2025-04-30T09:41:02.053Z', 'reviewerName': 'Henry Adams', 'reviewerEmail': 'henry.adams@x.dummyjson.com'}]",30 days return policy,12,"['https://cdn.dummyjson.com/product-images/mens-shirts/men-check-shirt/1.webp', 'https://cdn.dummyjson.com/product-images/mens-shirts/men-check-shirt/2.webp', 'https://cdn.dummyjson.com/product-images/mens-shirts/men-check-shirt/3.webp', 'https://cdn.dummyjson.com/product-images/mens-shirts/men-check-shirt/4.webp']",https://cdn.dummyjson.com/product-images/mens-shirts/men-check-shirt/thumbnail.webp,23.48,7.03,27.33,2025-04-30T09:41:02.053Z,2025-04-30T09:41:02.053Z,9680331363394,https://cdn.dummyjson.com/public/qr-code.png
88,Nike Air Jordan 1 Red And Black,"The Nike Air Jordan 1 in Red and Black is an iconic basketball sneaker known for its stylish design and high-performance features, making it a favorite among sneaker enthusiasts and athletes.",mens-shoes,149.99,4.12,4.77,7,"['footwear', 'athletic shoes']",Nike,MEN-NIK-NIK-088,3,1 year warranty,Ships in 1 week,In Stock,"[{'rating': 5, 'comment': 'Highly impressed!', 'date': '2025-04-30T09:41:02.053Z', 'reviewerName': 'Elena Long', 'reviewerEmail': 'elena.long@x.dummyjson.com'}, {'rating': 4, 'comment': 'Very happy with my purchase!', 'date': '2025-04-30T09:41:02.053Z', 'reviewerName': 'Addison Wright', 'reviewerEmail': 'addison.wright@x.dummyjson.com'}, {'rating': 1, 'comment': 'Waste of money!', 'date': '2025-04-30T09:41:02.053Z', 'reviewerName': 'Mason Wright', 'reviewerEmail': 'mason.wright@x.dummyjson.com'}]",No return policy,1,"['https://cdn.dummyjson.com/product-images/mens-shoes/nike-air-jordan-1-red-and-black/1.webp', 'https://cdn.dummyjson.com/product-images/mens-shoes/nike-air-jordan-1-red-and-black/2.webp', 'https://cdn.dummyjson.com/product-images/mens-shoes/nike-air-jordan-1-red-and-black/3.webp', 'https://cdn.dummyjson.com/product-images/mens-shoes/nike-air-jordan-1-red-and-black/4.webp']",https://cdn.dummyjson.com/product-images/mens-shoes/nike-air-jordan-1-red-and-black/thumbnail.webp,17.44,9.52,27.0,2025-04-30T09:41:02.053Z,2025-04-30T09:41:02.053Z,7631625812393,https://cdn.dummyjson.com/public/qr-code.png
89,Nike Baseball Cleats,Nike Baseball Cleats are designed for maximum traction and performance on the baseball field. They provide stability and support for players during games and practices.,mens-shoes,79.99,18.04,3.88,12,"['footwear', 'sports cleats']",Nike,MEN-NIK-NIK-089,9,6 months warranty,Ships in 2 weeks,In Stock,"[{'rating': 5, 'comment': 'Would buy again!', 'date': '2025-04-30T09:41:02.053Z', 'reviewerName': 'Aaron Cook', 'reviewerEmail': 'aaron.cook@x.dummyjson.com'}, {'rating': 2, 'comment': 'Very disappointed!', 'date': '2025-04-30T09:41:02.053Z', 'reviewerName': 'Noah Lewis', 'reviewerEmail': 'noah.lewis@x.dummyjson.com'}, {'rating': 3, 'comment': 'Would not recommend!', 'date': '2025-04-30T09:41:02.053Z', 'reviewerName': 'Michael Johnson', 'reviewerEmail': 'michael.johnson@x.dummyjson.com'}]",No return policy,3,"['https://cdn.dummyjson.com/product-images/mens-shoes/nike-baseball-cleats/1.webp', 'https://cdn.dummyjson.com/product-images/mens-shoes/nike-baseball-cleats/2.webp', 'https://cdn.dummyjson.com/product-images/mens-shoes/nike-baseball-cleats/3.webp', 'https://cdn.dummyjson.com/product-images/mens-shoes/nike-baseball-cleats/4.webp']",https://cdn.dummyjson.com/product-images/mens-shoes/nike-baseball-cleats/thumbnail.webp,11.75,26.65,19.6,2025-04-30T09:41:02.053Z,2025-04-30T09:41:02.053Z,2449851358796,https://cdn.dummyjson.com/public/qr-code.png
90,Puma Future Rider Trainers,"The Puma Future Rider Trainers offer a blend of retro style and modern comfort. Perfect for casual wear, these trainers provide a fashionable and comfortable option for everyday use.",mens-shoes,89.99,4.2,4.9,90,"['footwear', 'casual shoes']",Puma,MEN-PUM-PUM-090,6,5 year warranty,Ships in 1-2 business days,In Stock,"[{'rating': 5, 'comment': 'Highly impressed!', 'date': '2025-04-30T09:41:02.053Z', 'reviewerName': 'Jackson Morales', 'reviewerEmail': 'jackson.morales@x.dummyjson.com'}, {'rating': 1, 'comment': 'Very disappointed!', 'date': '2025-04-30T09:41:02.053Z', 'reviewerName': 'Sophia Jones', 'reviewerEmail': 'sophia.jones@x.dummyjson.com'}, {'rating': 5, 'comment': 'Very pleased!', 'date': '2025-04-30T09:41:02.053Z', 'reviewerName': 'Logan Torres', 'reviewerEmail': 'logan.torres@x.dummyjson.com'}]",90 days return policy,10,"['https://cdn.dummyjson.com/product-images/mens-shoes/puma-future-rider-trainers/1.webp', 'https://cdn.dummyjson.com/product-images/mens-shoes/puma-future-rider-trainers/2.webp', 'https://cdn.dummyjson.com/product-images/mens-shoes/puma-future-rider-trainers/3.webp', 'https://cdn.dummyjson.com/product-images/mens-shoes/puma-future-rider-trainers/4.webp']",https://cdn.dummyjson.com/product-images/mens-shoes/puma-future-rider-trainers/thumbnail.webp,17.45,15.58,23.13,2025-04-30T09:41:02.053Z,2025-04-30T09:41:02.053Z,9715091831404,https://cdn.dummyjson.com/public/qr-code.png
91,Sports Sneakers Off White & Red,"The Sports Sneakers in Off White and Red combine style and functionality, making them a fashionable choice for sports enthusiasts. The red and off-white color combination adds a bold and energetic touch.",mens-shoes,119.99,4.97,4.77,17,"['footwear', 'athletic shoes']",Off White,MEN-OFF-SPO-091,7,1 week warranty,Ships in 3-5 business days,In Stock,"[{'rating': 4, 'comment': 'Would buy again!', 'date': '2025-04-30T09:41:02.053Z', 'reviewerName': 'Sadie Morales', 'reviewerEmail': 'sadie.morales@x.dummyjson.com'}, {'rating': 5, 'comment': 'Fast shipping!', 'date': '2025-04-30T09:41:02.053Z', 'reviewerName': 'Julian Newton', 'reviewerEmail': 'julian.newton@x.dummyjson.com'}, {'rating': 5, 'comment': 'Awesome product!', 'date': '2025-04-30T09:41:02.053Z', 'reviewerName': 'Logan Lee', 'reviewerEmail': 'logan.lee@x.dummyjson.com'}]",30 days return policy,5,"['https://cdn.dummyjson.com/product-images/mens-shoes/sports-sneakers-off-white-&-red/1.webp', 'https://cdn.dummyjson.com/product-images/mens-shoes/sports-sneakers-off-white-&-red/2.webp', 'https://cdn.dummyjson.com/product-images/mens-shoes/sports-sneakers-off-white-&-red/3.webp', 'https://cdn.dummyjson.com/product-images/mens-shoes/sports-sneakers-off-white-&-red/4.webp']",https://cdn.dummyjson.com/product-images/mens-shoes/sports-sneakers-off-white-&-red/thumbnail.webp,14.37,23.44,12.84,2025-04-30T09:41:02.053Z,2025-04-30T09:41:02.053Z,6740319943645,https://cdn.dummyjson.com/public/qr-code.png
92,Sports Sneakers Off White Red,"Another variant of the Sports Sneakers in Off White Red, featuring a unique design. These sneakers offer style and comfort for casual occasions.",mens-shoes,109.99,0.04,4.69,62,"['footwear', 'casual shoes']",Off White,MEN-OFF-SPO-092,9,3 months warranty,Ships overnight,In Stock,"[{'rating': 4, 'comment': 'Excellent quality!', 'date': '2025-04-30T09:41:02.053Z', 'reviewerName': 'Aurora Lawson', 'reviewerEmail': 'aurora.lawson@x.dummyjson.com'}, {'rating': 5, 'comment': 'Great value for money!', 'date': '2025-04-30T09:41:02.053Z', 'reviewerName': 'Gabriel Mitchell', 'reviewerEmail': 'gabriel.mitchell@x.dummyjson.com'}, {'rating': 1, 'comment': 'Not worth the price!', 'date': '2025-04-30T09:41:02.053Z', 'reviewerName': 'Eli Bennett', 'reviewerEmail': 'eli.bennett@x.dummyjson.com'}]",60 days return policy,3,"['https://cdn.dummyjson.com/product-images/mens-shoes/sports-sneakers-off-white-red/1.webp', 'https://cdn.dummyjson.com/product-images/mens-shoes/sports-sneakers-off-white-red/2.webp', 'https://cdn.dummyjson.com/product-images/mens-shoes/sports-sneakers-off-white-red/3.webp', 'https://cdn.dummyjson.com/product-images/mens-shoes/sports-sneakers-off-white-red/4.webp']",https://cdn.dummyjson.com/product-images/mens-shoes/sports-sneakers-off-white-red/thumbnail.webp,21.43,9.86,28.5,2025-04-30T09:41:02.053Z,2025-04-30T09:41:02.053Z,0430266023617,https://cdn.dummyjson.com/public/qr-code.png
93,Brown Leather Belt Watch,"The Brown Leather Belt Watch is a stylish timepiece with a classic design. Featuring a genuine leather strap and a sleek dial, it adds a touch of sophistication to your look.",mens-watches,89.99,5.99,4.19,32,"['watches', 'leather watches']",Fashion Timepieces,MEN-FAS-BRO-093,10,1 year warranty,Ships in 1 month,In Stock,"[{'rating': 1, 'comment': 'Very unhappy with my purchase!', 'date': '2025-04-30T09:41:02.053Z', 'reviewerName': 'James Garcia', 'reviewerEmail': 'james.garcia@x.dummyjson.com'}, {'rating': 4, 'comment': 'Fast shipping!', 'date': '2025-04-30T09:41:02.053Z', 'reviewerName': 'Avery Barnes', 'reviewerEmail': 'avery.barnes@x.dummyjson.com'}, {'rating': 4, 'comment': 'Would buy again!', 'date': '2025-04-30T09:41:02.053Z', 'reviewerName': 'David Martinez', 'reviewerEmail': 'david.martinez@x.dummyjson.com'}]",30 days return policy,7,"['https://cdn.dummyjson.com/product-images/mens-watches/brown-leather-belt-watch/1.webp', 'https://cdn.dummyjson.com/product-images/mens-watches/brown-leather-belt-watch/2.webp', 'https://cdn.dummyjson.com/product-images/mens-watches/brown-leather-belt-watch/3.webp']",https://cdn.dummyjson.com/product-images/mens-watches/brown-leather-belt-watch/thumbnail.webp,16.65,6.15,20.18,2025-04-30T09:41:02.053Z,2025-04-30T09:41:02.053Z,4027206714862,https://cdn.dummyjson.com/public/qr-code.png
94,Longines Master Collection,"The Longines Master Collection is an elegant and refined watch known for its precision and craftsmanship. With a timeless design, it's a symbol of luxury and sophistication.",mens-watches,1499.99,17.24,3.87,100,"['watches', 'luxury watches']",Longines,MEN-LON-LON-094,4,1 week warranty,Ships in 1-2 business days,In Stock,"[{'rating': 4, 'comment': 'Highly impressed!', 'date': '2025-04-30T09:41:02.053Z', 'reviewerName': 'Eli Ward', 'reviewerEmail': 'eli.ward@x.dummyjson.com'}, {'rating': 3, 'comment': 'Very disappointed!', 'date': '2025-04-30T09:41:02.053Z', 'reviewerName': 'Owen Fisher', 'reviewerEmail': 'owen.fisher@x.dummyjson.com'}, {'rating': 5, 'comment': 'Great product!', 'date': '2025-04-30T09:41:02.053Z', 'reviewerName': 'Nathan Reed', 'reviewerEmail': 'nathan.reed@x.dummyjson.com'}]",7 days return policy,1,"['https://cdn.dummyjson.com/product-images/mens-watches/longines-master-collection/1.webp', 'https://cdn.dummyjson.com/product-images/mens-watches/longines-master-collection/2.webp', 'https://cdn.dummyjson.com/product-images/mens-watches/longines-master-collection/3.webp']",https://cdn.dummyjson.com/product-images/mens-watches/longines-master-collection/thumbnail.webp,15.39,10.06,20.32,2025-04-30T09:41:02.053Z,2025-04-30T09:41:02.053Z,5984080925625,https://cdn.dummyjson.com/public/qr-code.png
95,Rolex Cellini Date Black Dial,"The Rolex Cellini Date with Black Dial is a classic and prestigious watch. With a black dial and date complication, it exudes sophistication and is a symbol of Rolex's heritage.",mens-watches,8999.99,8.88,4.97,40,"['watches', 'luxury watches']",Rolex,MEN-ROL-ROL-095,2,3 months warranty,Ships in 1 week,In Stock,"[{'rating': 3, 'comment': 'Not worth the price!', 'date': '2025-04-30T09:41:02.053Z', 'reviewerName': 'Owen Sullivan', 'reviewerEmail': 'owen.sullivan@x.dummyjson.com'}, {'rating': 4, 'comment': 'Very satisfied!', 'date': '2025-04-30T09:41:02.053Z', 'reviewerName': 'Jonathan Pierce', 'reviewerEmail': 'jonathan.pierce@x.dummyjson.com'}, {'rating': 1, 'comment': 'Would not buy again!', 'date': '2025-04-30T09:41:02.053Z', 'reviewerName': 'Adrian Flores', 'reviewerEmail': 'adrian.flores@x.dummyjson.com'}]",90 days return policy,1,"['https://cdn.dummyjson.com/product-images/mens-watches/rolex-cellini-date-black-dial/1.webp', 'https://cdn.dummyjson.com/product-images/mens-watches/rolex-cellini-date-black-dial/2.webp', 'https://cdn.dummyjson.com/product-images/mens-watches/rolex-cellini-date-black-dial/3.webp']",https://cdn.dummyjson.com/product-images/mens-watches/rolex-cellini-date-black-dial/thumbnail.webp,13.46,26.1,17.9,2025-04-30T09:41:02.053Z,2025-04-30T09:41:02.053Z,9663455783895,https://cdn.dummyjson.com/public/qr-code.png
96,Rolex Cellini Moonphase,"The Rolex Cellini Moonphase is a masterpiece of horology, featuring a moon phase complication and exquisite design. It reflects Rolex's commitment to precision and elegance.",mens-watches,12999.99,17.52,2.58,36,"['watches', 'luxury watches']",Rolex,MEN-ROL-ROL-096,2,6 months warranty,Ships overnight,In Stock,"[{'rating': 3, 'comment': 'Poor quality!', 'date': '2025-04-30T09:41:02.053Z', 'reviewerName': 'Ella Adams', 'reviewerEmail': 'ella.adams@x.dummyjson.com'}, {'rating': 5, 'comment': 'Very satisfied!', 'date': '2025-04-30T09:41:02.053Z', 'reviewerName': 'Leo Rivera', 'reviewerEmail': 'leo.rivera@x.dummyjson.com'}, {'rating': 4, 'comment': 'Very pleased!', 'date': '2025-04-30T09:41:02.053Z', 'reviewerName': 'Emma Miller', 'reviewerEmail': 'emma.miller@x.dummyjson.com'}]",7 days return policy,1,"['https://cdn.dummyjson.com/product-images/mens-watches/rolex-cellini-moonphase/1.webp', 'https://cdn.dummyjson.com/product-images/mens-watches/rolex-cellini-moonphase/2.webp', 'https://cdn.dummyjson.com/product-images/mens-watches/rolex-cellini-moonphase/3.webp']",https://cdn.dummyjson.com/product-images/mens-watches/rolex-cellini-moonphase/thumbnail.webp,26.06,25.19,13.17,2025-04-30T09:41:02.053Z,2025-04-30T09:41:02.053Z,1957304538726,https://cdn.dummyjson.com/public/qr-code.png
97,Rolex Datejust,"The Rolex Datejust is an iconic and versatile timepiece with a date window. Known for its timeless design and reliability, it's a symbol of Rolex's watchmaking excellence.",mens-watches,10999.99,3.73,3.66,86,"['watches', 'luxury watches']",Rolex,MEN-ROL-ROL-097,4,2 year warranty,Ships in 1 month,In Stock,"[{'rating': 4, 'comment': 'Fast shipping!', 'date': '2025-04-30T09:41:02.053Z', 'reviewerName': 'Alice Smith', 'reviewerEmail': 'alice.smith@x.dummyjson.com'}, {'rating': 4, 'comment': 'Very pleased!', 'date': '2025-04-30T09:41:02.053Z', 'reviewerName': 'Abigail Rivera', 'reviewerEmail': 'abigail.rivera@x.dummyjson.com'}, {'rating': 3, 'comment': 'Waste of money!', 'date': '2025-04-30T09:41:02.053Z', 'reviewerName': 'Daniel Cook', 'reviewerEmail': 'daniel.cook@x.dummyjson.com'}]",7 days return policy,1,"['https://cdn.dummyjson.com/product-images/mens-watches/rolex-datejust/1.webp', 'https://cdn.dummyjson.com/product-images/mens-watches/rolex-datejust/2.webp', 'https://cdn.dummyjson.com/product-images/mens-watches/rolex-datejust/3.webp']",https://cdn.dummyjson.com/product-images/mens-watches/rolex-datejust/thumbnail.webp,23.11,19.97,27.04,2025-04-30T09:41:02.053Z,2025-04-30T09:41:02.053Z,8893788734644,https://cdn.dummyjson.com/public/qr-code.png
98,Rolex Submariner Watch,"The Rolex Submariner is a legendary dive watch with a rich history. Known for its durability and water resistance, it's a symbol of adventure and exploration.",mens-watches,13999.99,5.05,2.69,55,"['watches', 'luxury watches']",Rolex,MEN-ROL-ROL-098,4,5 year warranty,Ships in 1 month,In Stock,"[{'rating': 4, 'comment': 'Great value for money!', 'date': '2025-04-30T09:41:02.053Z', 'reviewerName': 'Luna Perez', 'reviewerEmail': 'luna.perez@x.dummyjson.com'}, {'rating': 5, 'comment': 'Highly recommended!', 'date': '2025-04-30T09:41:02.053Z', 'reviewerName': 'Hannah Robinson', 'reviewerEmail': 'hannah.robinson@x.dummyjson.com'}, {'rating': 5, 'comment': 'Fast shipping!', 'date': '2025-04-30T09:41:02.053Z', 'reviewerName': 'Aaliyah Hanson', 'reviewerEmail': 'aaliyah.hanson@x.dummyjson.com'}]",90 days return policy,1,"['https://cdn.dummyjson.com/product-images/mens-watches/rolex-submariner-watch/1.webp', 'https://cdn.dummyjson.com/product-images/mens-watches/rolex-submariner-watch/2.webp', 'https://cdn.dummyjson.com/product-images/mens-watches/rolex-submariner-watch/3.webp']",https://cdn.dummyjson.com/product-images/mens-watches/rolex-submariner-watch/thumbnail.webp,17.69,12.48,8.75,2025-04-30T09:41:02.053Z,2025-04-30T09:41:02.053Z,7133320173118,https://cdn.dummyjson.com/public/qr-code.png
99,Amazon Echo Plus,The Amazon Echo Plus is a smart speaker with built-in Alexa voice control. It features premium sound quality and serves as a hub for controlling smart home devices.,mobile-accessories,99.99,12.07,4.99,61,"['electronics', 'smart speakers']",Amazon,MOB-AMA-AMA-099,5,6 months warranty,Ships in 1 week,In Stock,"[{'rating': 2, 'comment': 'Would not recommend!', 'date': '2025-04-30T09:41:02.053Z', 'reviewerName': 'Chloe Morales', 'reviewerEmail': 'chloe.morales@x.dummyjson.com'}, {'rating': 3, 'comment': 'Very disappointed!', 'date': '2025-04-30T09:41:02.053Z', 'reviewerName': 'Mateo Perez', 'reviewerEmail': 'mateo.perez@x.dummyjson.com'}, {'rating': 4, 'comment': 'Fast shipping!', 'date': '2025-04-30T09:41:02.053Z', 'reviewerName': 'Evelyn Walker', 'reviewerEmail': 'evelyn.walker@x.dummyjson.com'}]",7 days return policy,9,"['https://cdn.dummyjson.com/product-images/mobile-accessories/amazon-echo-plus/1.webp', 'https://cdn.dummyjson.com/product-images/mobile-accessories/amazon-echo-plus/2.webp']",https://cdn.dummyjson.com/product-images/mobile-accessories/amazon-echo-plus/thumbnail.webp,12.68,15.24,27.46,2025-04-30T09:41:02.053Z,2025-04-30T09:41:02.053Z,2256117192038,https://cdn.dummyjson.com/public/qr-code.png
100,Apple Airpods,"The Apple Airpods offer a seamless wireless audio experience. With easy pairing, high-quality sound, and Siri integration, they are perfect for on-the-go listening.",mobile-accessories,129.99,15.54,4.15,67,"['electronics', 'wireless earphones']",Apple,MOB-APP-APP-100,4,3 year warranty,Ships in 3-5 business days,In Stock,"[{'rating': 3, 'comment': 'Would not buy again!', 'date': '2025-04-30T09:41:02.053Z', 'reviewerName': 'Christopher West', 'reviewerEmail': 'christopher.west@x.dummyjson.com'}, {'rating': 5, 'comment': 'Great product!', 'date': '2025-04-30T09:41:02.053Z', 'reviewerName': 'Emma Wilson', 'reviewerEmail': 'emma.wilson@x.dummyjson.com'}, {'rating': 4, 'comment': 'Excellent quality!', 'date': '2025-04-30T09:41:02.053Z', 'reviewerName': 'Xavier Wright', 'reviewerEmail': 'xavier.wright@x.dummyjson.com'}]",No return policy,4,"['https://cdn.dummyjson.com/product-images/mobile-accessories/apple-airpods/1.webp', 'https://cdn.dummyjson.com/product-images/mobile-accessories/apple-airpods/2.webp', 'https://cdn.dummyjson.com/product-images/mobile-accessories/apple-airpods/3.webp']",https://cdn.dummyjson.com/product-images/mobile-accessories/apple-airpods/thumbnail.webp,25.79,18.38,11.53,2025-04-30T09:41:02.053Z,2025-04-30T09:41:02.053Z,1104115683955,https://cdn.dummyjson.com/public/qr-code.png
