id,adult,title,video,overview,softcore,genre_ids,popularity,vote_count,poster_path,release_date,vote_average,backdrop_path,original_title,original_language
347688,False,Scooby-Doo! and KISS: Rock and Roll Mystery,False,"Get ready to Rock! Scooby-Doo and the Mystery Inc. Gang team up with the one and only KISS in this all-new, out-of-this-world adventure! We join the Gang at KISS World – the all-things-KISS theme park, as they investigate a series of strange hauntings. With help from KISS, they discover that the Crimson Witch has returned to summon The Destroyer from the alternate dimension of Kissteria! The evil duos ghastly plan, to destroy the earth! Can the Gang's cunning and KISS's power of rock save the day?!",False,"[10751, 16, 35, 9648]",2.2542,343,/nTkQZPXZl9yx3tfPS9TSDZBdhHC.jpg,2015-07-09,8.0,/asiuMK2TcJGhbcn2dvHF2nLqpqw.jpg,Scooby-Doo! and KISS: Rock and Roll Mystery,en
524,False,Casino,False,"In Las Vegas, two best friends--a casino executive and a Mafia enforcer--compete for a gambling empire and a fast-living, fast-loving socialite.",False,"[80, 18]",8.5085,6528,/gziIkUSnYuj9ChCi8qOu2ZunpSC.jpg,1995-11-22,7.996,/iZGiMD0p1M2AOmzKknFo5bkuz94.jpg,Casino,en
1007757,False,Swapped,False,"A small woodland creature and a majestic bird, two natural sworn enemies of the Valley, magically trade places and set off on an adventure of a lifetime to switch back. Their journey soon uncovers a greater threat—one that could endanger not only their species, but the entire valley they call home.",False,"[12, 16, 10751, 14]",314.3613,1406,/tHhxWxge06goXU6ZQH1hj7vK8Hd.jpg,2026-05-01,8.973,/zMwhWailP1WY7sb6AoE6b8ugoy.jpg,Swapped,en
278,False,The Shawshank Redemption,False,"Imprisoned in the 1940s for the double murder of his wife and her lover, upstanding banker Andy Dufresne begins a new life at the Shawshank prison, where he puts his accounting skills to work for an amoral warden. During his long stretch in prison, Dufresne comes to be admired by the other inmates -- including an older prisoner named Red -- for his integrity and unquenchable sense of hope.",False,"[18, 80]",73.6464,30409,/9cqNxx0GxF0bflZmeSMuL5tnGzr.jpg,1994-09-23,8.721,/zfbjgQE1uSd9wiPTX4VzsLi0rGG.jpg,The Shawshank Redemption,en
238,False,The Godfather,False,"Spanning the years 1945 to 1955, a chronicle of the fictional Italian-American Corleone crime family. When organized crime family patriarch, Vito Corleone barely survives an attempt on his life, his youngest son, Michael steps in to take care of the would-be killers, launching a campaign of bloody revenge.",False,"[18, 80]",49.9302,22947,/3bhkrj58Vtu7enYsRolD1fZdja1.jpg,1972-03-14,8.687,/tSPT36ZKlP2WVHJLM4cQPLSzv3b.jpg,The Godfather,en
687163,False,Project Hail Mary,False,"Science teacher Ryland Grace wakes up on a spaceship light years from home with no recollection of who he is or how he got there. As his memory returns, he begins to uncover his mission: solve the riddle of the mysterious substance causing the sun to die out. He must call on his scientific knowledge and unorthodox ideas to save everything on Earth from extinction.",False,"[878, 12]",371.0794,4155,/yihdXomYb5kTeSivtFndMy5iDmf.jpg,2026-03-15,8.634,/8Tfys3mDZVp4tNoH2ktm06a0Tau.jpg,Project Hail Mary,en
240,False,The Godfather Part II,False,"In the continuing saga of the Corleone crime family, a young Vito Corleone grows up in Sicily and in 1910s New York. In the 1950s, Michael Corleone attempts to expand the family business into Las Vegas, Hollywood and Cuba.",False,"[18, 80]",28.6549,13910,/hek3koDUyRQk7FIhPXsa6mT2Zc3.jpg,1974-12-20,8.571,/kGzFbGhp99zva6oZODW5atUtnqi.jpg,The Godfather Part II,en
424,False,Schindler's List,False,The true story of how businessman Oskar Schindler saved over a thousand Jewish lives from the Nazis while they worked as slaves in his factory during World War II.,False,"[18, 36, 10752]",33.4511,17458,/sF1U4EUQS8YHUYjNl3pMGNIQyr0.jpg,1993-12-15,8.569,/zb6fM1CX41D9rF9hdgclu0peUmy.jpg,Schindler's List,en
389,False,12 Angry Men,False,"The defense and the prosecution have rested and the jury is filing into the jury room to decide if a young Spanish-American is guilty or innocent of murdering his father. What begins as an open and shut case soon becomes a mini-drama of each of the jurors' prejudices and preconceptions about the trial, the accused, and each other.",False,[18],22.1648,9983,/zhG3vKWyDRaZYoaww1UVAi29T9h.jpg,1957-04-10,8.6,/w4bTBXcqXc2TUyS5Fc4h67uWbPn.jpg,12 Angry Men,en
129,False,Spirited Away,False,"A young girl, Chihiro, becomes trapped in a strange new world of spirits. When her parents undergo a mysterious transformation, she must call upon the courage she never knew she had to free her family.",False,"[16, 10751, 14]",36.042,18314,/39wmItIWsg5sZMyRUHLkWBcuVCM.jpg,2001-07-20,8.534,/dyJvKsNs2KP8qQnAXbRwDjblViy.jpg,千と千尋の神隠し,ja
155,False,The Dark Knight,False,"Batman raises the stakes in his war on crime. With the help of Lt. Jim Gordon and District Attorney Harvey Dent, Batman sets out to dismantle the remaining criminal organizations that plague the streets. The partnership proves to be effective, but they soon find themselves prey to a reign of chaos unleashed by a rising criminal mastermind known to the terrified citizens of Gotham as the Joker.",False,"[28, 80, 53]",45.423,35772,/qJ2tW6WMUDux911r6m7haRef0WH.jpg,2008-07-16,8.531,/cfT29Im5VDvjE0RpyKOSdCKZal7.jpg,The Dark Knight,en
1330021,False,Remarkably Bright Creatures,False,"Through unlikely bonds formed during night shifts at a local aquarium, Tova, an elderly widow, learns of a life-changing discovery that may bring her joy and wonder once again.",False,"[18, 9648]",86.9512,438,/9HcEqn3D4J6b2Z0jK54id9nA0fr.jpg,2026-05-07,8.517,/bVGHSe47W6oCQL1Q88pvRAet51A.jpg,Remarkably Bright Creatures,en
19404,False,Dilwale Dulhania Le Jayenge,False,"Raj is a rich, carefree, happy-go-lucky second generation NRI. Simran is the daughter of Chaudhary Baldev Singh, who in spite of being an NRI is very strict about adherence to Indian values. Simran has left for India to be married to her childhood fiancé. Raj leaves for India with a mission at his hands, to claim his lady love under the noses of her whole family. Thus begins a saga.",False,"[35, 18, 10749]",19.228,4589,/tFbfCkS7q6g96wVoAu8kyr93iPm.jpg,1995-10-20,8.5,/84beTJf26mfhoasUlKSOiNSutyS.jpg,दिलवाले दुल्हनिया ले जायेंगे,hi
497,False,The Green Mile,False,"A supernatural tale set on death row in a Southern prison, where gentle giant John Coffey possesses the mysterious power to heal people's ailments. When the cell block's head guard, Paul Edgecomb, recognizes Coffey's miraculous gift, he tries desperately to help stave off the condemned man's execution.",False,"[14, 18, 80]",31.7553,19254,/8VG8fDNiy50H4FedGwdSVUPoaJe.jpg,1999-12-10,8.506,/b6HWTOxn1xevvyHU2K9ICvaRU6g.jpg,The Green Mile,en
1181678,False,¿Quieres ser mi hijo?,False,"Lu, a conformist woman in her forties, learns that her 15-year partner has been having extramarital affairs. Starting from scratch, she gets involved in an unexpected relationship with a young womanizer.",False,"[35, 10749]",14.0788,347,/9GuvODahvuFqdhuZ16aBLR4UJoP.jpg,2023-09-21,8.497,/xyWKrni8WrYzqn7ztvI5nIY0h62.jpg,¿Quieres ser mi hijo?,en
122,False,The Lord of the Rings: The Return of the King,False,"As armies mass for a final battle that will decide the fate of the world--and powerful, ancient forces of Light and Dark compete to determine the outcome--one member of the Fellowship of the Ring is revealed as the noble heir to the throne of the Kings of Men. Yet, the sole hope for triumph over evil lies with a brave hobbit, Frodo, who, accompanied by his loyal friend Sam and the hideous, wretched Gollum, ventures deep into the very dark heart of Mordor on his seemingly impossible quest to destroy the Ring of Power.​",False,"[12, 14, 28]",36.6936,26536,/rCzpDGLbOoPwLjy3OAm5NUPOTrC.jpg,2003-12-17,8.498,/2u7zbn8EudG6kLlBzUYqP8RyFU4.jpg,The Lord of the Rings: The Return of the King,en
496243,False,Parasite,False,"All unemployed, Ki-taek's family takes peculiar interest in the wealthy and glamorous Parks for their livelihood until they get entangled in an unexpected incident.",False,"[35, 53, 18]",38.7041,20626,/7IiTTgloJzvGI1TAYymCfbfl3vT.jpg,2019-05-30,8.494,/TU9NIjwzjoKPwQHoHshkFcQUCG.jpg,기생충,ko
680,False,Pulp Fiction,False,"A burger-loving hit man, his philosophical partner, a drug-addled gangster's moll and a washed-up boxer converge in this sprawling, comedic crime caper. Their adventures unfurl in three stories that ingeniously trip back and forth in time.",False,"[53, 80, 35]",36.352,30195,/vQWk5YBFWF4bZaofAbv0tShwBvQ.jpg,1994-09-10,8.484,/suaEOtk1N1sgg2MTM7oZd2cfVp3.jpg,Pulp Fiction,en
372058,False,Your Name.,False,"High schoolers Mitsuha and Taki are complete strangers living separate lives. But one night, they suddenly switch places. Mitsuha wakes up in Taki’s body, and he in hers. This bizarre occurrence continues to happen randomly, and the two must adjust their lives around each other.",False,"[16, 10749, 18]",30.4337,12556,/q719jXXEzOoYaps6babgKnONONX.jpg,2016-08-26,8.479,/8x9iKH8kWA0zdkgNdpAew7OstYe.jpg,君の名は。,ja
157336,False,Interstellar,False,The adventures of a group of explorers who make use of a newly discovered wormhole to surpass the limitations on human space travel and conquer the vast distances involved in an interstellar voyage.,False,"[12, 18, 878]",78.7304,39815,/yQvGrMoipbRoddT0ZR8tPoR7NfX.jpg,2014-11-05,8.475,/2ssWTSVklAEc98frZUQhgtGHx7s.jpg,Interstellar,en
429,False,"The Good, the Bad and the Ugly",False,"While the Civil War rages on between the Union and the Confederacy, three men – a quiet loner, a ruthless hitman, and a Mexican bandit – comb the American Southwest in search of a strongbox containing $200,000 in stolen gold.",False,[37],21.4717,9628,/bX2xnavhMYjWDoZp1VM6VnU1xwe.jpg,1966-12-23,8.47,/Adrip2Jqzw56KeuV2nAxucKMNXA.jpg,"Il buono, il brutto, il cattivo",it
13,False,Forrest Gump,False,"A man with a low IQ has accomplished great things in his life and been present during significant historic events—in each case, far exceeding what anyone imagined he could do. But despite all he has achieved, his one true love eludes him.",False,"[35, 18, 10749]",31.4936,29743,/Cw4hIUIAmSYfK9QfaUW5igp9La.jpg,1994-06-23,8.465,/66Kn4XWhkuPkJxOJyPEx4U2CUfN.jpg,Forrest Gump,en
769,False,GoodFellas,False,"The true story of Henry Hill, a half-Irish, half-Sicilian Brooklyn kid who is adopted by neighbourhood gangsters at an early age and climbs the ranks of a Mafia family under the guidance of Jimmy Conway.",False,"[18, 80]",24.7435,14338,/9OkCLM73MIU2CrKZbqiT8Ln1wY2.jpg,1990-09-12,8.453,/gILte6Zd7m1YneIr6MVhh30S9pr.jpg,GoodFellas,en
346,False,Seven Samurai,False,"A samurai answers a village's request for protection after he falls on hard times. The town needs protection from bandits, so the samurai gathers six others to help him teach the people how to defend themselves, and the villagers provide the soldiers with food.",False,"[28, 18]",15.9948,4229,/lOMGc8bnSwQhS4XyE1S99uH8NXf.jpg,1954-04-26,8.5,/qvZ91FwMq6O47VViAr8vZNQz3WI.jpg,七人の侍,ja
12477,False,Grave of the Fireflies,False,"In the final months of World War II, 14-year-old Seita and his sister Setsuko are orphaned when their mother is killed during an air raid in Kobe, Japan. After a falling out with their aunt, they move into an abandoned bomb shelter. With no surviving relatives and their emergency rations depleted, Seita and Setsuko struggle to survive.",False,"[16, 18, 10752]",0.0132,6516,/k9tv1rXZbOhH7eiCk378x61kNQ1.jpg,1988-04-16,8.442,/aHaqZpOL7UyVu0nKqp3SMz0o2E1.jpg,火垂るの墓,ja
637,False,Life Is Beautiful,False,A touching story of an Italian book seller of Jewish ancestry who lives in his own little fairy tale. His creative and happy life would come to an abrupt halt when his entire family is deported to a concentration camp during World War II. While locked up he tries to convince his son that the whole thing is just a game.,False,"[35, 18]",12.4033,13979,/6tEJnof1DKWPnl5lzkjf0FVv7oB.jpg,1997-12-20,8.438,/6aNKD81RHR1DqUUa8kOZ1TBY1Lp.jpg,La vita è bella,it
550,False,Fight Club,False,"A ticking-time-bomb insomniac and a slippery soap salesman channel primal male aggression into a shocking new form of therapy. Their concept catches on, with underground ""fight clubs"" forming in every town, until an eccentric gets in the way and ignites an out-of-control spiral toward oblivion.",False,"[18, 53]",30.5189,32036,/jSziioSwPVrOy9Yow3XhWIBDjq1.jpg,1999-10-15,8.438,/xRyINp9KfMLVjRiO5nCsoRDdvvF.jpg,Fight Club,en
120,False,The Lord of the Rings: The Fellowship of the Ring,False,"Young hobbit Frodo Baggins, after inheriting a mysterious ring from his uncle Bilbo, must leave his home in order to keep it from falling into the hands of its evil creator. Along the way, a fellowship is formed to protect the ringbearer and make sure that the ring arrives at its final destination: Mt. Doom, the only place where it can be destroyed.",False,"[12, 14, 28]",33.1887,27540,/6oom5QYQ2yQTMJIbnvbkBL9cHo6.jpg,2001-12-18,8.434,/a0lfia8tk8ifkrve0Tn8wkISUvs.jpg,The Lord of the Rings: The Fellowship of the Ring,en
14537,False,Harakiri,False,"Down-on-his-luck veteran Tsugumo Hanshirō enters the courtyard of the prosperous House of Iyi. Unemployed, and with no family, he hopes to find a place to commit seppuku—and a worthy second to deliver the coup de grâce in his suicide ritual. The senior counselor for the Iyi clan questions the ronin’s resolve and integrity, suspecting Hanshirō of seeking charity rather than an honorable end. What follows is a pair of interlocking stories which lay bare the difference between honor and respect, and promises to examine the legendary foundations of the Samurai code.",False,"[28, 18, 36]",9.53,1210,/3nPwMd3KviJWaHzG9fZCqlwWMas.jpg,1962-09-15,8.431,/e3hG3uadtcP0pYdRa5ch4ysQW76.jpg,切腹,ja
598,False,City of God,False,"In the poverty-stricken favelas of Rio de Janeiro in the 1970s, two young men choose different paths. Rocket is a budding photographer who documents the increasing drug-related violence of his neighborhood, while José “Zé” Pequeno is an ambitious drug dealer diving into a dangerous life of crime.",False,"[18, 80]",12.2137,8177,/k7eYdWvhYQyRQoU2TB2A2Xu2TfD.jpg,2002-08-30,8.429,/uvitbjFU4JqvMwIkMWHp69bmUzG.jpg,Cidade de Deus,pt
1439930,False,The Punisher: One Last Kill,False,"As Frank Castle searches for meaning beyond revenge, an unexpected force pulls him back into the fight.",False,"[28, 18, 80]",394.6875,1230,/qQclTgLMDvGBuUBFGHRipxkEwWR.jpg,2026-05-12,8.424,/qO55CD8tgVL1T4WKn6zYFFiD6lL.jpg,The Punisher: One Last Kill,en
11216,False,Cinema Paradiso,False,"A filmmaker recalls his childhood, when he fell in love with the movies at his village's theater and formed a deep friendship with the theater's projectionist.",False,"[18, 10749]",11.9043,4820,/gCI2AeMV4IHSewhJkzsur5MEp6R.jpg,1988-11-17,8.425,/zoVeIgKzGJzpdG6Gwnr7iOYfIMU.jpg,Nuovo Cinema Paradiso,it
121,False,The Lord of the Rings: The Two Towers,False,"Frodo Baggins and the other members of the Fellowship continue on their sacred quest to destroy the One Ring--but on separate paths. Their destinies lie at two towers--Orthanc Tower in Isengard, where the corrupt wizard Saruman awaits, and Sauron's fortress at Barad-dur, deep within the dark lands of Mordor. Frodo and Sam are trekking to Mordor to destroy the One Ring of Power while Gimli, Legolas and Aragorn search for the orc-captured Merry and Pippin. All along, nefarious wizard Saruman awaits the Fellowship members at the Orthanc Tower in Isengard.",False,"[12, 14, 28]",20.2432,23873,/5VTN0pR8gcqV3EPUHHfMGnJYN9L.jpg,2002-12-18,8.418,/kWYfW2Re0rUDE6IHhy4CRuKWeFr.jpg,The Lord of the Rings: The Two Towers,en
539,False,Psycho,False,"When larcenous real estate clerk Marion Crane goes on the lam with a wad of cash and hopes of starting a new life, she ends up at the notorious Bates Motel, where manager Norman Bates cares for his housebound mother.",False,"[27, 53, 9648]",20.2633,10983,/yz4QVqPx3h1hD1DfqqQkCq3rmxW.jpg,1960-06-22,8.413,/mufF1aYvwdpKerhq5R1YrVcbJLY.jpg,Psycho,en
40096,False,A Dog's Will,False,"The lively João Grilo and the sly Chicó are poor guys living in the hinterland who cheat a bunch of people in a small town in Northeastern Brazil. When they die, they have to be judged by Christ, the Devil and the Virgin Mary before they are admitted to paradise.",False,"[35, 18, 14, 10749]",4.8897,1222,/z9Au9XtK0ARzkKGsZCzMkmKgMPf.jpg,2000-09-15,8.412,/alQqTpmEkxSLgajfEYTsTH6nAKB.jpg,O Auto da Compadecida,pt
510,False,One Flew Over the Cuckoo's Nest,False,"A petty criminal fakes insanity to serve his sentence in a mental ward rather than prison. He soon finds himself as a leader to the other patients—and an enemy to the cruel, domineering nurse who runs the ward.",False,[18],14.6463,11442,/kjWsMh72V6d8KRLV4EOoSJLT1H7.jpg,1975-11-19,8.412,/6Oa3zTiluBz2W8D2ou1MY16dUiF.jpg,One Flew Over the Cuckoo's Nest,en
667257,False,Impossible Things,False,"After the death of her abusive husband, Matilde finds her new best friend in Miguel, her young, insecure, and disoriented neighbor.",False,"[10751, 18]",4.515,422,/t2Ew8NZ8Ci2kqmoecZUNQUFDJnQ.jpg,2021-06-17,8.395,/bxSBOAD8AuMHYMdW3jso9npAkgt.jpg,Cosas imposibles,es
255709,False,Hope,False,"After 8-year-old So-won narrowly survives a brutal sexual assault, her family labors to help her heal while coping with their own rage and grief.",False,[18],13.4094,854,/x9yjkm9gIz5qI5fJMUTfBnWiB2o.jpg,2013-10-02,8.396,/4Nx40jwpoTHPjCWNGoaZ6kaoGxa.jpg,소원,ko
324857,False,Spider-Man: Into the Spider-Verse,False,"Struggling to find his place in the world while juggling school and family, Brooklyn teenager Miles Morales is unexpectedly bitten by a radioactive spider and develops unfathomable powers just like the one and only Spider-Man. While wrestling with the implications of his new abilities, Miles discovers a super collider created by the madman Wilson ""Kingpin"" Fisk, causing others from across the Spider-Verse to be inadvertently transported to his dimension.",False,"[16, 28, 12, 878]",22.4625,17210,/iiZZdoQBEYBv6id8su7ImL0oCbD.jpg,2018-12-06,8.393,/8mnXR9rey5uQ08rZAvzojKWbDQS.jpg,Spider-Man: Into the Spider-Verse,en
1891,False,The Empire Strikes Back,False,"The epic saga continues as Luke Skywalker, in hopes of defeating the evil Galactic Empire, learns the ways of the Jedi from aging master Yoda. But Darth Vader is more determined than ever to capture Luke. Meanwhile, rebel leader Princess Leia, cocky Han Solo, Chewbacca, and droids C-3PO and R2-D2 are thrown into various stages of capture, betrayal and despair.",False,"[12, 28, 878]",15.7773,18394,/nNAeTmF4CtdSgMDplXTDPOpYzsX.jpg,1980-05-20,8.393,/aJCtkxLLzkk1pECehVjKHA2lBgw.jpg,The Empire Strikes Back,en
4935,False,Howl's Moving Castle,False,"Sophie, a young milliner, is turned into an elderly woman by a witch who enters her shop and curses her. She encounters a wizard named Howl and gets caught up in his resistance to fighting for the king.",False,"[14, 16, 12]",21.7196,11068,/13kOl2v0nD2OLbVSHnHk8GUFEhO.jpg,2004-09-09,8.4,/nv5wwZou159v5OC61i4ElR7OqyY.jpg,ハウルの動く城,ja
378064,False,A Silent Voice: The Movie,False,"Shouya Ishida starts bullying the new girl in class, Shouko Nishimiya, because she is deaf. But as the teasing continues, the rest of the class starts to turn on Shouya for his lack of compassion. When they leave elementary school, Shouko and Shouya do not speak to each other again... until an older, wiser Shouya, tormented by his past behaviour, decides he must see Shouko once more. He wants to atone for his sins, but is it already too late...?",False,"[16, 18, 10749]",14.0369,4484,/tuFaWiqX0TXoWu7DGNcmX3UW7sT.jpg,2016-09-17,8.4,/5lAMQMWpXMsirvtLLvW7cJgEPkU.jpg,映画 聲の形,ja
807,False,Se7en,False,"Two homicide detectives are on a desperate hunt for a serial killer whose crimes are based on the ""seven deadly sins"" in this dark and haunting film that takes viewers from the tortured remains of one victim to the next. The seasoned Det. Somerset researches each sin in an effort to get inside the killer's mind, while his novice partner, Mills, scoffs at his efforts to unravel the case.",False,"[80, 9648, 53]",26.6963,23072,/191nKfP0ehp3uIvWqgPbFmI4lv9.jpg,1995-09-22,8.382,/i5H7zusQGsysGQ8i6P361Vnr0n2.jpg,Se7en,en
311,False,Once Upon a Time in America,False,"A former Prohibition-era Jewish gangster returns to the Lower East Side of Manhattan over thirty years later, where he once again must confront the ghosts and regrets of his old life.",False,"[18, 80]",17.8671,6027,/i0enkzsL5dPeneWnjl1fCWm6L7k.jpg,1984-05-23,8.381,/xlDUjb0Q5Dv6jPQRF5VE4IMjIy.jpg,Once Upon a Time in America,en
696374,False,Gabriel's Inferno,False,"An intriguing and sinful exploration of seduction, forbidden love, and redemption, Gabriel's Inferno is a captivating and wildly passionate tale of one man's escape from his own personal hell as he tries to earn the impossible--forgiveness and love.",False,"[10749, 18]",4.3731,2465,/oyG9TL7FcRP4EZ9Vid6uKzwdndz.jpg,2020-05-29,8.382,/nIkcTtuhmkl1GZO2LfZi7SwFz7F.jpg,Gabriel's Inferno,en
770156,False,Lucy Shimmers and the Prince of Peace,False,Second chances start when a hardened criminal crosses paths with a precocious little girl who is helped by an angel to change hearts during the holiday season.,False,"[18, 10751]",8.0916,362,/yfnJ5qIYx7q33fY4jqv9Pu95RSg.jpg,2020-10-19,8.38,/7jS69IM8bK7ooOWGFmM9G6JcenO.jpg,Lucy Shimmers and the Prince of Peace,en
244786,False,Whiplash,False,"Under the direction of a ruthless instructor, a talented young drummer begins to pursue perfection at any cost, even his humanity.",False,"[18, 10402, 53]",23.0823,16612,/7fn624j5lj3xTme2SgiLCeuedmO.jpg,2014-10-10,8.375,/wbQa0EnWUyRzQ5d1pHLNRlmsCUP.jpg,Whiplash,en
423,False,The Pianist,False,"The true story of pianist Władysław Szpilman's experiences in Warsaw during the Nazi occupation. When the Jews of the city find themselves forced into a ghetto, Szpilman finds work playing in a café; and when his family is deported in 1942, he stays behind, works for a while as a laborer, and eventually goes into hiding in the ruins of the war-torn city.",False,"[18, 10752]",12.6639,10127,/2hFvxCCWrTmCYwfy7yum0GKRi3Y.jpg,2002-09-17,8.375,/c0fB9xk7D1aVb3Bg2rk2SVJcGn.jpg,The Pianist,en
27205,False,Inception,False,"Cobb, a skilled thief who commits corporate espionage by infiltrating the subconscious of his targets is offered a chance to regain his old life as payment for a task considered to be impossible: ""inception"", the implantation of another person's idea into a target's subconscious.",False,"[28, 878, 12]",37.8759,39255,/xlaY2zyzMfkhk0HSC5VUwzoZPU1.jpg,2010-07-15,8.372,/8ZTVqvKDQ8emSGUEMjsS4yHAwrp.jpg,Inception,en
12493,False,High and Low,False,A Yokohama shoe executive faces a wrenching choice when kidnappers mistakenly seize his chauffeur’s son but demand the ransom anyway.,False,"[18, 80, 53]",8.2656,1122,/tgNjemQPG96uIezpiUiXFcer5ga.jpg,1963-03-01,8.4,/A62quSOB8otoZvGiLvMVZ9G4BiO.jpg,天国と地獄,ja
1218925,False,Chainsaw Man - The Movie: Reze Arc,False,"In a brutal war between devils, hunters, and secret enemies, a mysterious girl named Reze has stepped into Denji's world, and he faces his deadliest battle yet, fueled by love in a world where survival knows no rules.",False,"[16, 28, 10749, 14]",27.2321,879,/pHyxb2RV5wLlboAwm9ZJ9qTVEDw.jpg,2025-09-19,8.4,/rI4waA7VlRAynrYUUpiPScsdPm8.jpg,劇場版 チェンソーマン レゼ篇,ja
724089,False,Gabriel's Inferno: Part II,False,"Professor Gabriel Emerson finally learns the truth about Julia Mitchell's identity, but his realization comes a moment too late. Julia is done waiting for the well-respected Dante specialist to remember her and wants nothing more to do with him. Can Gabriel win back her heart before she finds love in another's arms?",False,"[10749, 18]",2.6675,1553,/x5o8cLZfEXMoZczTYWLrUo1P7UJ.jpg,2020-07-31,8.3,/jtAI6OJIWLWiRItNSZoWjrsUtmi.jpg,Gabriel's Inferno: Part II,en
274,False,The Silence of the Lambs,False,"Clarice Starling is a top student at the FBI's training academy.  Jack Crawford wants Clarice to interview Dr. Hannibal Lecter, a brilliant psychiatrist who is also a violent psychopath, serving life behind bars for various acts of murder and cannibalism.  Crawford believes that Lecter may have insight into a case and that Starling, as an attractive young woman, may be just the bait to draw him out.",False,"[80, 53, 18]",4.4798,17966,/uS9m8OBk1A8eM9I042bx8XXpqAq.jpg,1991-02-14,8.345,/aYcnDyLMnpKce1FOYUpZrXtgUye.jpg,The Silence of the Lambs,en
567,False,Rear Window,False,A wheelchair-bound photographer spies on his neighbors from his apartment window and becomes convinced one of them has committed murder.,False,"[53, 9648, 18]",10.1552,7154,/ILVF0eJxHMddjxeQhswFtpMtqx.jpg,1954-08-01,8.339,/zZvtZZXRnZ4Tdcs0QEWaZZcIWy8.jpg,Rear Window,en
761053,False,Gabriel's Inferno: Part III,False,The final part of the film adaption of the erotic romance novel Gabriel's Inferno written by an anonymous Canadian author under the pen name Sylvain Reynard.,False,"[10749, 18]",6.4521,1088,/fYtHxTxlhzD4QWfEbrC1rypysSD.jpg,2020-11-19,8.3,/cY9X3gHcu4zK9vAy3s77xyorm0d.jpg,Gabriel's Inferno: Part III,en
569094,False,Spider-Man: Across the Spider-Verse,False,"After reuniting with Gwen Stacy, Brooklyn’s full-time, friendly neighborhood Spider-Man is catapulted across the Multiverse, where he encounters the Spider Society, a team of Spider-People charged with protecting the Multiverse's very existence. But when the heroes clash on how to handle a new threat, Miles finds himself pitted against the other Spiders and must set out on his own to save those he loves most.",False,"[16, 28, 12, 878]",27.8027,8599,/8Vt6mWEReuy4Of61Lnj5Xj704m8.jpg,2023-05-31,8.335,/9xfDWXAUbFXQK585JvByT5pEAhe.jpg,Spider-Man: Across the Spider-Verse,en
73,False,American History X,False,"Derek Vineyard is paroled after serving 3 years in prison for killing two African-American men. Through his brother, Danny Vineyard's narration, we learn that before going to prison, Derek was a skinhead and the leader of a violent white supremacist gang that committed acts of racial crime throughout L.A. and his actions greatly influenced Danny. Reformed and fresh out of prison, Derek severs contact with the gang and becomes determined to keep Danny from going down the same violent path as he did.",False,[18],11.7217,12564,/x2drgoXYZ8484lqyDj7L1CEVR4T.jpg,1998-07-01,8.328,/6qHI1IYj7QlLSCwHRzkL62X175s.jpg,American History X,en
1058694,False,Radical,False,"In a Mexican border town plagued by neglect, corruption, and violence, a frustrated teacher tries an unorthodox new method to break through his students’ apathy and unlock their curiosity, their potential... and perhaps even their genius.",False,[18],5.0591,503,/lOAJYpX608aT0ApIv63ZTnol27Y.jpg,2023-10-19,8.327,/gutU32BiBxJvJdzLv5RWC9hQhNh.jpg,Radical,es
105,False,Back to the Future,False,"Eighties teenager Marty McFly is accidentally sent back in time to 1955, inadvertently disrupting his parents' first meeting and attracting his mother's romantic interest. Marty must repair the damage to history by rekindling his parents' romance and - with the help of his eccentric inventor friend Doc Brown - return to 1985.",False,"[12, 35, 878]",21.6549,21792,/vN5B5WgYscRGcQpVhHl6p9DDTP0.jpg,1985-07-03,8.326,/5bzPWQ2dFUl2aZKkp7ILJVVkRed.jpg,Back to the Future,en
128,False,Princess Mononoke,False,"Ashitaka, a prince of the disappearing Emishi people, is cursed by a demonized boar god and must journey to the west to find a cure. Along the way, he encounters San, a young human woman fighting to protect the forest, and Lady Eboshi, who is trying to destroy it. Ashitaka must find a way to bring balance to this conflict.",False,"[12, 14, 16]",12.9278,8967,/cMYCDADoLKLbB83g4WnJegaZimC.jpg,1997-07-12,8.321,/gl0jzn4BupSbL2qMVeqrjKkF9Js.jpg,もののけ姫,ja
1184918,False,The Wild Robot,False,"After a shipwreck, an intelligent robot called Roz is stranded on an uninhabited island. To survive the harsh environment, Roz bonds with the island's animals and cares for an orphaned baby goose.",False,"[10751, 16, 878, 12]",28.5476,6084,/eG9lz41mJqsI4J6ubMtVqD26q2J.jpg,2024-09-12,8.31,/mQZJoIhTEkNhCYAqcHrQqhENLdu.jpg,The Wild Robot,en
3782,False,Ikiru,False,"Kanji Watanabe is a middle-aged man who has worked in the same monotonous bureaucratic position for decades. Learning he has cancer, he starts to look for the meaning of his life.",False,[18],7.255,1343,/dgNTS4EQDDVfkzJI5msKuHu2Ei3.jpg,1952-10-09,8.3,/stiGp1XzkLSYdUUEWTyQOZRkr49.jpg,生きる,ja
10494,False,Perfect Blue,False,"Rising pop star Mima quits singing to pursue a career as an actress. After she takes up a role on a popular detective show, her handlers and collaborators begin turning up murdered. Harboring feelings of guilt and haunted by visions of her former self, Mima's reality and fantasy meld into a frenzied paranoia.",False,"[16, 53]",14.1848,3180,/6WTiOCfDPP8XV4jqfloiVWf7KHq.jpg,1998-02-28,8.299,/mHG7dpLb0ZScSY3LpP443IHRmjy.jpg,PERFECT BLUE,ja
207,False,Dead Poets Society,False,"At an elite, old-fashioned boarding school in New England, a passionate English teacher inspires his students to rebel against convention and seize the potential of every day, courting the disdain of the stern headmaster.",False,[18],20.7392,12593,/erzbMlcNHOdx24AXOcn2ZKA7R1q.jpg,1989-06-02,8.3,/yYvBNN96Ym3wtPxGCFl7F888WwB.jpg,Dead Poets Society,en
614,False,Wild Strawberries,False,"Crotchety retired doctor Isak Borg travels from Stockholm to Lund, Sweden, with his pregnant and unhappy daughter-in-law, Marianne, in order to receive an honorary degree from his alma mater. Along the way, they encounter a series of hitchhikers, each of whom causes the elderly doctor to muse upon the pleasures and failures of his own life. These include the vivacious young Sara, a dead ringer for the doctor's own first love.",False,[18],2.4826,1800,/iyTD2QnySNMPUPE3IedZQipSWfz.jpg,1957-08-28,8.079,/BBVAUchYvkmPThVIqipgAfabfl.jpg,Smultronstället,sv
239,False,Some Like It Hot,False,"In Prohibition-era Chicago, musicians Joe and Jerry witness a mob hit, and flee the state in an all-female band disguised as Josephine and Daphne, but further complications set in.",False,"[35, 10749, 80]",5.1567,3868,/hVIKyTK13AvOGv7ICmJjK44DTzp.jpg,1959-03-19,8.079,/5zTwAcnI3zCJ0mucPPnoBtkSWEV.jpg,Some Like It Hot,en
1026227,False,There's Still Tomorrow,False,"In postwar Rome, a working-class woman dreams of a better future for herself and her daughter while facing abuse at the hands of her domineering husband. When a mysterious letter arrives, she discovers the courage to change the circumstances of her life.",False,"[18, 35, 36]",4.0514,1518,/4Hi7yjiQjokEDStT1MOj5rPgRfW.jpg,2023-10-26,8.078,/fNXUCk54vGcoKr34olN14ohUSFY.jpg,C'è ancora domani,it
55823,False,The Great War,False,"Italy, 1916. Oreste Jacovacci and Giovanni Busacca are called, as all the Italian youths, to serve the army in the WWI. They both try in every way to avoid serving the army.",False,"[35, 10752, 18]",0.9672,370,/aDvKsUb5y7GMNMz2HHNtuGww5t8.jpg,1959-10-28,8.078,/fcH7FM74GoHgOUnKjpGAoKOxWvY.jpg,La grande guerra,it
20334,False,The Shop Around the Corner,False,"Two employees at a gift shop can barely stand one another, without realising that they are falling in love through the post as each other's anonymous pen pal.",False,"[35, 18, 10749]",2.4229,835,/dZ1aEzGYRiqJwPfjS6VL7wUkHmF.jpg,1940-01-12,8.077,/wqgZSvgoctaadgwUdPYVsksivxn.jpg,The Shop Around the Corner,en
7345,False,There Will Be Blood,False,"Ruthless silver miner, turned oil prospector, Daniel Plainview, moves to oil-rich California. Using his son to project a trustworthy, family-man image, Plainview cons local landowners into selling him their valuable properties for a pittance. However, local preacher Eli Sunday suspects Plainview's motives and intentions, starting a slow-burning feud that threatens both their lives.",False,[18],8.8391,7439,/fa0RDkAlCec0STeMNAhPaF89q6U.jpg,2007-12-26,8.077,/9UAKA6ceZi6TgQwTAAMt7DWwYPI.jpg,There Will Be Blood,en
831827,False,Far from the Tree,False,"On an idyllic beach in the Pacific Northwest, curiosity gets the better of a young raccoon whose frustrated parent attempts to keep them both safe.",False,"[16, 10751]",1.2856,388,/39oaQUS0KxyXL6KYJ2o2u03PpHz.jpg,2021-11-24,8.1,/d3dkL8C7gfd8cv5xJLBJ3IG37nY.jpg,Far from the Tree,en
795607,False,Green Snake,False,"While trying to free her sister from Fahai's clutches, Xiao Qing winds up in a dystopian city and meets a mysterious man who can't recall his past life.",False,"[16, 14, 28, 12]",3.4401,366,/4QEzpWEeuPt41WWtnhCnOiBy7C7.jpg,2021-07-23,8.072,/rhJgHS28BVc5o2rBWVwZa3aMJCF.jpg,白蛇2：青蛇劫起,zh
1091,False,The Thing,False,A research team in Antarctica is hunted by a shape-shifting alien that assumes the appearance of its victims.,False,"[27, 9648, 878]",12.5464,7921,/tzGY49kseSE9QAKk47uuDGwnSCu.jpg,1982-06-25,8.072,/r9leYNa8nTRCceZrZhP1DXkgKVb.jpg,The Thing,en
282848,False,Doctor Who: The Time of the Doctor,False,"Orbiting a quiet backwater planet, the massed forces of the universe's deadliest species gather, drawn to a mysterious message that echoes out to the stars. And amongst them, the Doctor. Rescuing Clara from a family Christmas dinner, the Time Lord and his best friend must learn what this enigmatic signal means for his own fate and that of the universe.",False,"[18, 878, 10770]",1.0614,312,/7blrzLLfj34vV45HYmPccvhNSRZ.jpg,2013-12-25,8.1,/1a1ZpkbE5IkjWnALugYjiU2qij3.jpg,Doctor Who: The Time of the Doctor,en
133919,False,Scenes from a Marriage,False,"Johan and Marianne are married and seem to have it all. Their happiness, however, is a façade for a troubled relationship, which becomes even rockier when Johan admits that he's having an affair. Before long, the spouses separate and move towards finalizing their divorce, but they make attempts at reconciling. Even as they pursue other relationships, Johan and Marianne realize that they have a significant bond, but also many issues that hinder that connection.",False,"[18, 10749]",1.5995,402,/ArKEdvJesIktFX8OAhcdKAOLl6I.jpg,1974-09-15,8.066,/prQE97Ds6ElKtTuemJRCvGJFlZz.jpg,Scener ur ett äktenskap,sv
31439,False,To Live,False,Married couple Fugui and Jiazhen endure tumultuous events in mid-20th century mainland China as their personal fortunes move from wealthy landownership to peasantry.,False,"[18, 10749, 10752]",9.3082,377,/bv0qREWTw8TPAtgt22ELp1UlKVl.jpg,1994-05-18,8.1,/s7xVB5OPWw6GO40VBeEJcX9EwNt.jpg,活着,zh
20532,False,Sansho the Bailiff,False,"In 11th-century feudal Japan, following the exile of an idealistic governor, his wife and children are separated by slave traders; the children, Zushio and Anju, are sold into brutal servitude under the cruel bailiff Sansho.",False,[18],2.5453,423,/cOBsWxFtEoqXIPx4JZP5E7g1WEo.jpg,1954-03-31,8.065,/7m8b1YwEeK8NeMkiSbPY8CMJx6a.jpg,山椒大夫,ja
663558,False,New Gods: Nezha Reborn,False,"While living as an ordinary deliveryman and motor racing fan, Nezha encounters old nemeses and must rediscover his powers to protect his loved ones.",False,"[16, 14, 28]",5.0323,512,/np4ScPY04HESKBbpexwstKsipKe.jpg,2021-02-06,8.063,/4PKfa0zltSrp1BJoLl8zfvYXaac.jpg,新神榜：哪吒重生,zh
8392,False,My Neighbor Totoro,False,"Two sisters move to the country with their father in order to be closer to their hospitalized mother, and discover the surrounding trees are inhabited by Totoros, magical spirits of the forest. When the youngest runs away from home, the older sister seeks help from the spirits to find her.",False,"[14, 16, 10751]",13.3881,8802,/rtGDOeG9LzoerkDGZF9dnVeLppL.jpg,1988-04-16,8.061,/zkThiZAaAie8Lw7RAc5yPTOewBV.jpg,となりのトトロ,ja
832,False,M,False,"In this classic German thriller, Hans Beckert, a serial killer who preys on children, becomes the focus of a massive Berlin police manhunt. Beckert's heinous crimes are so repellant and disruptive to city life that he is even targeted by others in the seedy underworld network. With both cops and criminals in pursuit, the murderer soon realizes that people are on his trail, sending him into a tense, panicked attempt to escape justice.",False,"[18, 53, 80]",2.7577,2461,/bTdZk3q2DWpBRnLiaaItKFWOVhI.jpg,1931-05-11,8.061,/5Pk1rGAtyblh9Xaq72T7ARCQSDQ.jpg,M - Eine Stadt sucht einen Mörder,de
1244492,False,Look Back,False,"Popular, outgoing Fujino is celebrated by her classmates for her funny comics in the class newspaper. One day, her teacher asks her to share the space with Kyomoto, a truant recluse whose beautiful artwork sparks a competitive fervor in Fujino. What starts as jealousy transforms when Fujino realizes their shared passion for drawing.",False,"[16, 18]",6.399,543,/4f2EcNkp1Mvp9wE5w7HKxcmACWg.jpg,2024-06-28,8.064,/2okfik8YwzSfdETpT5cUClSiGFO.jpg,ルックバック,ja
7347,False,Elite Squad,False,"In 1997, before the visit of the pope to Rio de Janeiro, Captain Nascimento from BOPE (Special Police Operations Battalion) is assigned to eliminate the risks of the drug dealers in a dangerous slum nearby where the pope intends to be lodged.",False,"[18, 28, 80]",4.9208,2711,/lwIXz785N2fXi8hsBr1IXciFlkM.jpg,2007-10-05,8.059,/huUgrGkCetYSkDl5fMvZCXCbFKl.jpg,Tropa de Elite,pt
11423,False,Memories of Murder,False,"A sadistic serial rapist and murderer of young women terrorizes a small province in 1980s South Korea. To prevent further crimes, three increasingly desperate detectives with conflicting methods race against time to unravel the violent mind of the killer in a futile effort to solve the case.",False,"[80, 18, 53]",10.6525,4576,/jcgUjx1QcupGzjntTVlnQ15lHqy.jpg,2003-04-25,8.1,/6Kn6qW3an3DkPl3MahWemTzrjCt.jpg,살인의 추억,ko
414419,False,Kill Bill: The Whole Bloody Affair,False,"A former assassin, known simply as The Bride, wakes from a coma four years after her jealous ex-lover Bill attempts to murder her on her wedding day. Fueled by an insatiable desire for revenge, she vows to get even with every person who contributed to the loss of her unborn child, her entire wedding party, and four years of her life. After devising a hit list, The Bride sets off on her quest, enduring unspeakable injury and unscrupulous enemies.",False,"[28, 80]",11.9132,1239,/nSOJfWJCdVFZQwXQA7RXn7FIIiY.jpg,2011-03-27,8.1,/qe4Tp0hURXqiih5AV1kHimXIt3u.jpg,Kill Bill: The Whole Bloody Affair,en
620249,False,The Legend of Hei,False,"When cat spirit Luo Xiaohei's home is deforested by humans, he must find a new one. He runs into a group of other spirit creatures who take him under their wing with dreams of reconquering the land they say is rightfully theirs. However, they run into a human known as Wuxian who separates Luo Xiaohei from the other spirits and the two go on a journey, with the cat spirit learning to control his abilities as well as forming his own thoughts on whether or not he should ally with the spirits or the humans.",False,"[16, 14, 28]",8.5045,466,/4jfbKKLpqts3i2h2obkrONcjTg1.jpg,2019-08-27,8.298,/aVFx1VtlOxR3v0ADEatalXOvwbu.jpg,罗小黑战记,zh
101,False,Léon: The Professional,False,"Léon, the top hit man in New York, has earned a rep as an effective ""cleaner"". But when his next-door neighbors are wiped out by a loose-cannon DEA agent, he becomes the unwilling custodian of 12-year-old Mathilda. Before long, Mathilda's thoughts turn to revenge, and she considers following in Léon's footsteps.",False,"[80, 18, 28]",19.215,16091,/bxB2q91nKYp8JNzqE7t7TWBVupB.jpg,1994-09-14,8.3,/fj0hwDJEOOHllRim2BMt5L7tbjf.jpg,Léon,fr
533514,False,Violet Evergarden: The Movie,False,"As the world moves on from the war and technological advances bring changes to her life, Violet still hopes to see her lost commanding officer again.",False,"[16, 18, 14, 10749]",7.7982,510,/bajajkoErDst0JxdFyBkABiF9rW.jpg,2020-09-18,8.3,/wGwSWDG3LIQxchg2M8HV7bDqYKU.jpg,劇場版 ヴァイオレット・エヴァーガーデン,ja
42269,False,We All Loved Each Other So Much,False,"Three partisans bound by a strong friendship return home after the war, but the clash with everyday reality puts a strain on their bond.",False,"[18, 35]",4.1192,648,/zGGWYpiKNwjpKxelPxOMqJnUgDs.jpg,1974-12-21,8.3,/2Kkqmy3EpXqBDqv1vvsNXX3pwww.jpg,C'eravamo tanto amati,it
359940,False,"Three Billboards Outside Ebbing, Missouri",False,"After seven months have passed without a culprit in her daughter's murder case, Mildred Hayes makes a bold move, painting three signs leading into her town with a controversial message directed at Bill Willoughby, the town's revered chief of police. When his second-in-command Officer Jason Dixon, an immature mother's boy with a penchant for violence, gets involved, the battle between Mildred and Ebbing's law enforcement is only exacerbated.",False,"[80, 18]",7.5662,10893,/bRYLt8fV82tdVoDppSFTZIcJiLN.jpg,2017-12-01,8.057,/oQHF0Y4gCw6VdPmapjsbZoxY2ht.jpg,"Three Billboards Outside Ebbing, Missouri",en
1304313,False,Lee Cronin's The Mummy,False,"The young daughter of a journalist disappears into the desert without a trace—eight years later, the broken family is shocked when she is returned to them, as what should be a joyful reunion turns into a living nightmare.",False,"[27, 9648]",742.7616,1252,/uIb9Tvae5haF0XcQBaPyufmxbb0.jpg,2026-04-15,8.048,/xugEpZk9YQ0DIz1aFvH5HGkqpZK.jpg,Lee Cronin's The Mummy,en
522518,False,A Dog's Journey,False,A dog finds the meaning of his own existence through the lives of the humans he meets.,False,"[10751, 12, 18]",4.9433,1616,/wquJChp0NpoqthYdE3YjXNNxvVC.jpg,2019-05-03,8.054,/i109vzdCkG7W3H9FxHmfpZjgh61.jpg,A Dog's Journey,en
51822,False,Love Hurts,False,Family and friends try to sabotage the budding romance between a young upper class girl and a humble student.,False,"[18, 10749]",4.1894,367,/kbtgdKUEnX76MOJ7w30js5vSNLT.jpg,2002-11-08,8.053,/3obBVWeKVUh2LBtziL7SNR6yxOf.jpg,Amar te duele,es
4348,False,Pride & Prejudice,False,"A story of love and life among the landed English gentry during the Georgian era. Mr. Bennet is a gentleman living in Hertfordshire with his overbearing wife and five daughters, but if he dies their house will be inherited by a distant cousin whom they have never met, so the family's future happiness and security is dependent on the daughters making good marriages.",False,"[18, 10749]",14.9634,8759,/o8UhmEbWPHmTUxP0lMuCoqNkbB3.jpg,2005-09-16,8.1,/1Onam6oWyFAUCcoxtdWkACtEiNr.jpg,Pride & Prejudice,en
42229,False,A Special Day,False,Two neighbours — a persecuted journalist and a resigned housewife — forge a strong bond on the day of Adolf Hitler's historic 1938 visit to Rome.,False,"[18, 10749]",1.5433,765,/jzRn7N1mFowkQ5IkUkfWoxXJtYU.jpg,1977-08-11,8.051,/6d7ymk1OWX6AkfkhOnSEfwiqo2y.jpg,Una giornata particolare,it
640344,False,Me Against You: Mr. S's Vendetta,False,"A young couple who makes popular YouTube videos for children sets out to win an award, but an evil mastermind stands in the way of their success.",False,"[10751, 14]",0.5209,471,/sfeQTIRkJjWt8IPDSBcPqkrcaas.jpg,2020-01-17,8.1,/wooZWiC4NWH0ahCSUOogEmVejHo.jpg,Me contro Te: Il film - La vendetta del Signor S,it
62,False,2001: A Space Odyssey,False,"Humanity finds a mysterious object buried beneath the lunar surface and sets off to find its origins with the help of HAL 9000, the world's most advanced super computer.",False,"[878, 9648, 12]",14.8493,12576,/ve72VxNqjGM69Uky4WTo2bK6rfq.jpg,1968-04-02,8.049,/w5IDXtifKntw0ajv2co7jFlTQDM.jpg,2001: A Space Odyssey,en
2457,False,Children of Paradise,False,"In a chaotic 19th-century Paris teeming with aristocrats, thieves, psychics, and courtesans, theater mime Baptiste is in love with the mysterious actress Garance. But Garance, in turn, is loved by three other men: pretentious actor Frederick, conniving thief Lacenaire, and Count Edouard of Montray.",False,"[18, 10749]",1.504,459,/yiy9stl1jjVhW44ypkWMFDT8Ix3.jpg,1945-03-15,8.0,/ubERa5VEJlBRglxDSBSL0YBG7XB.jpg,Les Enfants du Paradis,fr
21634,False,Prayers for Bobby,False,"Bobby Griffith was his mother's favorite son, the perfect all-American boy growing up under deeply religious influences in Walnut Creek, California. Bobby was also gay. Struggling with a conflict no one knew of, much less understood, Bobby finally came out to his family.",False,"[18, 36, 10770]",2.6715,628,/1viFwXluAettogGDsTrSUUg29lZ.jpg,2009-01-24,8.0,/9BrhCgffilZPr3VOnDAKP9vBrU1.jpg,Prayers for Bobby,en
1955,False,The Elephant Man,False,"A Victorian surgeon rescues a heavily disfigured man being mistreated by his ""owner"" as a side-show freak. Behind his monstrous façade, there is revealed a person of great intelligence and sensitivity. Based on the true story of Joseph Merrick (called John Merrick in the film), a severely deformed man in 19th century London.",False,"[18, 36]",4.2031,3922,/u0wpPYjuSt8DIe1Y3Vapnh8jcKE.jpg,1980-10-09,8.048,/6huSptAsqYg3wbsi1jbMognSgmp.jpg,The Elephant Man,en
762975,False,Purple Hearts,False,"An aspiring musician agrees to a marriage of convenience with a soon-to-deploy Marine, but a tragedy soon turns their fake relationship all too real.",False,"[10749, 18]",6.348,2869,/4JyNWkryifWbWXJyxcWh3pVya6N.jpg,2022-07-29,8.045,/jdZM1Gs6DtRGvosgqaXRrIkvYX7.jpg,Purple Hearts,en
11659,False,The Best of Youth,False,"After a fateful encounter in the summer of 1966, the lifepaths of two brothers from a middle-class Roman family diverge, intersecting with some of the most significant events of postwar Italian history in the following decades.",False,"[18, 36, 10749]",2.8425,607,/ltmcFRvTeAgBgMLUGa15KzDSQqs.jpg,2003-06-22,8.044,/leF9AKe937UhQsfWGtXfG7tBRvU.jpg,La meglio gioventù,it
381284,False,Hidden Figures,False,"The untold story of Katherine G. Johnson, Dorothy Vaughan and Mary Jackson – brilliant African-American women working at NASA and serving as the brains behind one of the greatest operations in history – the launch of astronaut John Glenn into orbit. The visionary trio crossed all gender and race lines to inspire generations to dream big.",False,"[18, 36]",10.7663,10419,/9lfz2W2uGjyow3am00rsPJ8iOyq.jpg,2016-12-10,8.043,/rfkIeCaIHhN3K5wjJJqKmfUjYp8.jpg,Hidden Figures,en
518068,False,Along with the Gods: The Last 49 Days,False,"As the deceased soul Ja-hong and his three afterlife guardians prepare for their remaining trials for reincarnation, the guardians soon come face to face with the truth of their tragic time on Earth 1,000 years earlier.",False,"[28, 12, 14, 53]",5.2968,749,/9BnqBHFGDv3WlCPB2qQwzAWdy7y.jpg,2018-08-01,8.045,/ul4WiN9EJxsMokdg7z4Y6iisvHS.jpg,신과함께-인과 연,ko
334543,False,Lion,False,"A five-year-old Indian boy gets lost on the streets of Calcutta, thousands of kilometers from home. He survives many challenges before being adopted by a couple in Australia; 25 years later, he sets out to find his lost family.",False,[18],4.8271,6961,/iBGRbLvg6kVc7wbS8wDdVHq6otm.jpg,2016-11-24,8.04,/ycABRSIK1Ff10Tc2A6WJHagp1Co.jpg,Lion,en
800,False,The Young and the Damned,False,"A group of juvenile delinquents live a violent life in the infamous slums of Mexico City; among them Pedro, whose morality is gradually corrupted and destroyed by the others.",False,"[18, 80]",1.7387,535,/cDCvmYoyqFg4CuSMtGMvCpfOIEw.jpg,1950-12-09,8.04,/fxz1cZevYhJ9CmC7ky8XZBAc8zu.jpg,Los olvidados,es
638507,False,How to Train Your Dragon: Homecoming,False,"It's been ten years since the dragons moved to the Hidden World, and even though Toothless doesn't live in New Berk anymore, Hiccup continues the holiday traditions he once shared with his best friend. But the Vikings of New Berk were beginning to forget about their friendship with dragons. Hiccup, Astrid, and Gobber know just what to do to keep the dragons in the villagers' hearts. And across the sea, the dragons have a plan of their own...",False,"[16, 14, 12, 10751]",5.4038,1103,/kXj2Qrfm994yLeuADqbOieU1mUH.jpg,2019-12-03,8.039,/lI2AHx0QQrNnEkUqUG01QHUdLDW.jpg,How to Train Your Dragon: Homecoming,en
992,False,Sherlock Jr.,False,"A film projectionist longs to be a detective, and puts his meager skills to work when he is framed by a rival for stealing his girlfriend's father's pocketwatch.",False,"[28, 35, 9648]",2.2684,1157,/1G9r3rqtbFAQuyWKOZm4Y5J5s7Q.jpg,1924-04-17,8.0,/zrYD5ffpBOBCXI6hkc6jBpHtYex.jpg,Sherlock Jr.,en
582,False,The Lives of Others,False,"In 1984 East Berlin, dedicated Stasi officer Gerd Wiesler begins spying on a famous playwright and his actress-lover Christa-Maria. Wiesler becomes unexpectedly sympathetic to the couple, and faces conflicting loyalties when his superior takes a liking to Christa-Maria.",False,"[18, 53]",6.7634,4116,/cVUDMnskSc01rdbyH0tLATTJUdP.jpg,2006-03-23,8.039,/g11nKgir3nIhlG2gIDWIvJeR4fz.jpg,Das Leben der Anderen,de
829402,False,Ultraman: Rising,False,"A star athlete reluctantly returns home to take over his father's duties as Ultraman, shielding Tokyo from giant monsters as he becomes a legendary hero.",False,"[16, 878, 10751, 28]",3.6591,390,/j886YEkIUsiImY53px5VHKD4lRa.jpg,2024-06-14,8.038,/wdUnHg8bOmTkHzkvxSY9sCeqJ6q.jpg,Ultraman: Rising,en
548,False,Rashomon,False,Four people recount different versions of the story of a man's murder and the rape of his wife.,False,"[80, 18, 9648]",5.609,2514,/vL7Xw04nFMHwnvXRFCmYYAzMUvY.jpg,1950-08-26,8.038,/tDn1dA52bQH9B85vilHeU7C83W1.jpg,羅生門,ja
437068,False,A Taxi Driver,False,"May, 1980. Man-seob is a taxi driver in Seoul who lives from hand to mouth, raising his young daughter alone. One day, he hears that there is a foreigner who will pay big money for a drive down to Gwangju city. Not knowing that he’s a German journalist with a hidden agenda, Man-seob takes the job.",False,"[28, 18, 36]",4.2147,1165,/iXVaWbxmyPk4KZGZk5GGDGFieMX.jpg,2017-08-02,8.037,/5l2kTFOC9QicBxOVpocy5pSu4i8.jpg,택시운전사,ko
532067,False,KONOSUBA – God's blessing on this wonderful world! Legend of Crimson,False,"After receiving a warning that Yunyun's hometown is in danger, Kazuma's party is relieved to discover it's only a joke...until it isn't. The Demon King's general has just arrived to obtain The Mage Killer, a weapon with world-ending power.",False,"[16, 12, 35, 14]",4.9338,616,/fv5BgcfkpWh3V6Pb1qVlXESBOdl.jpg,2019-08-30,8.039,/wqpTrmGiqMJ6onAq3zrBhfomIJl.jpg,映画 この素晴らしい世界に祝福を！紅伝説,ja
397567,False,Along with the Gods: The Two Worlds,False,"Having died unexpectedly, firefighter Ja-hong is taken to the afterlife by 3 afterlife guardians. Only when he passes 7 trials over 49 days and proves he was innocent in human life, he’s able to reincarnate, and his 3 afterlife guardians are by his side to defend him in trial.",False,"[28, 12, 18, 14, 53]",6.1136,1184,/gJSvIsI6oQfFim0PGyuuiCYfqKs.jpg,2017-12-20,8.035,/wyv2Y9vXYJwJzF6cNVuVwVOsOUj.jpg,신과함께-죄와 벌,ko
1064486,False,Memoir of a Snail,False,"Forcibly separated from her twin brother when they are orphaned, a melancholic misfit learns how to find confidence within herself amid the clutter of misfortunes and everyday life.",False,"[16, 35, 18]",6.7293,774,/woaN8CbloH0akyX0E72ayxlJAB4.jpg,2024-10-17,8.034,/jl2YIADk391yc6Qjy9JhgCRkHJk.jpg,Memoir of a Snail,en
439,False,La Dolce Vita,False,"Episodic journey of journalist Marcello who struggles to find his place in the world, torn between the allure of Rome's elite social scene and the stifling domesticity offered by his girlfriend, all the while searching for a way to become a serious writer.",False,"[35, 18]",3.5021,2029,/dZ2v0DAX4aCZartCzZdg4ZinSW2.jpg,1960-02-05,8.0,/eN2NdMeJLNzLYzWIEEoaGzZAsiD.jpg,La dolce vita,it
20530,False,Late Spring,False,"Noriko is perfectly happy living at home with her widowed father, Shukichi, and has no plans to marry -- that is, until her aunt Masa convinces Shukichi that unless he marries off his 27-year-old daughter soon, she will likely remain alone for the rest of her life. When Noriko resists Masa's matchmaking, Shukichi is forced to deceive his daughter and sacrifice his own happiness to do what he believes is right.",False,[18],2.9832,477,/iNtRSY2AGjW1VDXDR79bKsNUdus.jpg,1949-09-13,8.019,/sKEncrsqPxibvlWbsXYsPhXGBjw.jpg,晩春,ja
9277,False,The Sting,False,A novice con man teams up with an acknowledged master to avenge the murder of a mutual friend by pulling off the ultimate big con and swindling a fortune from a big-time mobster.,False,"[35, 80, 18]",5.3775,2968,/ckmYng37zey8INYf6d10cVgIG93.jpg,1973-12-25,8.0,/1r9lH3DaSWKGyvZaoo6BF5STOk5.jpg,The Sting,en
307,False,"Rome, Open City",False,"During the Nazi occupation of 1944 Rome, Resistance leader Giorgio Manfredi is pursued by the Nazis as he seeks refuge and a means of escape.",False,"[18, 10752]",2.6223,976,/ijGV4v8JxgbNzgEhqKdzHdaZn8a.jpg,1945-10-08,8.013,/cztYhbawTjK9m8lFBd97Yl5Zd8r.jpg,Roma città aperta,it
641,False,Requiem for a Dream,False,The drug-induced utopias of four Coney Island residents are shattered when their addictions run deep.,False,"[80, 18]",4.9793,10955,/9BTwsLaMVHOGFlmsSlx5QYCaXb.jpg,2000-10-06,8.012,/fAGYRJCujRBMw7TCuTp893eSG8e.jpg,Requiem for a Dream,en
204,False,The Wages of Fear,False,"In a run-down South American town, four men are paid to drive trucks loaded with nitroglycerin into the jungle through to the oil field. Friendships are tested and rivalries develop as they embark upon the perilous journey.",False,"[18, 53, 12]",3.0454,1084,/sNOvIp4X0fmCMfgEs2ww5IyMgFm.jpg,1953-04-22,8.012,/hTP6H7sNlWXdGxAciXQSjNJ1ob7.jpg,Le Salaire de la peur,fr
821,False,Judgment at Nuremberg,False,"In 1947, four German judges who served on the bench during the Nazi regime face a military tribunal to answer charges of crimes against humanity. Chief Justice Haywood hears evidence and testimony not only from lead defendant Ernst Janning and his defense attorney Hans Rolfe, but also from the widow of a Nazi general, an idealistic U.S. Army captain and reluctant witness Irene Wallner.",False,"[18, 36]",3.2736,943,/b6vYatvui1EXeFYfpDX4rcbueuP.jpg,1961-12-18,8.0,/aSlDcWtKNfRkW0SbsnEjnGBs9jV.jpg,Judgment at Nuremberg,en
147,False,The 400 Blows,False,"For young Parisian boy Antoine Doinel, life is one difficult situation after another. Surrounded by inconsiderate adults, including his neglectful parents, Antoine spends his days with his best friend, Rene, trying to plan for a better life. When one of their schemes goes awry, Antoine ends up in trouble with the law, leading to even more conflicts with unsympathetic authority figures.",False,[18],2.3339,2330,/12PuU23kkDLvTd0nb8hMlE3oShB.jpg,1959-06-03,8.0,/cy7ymUaMEWRoig7LWXpfzaaw2vv.jpg,Les Quatre Cents Coups,fr
43949,False,Flipped,False,"When Juli meets Bryce in the second grade, she knows it's true love. After spending six years trying to convince Bryce the same, she's ready to give up - until he starts to reconsider.",False,"[10749, 18]",14.3938,3318,/6zDYFigohwncqFL00MKbFV01dWb.jpg,2010-08-06,8.009,/xBSwwkAYl9h8QVG2OxNpSaSgJwr.jpg,Flipped,en
673,False,Harry Potter and the Prisoner of Azkaban,False,Harry Potter's life is in danger once more as dangerous wizard Sirius Black has escaped from Azkaban Prison and is heading to Hogwarts.,False,"[12, 14]",25.0402,23138,/aWxwnYoe8p2d2fcxOqtvAtJ72Rw.jpg,2004-05-31,8.008,/vbk5CfaAHOjQPSAcYm6AoRRz2Af.jpg,Harry Potter and the Prisoner of Azkaban,en
359724,False,Ford v Ferrari,False,"American car designer Carroll Shelby and the British-born driver Ken Miles work together to battle corporate interference, the laws of physics, and their own personal demons to build a revolutionary race car for Ford Motor Company and take on the dominating race cars of Enzo Ferrari at the 24 Hours of Le Mans in France in 1966.",False,"[18, 28, 36]",10.8577,8965,/dR1Ju50iudrOh3YgfwkAU1g2HZe.jpg,2019-11-13,8.007,/2vq5GTJOahE03mNYZGxIynlHcWr.jpg,Ford v Ferrari,en
55960,False,"Toto, Peppino, and the Hussy",False,"Antonio, Peppino and Lucia are three brothers who live in the country near Naples. Lucia's son, Gianni, goes to Naples to study medicine, but there he knows a ballet dancer. They fall in love and, when she goes to Milan, Gianni follows her. Informed of this and afraid that their nephew will stop studying, the three Caponi brothers leave for Milan to persuade Gianni to come back and continue studying and abandon the ""Malafemmina"" (bad girl).",False,"[35, 10749]",0.7074,374,/jHe65nUmr2DBuzEAAkuiFbUssYT.jpg,1956-08-23,8.007,/oBBtZHbtLt8wOHemA9Qv8hzcqng.jpg,"Totò, Peppino e la... malafemmina",it
28178,False,Hachi: A Dog's Tale,False,"Professor Wilson discovers a lost Akita puppy on his way home. Despite objections from his wife, Hachi endears himself to the family and grows to be Parker's loyal companion. As their bond grows deeper, a beautiful relationship unfolds.",False,"[18, 10751]",7.2279,7172,/lsy3aEsEfYIHdLRk4dontZ4s85h.jpg,2009-06-08,8.007,/a5pOEjOLvr04Hr8qktIDM75OZi0.jpg,Hachi: A Dog's Tale,en
472454,False,Ayla: The Daughter of War,False,"In 1950, amidst the ravages of the Korean War, Sergeant Süleyman stumbles upon a a half-frozen little girl, with no parents and no help in sight and he risks his own life to save her, smuggling her into his army base and out of harm’s way.",False,"[18, 10752, 36]",2.6377,398,/8RELLU0RK9hRIteLzHFZ0dK8YSi.jpg,2017-10-27,8.006,/6EbxuGgAjizKqd9CmG5HG0m0t23.jpg,Ayla,tr
14696,False,Ugetsu,False,"In 16th century Japan, peasants Genjuro and Tobei sell their earthenware pots to a group of soldiers in a nearby village, in defiance of a local sage's warning against seeking to profit from warfare. Genjuro's pursuit of both riches and the mysterious Lady Wakasa, as well as Tobei's desire to become a samurai, run the risk of destroying both themselves and their wives, Miyagi and Ohama.",False,"[14, 18, 9648]",2.3665,639,/r8RiuKTIYIJBjczBVsfeP5C00CJ.jpg,1953-03-26,8.005,/iB1tCWl4MKl6OO1kMBD5LxM5BmJ.jpg,雨月物語,ja
610461,False,"Veinteañera, divorciada y fantástica",False,"Regina, our young protagonist, always dreamed of getting married. And she did it - but the dream lasted much less than she thought and now she has to face life in a very funny way as a divorcee.",False,[35],0.3921,391,/oSbCdDI0SAAOdywGe0YVO2iDdV9.jpg,2020-02-14,8.003,/ebKa6nCRkKWU3KIuacEkEe6XSQl.jpg,"Veinteañera, divorciada y fantástica",es
14,False,American Beauty,False,"Lester Burnham, a depressed suburban father in a mid-life crisis, decides to turn his hectic life around after developing an infatuation with his daughter's attractive friend.",False,[18],8.6945,13032,/wby9315QzVKdW9BonAefg8jGTTb.jpg,1999-09-15,8.001,/2ndw55F40IkALzWyjCCza3M6nqM.jpg,American Beauty,en
521,False,Dial M for Murder,False,"When her American lover visits London, a wealthy woman’s jealous husband hatches a plan to murder her and inherit her fortune.",False,"[53, 80, 18]",2.816,2850,/2gDCAgl2iBQNuJuk6p2xtuS1ewg.jpg,1954-05-29,8.0,/gTsiagZaMjJxr6Q12KfOfC556d6.jpg,Dial M for Murder,en
526702,False,Black Beauty,False,"Born free in the American West, Black Beauty is a horse rounded up and brought to Birtwick Stables, where she meets spirited teenager Jo Green. The two forge a bond that carries Beauty through the different chapters, challenges and adventures.",False,[18],2.1757,355,/5ZjMNJJabwBEnGVQoR2yoMEL9um.jpg,2020-11-27,7.999,/6wiz1IqKpmMteGIX77hUFvjsd5L.jpg,Black Beauty,en
823754,False,Bo Burnham: Inside,False,"Stuck in COVID-19 lockdown, US comedian and musician Bo Burnham attempts to stay sane and happy by writing, shooting and performing a one-man comedy special.",False,"[35, 18]",1.5772,604,/ku1UvTWYvhFQbSesOD6zteY7bXT.jpg,2021-07-22,7.998,/9sfVyE3sP2dkCwDyV7UlYP5TAAR.jpg,Bo Burnham: Inside,en
400928,False,Gifted,False,"Frank, a single man raising his child prodigy niece Mary, is drawn into a custody battle with his mother.",False,"[18, 35]",8.4776,5938,/9Ts7Vc4wLlpI9oox9mkVUE1tBHy.jpg,2017-04-07,7.998,/aH63TQfTFgAT8tYZs0CjDsqfMo2.jpg,Gifted,en
20453,False,3 Idiots,False,"Rascal. Joker. Dreamer. Genius... You've never met a college student quite like ""Rancho."" From the moment he arrives at India's most prestigious university, Rancho's outlandish schemes turn the campus upside down—along with the lives of his two newfound best friends. Together, they make life miserable for ""Virus,"" the school’s uptight and heartless dean. But when Rancho catches the eye of the dean's daughter, Virus sets his sights on flunking out the ""3 idiots"" once and for all.",False,"[18, 35]",14.8501,2701,/66A9MqXOyVFCssoloscw79z8Tew.jpg,2009-12-23,7.998,/8gT3UKtglLVpu0YfccwbmXZ5Eis.jpg,3 Idiots,hi
11658,False,Tae Guk Gi: The Brotherhood of War,False,"When two brothers are forced to fight in the Korean War, the elder decides to take the riskiest missions if it will help shield the younger from battle.",False,"[28, 12, 18, 36, 10752]",3.5366,767,/efc2MwDwvQsYsbxLXaXtlmOJ7LZ.jpg,2004-02-05,7.998,/oqaKsofz49zjNhi48sxQIq8U73X.jpg,태극기 휘날리며,ko
2517,False,Nobody Knows,False,"In a small Tokyo apartment, twelve-year-old Akira must care for his younger siblings after their mother leaves them and shows no sign of returning.",False,[18],3.4151,641,/kDUUdWrbBBVqzSmm27pHFJcTvCU.jpg,2004-08-07,7.998,/gCD0eMZW1pUitLzH93WYWJYQgGk.jpg,誰も知らない,ja
595,False,To Kill a Mockingbird,False,"Scout Finch, 6, and her older brother Jem live in sleepy Maycomb, Alabama, spending much of their time with their friend Dill and spying on their reclusive and mysterious neighbor, Boo Radley. When Atticus, their widowed father and a respected lawyer, defends a black man named Tom Robinson against fabricated rape charges, the trial and tangent events expose the children to evils of racism and stereotyping.",False,[18],4.2676,2856,/gZycFUMLx2110dzK3nBNai7gfpM.jpg,1962-12-20,7.998,/zP6pqpSRRiOCjjC5oWKZKkHqoSB.jpg,To Kill a Mockingbird,en
8422,False,Rocco and His Brothers,False,"When a impoverished widow’s family moves to the big city, two of her five sons become romantic rivals with deadly results.",False,"[18, 10749, 80]",1.8563,660,/pngL8AraChIDOiWnKF2o3S9kJzJ.jpg,1960-10-07,7.997,/adRj1NQEr3Qh7wSvf7qX1kCpvAg.jpg,Rocco e i suoi fratelli,it
947,False,Lawrence of Arabia,False,"During World War I, English officer Thomas Edward 'T.E.' Lawrence sets out to unite and lead the diverse, often warring, Arab tribes to fight the Turks.",False,"[12, 36, 10752]",7.0968,3412,/AiAm0EtDvyGqNpVoieRw4u65vD1.jpg,1962-12-11,8.0,/z30x999Uku15xcFbe5s3hLvQPDl.jpg,Lawrence of Arabia,en
110416,False,Song of the Sea,False,"The story of the last Seal Child’s journey home. After their mother’s disappearance, Ben and Saoirse are sent to live with Granny in the city. When they resolve to return to their home by the sea, their journey becomes a race against time as they are drawn into a world Ben knows only from his mother’s folktales. But this is no bedtime story; these fairy folk have been in our world far too long. It soon becomes clear to Ben that Saoirse is the key to their survival.",False,"[10751, 16, 14]",3.2193,1575,/16LQC6zpqB0l74mVWb93a2oMFnX.jpg,2014-06-23,7.995,/mVLZvSe1Aa8CFKx0cInTamVZJrW.jpg,Song of the Sea,en
678580,False,El mesero,False,A waiter pretends to be an important businessman in order to reach the upper class through his entrepreneurial dreams.,False,[35],0.6649,357,/zvGC5jX5wQmU1GgPc0VGZz7Mtcs.jpg,2021-07-15,7.994,/1XF9ugYliCBWkXI2dCWAjRb1jvY.jpg,El mesero,es
264644,False,Room,False,"Held captive for 7 years in an enclosed space, a woman and her young son finally gain their freedom, allowing the boy to experience the outside world for the first time.",False,"[18, 53]",4.7278,9688,/2hHDMeYyZjbGWn0BeNH1cTMxuM7.jpg,2015-10-16,7.994,/cGV6R2vzT4TYIabf3JgmrOISQ0y.jpg,Room,en
3175,False,Barry Lyndon,False,"An Irish rogue uses his cunning and wit to work his way up the social classes of 18th century England, transforming himself from the humble Redmond Barry into the noble Barry Lyndon.",False,"[18, 10749, 10752, 36]",5.2045,3179,/A0byHUHMwZ7dtBQtfZ44QIgDbjo.jpg,1975-12-18,7.994,/ef6SvWbSfCFlKodJZqpIaTvsRRP.jpg,Barry Lyndon,en
1059,False,The Hidden Fortress,False,"In feudal Japan, during a bloody war between clans, two cowardly and greedy peasants, soldiers of a defeated army, stumble upon a mysterious man who guides them to a fortress hidden in the mountains.",False,"[18, 28, 12]",2.8579,705,/olO4vMPKNIJQxhJh54TPQFwKpad.jpg,1958-12-28,8.0,/VCebm5PHUChrD0ve24O1dThnxU.jpg,隠し砦の三悪人,ja
400608,False,Bo Burnham: Make Happy,False,"Combining his trademark wit and self-deprecating humor with original music, Bo Burnham offers up his unique twist on life in this stand-up special about  life, death, sexuality, hypocrisy, mental illness and Pringles cans.",False,"[35, 10402]",0.7936,433,/qVThhskXZZHDfj4m8jOx2CxIVIW.jpg,2016-06-03,7.991,/nicDo6SnBxK93ROGAhpKTOAhy2i.jpg,Bo Burnham: Make Happy,en
13223,False,Gran Torino,False,"Disgruntled Korean War veteran Walt Kowalski sets out to reform his neighbor, Thao Lor, a Hmong teenager who tried to steal Kowalski's prized possession: a 1972 Gran Torino.",False,[18],6.163,11552,/zUybYvxWdAJy5hhYovsXtHSWI1l.jpg,2008-12-12,7.99,/1uyDZmTjUQsbflqfkUJZvAGV3bv.jpg,Gran Torino,en
530915,False,1917,False,"At the height of the First World War, two young British soldiers must cross enemy territory and deliver a message that will stop a deadly attack on hundreds of soldiers.",False,"[10752, 36, 18]",10.4482,13530,/iZf0KyrE25z1sage4SYFLCCrMi9.jpg,2019-12-25,7.987,/2lBOQK06tltt8SQaswgb8d657Mv.jpg,1917,en
140420,False,Paperman,False,An urban office worker finds that paper airplanes are instrumental in meeting a girl in ways he never expected.,False,"[16, 10751, 10749, 35, 14]",1.4097,1799,/9tvF744hwTm2Bn9hkDjMfEsysKz.jpg,2012-11-02,7.987,/48v92pR5a1JeczlrCwnr1eQBN2j.jpg,Paperman,en
515001,False,Jojo Rabbit,False,"Jojo, a lonely German boy during World War II has his world shaken when he learns that his single mother is hiding a Jewish girl in their home. Influenced by a buffoonish imaginary version of Adolf Hitler, he begins to question his beliefs and confront the conflict between propaganda and his own humanity.",False,"[35, 10752, 18]",7.7755,10402,/7GsM4mtM0worCtIVeiQt28HieeN.jpg,2019-10-18,8.0,/lTyikzfGgRX5ZqIfVeT26APYfRL.jpg,Jojo Rabbit,en
19426,False,Nights of Cabiria,False,"Rome, 1957. A woman, Cabiria, is robbed and left to drown by her boyfriend, Giorgio. Rescued, she resumes her life and tries her best to find happiness in a cynical world. Even when she thinks her struggles are over and she has found happiness and contentment, things may not be what they seem.",False,"[18, 35]",2.0042,859,/xF4oCG3PLNbcrtPZbqB3BtkIbKg.jpg,1957-10-03,8.0,/9yepEBnQNcKzWWyHdUiX8Mnqc6U.jpg,Le notti di Cabiria,it
339877,False,Loving Vincent,False,A young man arrives at the last hometown of painter Vincent van Gogh to deliver the troubled artist's final letter and ends up investigating his final days there.,False,"[16, 18, 36]",2.723,2603,/56sq57kDm7XgyXBYrgJLumo0Jac.jpg,2017-06-22,7.985,/KKrsUGDXZfpeL3ddXTeGibmUHS.jpg,Loving Vincent,en
205596,False,The Imitation Game,False,"Based on the real life story of legendary cryptanalyst Alan Turing, the film portrays the nail-biting race against time by Turing and his brilliant team of code-breakers at Britain's top-secret Government Code and Cypher School at Bletchley Park, during the darkest days of World War II.",False,"[36, 18, 53, 10752]",13.924,18067,/zSqJ1qFq8NXFfi7JeIYMlzyR0dx.jpg,2014-11-14,7.984,/4vf5Fv6OVXXrNqEXqiJnWxnNSyV.jpg,The Imitation Game,en
19542,False,The Red Shoes,False,"A fledgling ballerina falls in love with a brilliant composer, but the jealous head of the ballet company plots to drive them apart.",False,"[18, 10749]",2.172,746,/vPvpBWFWDvEXuQBkoYgA6A89GVp.jpg,1948-09-06,7.983,/cSbBSHHiy849SUhyTW6FX4Dbj43.jpg,The Red Shoes,en
1226863,False,The Super Mario Galaxy Movie,False,"Having thwarted Bowser's previous plot to marry Princess Peach, Mario and Luigi now face a fresh threat in Bowser Jr., who is determined to liberate his father from captivity and restore the family legacy. Alongside companions new and old, the brothers travel across the stars to stop the young heir's crusade.",False,"[10751, 35, 12, 14, 16]",356.5754,1939,/eJGWx219ZcEMVQJhAgMiqo8tYY.jpg,2026-04-01,8.002,/9Z2uDYXqJrlmePznQQJhL6d92Rq.jpg,The Super Mario Galaxy Movie,en
640,False,Catch Me If You Can,False,"A true story about Frank Abagnale Jr. who, before his 19th birthday, successfully conned millions of dollars worth of checks as a Pan Am pilot, doctor, and legal prosecutor. An FBI agent makes it his mission to put him behind bars. But Frank not only eludes capture, he revels in the pursuit.",False,"[18, 80]",16.054,17084,/ctjEj2xM32OvBXCq8zAdK3ZrsAj.jpg,2002-12-16,7.979,/ggC3Brchf4RqPitEh7cROFoeAWn.jpg,Catch Me If You Can,en
644479,False,Dedicated to my ex,False,"The film tells the story of Ariel, a 21-year-old who decides to form a rock band to compete for a prize of ten thousand dollars in a musical band contest, this as a last option when trying to get money to save their relationship and reunite with his ex-girlfriend, which breaks due to the trip she must make to Finland for an internship. Ariel with her friend Ortega, decides to make a casting to find the other members of the band, although they do not know nothing about music, thus forming a band with members that have diverse and opposite personalities.",False,"[18, 35]",3.9375,513,/xc4bTXVwYNXi10jG9dwcaYt5IpU.jpg,2019-11-01,8.3,/1fOsyhVz5qyX2rl1qqX6KImVhTx.jpg,Dedicada A Mi Ex,es
820067,False,The Quintessential Quintuplets Movie,False,"When five lovely young girls who hate studying hire part-time tutor Futaro, he guides not only their education but also their hearts. Time spent has brought them all closer, with feelings growing within the girls and Futaro. As they finish their third year of high school and their last school festival approaches, they set their sights on what’s next. Is there a future with one of them and Futaro?",False,"[16, 35, 10749]",6.8425,441,/sg7klpt1xwK1IJirBI9EHaqQwJ5.jpg,2022-05-20,8.282,/gcgKSyE2iqwfKWMDZ8TJPxeIu0P.jpg,映画 五等分の花嫁,ja
1585,False,It's a Wonderful Life,False,"George Bailey has spent his entire life giving to the people of Bedford Falls.  All that prevents rich skinflint Mr. Potter from taking over the entire town is George's modest building and loan company.  But on Christmas Eve the business's $8,000 is lost and George's troubles begin.",False,"[18, 10751, 14]",9.4999,4899,/bSqt9rhDZx1Q7UZ86dBPKdNomp2.jpg,1946-12-20,8.281,/3q35nBLCIdEbxYfsr7D5ocYQXKz.jpg,It's a Wonderful Life,en
914,False,The Great Dictator,False,Dictator Adenoid Hynkel tries to expand his empire while a poor Jewish barber tries to avoid persecution from Hynkel's regime.,False,"[35, 10752]",7.315,3700,/1QpO9wo7JWecZ4NiBuu625FiY1j.jpg,1940-10-15,8.279,/c8Pi8F1FzpNebtgXcSjC9nWCdSW.jpg,The Great Dictator,en
3082,False,Modern Times,False,"A bumbling tramp desires to build a home with a young woman, yet is thwarted time and time again by his lack of experience and habit of being in the wrong place at the wrong time..",False,"[35, 18, 10749]",6.0814,4078,/7uoiKOEjxBBW0AgDGQWrlfGQ90w.jpg,1936-02-05,8.3,/kSlO1pHpwQfPQdgVPr7dJiJNtJ8.jpg,Modern Times,en
599,False,Sunset Boulevard,False,A hack screenwriter writes a screenplay for a former silent film star who has faded into Hollywood obscurity.,False,[18],8.3817,2932,/zt8aQ6ksqK6p1AopC5zVTDS9pKT.jpg,1950-08-10,8.277,/p47ihFj4A7EpBjmPHdTj4ipyq1S.jpg,Sunset Boulevard,en
372754,False,Dou kyu sei – Classmates,False,"Rihito Sajo, an honor student with a perfect score on the entrance exam and Hikaru Kusakabe, in a band and popular among girls, would have never crossed paths. Until one day they started talking at the practice for their school’s upcoming chorus festival. After school, the two meet regularly, as Hikaru helps Rihito to improve his singing skills. While they listen to each other’s voice and harmonize, their hearts start to beat together.",False,"[10749, 16]",5.4705,440,/cIfRCA5wEvj9tApca4UDUagQEiM.jpg,2016-02-20,8.275,/tLmyP7akYmxLwyfTEt2qyj2sOR3.jpg,同級生,ja
335,False,Once Upon a Time in the West,False,"As the railroad builders advance unstoppably through the Arizona desert on their way to the sea, Jill arrives in the small town of Flagstone with the intention of starting a new life.",False,"[18, 37]",13.154,4892,/qbYgqOczabWNn2XKwgMtVrntD6P.jpg,1968-12-21,8.274,/h31SOVlekuHXsMWVGxI8nPPfY82.jpg,C'era una volta il West,it
1139087,False,Once Upon a Studio,False,"Created for Disney's 100th anniversary, the short features Mickey Mouse corralling a gallery of legendary Disney characters for a group photo.",False,"[16, 10751, 14, 18, 35]",5.7963,431,/aiy3G1cYWV3LgKZHY6a3jL8bjYL.jpg,2023-09-24,8.273,/hUeSuUxNyQivx2wrRvGoyZiZDUu.jpg,Once Upon a Studio,en
77338,False,The Intouchables,False,A true story of two men who should never have met – a quadriplegic aristocrat who was injured in a paragliding accident and a young man from the projects.,False,"[18, 35]",20.775,18409,/1QU7HKgsQbGpzsJbJK4pAVQV9F5.jpg,2011-11-02,8.269,/cK070s3Qdn1Ib7Gq8RgIyJKgvu3.jpg,Intouchables,fr
28,False,Apocalypse Now,False,"At the height of the Vietnam war, Captain Benjamin Willard is sent on a dangerous mission that, officially, ""does not exist, nor will it ever exist."" His goal is to locate - and eliminate - a mysterious Green Beret Colonel named Walter Kurtz, who has been leading his personal army on illegal guerrilla missions into enemy territory.",False,"[18, 10752]",14.8522,9081,/gQB8Y5RCMkv2zwzFHbUJX3kAhvA.jpg,1979-05-19,8.267,/49fzLedFVKgGgFChLMuulDJBY1c.jpg,Apocalypse Now,en
652837,False,"Josee, the Tiger and the Fish",False,"With dreams of diving abroad, Tsuneo gets a job assisting Josee, an artist whose imagination takes her far beyond her wheelchair. But when the tide turns against them, they push each other to places they never thought possible, and inspire a love fit for a storybook.",False,"[16, 18, 10749]",7.64,600,/z1D8xi9x4uEhyFruo7uEHXUMD4K.jpg,2020-12-25,8.265,/521koHpCyK6ZeNpEAvPAuC75cJ5.jpg,ジョゼと虎と魚たち,ja
654299,False,Out of the Clear Blue Sky,False,"Returning to Earth as an imitator, the legendary Mexican artist Pedro Infante must prove that he is no longer a womanizer to enter paradise.",False,"[35, 18, 10402]",3.6597,384,/o9cSEHrXzPOO4OIoT9yrdxc216w.jpg,2019-12-24,8.263,/o33acwn7KliNpJRbjy4FrMSpiQ9.jpg,Como caído del cielo,es
29259,False,Le Trou,False,"Four prison inmates have been hatching a plan to literally dig out of jail when another prisoner, Claude Gaspard, is moved into their cell. They take a risk and share their plan with the newcomer. Over the course of three days, the prisoners and friends break through the concrete floor using a bed post and begin to make their way through the sewer system – yet their escape is anything but assured.",False,"[18, 53, 80]",5.3678,571,/xyZhiOz5NHVBUKlpioxjwajy7pm.jpg,1960-03-18,8.255,/f72GEQF2lKsdmEULSI9bWCbQylH.jpg,Le Trou,fr
8587,False,The Lion King,False,"Young lion prince Simba, eager to one day become king of the Pride Lands, grows up under the watchful eye of his father Mufasa; all the while his villainous uncle Scar conspires to take the throne for himself. Amid betrayal and tragedy, Simba must confront his past and find his rightful place in the Circle of Life.",False,"[16, 10751, 18]",24.1603,19671,/sKCr78MXSLixwmZ8DyJLrpMsd15.jpg,1994-06-15,8.254,/q00H8EqULYSK74lgevMkhmGGLHn.jpg,The Lion King,en
975,False,Paths of Glory,False,A commanding officer defends three scapegoats on trial for a failed offensive that occurred within the French Army in 1916.,False,"[10752, 18]",6.6458,3271,/p7OHwomA8UOhe3EhckF2IetBTh9.jpg,1957-10-25,8.254,/eTZkq5tI58Ec76AwPf1HOUoKtky.jpg,Paths of Glory,en
92321,False,Hotarubi no Mori e,False,"One hot summer day a little girl gets lost in an enchanted forest of the mountain god where spirits reside. A young boy appears before her, but she cannot touch him for fear of making him disappear. And so a wondrous adventure awaits...",False,"[10749, 16, 14]",0.007,1214,/mDqzHV8UXWWNpZkoAbKmKX1ZxEE.jpg,2011-09-17,8.252,/qknxyRgP6UTmwJ4B9tDAmzHMq7u.jpg,蛍火の杜へ,ja
18491,False,Neon Genesis Evangelion: The End of Evangelion,False,"SEELE orders an all-out attack on NERV, aiming to destroy the Evas before Gendo can advance his own plans for the Human Instrumentality Project. Shinji is pushed to the limits of his sanity as he is forced to decide the fate of humanity.",False,"[16, 878, 18, 14]",9.9127,1850,/j6G24dqI4WgUtChhWjfnI4lnmiK.jpg,1997-07-19,8.3,/xLMJCCSatxENpHO9rLW9yD8A12C.jpg,新世紀エヴァンゲリオン劇場版 Air／まごころを、君に,ja
637920,False,Miracle in Cell No. 7,False,"Separated from his daughter, a father with an intellectual disability must prove his innocence when he is jailed for the death of a commander's child.",False,[18],9.4716,4555,/bOth4QmNyEkalwahfPCfiXjNh1r.jpg,2019-10-10,8.251,/inEy3A5OPgeYW4rjRiGycfEeQzA.jpg,Koğuştaki Mucize,tr
15804,False,A Brighter Summer Day,False,"A boy experiences first love, friendships and injustices growing up in 1960s Taiwan.",False,"[80, 18, 10749]",7.039,386,/3l8fOAwiN3N5n3hHnZ51eog7Zu2.jpg,1991-07-27,8.251,/hypv7bDxzqdhJfEpjRKf1aQbdc.jpg,牯嶺街少年殺人事件,zh
901,False,City Lights,False,A tramp falls in love with a beautiful blind flower girl. His on-and-off friendship with a wealthy man allows him to be the girl's benefactor and suitor.,False,"[35, 18, 10749]",5.5935,2452,/bXNvzjULc9jrOVhGfjcc64uKZmZ.jpg,1931-02-06,8.251,/qhKMAWxuu4TXCJCWVMqfveqanMP.jpg,City Lights,en
92060,False,Michael Jackson's Thriller,False,"A night at the movies turns terrifying when Michael and his date are attacked by zombies. Released at the height of Thriller’s success, the short film redefined the music video, broke racial barriers, and became the first inducted into the U.S. National Film Registry.",False,"[27, 53, 10402]",7.8141,761,/dYHGoPMkZMVuBA4EydmDQMo1EEv.jpg,1983-11-21,8.248,/aVefEnQsfNPUrgsuMszTDt165P0.jpg,Michael Jackson's Thriller,en
603,False,The Matrix,False,"Set in the 22nd century, The Matrix tells the story of a computer hacker who joins a group of underground insurgents fighting the vast and powerful computers who now rule the earth.",False,"[28, 878]",39.8485,27881,/aOIuZAjPaRIE6CMzbazvcHuHXDc.jpg,1999-03-31,8.246,/tlm8UkiQsitc8rSuIAscQDCnP8d.jpg,The Matrix,en
630566,False,Clouds,False,"Young musician Zach Sobiech discovers his cancer has spread, leaving him just a few months to live. With limited time, he follows his dream and makes an album, unaware that it will soon be a viral music phenomenon.",False,"[10402, 18, 10749]",4.9368,1051,/2YvT3pdGngzpbAuxamTz4ZlabnT.jpg,2020-10-09,8.241,/L7DIiAdP8DnNqOh7454ZrTYspR.jpg,Clouds,en
568160,False,Weathering with You,False,"The summer of his high school freshman year, Hodaka runs away from his remote island home to Tokyo, and quickly finds himself pushed to his financial and personal limits. The weather is unusually gloomy and rainy every day, as if taking its cue from his life. After many days of solitude, he finally finds work as a freelance writer for a mysterious occult magazine. Then, one day, Hodaka meets Hina on a busy street corner. This bright and strong-willed girl possesses a strange and wonderful ability: the power to stop the rain and clear the sky.",False,"[16, 18, 14, 10749]",8.151,2626,/qgrk7r1fV4IjuoeiGS5HOhXNdLJ.jpg,2019-07-19,8.0,/ize3ZieqSy0TCWljmVoEiy8fSFS.jpg,天気の子,ja
429210,False,Bingo: The King of the Mornings,False,"1980s. Brazilian television exploding in color and auditorium programs not so politically correct. In the middle of this fervor, Augusto Mendes, a young rising actor, seeks his place in the sun. From porn studios to soap operas, he finally finds success and fame when he becomes ""Bingo"", a TV host clown from one of the audience leader TV shows for children. It turns out that behind the rice powder and red nose, nobody knows who he is.",False,"[35, 18]",0.7611,413,/izz36X4Hg7JCei5BOVeXTjVuQzF.jpg,2017-08-24,7.976,/96el06riGUnHRJGXxhP9StZzhFt.jpg,Bingo: O Rei das Manhãs,pt
15,False,Citizen Kane,False,"Newspaper magnate Charles Foster Kane is taken from his mother as a boy and made the ward of a rich industrialist. As a result, every well-meaning, tyrannical or self-destructive move he makes for the rest of his life appears in some way to be a reaction to that deeply wounding event.",False,"[9648, 18]",11.92,6049,/sav0jxhqiH0bPr2vZFU0Kjt2nZL.jpg,1941-04-17,8.0,/ruF3Lmd4A8MHbnEBE6lxPMbsHGL.jpg,Citizen Kane,en
25376,False,The Secret in Their Eyes,False,"Hoping to put to rest years of unease concerning a past case, retired criminal investigator Benjamín begins writing a novel based on the unsolved mystery of a newlywed’s rape and murder. With the help of a former colleague, judge Irene, he attempts to make sense of the past.",False,"[9648, 53, 18]",3.1538,2858,/dkeAwfZzwL3WvToydE3CXiY80E0.jpg,2009-08-13,7.974,/fNHCogWhABNAmzk0IFdzQP5XLYj.jpg,El secreto de sus ojos,es
862,False,Toy Story,False,"Led by Woody, Andy's toys live happily in his room until Andy's birthday brings Buzz Lightyear onto the scene. Afraid of losing his place in Andy's heart, Woody plots against Buzz. But when circumstances separate Buzz and Woody from their owner, the duo eventually learns to put aside their differences.",False,"[10751, 35, 16, 12]",29.2298,19870,/uXDfjJbdP4ijW5hWSBrPrlKpxab.jpg,1995-11-22,8.0,/3Rfvhy1Nl6sSGJwyjb0QiZzZYlB.jpg,Toy Story,en
449176,False,"Love, Simon",False,"Everyone deserves a great love story, but for 17-year-old Simon Spier, it's a little more complicated. He hasn't told his family or friends that he's gay, and he doesn't know the identity of the anonymous classmate that he's fallen for online.",False,"[35, 18, 10749]",5.0216,6263,/snIsqVPmlu4LPjvToHpDotxa7Eh.jpg,2018-02-16,7.973,/nJSPkq5dtASykhiYIZhpCX9Zgeq.jpg,"Love, Simon",en
780,False,The Passion of Joan of Arc,False,"A classic of the silent age, this film tells the story of the doomed but ultimately canonized 15th-century teenage warrior. On trial for claiming she'd spoken to God, Jeanne d'Arc is subjected to inhumane treatment and scare tactics at the hands of church court officials. Initially bullied into changing her story, Jeanne eventually opts for what she sees as the truth. Her punishment, a famously brutal execution, earns her perpetual martyrdom.",False,"[18, 36]",2.4511,1086,/tAgV9yxY6AC1bsPt3qJJQpD4s8.jpg,1928-04-21,7.973,/cFgCf2XqnhErS3HmgSOBCe4kL4d.jpg,La Passion de Jeanne d'Arc,fr
76,False,Before Sunrise,False,"An unexpected meeting on a train leads two travelers to spend an evening wandering through Vienna. As the night unfolds, they share stories and conversations about life and love, exploring new ideas while a quiet intimacy grows between them, knowing it may be their only night together.",False,"[18, 10749]",9.8959,4686,/kf1Jb1c2JAOqjuzA3H4oDM263uB.jpg,1995-01-27,8.0,/qA2TyqPldTtoTVY3LKrNIG5g6bH.jpg,Before Sunrise,en
906126,False,Society of the Snow,False,"On October 13, 1972, Uruguayan Air Force Flight 571, chartered to take a rugby team to Chile, crashes into a glacier in the heart of the Andes.",False,"[18, 36]",4.7033,3490,/2e853FDVSIso600RqAMunPxiZjq.jpg,2023-12-15,7.972,/md848EEPm3dHZOqwGxxTVwH2vu5.jpg,La sociedad de la nieve,es
11778,False,The Deer Hunter,False,"Three steelworkers enlist in the army and are sent to Vietnam, one leaving behind a rushed marriage, the others a shared love. What they encounter during the war changes their lives forever.",False,"[18, 10752]",6.8414,4236,/bbGtogDZOg09bm42KIpCXUXICkh.jpg,1978-12-08,7.972,/a5zBQfXmLk3qqRYF7AioWpiAxk2.jpg,The Deer Hunter,en
24,False,Kill Bill: Vol. 1,False,"An assassin is shot by her ruthless employer, Bill, and other members of their assassination circle – but she lives to plot her vengeance.",False,"[28, 80]",12.7929,18915,/v7TaX8kXMXs5yFFGR41guUDNcnB.jpg,2003-10-10,7.972,/iffzIhuLAO38Po6sh1s6ZEVwlNL.jpg,Kill Bill: Vol. 1,en
38286,False,Three Men and a Leg,False,"Friends Aldo, Giovanni, and Giacomo cross Italy from north to south for Giacomo's wedding: the father of the bride, a despotic magnate who is both their boss and father-in-law—since Aldo and Giovanni have also married into the family not for love but for money, a fate now awaiting Giacomo—has entrusted them with a priceless piece of modern art, one that looks just like a rather unremarkable wooden leg.",False,[35],1.0098,2156,/yhgfM1WTHu4Uiwa47FAGmBk4V7x.jpg,1997-12-27,7.964,/26drTTwx0CGdcYpjhJfhxTgRWRr.jpg,Tre uomini e una gamba,it
3090,False,The Treasure of the Sierra Madre,False,"Two jobless Americans convince a prospector to travel to the mountains of Mexico with them in search of gold. But the hostile wilderness, local bandits, and greed all get in the way of their journey.",False,"[12, 18, 37]",2.6457,1340,/pWcst7zVbi8Z8W6GFrdNE7HHRxL.jpg,1948-01-15,8.0,/osytHgkv86CTFKxo46l9P7ACEjm.jpg,The Treasure of the Sierra Madre,en
679,False,Aliens,False,"Ripley, the sole survivor of the Nostromo's deadly encounter with the monstrous Alien, returns to Earth after drifting through space in hypersleep for 57 years. Although her story is initially met with skepticism, she agrees to accompany a team of Colonial Marines back to LV-426.",False,"[28, 53, 878]",12.8487,10841,/r1x5JGpyqZU8PYhbs4UcrO1Xb6x.jpg,1986-07-18,7.962,/4kix6fAblJIH6eMs0Ku2loyZJXK.jpg,Aliens,en
7508,False,Like Stars on Earth,False,"Ishaan Awasthi is an eight-year-old whose world is filled with wonders that no one else seems to appreciate. Colours, fish, dogs, and kites don't seem important to the adults, who are much more interested in things like homework, marks, and neatness. Ishaan cannot seem to get anything right in class; he is then sent to boarding school, where his life changes forever.",False,[18],7.6007,1330,/puHRt6Raovm5ujGCdwLWvRv4NHU.jpg,2007-12-21,7.961,/bPwdy3zaNnMdZ22u0WCcYu0xxgt.jpg,तारे ज़मीन पर,hi
895,False,Andrei Rublev,False,"An expansive Russian drama, this film focuses on the life of revered religious icon painter Andrei Rublev. Drifting from place to place in a tumultuous era, the peace-seeking monk eventually gains a reputation for his art. But after Rublev witnesses a brutal battle and unintentionally becomes involved, he takes a vow of silence and spends time away from his work. As he begins to ease his troubled soul, he takes steps towards becoming a painter once again.",False,"[18, 36]",3.7518,942,/910xRIUmNJrWH2hkQifBJtoPp5R.jpg,1966-12-16,8.0,/jqha8JCXm0aJ5SJ03Jd0JmGgWRs.jpg,Андрей Рублёв,ru
678512,False,Sound of Freedom,False,"The story of Tim Ballard, a former US government agent, who quits his job in order to devote his life to rescuing children from global sex traffickers.",False,"[28, 18]",5.0084,2749,/qA5kPYZA7FkVvqcEfJRoOy4kpHg.jpg,2023-07-03,7.96,/7JqWWLCajnt6XWCrRlgvtsYP0u6.jpg,Sound of Freedom,en
14160,False,Up,False,"Carl Fredricksen spent his entire life dreaming of exploring the globe and experiencing life to its fullest. But at age 78, life seems to have passed him by, until a twist of fate (and a persistent 8-year old Wilderness Explorer named Russell) gives him a new lease on life.",False,"[16, 35, 10751, 12]",17.9088,21648,/mFvoEwSfLqbcWwFsDjQebn9bzFe.jpg,2009-05-28,7.96,/hGGC9gKo7CFE3fW07RA587e5kol.jpg,Up,en
424694,False,Bohemian Rhapsody,False,"Singer Freddie Mercury, guitarist Brian May, drummer Roger Taylor and bass guitarist John Deacon take the music world by storm when they form the rock 'n' roll band Queen in 1970. Hit songs become instant classics. When Mercury's increasingly wild lifestyle starts to spiral out of control, Queen soon faces its greatest challenge yet – finding a way to keep the band together amid the success and excess.",False,"[10402, 18]",10.6759,17766,/lHu1wtNaczFPGFDTrjCSzeLPTKN.jpg,2018-10-24,7.958,/dcvbs8z0GEXslC1kCT77x19XDeR.jpg,Bohemian Rhapsody,en
627,False,Trainspotting,False,"Heroin addict Mark Renton stumbles through bad ideas and sobriety attempts with his unreliable friends --Sick Boy, Begbie, Spud and Tommy. He also has an underage girlfriend, Diane, along for the ride. After cleaning up and moving from Edinburgh to London, Mark finds he can't escape the life he left behind as Begbie and Sick Boy come knocking.",False,"[18, 80]",8.3964,10385,/y0HmDV0bZDTtXWHqqYYbT9XoshB.jpg,1996-02-23,7.958,/dkfBKDUIWP1peEszdqK10MkMZCP.jpg,Trainspotting,en
785534,False,Paper Lives,False,"In the streets of Istanbul, ailing waste warehouse worker Mehmet takes a small boy under his wing and must soon confront his own traumatic childhood.",False,[18],1.0572,415,/cmru6N6Hnw2pJwuo1ctH1CxKqKZ.jpg,2021-03-12,7.955,/ctckqAvz9aTZDtfXLmDUdMflesU.jpg,Kağıttan Hayatlar,tr
180147,False,We Are the Nobles,False,"Tells the ""riches to rags"" story of the Nobles, three upper-class twenty-somethings that appear to have no limits to their checkbooks, and no direction in their lives. Until one day, their father tries to teach them a lesson by staging a financial scandal that forces the whole family to escape to an old house in the poor side of town, and leads the ""kids"" to do what they haven't done before: get jobs.",False,[35],1.8501,539,/40JLnLz5KEQeZnUCKD3zf8sQJFx.jpg,2013-03-28,7.955,/37x8deGuuEiMBEIoe28ulrFsoNn.jpg,Nosotros los nobles,es
48035,False,Ordet,False,"The three sons of devout Danish farmer Morten have widely disparate religious beliefs. Youngest son Anders shares his father's religion, but eldest son Mikkel has lost his faith, while middle child Johannes has become delusional and proclaims that he is Jesus Christ himself. When Mikkel's wife, Inger goes into a difficult childbirth, everyone's beliefs are put to the test.",False,[18],1.1876,414,/c9Oef9uQEuadZlnvv8hphRmTIgx.jpg,1955-01-09,7.954,/62pTb3zkfE2860lIqQFlxQ5tUEL.jpg,Ordet,da
10386,False,The Iron Giant,False,"In the small town of Rockwell, Maine in October 1957, a giant metal machine befriends a nine-year-old boy and ultimately finds its humanity by unselfishly saving people from their own fears and prejudices.",False,"[16, 18, 10751, 878]",6.0329,6158,/ct04FCFLPImNG5thcPLRnVsZlmS.jpg,1999-08-06,7.954,/wfClZdRb1x4LZ8B73Y9RSn8XAPa.jpg,The Iron Giant,en
70,False,Million Dollar Baby,False,"Despondent over a painful estrangement from his daughter, trainer Frankie Dunn isn't prepared for boxer Maggie Fitzgerald to enter his life. But Maggie's determined to go pro and to convince Dunn and his cohort to help her.",False,[18],6.0763,10349,/jcfEqKdWF1zeyvECPqp3mkWLct2.jpg,2004-12-05,7.954,/oGMomeS7bE43eN8SGJUaKvQnmud.jpg,Million Dollar Baby,en
11712,False,Sanjuro,False,"In this companion piece and sequel to ""Yojimbo,"" jaded samurai Sanjuro helps an idealistic group of young warriors weed out their clan's evil influences, and in the process turns their image of a proper samurai on its ear.",False,"[18, 28, 35]",2.7748,718,/zW47oIH3bc3ggmmmzTvKqM4Fqjk.jpg,1962-01-01,7.952,/7g5v2zXedkwiFqDlWqcoRUUQYD6.jpg,椿三十郎,ja
1396,False,Mirror,False,"A dying man in his forties recalls his childhood, his mother, the war and personal moments that tell of and juxtapose pivotal moments in Soviet history with daily life.",False,"[18, 36]",14.3964,1089,/AttDP5OEsMxtHPPN7Z92p2Ntnmd.jpg,1975-03-07,7.952,/9UAcMhSCDJ2OCo5QdPpSERjhMA1.jpg,Зеркало,ru
745,False,The Sixth Sense,False,"Following an unexpected tragedy, child psychologist Malcolm Crowe meets a nine year old boy named Cole Sear, who is hiding a dark secret.",False,"[9648, 53, 18]",11.9168,12846,/vOyfUXNFSnaTk7Vk5AjpsKTUWsu.jpg,1999-08-06,7.952,/6TjllWT3cGrPFyqDXurVZ3L8bBi.jpg,The Sixth Sense,en
12761,False,Autumn Sonata,False,"After a seven-year absence, Charlotte Andergast travels to Sweden to reunite with her daughter Eva. The pair have a troubled relationship: Charlotte sacrificed the responsibilities of motherhood for a career as a classical pianist. Over an emotional night, the pair reopen the wounds of the past. Charlotte gets another shock when she finds out that her mentally impaired daughter, Helena, is out of the asylum and living with Eva.",False,"[18, 10402]",2.3414,706,/6beNbtCXv3GkzHkxkGYf38ib7v8.jpg,1978-10-08,7.951,/3DOOgeZfoYUKXAyYrpRObv2PNDd.jpg,Höstsonaten,sv
81,False,Nausicaä of the Valley of the Wind,False,"After a global war, the seaside kingdom known as the Valley of the Wind remains one of the last strongholds on Earth untouched by a poisonous jungle and the powerful insects that guard it. Led by the courageous Princess Nausicaä, the people of the Valley engage in an epic struggle to restore the bond between humanity and Earth.",False,"[12, 16, 14]",6.9883,4060,/tcrkfB8SRPQCgwI88hQScua6nxh.jpg,1984-03-11,8.0,/ulVUa2MvnJAjAeRt7h23FFJVRKH.jpg,風の谷のナウシカ,ja
6977,False,No Country for Old Men,False,"Llewelyn Moss stumbles upon dead bodies, $2 million and a hoard of heroin in a Texas desert, but methodical killer Anton Chigurh comes looking for it, with local sheriff Ed Tom Bell hot on his trail. The roles of prey and predator blur as the violent pursuit of money and justice collide.",False,"[80, 53, 37]",18.3623,13302,/6d5XOczc226jECq0LIX0siKtgHR.jpg,2007-11-09,7.95,/gddUsvfyySrM5k8B8wwJy2VRlBx.jpg,No Country for Old Men,en
37797,False,Whisper of the Heart,False,"Shizuku lives a simple life, dominated by her love for stories and writing. One day she notices that all the library books she has have been previously checked out by the same person: ""Seiji Amasawa.""",False,"[16, 18, 10751]",5.4546,2273,/5FROLD8zpWFs9ja7aYho1uOMJHg.jpg,1995-07-15,7.9,/rphor0XQcYO4CQoQ6auaQm3UPap.jpg,耳をすませば,ja
25538,False,Yi Yi,False,A Taipei family faces personal and moral uncertainty as everyday events test their relationships and sense of purpose.,False,[18],4.7246,668,/mR8dSQZI8X6Z1NClJhFrtJp636z.jpg,2000-09-20,7.948,/x903dx8Km6XNLFEmvbXc98vePSV.jpg,一一,zh
28422,False,Love Exposure,False,"The story of a teenage boy called Yu, who falls for Yoko, a girl he runs into while working as an upskirt photographer in an offshoot of the porn industry. His attempts to woo her are complicated by a spot of cross-dressing – which convinces Yoko that she is lesbian – dalliances with kung-fu and crime, and a constant struggle with Catholic guilt.",False,"[28, 35, 18, 10749]",3.1322,515,/3QSGUdzG374H7pOxIdKNBpeLEUk.jpg,2008-11-29,7.9,/ywVxppdRe8KN53P937p94mcXEoJ.jpg,愛のむきだし,ja
574074,False,Kitbull,False,"An unlikely connection sparks between two creatures: a fiercely independent stray kitten and a pit bull. Together, they experience friendship for the first time.",False,"[16, 10751, 18]",0.8568,398,/mwKO3cZbxipgd9QAPboJVTDLPiN.jpg,2019-01-18,7.947,/xtj3EhrFHMrZCLTWH6LarEXAG8r.jpg,Kitbull,en
30017,False,Close-Up,False,"This fiction-documentary hybrid uses a sensational real-life event—the arrest of a young man on charges that he fraudulently impersonated the well-known filmmaker Mohsen Makhmalbaf—as the basis for a stunning, multilayered investigation into movies, identity, artistic creation, and existence, in which the real people from the case play themselves.",False,"[80, 18]",1.4163,449,/m9HG2N9ZKCmNN9qOHJTNyy18wn3.jpg,1990-05-09,7.947,/3t1qZqP1e17wQshpPKSqII1OogM.jpg,کلوزآپ ، نمای نزدیک,fa
197,False,Braveheart,False,"Enraged at the slaughter of Murron, his new bride and childhood love, Scottish warrior William Wallace slays a platoon of the local English lord's soldiers. This leads the village to revolt and, eventually, the entire country to rise up against English rule.",False,"[28, 18, 36, 10752]",11.6213,11101,/or1gBugydmjToAEq7OZY0owwFk.jpg,1995-05-24,7.945,/1m1c5gIWWkb1FEC9lzsoXHhhs7b.jpg,Braveheart,en
15244,False,A Man Escaped,False,A captured French Resistance fighter during World War II engineers a daunting escape from prison.,False,"[18, 53]",1.5403,612,/gkoZ8fFib24zhB2DKpjQ09SK9FU.jpg,1956-11-11,7.9,/lNe2z2qQf0G5gzM51ZyJD0zCDVk.jpg,Un condamné à mort s'est échappé,fr
149,False,Akira,False,A secret military project endangers Neo-Tokyo when it turns a biker gang member into a rampaging psychic psychopath that only two teenagers and a group of psychics can stop.,False,"[16, 878, 28]",10.0978,4769,/neZ0ykEsPqxamsX6o5QNUFILQrz.jpg,1988-06-10,7.944,/fK40VGYIm7hmKrLJ26fgPQU0qRG.jpg,AKIRA,ja
78,False,Blade Runner,False,"In the smog-choked dystopian Los Angeles of 2019, blade runner Rick Deckard is called out of retirement to terminate a quartet of replicants who have escaped to Earth seeking their creator for a way to extend their short life spans.",False,"[878, 18, 53]",12.9708,14967,/63N9uy8nd9j7Eog2axPQ8lbr3Wj.jpg,1982-06-25,7.9,/hJ5R9d6QuH3tzr8L8neZZTuzNXm.jpg,Blade Runner,en
962232,False,Beyond the Universe,False,"While waiting for a kidney transplant, a young pianist finds an unexpected connection with her doctor — and the courage to fulfill her musical dreams.",False,"[10749, 18, 10402]",1.0478,345,/AlAP6WRSBuf5cP8OgpHTF45BPUp.jpg,2022-10-26,7.935,/pKfvYWbxhVnGHg6By3VaxtrbLZe.jpg,Depois do Universo,pt
242828,False,When Marnie Was There,False,"Upon being sent to live with relatives in the countryside due to an illness, an emotionally distant adolescent girl becomes obsessed with an abandoned mansion and infatuated with a girl who lives there - a girl who may or may not be real.",False,"[16, 18, 10751]",4.3612,1963,/vug1dvDI1tSa60Z8qjCuUE7ntkO.jpg,2014-07-19,7.935,/86l1gqKjhPn6Ypd8XSSIGx7ZikB.jpg,思い出のマーニー,ja
1087192,False,How to Train Your Dragon,False,"On the rugged isle of Berk, where Vikings and dragons have been bitter enemies for generations, Hiccup stands apart, defying centuries of tradition when he befriends Toothless, a feared Night Fury dragon. Their unlikely bond reveals the true nature of dragons, challenging the very foundations of Viking society.",False,"[14, 10751, 28, 12]",25.0014,2832,/q5pXRYTycaeW6dEgsCrd4mYPmxM.jpg,2025-06-06,7.932,/8J6UlIFcU7eZfq9iCLbgc8Auklg.jpg,How to Train Your Dragon,en
634649,False,Spider-Man: No Way Home,False,"Peter Parker is unmasked and no longer able to separate his normal life from the high-stakes of being a super-hero. When he asks for help from Doctor Strange the stakes become even more dangerous, forcing him to discover what it truly means to be Spider-Man.",False,"[28, 12, 878]",41.394,21976,/1g0dhYtq4irTY1GPXvft6k4YLjm.jpg,2021-12-15,7.934,/zD5v1E4joAzFvmAEytt7fM3ivyT.jpg,Spider-Man: No Way Home,en
626332,False,Flamin' Hot,False,"The inspiring true story of Richard Montañez, the Frito Lay janitor who channeled his Mexican American heritage and upbringing to turn the iconic Flamin' Hot Cheetos into a snack that disrupted the food industry and became a global pop culture phenomenon.",False,"[18, 36]",3.7116,815,/a7KyFMPXj0iY4EoLq1PIGU1WJPw.jpg,2023-03-11,7.925,/yYEOYzgqPB31mkSsuPdCvXH3zHv.jpg,Flamin' Hot,en
949,False,Heat,False,Obsessive master thief Neil McCauley leads a top-notch crew on various daring heists throughout Los Angeles while determined detective Vincent Hanna pursues him without rest. Each man recognizes and respects the ability and the dedication of the other even though they are aware their cat-and-mouse game may end in violence.,False,"[80, 18, 28]",18.1287,8328,/e09dLw1Ljtccd2P4NsuUvVtS5du.jpg,1995-12-15,7.935,/xKsnZDERG1dk95wuZ5q9iks3OL3.jpg,Heat,en
76203,False,12 Years a Slave,False,"In the pre-Civil War United States, Solomon Northup, a free black man from upstate New York, is abducted and sold into slavery. Facing cruelty as well as unexpected kindnesses Solomon struggles not only to stay alive, but to retain his dignity. In the twelfth year of his unforgettable odyssey, Solomon’s chance meeting with a Canadian abolitionist will forever alter his life.",False,"[18, 36]",7.3706,11982,/xdANQijuNrJaw1HA61rDccME4Tm.jpg,2013-10-18,7.931,/4Bb1kMIfrT2tYRZ9M6Jhqy6gkeF.jpg,12 Years a Slave,en
237791,False,The Way He Looks,False,"Leonardo is a blind teenager dealing with an overprotective mother while trying to live a more independent life. To the disappointment of his best friend, Giovana, he plans to go on an exchange program abroad. When Gabriel, a new student in town, arrives at their classroom, new feelings blossom in Leonardo making him question his plans.",False,"[18, 10749]",1.2754,990,/2BhhlAYwKvONGW7tr16ZhnD0sym.jpg,2014-04-10,7.93,/wMDg5cm1xIieCTINQo6drZWIy8n.jpg,Hoje Eu Quero Voltar Sozinho,pt
41050,False,La Notte,False,A day in the life of an unfaithful married couple and their steadily deteriorating relationship in Milan.,False,"[18, 10749]",1.5933,740,/xkd7wPJSIC76scBRHCFZ85uOH5d.jpg,1961-01-24,7.9,/5wATYRIHIBhE9kelbGxYm0i7cNs.jpg,La notte,it
1580,False,Rope,False,Two young men attempt to prove they committed the perfect murder by hosting a dinner party for the family of a classmate they just strangled to death.,False,"[53, 80, 18]",2.6476,2998,/9ar6rxLDB8kagAnXZKn6h9smscr.jpg,1948-02-01,7.93,/81LX4wktTXWEXjLNlkHTmJm7tRu.jpg,Rope,en
234,False,The Cabinet of Dr. Caligari,False,"Francis, a young man, recalls in his memory the horrible experiences he and his fiancée Jane recently went through. Francis and his friend Alan visit The Cabinet of Dr. Caligari, an exhibit where the mysterious doctor shows the somnambulist Cesare, and awakens him for some moments from his death-like sleep.",False,"[18, 27, 53, 80]",2.4691,1767,/myK9DeIsXWGKgUTZyGXg2IfFk0W.jpg,1920-02-27,7.93,/iNNNkYuUU365LhnPwQqfzBvKnsg.jpg,Das Cabinet des Dr. Caligari,de
447365,False,Guardians of the Galaxy Vol. 3,False,"Peter Quill, still reeling from the loss of Gamora, must rally his team around him to defend the universe along with protecting one of their own. A mission that, if not completed successfully, could quite possibly lead to the end of the Guardians as we know them.",False,"[878, 12, 28]",16.3925,8311,/r2J02Z2OpNTctfOSN1Ydgii51I3.jpg,2023-05-03,7.929,/5YZbUmjbMa3ClvSW1Wj3D6XGolb.jpg,Guardians of the Galaxy Vol. 3,en
12104,False,Pink Floyd: The Wall,False,A troubled rock star descends into madness in the midst of his physical and social isolation from everyone.,False,"[10402, 18]",4.5104,1637,/aElHyIdF5jmctFGhlhhaPFsbBJC.jpg,1982-07-14,7.929,/Ag4eANWzHEwC7rQVyvcGsL34ieP.jpg,Pink Floyd: The Wall,en
29264,False,The Exterminating Angel,False,"After a lavish dinner party, the guests find themselves unable to depart... and, over the next few days, all of their elaborate societal pretenses and façades deteriorate as they are reduced to living like animals.",False,"[35, 18, 14]",1.5884,734,/qqZXHvBFxUpo8Pfbyvgh4SYMiWm.jpg,1962-05-16,7.926,/wJ4HyVZsbZRWH7BS3bLZsvO31rZ.jpg,El ángel exterminador,es
28978,False,The Circus,False,"Charlie, a wandering tramp, becomes a circus handyman - soon the star of the show - and falls in love with the circus owner's stepdaughter.",False,"[35, 10749, 18]",1.121,888,/3FywbVq2qGqbYHPCy2NJcOf0gmp.jpg,1928-01-06,7.925,/bgoeWIDk4Grlyyt7pdty56Uz8TJ.jpg,The Circus,en
8290,False,Don't Look Now... We're Being Shot At!,False,"During World War II, two French civilians and a downed British Bomber Crew set out from Paris to cross the demarcation line between Nazi-occupied Northern France and the South. From there they will be able to escape to England. First, they must avoid German troops – and the consequences of their own blunders.",False,"[35, 10752]",3.5478,1466,/91l4Sf3WJwrb0tSVPsOqnBXG8E6.jpg,1966-12-08,7.925,/bodTQ7K68AopK2uQumsrSVT9g4A.jpg,La Grande Vadrouille,fr
5925,False,The Great Escape,False,"The Nazis, exasperated at the number of escapes from their prison camps by a relatively small number of Allied prisoners, relocate them to a high-security 'escape-proof' camp to sit out the remainder of the war. Undaunted, the prisoners plan one of the most ambitious escape attempts of World War II. Based on a true story.",False,"[12, 18, 10752]",6.2141,2836,/gBH4H8UMFxl139HaLz6lRuvsel8.jpg,1963-07-03,7.924,/3K0jhgkLebbkf5ANbfkplu1SmhU.jpg,The Great Escape,en
1646,False,Freedom Writers,False,"A young teacher inspires her class of at-risk students to learn tolerance, apply themselves, and pursue education beyond high school.",False,"[80, 18]",3.4586,2421,/81AdeUQT99N0xPg3j6RVh0YGOTk.jpg,2007-01-05,7.924,/oVCyqxwLkRPJC51w89Dwp6VL9vk.jpg,Freedom Writers,en
489412,False,It's Such a Beautiful Day,False,Bill struggles to put together his shattered psyche.,False,"[16, 35]",1.4635,369,/hop0dsM4nxyNENGhBhpJWTCJ5rS.jpg,2012-08-24,7.917,/rA9QYI7yTV2F2AvaqBcq1vL3MOr.jpg,It's Such a Beautiful Day,en
13398,False,Tokyo Godfathers,False,"On Christmas Eve, three homeless people living on the streets of Tokyo discover a newborn baby among the trash and set out to find its parents.",False,"[16, 18, 35]",3.7123,1508,/sPC66btzQlzuRdPKiSDYZ5Hvxgc.jpg,2003-12-05,7.923,/mnppPdfdtKPNoRemzIZDwOKpgfv.jpg,東京ゴッドファーザーズ,ja
85,False,Raiders of the Lost Ark,False,"When Dr. Indiana Jones – the tweed-suited professor who just happens to be a celebrated archaeologist – is hired by the government to locate the legendary Ark of the Covenant, he finds himself up against the entire Nazi regime.",False,"[12, 28]",15.7404,13619,/ceG9VzoRAVGwivFU403Wc3AHRys.jpg,1981-06-12,7.923,/zPACwR32amTNvzId9qyapCWXYDJ.jpg,Raiders of the Lost Ark,en
6715,False,The Cure,False,"Erik, a loner, finds a friend in Dexter, an eleven-year-old boy with AIDS. They vow to find a cure for AIDS together and save Dexter's life in an eventful summer.",False,"[18, 10751]",2.3826,351,/vcSfab0S2gTm9302TfejcM2gzrg.jpg,1995-04-21,7.9,/cXliQvK1xSi9lSqP7qaBUyED1Az.jpg,The Cure,en
530254,False,The Witch: Part 1. The Subversion,False,"Ja-yoon is a high school student who struggles with memory loss after she endured some unknown trauma during her childhood. While trying to uncover the truth, she is unwittingly dragged into a world of crime and finds herself on a journey that will awaken many secrets hidden deep within.",False,"[28, 878]",9.8607,739,/4i2wo2ja5g2PmUxWa1a2eYIboZf.jpg,2018-06-27,7.92,/f8ng3EDMLkuTMupe4TjgiJS1r0S.jpg,마녀,ko
9764,False,Dersu Uzala,False,"A military explorer meets and befriends a Goldi man in Russia’s unmapped forests. A deep and abiding bond evolves between the two men, one civilized in the usual sense, the other at home in the glacial Siberian woods.",False,"[12, 18]",2.4223,625,/bIOrDQ3Gg68k3qJAnRU7nIZr0BW.jpg,1975-08-02,7.92,/gLA1cUHcGGDO8pXYxhSljLId5wq.jpg,Дерсу Узала,ru
9323,False,Ghost in the Shell,False,"In the year 2029, the barriers of our world have been broken down by the net and by cybernetics, but this brings new vulnerability to humans in the form of brain-hacking. When a highly-wanted hacker known as 'The Puppetmaster' begins involving them in politics, Section 9, a group of cybernetically enhanced cops, are called in to investigate and stop the Puppetmaster.",False,"[28, 16, 878]",7.0966,3876,/9gC88zYUBARRSThcG93MvW14sqx.jpg,1995-11-18,7.9,/jIpagj2Dud9g3ZVJFvaWikEWsYz.jpg,GHOST IN THE SHELL,ja
194,False,Amélie,False,"At a tiny Parisian café, the adorable yet painfully shy Amélie accidentally discovers a gift for helping others. Soon Amelie is spending her days as a matchmaker, guardian angel, and all-around do-gooder. But when she bumps into a handsome stranger, will she find the courage to become the star of her very own love story?",False,"[35, 10749]",10.6454,12386,/nSxDa3M9aMvGVLoItzWTepQ5h5d.jpg,2001-04-25,7.92,/6n53UI4mX9QMfe2S0Pgt8mGebY1.jpg,Le Fabuleux Destin d'Amélie Poulain,fr
378108,False,In This Corner of the World,False,"Japan, 1943, during World War II. Young Suzu leaves her village near Hiroshima to marry and live with her in-laws in Kure, a military harbor. Her creativity to overcome deprivation quickly makes her indispensable at home. Inhabited by an ancestral wisdom, Suzu impregnates the simple gestures of everyday life with poetry and beauty. The many hardships, the loss of loved ones, the frequent air raids of the enemy, nothing alters her enthusiasm…",False,"[18, 16, 10749, 10752, 36]",3.1816,628,/9Z4H4M2F8OQTB04YC1Opds8MFBb.jpg,2016-11-12,7.9,/bh5jnK2SeUw7iTbg9QHIi24S01Q.jpg,この世界の片隅に,ja
38360,False,The Cranes Are Flying,False,"Veronika and Boris come together in Moscow shortly before World War II. Walking along the river, they watch cranes fly overhead, and promise to rendezvous before Boris leaves to fight. Boris misses the meeting and is off to the front lines, while Veronika waits patiently, sending letters faithfully. After her house is bombed, Veronika moves in with Boris' family, into the company of a cousin with his own intentions.",False,"[18, 10749, 10752]",2.2153,452,/foXYOdXEJ0rvtTDo4LLnsUnvPLB.jpg,1957-10-12,7.9,/r6bIGLFJ2ml9L970RNpuwDyb4Af.jpg,Летят журавли,ru
726684,False,Miraculous World: Shanghai - The Legend of Ladydragon,False,"On school break, Marinette heads to Shanghai to meet Adrien. But after arriving, Marinette loses all her stuff, including the Miraculous that allows her to turn into Ladybug!",False,"[16, 10751, 28, 12, 14]",2.9768,690,/ouUf9zIq8PzGROyWunyEhubfFMS.jpg,2021-05-15,7.913,/rlNnwObbMu5G2FaOUlacnUIdIIA.jpg,"Miraculous World : Shanghai, la légende de Ladydragon",fr
152532,False,Dallas Buyers Club,False,"Loosely based on the true-life tale of Ron Woodroof, a drug-taking, women-loving, homophobic man who in 1986 was diagnosed with HIV/AIDS and given thirty days to live.",False,"[18, 36]",4.9491,9073,/7Fdh7gUq3plvQqxRbNYhWvDABXA.jpg,2013-11-01,7.913,/sbVKj98cq0FztCukzu47bu0H8o7.jpg,Dallas Buyers Club,en
18438,False,Castaway on the Moon,False,"Mr. Kim is jobless, lost in debt and has been dumped by his girlfriend. He decides to end it all by jumping into the Han River – only to find himself washed up on a small, mid-river island. He soon abandons thoughts of suicide or rescue and begins a new life as a castaway. His antics catch the attention of a young woman whose apartment overlooks the river. Her discovery changes both their lives.",False,"[18, 35, 10749]",2.8565,731,/gGzovvmOEyNVUu4WEHtw9wfDsqI.jpg,2009-05-14,7.913,/t9T6jKk2TqDqzpWTCMSeMNjYcX7.jpg,김씨 표류기,ko
1050035,False,Monster,False,"After an outburst at school involving her son, a concerned single mother demands answers, triggering a sequence of deepening suspicion and turmoil.",False,"[9648, 53, 18]",9.9213,885,/kvUJUyUGOhEoiWWNH04IXoExPE2.jpg,2023-06-02,7.912,/dZJcOyRonN0Kb7kJR3DE3esGn16.jpg,怪物,ja
94047,False,My Way,False,"During the invasion of Normandy the photograph of a slim Korean man in German uniform was found. It transpired that the man had served as a soldier in the Japanese, Russian and German armies. His incredible story inspired director Kang Je-Gyu to create this epic war drama.",False,"[18, 28, 36, 10752]",5.2626,446,/3moPqIC1EBFilLI3YJNa5Nfel3e.jpg,2011-12-21,7.9,/4QHF7kAYjIpZ5U8A0amvhRkHlZ1.jpg,마이웨이,ko
150540,False,Inside Out,False,"When 11-year-old Riley moves to a new city, her Emotions team up to help her through the transition. Joy, Fear, Anger, Disgust and Sadness work together, but when Joy and Sadness get lost, they must journey through unfamiliar places to get back home.",False,"[16, 10751, 12, 18, 35]",28.369,23438,/2H1TmgdfNtsKlU9jKdeNyYL5y8T.jpg,2015-06-17,7.91,/o3i6AfTcWAuNvzAUV3q5lOmi6Gx.jpg,Inside Out,en
354857,False,Regular Show: The Movie,False,"After a high school lab experiment goes horribly wrong, Mordecai and Rigby must go back in time to battle an evil volleyball coach in order to save the universe — and their friendship.",False,"[16, 35, 878, 12]",4.0989,432,/p44RoW4naoE1nlSGOqqT0J2pc09.jpg,2015-09-01,7.913,/An1FS6Baec7uogTcQyEYqruYAtM.jpg,Regular Show: The Movie,en
315465,False,The Boy and the Beast,False,"Kyuta, a boy living in Shibuya, and Kumatetsu, a lonesome beast from Jutengai, an imaginary world. One day, Kyuta forays into the imaginary world and, as he's looking for his way back, meets Kumatetsu who becomes his spirit guide. That encounter leads them to many adventures.",False,"[28, 12, 16, 18, 10751, 14]",4.3581,1602,/kRofx67xkbnJ6pAVcHdeMyBm4OM.jpg,2015-07-11,7.909,/8yniaG7C4iCm0VVTSShAPUZYM3Y.jpg,バケモノの子,ja
160885,False,Tel chi el telùn,False,A comedy show.,False,[35],0.1537,339,/428vjrQpsNWSutMkB9Zndp6nIBq.jpg,1999-05-12,7.909,/sjM53bnHHdVP3FmJCkP1K1BKRpA.jpg,Tel chi el telùn,it
33,False,Unforgiven,False,"William Munny is a retired, once-ruthless killer turned gentle widower and hog farmer. To help support his two motherless children, he accepts one last bounty-hunter mission to find the men who brutalized a prostitute. Joined by his former partner and a cocky greenhorn, he takes on a corrupt sheriff.",False,[37],7.4522,4942,/54roTwbX9fltg85zjsmrooXAs12.jpg,1992-08-07,7.909,/rvRGFevvZK48onX0PYI1eQLbuJd.jpg,Unforgiven,en
1084736,False,The Count of Monte Cristo,False,"Edmond Dantès becomes the target of a sinister plot and is arrested on his wedding day for a crime he did not commit. After 14 years in the island prison of Château d’If, he manages a daring escape. Now rich beyond his dreams, he assumes the identity of the Count of Monte-Cristo and exacts his revenge on the three men who betrayed him.",False,"[12, 28, 18]",8.9798,2018,/sAT1P3FGhtJ68anUyJScnMu8t1l.jpg,2024-06-28,7.908,/bxT8jFcWNuWK5LmVo1oGhAm4dnZ.jpg,Le Comte de Monte-Cristo,fr
1892,False,Return of the Jedi,False,"Luke Skywalker leads a mission to rescue his friend Han Solo from the clutches of Jabba the Hutt, the Emperor prepares to crush the Rebellion with a more powerful Death Star, and the Rebel fleet mounts a massive attack on the space station. Luke Skywalker confronts Darth Vader in a final climactic duel before the evil Emperor.",False,"[12, 28, 878]",10.4623,16915,/jQYlydvHm3kUix1f8prMucrplhm.jpg,1983-05-25,7.908,/ziECpBRIyclmBNaFSWlvCfsKbMD.jpg,Return of the Jedi,en
829,False,Chinatown,False,"Private eye Jake Gittes lives off of the murky moral climate of sunbaked, pre-World War II Southern California. Hired by a beautiful socialite to investigate her husband's extra-marital affair, Gittes is swept into a maelstrom of double dealings and deadly deceits, uncovering a web of personal and political scandals that come crashing together.",False,"[80, 9648, 53]",5.3042,4252,/kZRSP3FmOcq0xnBulqpUQngJUXY.jpg,1974-06-20,7.908,/pyvkujOZ5qvY2NlQVC71flfgVWE.jpg,Chinatown,en
51482,False,Death Note Relight 1: Visions of a God,False,"When rogue shinigami Ryuk leaves his Death Note in the human world, he has no idea how far the one who finds it will take his new-found power. With the Death Note in hand, brilliant high school student Light Yagami vows to rid the world of evil. A recap of Death Note episodes 1–26, with alternate footage.",False,"[10770, 80, 18, 14, 53, 16]",4.0915,389,/qDhbGqjZ7yFwa7FMIzuiQTQMfEQ.jpg,2007-08-31,7.907,/lyQCUSslaE8fe4CHHKwXvTeudQf.jpg,DEATH NOTE リライト ～幻視する神～,ja
122906,False,About Time,False,"The night after another unsatisfactory New Year's party, Tim's father reveals to him that the men in their family have the ability to travel through time. They can't change history, but they can change what happens and has happened in their own lives. Thus begins the start of a lesson in learning to appreciate life itself as it is, as it comes, and most importantly, the people living alongside us.",False,"[18, 10749, 14]",11.9606,9257,/ls6zswrOZVhCXQBh96DlbnLBajM.jpg,2013-09-04,7.906,/einbto9qLXFx9QXxEHylaxDbKPx.jpg,About Time,en
20544,False,Something the Lord Made,False,A dramatization of the relationship between heart surgery pioneers Alfred Blalock and Vivien Thomas.,False,"[10770, 18]",2.3803,308,/lk2wEO6Rt3mnZmfRTu8wvYiGPmp.jpg,2004-05-30,7.904,/oT6z05HLXAfgD2CI3cPMuqG8OAW.jpg,Something the Lord Made,en
14836,False,Coraline,False,"Wandering her rambling old house in her boring new town, 11-year-old Coraline discovers a hidden door to a strangely idealized version of her life. In order to stay in the fantasy, she must make a frighteningly real sacrifice.",False,"[16, 10751, 14]",29.5442,8959,/4jeFXQYytChdZYE9JYO7Un87IlW.jpg,2009-02-05,7.9,/hofnlIyF6bePkgQOpcuRWLvzf15.jpg,Coraline,en
20722,False,La Maison en Petits Cubes,False,La Maison en Petits Cubes tells the story of a grandfather's memories as he adds more blocks to his house to stem the flooding waters.,False,"[16, 18]",1.2138,462,/kNGiHnbAToF1iIkN2kOTCEEXtAc.jpg,2008-06-10,7.905,/1EfLDlkrcgSUgxVT56T9PGUGs5N.jpg,つみきのいえ,ja
118340,False,Guardians of the Galaxy,False,"Light years from Earth, 26 years after being abducted, Peter Quill finds himself the prime target of a manhunt after discovering an orb wanted by Ronan the Accuser.",False,"[28, 878, 12]",8.6641,29684,/r7vmZjiyZw9rpJMQJdXpjgiCOk9.jpg,2014-07-30,7.905,/uLtVbjvS1O7gXL8lUOwsFOH4man.jpg,Guardians of the Galaxy,en
10728,False,Faust,False,God and Satan wager on the soul of a learned and prayerful alchemist as part of their eternal war over Earth.,False,"[14, 18, 27]",1.3546,393,/rN703hMFxmkZfyEzsXvFtuFhkXE.jpg,1926-10-13,7.902,/vBOKLF3nhdaKRiCvmdoIUTikG2X.jpg,Faust - Eine deutsche Volkssage,de
110,False,Three Colors: Red,False,"Part-time model Valentine unexpectedly befriends a retired judge after she runs over his dog. At first, the grumpy man shows no concern about the dog, and Valentine decides to keep it. But the two form a bond when she returns to his house and catches him listening to his neighbors’ phone calls.",False,"[18, 9648, 10749]",4.424,1543,/JHmsBiX1tjCKqAul1lzC20WcAW.jpg,1994-05-12,7.902,/pZcoSJUb3Lgr9Rzg2shg1PtTBP9.jpg,Trois couleurs : Rouge,fr
21334,False,Children of Heaven,False,"Zohre's shoes are gone; her older brother Ali lost them. They are poor, there are no shoes for Zohre until they come up with an idea: they will share one pair of shoes. School awaits.",False,"[18, 10751]",2.2312,715,/jWqh1CJWAEcxckMRrf6ARhIEh0R.jpg,1997-08-01,7.9,/9W250lyDDC3P9AgW5ZKGRj7R2Pv.jpg,بچه‌های آسمان,fa
10242,False,What Ever Happened to Baby Jane?,False,A former vaudeville child star viciously torments her paraplegic sister in their decaying Hollywood mansion.,False,"[18, 27, 53]",2.4394,1156,/msGYzyWwtjAaA3DScdgmvJ5MReG.jpg,1962-10-31,7.903,/gkXL5ka6ciU4A4KYSvLIAXtvh7k.jpg,What Ever Happened to Baby Jane?,en
1578,False,Raging Bull,False,"The life of boxer Jake LaMotta, whose violence and temper that led him to the top in the ring destroyed his life outside of it.",False,"[18, 36]",5.5687,4755,/1WV7WlTS8LI1L5NkCgjWT9GSW3O.jpg,1980-11-14,7.903,/tvNuhRlpRozDgsX1zR9gQ2aHv1X.jpg,Raging Bull,en
10674,False,Mulan,False,"When Imperial China calls one man from every family to defend the empire from invading Huns, a young woman disguises herself as a soldier to take her ailing father’s place. Facing ruthless invaders, brutal training, and the risk of execution if discovered, she must decide who she truly is— and what she’s willing to fight for.",False,"[16, 10751, 12]",14.839,10410,/jAbexAtB0aSfP5Ay4TpWHARyVnG.jpg,1998-06-18,7.902,/mUYV0ZdsDEliGaQahcQH1F3grsP.jpg,Mulan,en
597,False,Titanic,False,"101-year-old Rose DeWitt Bukater tells the story of her life aboard the Titanic, 84 years later. A young Rose boards the ship with her mother and fiancé. Meanwhile, Jack Dawson and Fabrizio De Rossi win third-class tickets aboard the ship. Rose tells the whole story from Titanic's departure through to its death—on its first and last voyage—on April 15, 1912.",False,"[18, 10749]",41.1961,27145,/9xjZS2rlVxm8SFx8kPC3aIGCOYQ.jpg,1997-12-18,7.902,/xnHVX37XZEp33hhCbYlQFq7ux1J.jpg,Titanic,en
405,False,La Strada,False,"When Gelsomina, a naïve young woman, is purchased from her impoverished mother by brutish circus strongman Zampanò to be his wife and partner, she loyally endures her husband's coldness and abuse as they travel the Italian countryside performing together. Soon Zampanò must deal with his jealousy and conflicted feelings about Gelsomina when she finds a kindred spirit in Il Matto, the carefree circus fool, and contemplates leaving Zampanò.",False,[18],1.7001,1162,/rwjbT0zlsUDMztaCcWjlWuxaEL1.jpg,1954-09-23,7.9,/p6qM3hlviWYIgpPq4zNwrttn6Io.jpg,La strada,it
1000837,False,I'm Still Here,False,A woman married to a former politician during the 1971 military dictatorship in Brazil is forced to reinvent herself and chart a new course for her family after a violent and arbitrary act.,False,"[18, 36]",4.7459,1058,/gZnsMbhCvhzAQlKaVpeFRHYjGyb.jpg,2024-09-19,7.901,/j9uruwRe9qM8RnP758dF7ISB8Bj.jpg,Ainda Estou Aqui,pt
60243,False,A Separation,False,A married couple are faced with a difficult decision - to improve the life of their child by moving to another country or to stay in Iran and look after a deteriorating parent who has Alzheimer's disease.,False,[18],2.362,1954,/xQadpnoLokxzN3hRpCPbBGpxsiz.jpg,2011-02-15,7.9,/kcXBa2ru0PXcGI8U3JiInsG6FRR.jpg,جدایی نادر از سیمین,fa
28971,False,Limelight,False,A fading music hall comedian tries to help a despondent ballet dancer learn to walk and to again feel confident about life.,False,"[10749, 18, 10402, 35]",1.3595,593,/wNWQS4cPTVtyOPzMZ9HSjmOLZ97.jpg,1952-10-16,7.901,/43VCpwhBChDUMl2CERU61sQ3z5W.jpg,Limelight,en
1000492,False,All Your Faces,False,"Since 2014, France's restorative justice programmes have offered a safe space for supervised dialogue between offenders and victims. Grégoire, Nawelle, and Sabine, victims of heists and violent robberies, agree to join one of these discussion groups alongside offenders Nassim, Issa, and Thomas, all convicted of violent robberies. Meanwhile Chloé, a victim of childhood sexual abuse, prepares for dialogue with her own agressor after learning he has moved back into town.",False,[18],1.0746,695,/ptJWIUOm3aA15rjz5SJJwS6WJU4.jpg,2023-03-29,7.9,/x1eYwWTT8KbT8MvZBioxJ4ctZ35.jpg,Je verrai toujours vos visages,fr
615453,False,Ne Zha,False,"A young boy is born as the reincarnation of a demonic power, into a society that hates and fears him. Destined by prophecy to bring destruction to the world, Nezha must choose between good and evil to see if he can change his fate.",False,"[16, 14, 12]",15.6932,861,/phM9bb6s9c60LA8qwsdk7U1N2cS.jpg,2019-07-26,7.9,/k1pJslKr4aDayw9kWwWnlC3MIP3.jpg,哪吒之魔童降世,zh
1092,False,The Third Man,False,"In postwar Vienna, Austria, Holly Martins, a writer of pulp Westerns, arrives penniless as a guest of his childhood chum Harry Lime, only to learn he has died. Martins develops a conspiracy theory after learning of a ""third man"" present at the time of Harry's death, running into interference from British officer Major Calloway, and falling head-over-heels for Harry's grief-stricken lover, Anna.",False,"[53, 9648]",3.4356,2097,/rO2Fq0AZZx9obs52KJdx4mRE8p5.jpg,1949-08-31,7.901,/rLLhOCgAjuvlKmjUqVb7P1UAbUI.jpg,The Third Man,en
752,False,V for Vendetta,False,"In a world in which Great Britain has become a fascist state, a masked vigilante known only as “V” conducts guerrilla warfare against the oppressive British government. When V rescues a young woman from the secret police, he finds in her an ally with whom he can continue his fight to free the people of Britain.",False,"[28, 53, 878]",8.8246,15544,/piZOwjyk1g51oPHonc7zaQY3WOv.jpg,2006-02-23,7.9,/5EKplo61HbA5sMGAN0XAvzdo1MX.jpg,V for Vendetta,en
827,False,Diabolique,False,"The cruel and abusive headmaster of a boarding school, Michel Delassalle, is murdered by an unlikely duo -- his meek wife and the mistress he brazenly flaunts. The women become increasingly unhinged by a series of odd occurrences after Delassalle's corpse mysteriously disappears.",False,"[53, 9648]",1.9449,1093,/jE8ygUYBUGyUcM4sR6iinPqYeDK.jpg,1955-01-29,7.9,/rcEUuRtr0dFL078bNeXL8pQqrMK.jpg,Les Diaboliques,fr
671,False,Harry Potter and the Philosopher's Stone,False,"Harry Potter has lived under the stairs at his aunt and uncle's house his whole life. But on his 11th birthday, he learns he's a powerful wizard—with a place waiting for him at the Hogwarts School of Witchcraft and Wizardry. As he learns to harness his newfound powers with the help of the school's kindly headmaster, Harry uncovers the truth about his parents' deaths—and about the villain who's to blame.",False,"[12, 14]",37.8937,29556,/wuMc08IPKEatf9rnMNXvIDxqP4W.jpg,2001-11-16,7.899,/1XAC6RPT01UX9EQGy2JVn5c8pgy.jpg,Harry Potter and the Philosopher's Stone,en
313369,False,La La Land,False,"Mia, an aspiring actress, serves lattes to movie stars in between auditions and Sebastian, a jazz musician, scrapes by playing cocktail party gigs in dingy bars, but as success mounts they are faced with decisions that begin to fray the fragile fabric of their love affair, and the dreams they worked so hard to maintain in each other threaten to rip them apart.",False,"[35, 18, 10749]",16.5892,18099,/uDO8zWDhfWwoFdKS4fzkUJt0Rf0.jpg,2016-12-01,7.898,/nlPCdZlHtRNcF6C9hzUH4ebmV1w.jpg,La La Land,en
49964,False,Where Is The Friend's House?,False,"An 8-year-old boy must return his friend's notebook he took by mistake, lest his friend be punished by expulsion from school.",False,"[18, 12]",1.9581,431,/2rTW4s1kgvoqVs0Kv8ARle1SrkF.jpg,1987-07-01,7.897,/ylBiGZhgBsly0frseG2PvqoYM4o.jpg,خانه‌ی دوست کجاست؟,fa
10997,False,Farewell My Concubine,False,"In an epic tale of theater, gender, love and class, two Beijing opera actors navigate political turmoil as their friendship evolves over decades.",False,[18],8.6519,676,/f54hNIiHNINw3JiUJB2XaQl5wCN.jpg,1993-01-01,7.9,/bBiZN1epQTu3F8iFLBuMhc4TRzr.jpg,霸王别姬,zh
17295,False,The Battle of Algiers,False,"Paratrooper commander Colonel Mathieu, a former French Resistance fighter during World War II, is sent to Algeria to reinforce efforts to squelch the uprisings of the Algerian War. There he faces Ali la Pointe, a former petty criminal who, as the leader of the Algerian Front de Liberation Nationale, directs terror strategies against the colonial French government occupation. As each side resorts to ever-increasing brutality, no violent act is too unthinkable.",False,"[18, 10752, 36]",1.8366,892,/2p3AFtOHFvP6OeVMqlnL1zLKOqL.jpg,1966-09-08,7.9,/A5sZ1OxIH5StZgqBE9MslgsWjK6.jpg,La battaglia di Algeri,it
775,False,A Trip to the Moon,False,"Professor Barbenfouillis and five of his colleagues from the Academy of Astronomy travel to the Moon aboard a rocket propelled by a giant cannon. Once on the lunar surface, the bold explorers face the many perils hidden in the caves of the mysterious planet.",False,"[36, 12, 878]",3.0135,1991,/9o0v5LLFk51nyTBHZSre6OB37n2.jpg,1902-06-15,7.896,/g67r1eiQD3ERSEQFCFkSn7TeGw5.jpg,Le Voyage dans la Lune,fr
740937,False,Simone: Woman of the Century,False,"Simone Veil's life story through the pivotal events of Twentieth Century. Her childhood, her political battles, her tragedies. An intimate and epic portrait of an extraordinary woman who eminently challenged and transformed her era defending a humanist message still keenly relevant today.",False,"[18, 36]",0.8166,381,/yyN4d1pz2kd5TNSOKjdTU7aSn2e.jpg,2022-10-12,7.892,/p30hhjHTRFA08f3Bo3GENQCu6ST.jpg,"Simone, le voyage du siècle",fr
23282,False,One Week,False,"Newlyweds receive a build-it-yourself house as a wedding gift—and the house can, supposedly, be built in ""one week"". A rejected suitor secretly re-numbers packing crates, and the husband struggles to assemble the house according to this new 'arrangement' of its parts.",False,[35],0.7803,325,/43KTefZOLOaXw4Rbywn3uu8BiJn.jpg,1920-08-29,7.892,/fgKoKVw0f2X2ajilfoyra3LFrwo.jpg,One Week,xx
20803,False,Ivan Vasilyevich Changes His Profession,False,"A scientist builds a time machine and accidentally sends his apartment complex manager and a petty burglar to 16th century Moscow, while Tsar Ivan the Terrible travels to 1973.",False,"[35, 878]",1.3103,402,/8O9Czvj9JVZw1mTp0sPKgD5fonn.jpg,1973-09-17,7.892,/z8125Gm4hadwQZOcFiZ7uor77E4.jpg,Иван Васильевич меняет профессию,ru
7984,False,In the Name of the Father,False,"A small-time Belfast thief, Gerry Conlon, is wrongly convicted of an IRA bombing in London, along with his father and friends, and spends 15 years in prison fighting to prove his innocence.",False,[18],2.9246,1968,/3NcIkKxaO2SmRVsG1v50XhtmL0f.jpg,1993-12-27,7.9,/1GZVHgJUcVyytQRJ533GpMavAcL.jpg,In the Name of the Father,en
223,False,Rebecca,False,"Story of a young woman who marries a fascinating widower only to find out that she must live in the shadow of his former wife, Rebecca, who died mysteriously several years earlier. The young wife must come to grips with the terrible secret of her handsome, cold husband, Max De Winter. She must also deal with the jealous, obsessed Mrs. Danvers, the housekeeper, who will not accept her as the mistress of the house.",False,"[9648, 10749, 53, 18]",4.7255,1973,/1qz3qUOHnVy7dL7M7G8jSErxE4b.jpg,1940-03-23,7.892,/i8fiqKaQklF02VmQYhSxmwa8KOH.jpg,Rebecca,en
554596,False,"No manches, Frida 2: paraíso destruido",False,"Zequi and Lucy are about to get married. Although he promises not to overdo it during the bachelor party, things get out of control.",False,[35],6.1056,949,/rG7rDoTe1ZEa936eonDCkV76nkx.jpg,2019-03-15,7.891,/1TPzecXAb5uCqmscA6WaQqKMmvV.jpg,"No manches, Frida 2: paraíso destruido",es
426618,False,Where Hands Touch,False,"Germany, 1944. Leyna, the 15-year old daughter of a white German mother and a black African father, meets Lutz, a compassionate member of the Hitler Youth whose father is a prominent Nazi soldier, and they form an unlikely connection in this quickly changing world.",False,"[10752, 18, 10749]",1.7051,537,/omKzydOrom9kpdfQUE0G9Y9sPl0.jpg,2018-09-14,7.891,/2reDfi3bl3givTawULOVvjEF1rR.jpg,Where Hands Touch,en
29455,False,Winter Light,False,"A Swedish pastor fails a loving woman, a suicidal fisherman and God.",False,[18],1.1146,498,/wDxrEssdjFWYwIZLbr06RQNcg1q.jpg,1963-02-11,7.891,/tis6nrWakUsuG6Jwdm4yESfTU0o.jpg,Nattvardsgästerna,sv
15383,False,Army of Shadows,False,"Betrayed by an informant, Philippe Gerbier finds himself trapped in a torturous Nazi prison camp. Though Gerbier escapes to rejoin the Resistance in occupied Marseilles, France, and exacts his revenge on the informant, he must continue a quiet, seemingly endless battle against the Nazis in an atmosphere of tension, paranoia and distrust.",False,"[10752, 18, 53, 36]",1.7386,749,/aqNZWM9bspt8zaDvVRIRiWxRVJ7.jpg,1969-09-10,7.9,/csCSd8gftDRax0tiuo4VZJ9UaOo.jpg,L'Armée des ombres,fr
210577,False,Gone Girl,False,"With his wife's disappearance having become the focus of an intense media circus, a man sees the spotlight turned on him when it's suspected that he may not be innocent.",False,"[9648, 53, 18]",21.807,19942,/ts996lKsxvjkO2yiYG0ht4qAicO.jpg,2014-10-01,7.89,/iWak7wT0j6ycCc8lKr4NBz9c7n5.jpg,Gone Girl,en
1162,False,The Miracle Worker,False,"The true story of the frightening, lonely world of silence and darkness of 7-year-old Helen Keller who, since infancy, has never seen the sky, heard her mother's voice or expressed her innermost feelings. Then Annie Sullivan, a 20-year-old teacher from Boston, arrives. Having just recently regained her own sight, the no-nonsense Annie reaches out to Helen through the power of touch, the only tool they have in common, and leads her bold pupil on a miraculous journey from fear and isolation to happiness and light.",False,"[18, 36]",2.0765,341,/3dI6UVM5W1sz3MU9gNK5nVDcAyQ.jpg,1962-05-23,7.89,/5bvQEihHBKJ0Rs1J46HcG0wASDr.jpg,The Miracle Worker,en
776503,False,CODA,False,"As a CODA (Child of Deaf Adults), Ruby is the only hearing person in her deaf family. When the family's fishing business is threatened, Ruby finds herself torn between pursuing her love of music and her fear of abandoning her parents.",False,"[18, 10402, 10749]",8.4813,2577,/BzVjmm8l23rPsijLiNLUzuQtyd.jpg,2021-08-13,7.9,/v85FlkbMYKa5du1glm0YfYNsL2n.jpg,CODA,en
334533,False,Captain Fantastic,False,"Deep in the forests of the Pacific Northwest, a father devoted to raising his six kids with a rigorous physical and intellectual education is forced to leave his paradise and enter the world, beginning a journey that challenges his idea of what it means to be a parent.",False,"[12, 18]",4.8095,6827,/2sFME73GaD8UsUxPUKe60cPdLif.jpg,2016-07-08,7.9,/d84M69u6Q202dm6EvhVxbiqrK9f.jpg,Captain Fantastic,en
665,False,Ben-Hur,False,"In ancient Judea, a Jewish aristocrat opposing Roman occupation of his homeland reunites with his childhood friend, now a Roman commander — setting in motion a saga of betrayal, adventure, tragedy, revenge, and faith.",False,"[36, 18, 12]",8.2898,3137,/m4WQ1dBIrEIHZNCoAjdpxwSKWyH.jpg,1959-11-18,7.9,/nk5gq5rNLBJiHvNGMRT6I9VRQX7.jpg,Ben-Hur,en
11036,False,The Notebook,False,"An epic love story centered around an older man who reads aloud to a woman with Alzheimer's. From a faded notebook, the old man's words bring to life the story about a couple who is separated by World War II, and is then passionately reunited, seven years later, after they have taken different paths.",False,"[10749, 18]",18.5116,12538,/rNzQyW4f8B8cQeg7Dgj3n6eT5k9.jpg,2004-06-25,7.9,/zdXnJqBaGFVtLoPNuMeKfEYUViZ.jpg,The Notebook,en
804,False,Roman Holiday,False,"Overwhelmed by her suffocating schedule, touring European princess Ann takes off for a night while in Rome. When a sedative she took from her doctor kicks in, however, she falls asleep on a park bench and is found by an American reporter, Joe Bradley, who takes her back to his apartment for safety. At work the next morning, Joe finds out Ann's regal identity and bets his editor he can get exclusive interview with her, but romance soon gets in the way.",False,"[10749, 35, 18]",8.3786,2265,/8lI9dmz1RH20FAqltkGelY1v4BE.jpg,1953-08-26,7.9,/n0MyuZW9WJBGCYhzhfCI3d4zlRo.jpg,Roman Holiday,en
1402,False,The Pursuit of Happyness,False,A struggling salesman takes custody of his son as he's poised to begin a life-changing professional career.,False,[18],17.3817,10581,/lBYOKAMcxIvuk9s9hMuecB9dPBV.jpg,2006-12-14,7.885,/5jhG1lTgV0MS6tDkBMQSSitttTT.jpg,The Pursuit of Happyness,en
916224,False,Suzume,False,"Suzume, 17, lost her mother as a little girl. On her way to school, she meets a mysterious young man. But her curiosity unleashes a calamity that endangers the entire population of Japan, and so Suzume embarks on a journey to set things right.",False,"[16, 18, 12, 14]",9.2787,1733,/yStW1TXF5s7Tbtu9KjIZEaWl6HL.jpg,2022-11-11,7.9,/4tdV5AeojEdbvn6VpeQrbuDlmzs.jpg,すずめの戸締まり,ja
615457,False,Nobody,False,"Hutch Mansell, a suburban dad, overlooked husband, nothing neighbor — a ""nobody."" When two thieves break into his home one night, Hutch's unknown long-simmering rage is ignited and propels him on a brutal path that will uncover dark secrets he fought to leave behind.",False,"[28, 53]",14.1517,8333,/oBgWY00bEFeZ9N25wWVyuQddbAo.jpg,2021-03-18,7.877,/61MrK5U4w4MVL1vfwoG12zYPJ8B.jpg,Nobody,en
393,False,Kill Bill: Vol. 2,False,"The Bride unwaveringly continues on her roaring rampage of revenge against the band of assassins who had tried to kill her and her unborn child. She visits each of her former associates one-by-one, checking off the victims on her Death List Five until there's nothing left to do … but kill Bill.",False,"[28, 80, 53]",8.9158,15046,/2yhg0mZQMhDyvUQ4rG1IZ4oIA8L.jpg,2004-04-16,7.878,/pgG6tzJzC8mjGqhaT8IWwEk00xf.jpg,Kill Bill: Vol. 2,en
360814,False,Dangal,False,"Dangal is an extraordinary true story based on the life of Mahavir Singh and his two daughters, Geeta and Babita Phogat. The film traces the inspirational journey of a father who trains his daughters to become world class wrestlers.",False,"[18, 10751, 35]",9.755,1154,/jLiA1WW3kL1K9lYfYmVj57RD74N.jpg,2016-12-21,7.9,/l0fNAHLOFReQJsxCOmGWvJDnimn.jpg,दंगल,hi
662,False,La Jetée,False,A man confronts his past during an experiment that attempts to find a solution to the problems of a post-apocalyptic world caused by a world war.,False,"[18, 10749, 878]",2.1055,1002,/elGidsRHXkk8UyrtLbcMhaptDyp.jpg,1962-02-16,7.877,/3Z2OhNVU0FhxGZJIq6Gn32UNoKu.jpg,La Jetée,fr
458302,False,"Remi, Nobody's Boy",False,"At the age of 10 years, young Rémi is snatched from his adoptive mother and entrusted to the signor Vitalis, a mysterious itinerant musician. Has its hard sides - he will learn the harsh life of acrobat and sing to win his bread. Accompanied by the faithful dog capi and of the small monkey Joli-Coeur, his long trip through France, made for meetings, friendships and mutual assistance, leads him to the secret of its origins.",False,"[12, 10751, 18]",1.7959,465,/mQYXlxlUTmOP4FWt52qkZZb8JNM.jpg,2018-12-12,7.876,/ufzWHtqmthDV3Vq7LqqDNebq5Cn.jpg,Rémi sans famille,fr
11293,False,Paper Moon,False,"During the Great Depression, a con man finds himself saddled with a young girl who may or may not be his daughter, and the two forge an unlikely partnership.",False,"[35, 80, 18]",2.0006,824,/7fZZwQYFV3hN2KBPI0Y1BlvzF2T.jpg,1973-05-09,7.9,/w9cIKyB1beG2QX1dRFFnaM5gp1X.jpg,Paper Moon,en
833,False,Umberto D.,False,"When elderly pensioner Umberto Domenico Ferrari returns to his boarding house from a protest calling for a hike in old-age pensions, his landlady demands her 15,000-lire rent by the end of the month or he and his small dog will be turned out onto the street. Unable to get the money in time, Umberto fakes illness to get sent to a hospital, giving his beloved dog to the landlady's pregnant and abandoned maid for temporary safekeeping.",False,[18],1.6873,740,/5I7SYsNQmZRZpQ2MAarIQYU9vaX.jpg,1952-01-20,7.9,/oHL7gjqFgxHiwm45hqj4Xou9Odg.jpg,Umberto D.,it
47796,False,Mamma Roma,False,"After years spent working as a prostitute in her Italian village, middle-aged Mamma Roma has saved enough money to buy herself a fruit stand so that she can have a respectable middle-class life and reestablish contact with the 16-year-old son she abandoned when he was an infant. But her former pimp threatens to expose her sordid past, and her troubled son seems destined to fall into a life of crime and violence.",False,[18],1.0622,439,/kQtO9rzEhcezWl0nQlIxV2FZftt.jpg,1962-09-22,7.9,/4OqoSolfhNesDAfv2zluIDVXiPR.jpg,Mamma Roma,it
7857,False,Amarcord,False,"In an Italian seaside town, young Titta gets into trouble with his friends and watches various local eccentrics as they engage in often absurd behavior. Frequently clashing with his stern father and defended by his doting mother, Titta witnesses the actions of a wide range of characters, from his extended family to Fascist loyalists to sensual women, with certain moments shifting into fantastical scenarios.",False,"[35, 18]",3.0013,1217,/kS7i093sQpkLTawUEdgf4HVOHSc.jpg,1973-12-18,7.9,/iFQzlUmO5QmMPcSHHDdfd522x33.jpg,Amarcord,it
52629,False,El Infierno,False,"After being deported back to Mexico, a man has no choice but to join the vicious drug cartel that has corrupted his hometown in order to survive.",False,"[28, 80, 37, 35, 18]",5.1715,771,/ar8BpJ5xAzTIw9bqD9Sra6TjBvw.jpg,2010-09-03,7.873,/bQObbnj0TY2Q1c55w78m1AN6VNX.jpg,El Infierno,es
10238,False,Cries and Whispers,False,"As Agnes slowly dies of cancer, her sisters are so immersed in their own psychic pains that they are unable to offer her the support she needs.",False,[18],1.478,779,/a1bMgB09YDvvRN9SitCclUYragr.jpg,1972-12-21,7.873,/xmLgdb0yDBXa7Dlo3aCzjhjCkuE.jpg,Viskningar och rop,sv
573164,False,An Egg Rescue,False,Toto and his friends must rescue his egg children after they're taken away for a gourmet food event in Africa.,False,"[16, 35, 12, 10751]",1.3706,419,/7he8glf7j41d3amgf4Nbpt3HVq1.jpg,2021-08-12,7.872,/sIMyHMcbFR1jeQ8OC1Y2b93EhXN.jpg,Un rescate de huevitos,es
24238,False,Mary and Max,False,"A tale of friendship between two unlikely pen pals: Mary, a lonely, eight-year-old girl living in the suburbs of Melbourne, and Max, a forty-four-year old, severely obese man living in New York.",False,"[16, 35, 18]",3.4373,2249,/ebmsM382m9IClLUzKYY2U5biFwM.jpg,2009-04-09,7.872,/8UxYHvKBNFnoyfHjgjMwzj4zOuy.jpg,Mary and Max,en
582927,False,I'm No Longer Here,False,"In Monterrey, Mexico, a young street gang spends their days dancing to slowed-down cumbia and attending parties. After a mix-up with a local cartel, their leader is forced to migrate to the U.S. but quickly longs to return home.",False,[18],0.8241,526,/AtfK71xkVaaHTZwU5mgfDgBqg9Y.jpg,2019-10-21,7.868,/wFSXN4CaDfmUURbEbghhK6m7WPI.jpg,Ya no estoy aquí,es
50759,False,An Autumn Afternoon,False,"Widower Shuhei Hirayama's caretaker is his 24-year-old daughter, Michiko. Gradually, he comes to realize that Michiko should not be obliged to look after him for the rest of his life, so he arranges a marriage for her.",False,[18],1.9945,320,/4RtWkqywkzxonlnGBwv4RpSw4Rb.jpg,1962-11-18,7.862,/r9cWPx9W8ObmMIBdbBce9bUXZhq.jpg,秋刀魚の味,ja
654,False,On the Waterfront,False,"A prizefighter-turned-longshoreman with a conscience goes up against labor leaders to expose corruption, extortion, and murder among the union ranks.",False,"[80, 18, 10749]",3.6323,1774,/v1RtJ1qR4v9nrnfoBVBl6hjTW9.jpg,1954-06-22,7.868,/pxkQAIhC7LXN5s5B23lnvCMgva5.jpg,On the Waterfront,en
667520,False,A Whisker Away,False,"A peculiar girl transforms into a cat to catch her crush's attention. But before she realizes it, the line between human and animal starts to blur.",False,"[16, 18, 10749, 14]",4.5967,1488,/6inkRM1XGBG5vRhclCPWfMenp7N.jpg,2020-06-18,7.865,/eHTZoXmB4vnDqANZXPZcdAiYQo5.jpg,泣きたい私は猫をかぶる,ja
265195,False,Wild Tales,False,"Injustice and the demands of the world can cause stress for many people. Some of them, however, explode. This includes a waitress serving a grouchy loan shark, an altercation between two motorists, an ill-fated wedding reception, and a wealthy businessman who tries to buy his family out of trouble.",False,"[18, 53, 35]",4.7868,3748,/bU7IUeTdYFOgeUPtwpWKQNhORMC.jpg,2014-08-21,7.863,/dHnki2Dh6lbOtfksrh8H5lg08f5.jpg,Relatos salvajes,es
16237,False,Teen Titans: Trouble in Tokyo,False,"After a battle with a high-tech villain named, Saiko-Tek, the Teen Titans travel to the city of Tokyo where they find themselves embroiled in a conflict with an ancient enemy.",False,"[16, 28, 878, 10770]",2.24,452,/4wMlDE1HzkVyYeDKuY1oDOWQlN2.jpg,2006-09-15,7.863,/fey7NzJ61KAAVPfUgcpaahW5gZ5.jpg,Teen Titans: Trouble in Tokyo,en
482321,False,Ron's Gone Wrong,False,"In a world where walking, talking, digitally connected bots have become children's best friends, an 11-year-old finds that his robot buddy doesn't quite work the same as the others do.",False,"[16, 878, 10751, 35]",4.3396,2014,/plzgQAXIEHm4Y92ktxU6fedUc0x.jpg,2021-10-14,7.862,/40WhgHxqkVPJeFIGeVFF48DB5e5.jpg,Ron's Gone Wrong,en
455714,False,Bad Genius,False,"Lynn, a brilliant student, after helping her friends to get the grades they need, develops the idea of starting a much bigger exam-cheating business.",False,"[18, 80, 53, 35]",2.953,850,/mgyvwqn5SYKhfg5kofZDfgH8R0q.jpg,2017-05-03,7.861,/6qTpufRgDkl0M2zRPewozYD1g5y.jpg,ฉลาดเกมส์โกง,th
613,False,Downfall,False,"In April of 1945, Germany stands at the brink of defeat with the Russian Army closing in from the east and the Allied Expeditionary Force attacking from the west. In Berlin, capital of the Third Reich, Adolf Hitler proclaims that Germany will still achieve victory and orders his generals and advisers to fight to the last man. When the end finally does come, and Hitler lies dead by his own hand, what is left of his military must find a way to end the killing that is the Battle of Berlin, and lay down their arms in surrender.",False,"[18, 36, 10752]",6.4242,4303,/cP1ElGjBhbZAAqmueXjHDKlSwiP.jpg,2004-09-16,7.861,/cmyrTgVrfsQNlQG4o6m7E5HoP0L.jpg,Der Untergang,de
369557,False,Sing Street,False,A boy growing up in Dublin during the 1980s escapes his strained family life by starting a band to impress the mysterious girl he likes.,False,"[10749, 18, 10402, 35]",2.823,2444,/sUWpVlrvzU2SJbnVZqIeKulPKwk.jpg,2016-03-11,7.859,/yB35bWnl0hBsc7bgMrO98d4s3Kj.jpg,Sing Street,en
10191,False,How to Train Your Dragon,False,"As the son of a Viking leader on the cusp of manhood, shy Hiccup Horrendous Haddock III faces a rite of passage: he must kill a dragon to prove his warrior mettle. But after downing a feared dragon, he realizes that he no longer wants to destroy it, and instead befriends the beast – which he names Toothless – much to the chagrin of his warrior father.",False,"[14, 12, 16, 10751]",13.5981,14355,/ygGmAO60t8GyqUo9xYeYxSZAR3b.jpg,2010-03-18,7.859,/59vDC1BuEQvti24OMr0ZvtAK6R1.jpg,How to Train Your Dragon,en
10376,False,The Legend of 1900,False,"Musician Max Tooney goes to sell his prized Conn trumpet to a music shop, where he plays the instrument one last time. The shopkeeper recognises the song as one on a record matrix he found and asks who the piece is by. Tooney tells the story of an infant found abandoned in the first class dining room of the four-stacker ocean-liner SS Virginian on 1 January 1900. Danny Boodman, a coal-man from the boiler room, names the boy Danny Boodman T. D. Lemon 1900, after himself, the fruit crate the boy was found in, and the year, and raises him as his own.",False,"[18, 10402]",10.3872,2442,/iOcbJ5pxokOPDRgieVDbsFMrCc6.jpg,1998-10-28,8.241,/muSeX7fnNw0pv4zHK7RSwZln6Hk.jpg,La leggenda del pianista sull'oceano,it
670,False,Oldboy,False,"With no clue how he came to be imprisoned, drugged and tortured for 15 years, a desperate man seeks revenge on his captors.",False,"[18, 53, 9648, 28]",18.3033,9848,/pWDtjs568ZfOTMbURQBYuT4Qxka.jpg,2003-11-21,8.239,/sdwjQEM869JFwMytTmvr6ggvaUl.jpg,올드보이,ko
299534,False,Avengers: Endgame,False,"After the devastating events of Avengers: Infinity War, the universe is in ruins due to the efforts of the Mad Titan, Thanos. With the help of remaining allies, the Avengers must assemble once more in order to undo Thanos' actions and restore order to the universe once and for all, no matter what consequences may be in store.",False,"[12, 878, 28]",38.827,27742,/ulzhLuWrPK07P1YkdWQLZnQh1JL.jpg,2019-04-24,8.236,/7RyHsO4yDXtBv1zUU3mTpHeQ0d5.jpg,Avengers: Endgame,en
1356039,False,Counterattack,False,"When a hostage rescue mission creates a new enemy, Capt. Guerrero and his elite soldiers must face an ambush by a criminal group.",False,"[28, 12, 53]",6.2494,814,/38I76hGcFY6xB47pjm7pZwkfuAF.jpg,2025-02-27,8.235,/deUWVEgNh2IGjShyymZhaYP40ye.jpg,Contraataque,es
299536,False,Avengers: Infinity War,False,"As the Avengers and their allies have continued to protect the world from threats too large for any one hero to handle, a new danger has emerged from the cosmic shadows: Thanos. A despot of intergalactic infamy, his goal is to collect all six Infinity Stones, artifacts of unimaginable power, and use them to inflict his twisted will on all of reality. Everything the Avengers have fought for has led up to this moment - the fate of Earth and existence itself has never been more uncertain.",False,"[12, 28, 878]",50.9407,31986,/7WsyChQLEftFiDOVTGkv3hFpyyt.jpg,2018-04-25,8.236,/mDfJG3LC3Dqb67AZ52x3Z0jU0uB.jpg,Avengers: Infinity War,en
632632,False,Given,False,"Haruki secretly had feelings for Akihiko for years, but Akihiko was still in a relationship with his roommate, the violinist Ugetsu Murata. Haruki, Akihiko, and Ugetsu's love clashes and starts to move forward.",False,"[16, 18, 10402, 10749]",2.7124,418,/pegCub2zdYD5As43AOmGsIctuKc.jpg,2020-08-22,8.233,/9Xz0bzUFTVgDZd4WZz1cJDQjLkB.jpg,映画 ギヴン,ja
1317149,False,I Swear,False,"Diagnosed with Tourette Syndrome at 15, John Davidson navigates his way against the odds through troubled teenage years and into adulthood, finding inspiration in the kindness of others to discover his true purpose in life.",False,"[18, 36]",14.0547,305,/vUwyhNWBKkSwK8ELvEeBRwV724h.jpg,2025-09-22,8.228,/fe6kkxaxn0mCU2gl1vfU44IYWsy.jpg,I Swear,en
504253,False,I Want to Eat Your Pancreas,False,"After his classmate and crush is diagnosed with a pancreatic disease, an average high schooler sets out to make the most of her final days.",False,"[16, 18, 10749]",6.6996,1776,/qpV8kvRfAntV7D4aOOsLIz7OdPc.jpg,2018-09-01,8.226,/YLyORLsYIjC0d1TFBSpJKk7piP.jpg,君の膵臓をたべたい,ja
447362,False,Life in a Year,False,"A 17 year old finds out that his girlfriend is dying, so he sets out to give her an entire life, in the last year she has left.",False,"[18, 10749]",3.0967,1970,/bP7u19opmHXYeTCUwGjlLldmUMc.jpg,2020-11-27,8.226,/u6aGN71Hx39iX8Uv4ILRRKHmAXc.jpg,Life in a Year,en
98,False,Gladiator,False,"After the death of Emperor Marcus Aurelius, his devious son takes power and demotes Maximus, one of Rome's most capable generals who Marcus preferred. Eventually, Maximus is forced to become a gladiator and battle to the death against other men for the amusement of paying audiences.",False,"[28, 18, 12]",21.1776,20877,/wN2xWp1eIwCKOD0BHTcErTBv1Uq.jpg,2000-05-04,8.226,/jhk6D8pim3yaByu1801kMoxXFaX.jpg,Gladiator,en
572154,False,Rascal Does Not Dream of a Dreaming Girl,False,"In Fujisawa, Sakuta Azusagawa is in his second year of high school. Blissful days with his girlfriend and upperclassman, Mai Sakurajima, are interrupted by the appearance of his first crush, Shoko Makinohara.",False,"[16, 10749, 18, 14]",5.519,599,/AtFnN4OztDJy8IFwYd5JfU0jlEM.jpg,2019-06-15,8.224,/wIeNWRuBCdEBmWoDRcKputYV414.jpg,青春ブタ野郎はゆめみる少女の夢を見ない,ja
490132,False,Green Book,False,"Tony Lip, a bouncer in 1962, is hired to drive pianist Don Shirley on a tour through the Deep South in the days when African Americans, forced to find alternate accommodations and services due to segregation laws below the Mason-Dixon Line, relied on a guide called The Negro Motorist Green Book.",False,"[18, 35, 36]",12.29,12852,/7BsvSuDQuoqhWmU2fL7W2GOcZHU.jpg,2018-11-16,8.224,/5En0fmDagt3Pk8d7P3uTwfeQceg.jpg,Green Book,en
857,False,Saving Private Ryan,False,"As U.S. troops storm the beaches of Normandy, three brothers lie dead on the battlefield, with a fourth trapped behind enemy lines. Ranger captain John Miller and seven men are tasked with penetrating German-held territory and bringing the boy home.",False,"[10752, 18, 36]",24.2671,17196,/uqx37cS8cpHg8U35f9U5IBlrCV3.jpg,1998-07-24,8.224,/bdD39MpSVhKjxarTxLSfX6baoMP.jpg,Saving Private Ryan,en
995133,False,"The Boy, the Mole, the Fox and the Horse",False,"The unlikely friendship of a boy, a mole, a fox and a horse traveling together in the boy's search for home.",False,"[16, 10751, 18, 12]",4.5735,720,/wAKBWRhMmBtrCCuqmFwPm2RGTph.jpg,2022-12-25,8.22,/wO0MIGcA7w7tBI9Ey80Q4Z7qnPm.jpg,"The Boy, the Mole, the Fox and the Horse",en
508965,False,Klaus,False,"A selfish postman and a reclusive toymaker form an unlikely friendship, delivering joy to a cold, dark town that desperately needs it.",False,"[16, 10751, 35]",4.5894,4662,/q125RHUDgR4gjwh1QkfYuJLYkL.jpg,2019-11-08,8.222,/cYQvXNPZLow73lhspVQ7CYlT3Mi.jpg,Klaus,en
24188,False,Il Sorpasso,False,"Roberto, a shy law student in Rome, meets Bruno, a forty-year-old exuberant, capricious man, who takes him for a drive through the Roman and Tuscany countries in the summer. When their journey starts to blend into their daily lives though, the pair’s newfound friendship is tested.",False,"[18, 35, 12]",1.8232,836,/4h1ckrJQVcQYjeOkqS8i9BqZ9MI.jpg,1962-12-05,8.217,/uUrV5KSjnZx47Dq7e6STr73iN4N.jpg,Il sorpasso,it
16869,False,Inglourious Basterds,False,"In Nazi-occupied France during World War II, a group of Jewish-American soldiers known as ""The Basterds"" are chosen specifically to spread fear throughout the Third Reich by scalping and brutally killing Nazis. The Basterds, lead by Lt. Aldo Raine soon cross paths with a French-Jewish teenage girl who runs a movie theater in Paris which is targeted by the soldiers.",False,"[18, 53, 10752]",15.0127,24154,/7sfbEnaARXDDhKm0CZ7D7uc2sbo.jpg,2009-08-02,8.217,/hwNtEmmugU5Yd7hpfprNWI0DGIn.jpg,Inglourious Basterds,en
110420,False,Wolf Children,False,"After her werewolf lover unexpectedly dies in an accident, a woman must find a way to raise the son and daughter that she had with him. However, their inheritance of their father's traits prove to be a challenge for her.",False,"[16, 10751, 18, 14]",5.767,2485,/3Nllh6JgcrFdtOn6iFOWHudNInd.jpg,2012-07-21,8.216,/oMqgJMCaNIqeJtilc71D4nRqdmt.jpg,おおかみこどもの雨と雪,ja
527641,False,Five Feet Apart,False,"Seventeen-year-old Stella spends most of her time in the hospital as a cystic fibrosis patient. Her life is full of routines, boundaries and self-control — all of which get put to the test when she meets Will, an impossibly charming teen who has the same illness. There's an instant flirtation, though restrictions dictate that they must maintain a safe distance between them. As their connection intensifies, so does the temptation to throw the rules out the window and embrace that attraction.",False,"[10749, 18]",6.0023,5911,/kreTuJBkUjVWePRfhHZuYfhNE1T.jpg,2019-03-14,8.215,/27ZkYMWynuK2qiDP6awc3MsCaOs.jpg,Five Feet Apart,en
25237,False,Come and See,False,"The invasion of a village in Belarus by German forces sends young Florya into the forest to join the weary Resistance fighters, against his family's wishes. There he meets a girl, Glasha, who accompanies him back to his village. On returning home, Florya finds his family and fellow peasants massacred. His continued survival amidst the brutal debris of war becomes increasingly nightmarish, a battle between despair and hope.",False,"[18, 10752]",6.5254,1838,/qNbMsKVzigERgJUbwf8pKyZogpb.jpg,1985-10-17,8.215,/3Na31ta8vDuKOgQuPLdSZLs8bCB.jpg,Иди и смотри,ru
16672,False,Woman in the Dunes,False,A vacationing entomologist suffers extreme physical and psychological trauma after being taken captive by the residents of a poor seaside village and made to live with a woman whose life task is shoveling sand for them.,False,"[18, 53]",3.4385,514,/xiBr3bIT2xpbuIKo5bLK7ebP4O1.jpg,1964-02-15,8.213,/dxfFh9pTKDaYH2B6PwcR6ohCM1L.jpg,砂の女,ja
1124,False,The Prestige,False,"A mysterious story of two magicians whose intense rivalry leads them on a life-long battle for supremacy -- full of obsession, deceit and jealousy with dangerous and deadly consequences.",False,"[18, 9648, 878]",12.2692,17575,/Ag2B2KHKQPukjH7WutmgnnSNurZ.jpg,2006-10-19,8.208,/z3br1ub7spqGMkxgjgJSdM4DC21.jpg,The Prestige,en
265177,False,Mommy,False,"A peculiar neighbor offers hope to a recent widow who is struggling to raise a teenager who is unpredictable and, sometimes, violent.",False,[18],3.3688,2847,/uPDP0cHGOpkr47rdCdHWo4CyiPj.jpg,2014-09-19,8.206,/dIHezuC3AmylT8mkXQiWSjz2wJR.jpg,Mommy,fr
635302,False,Demon Slayer -Kimetsu no Yaiba- The Movie: Mugen Train,False,"Tanjiro Kamado, joined with Inosuke Hashibira, a boy raised by boars who wears a boar's head, and Zenitsu Agatsuma, a scared boy who reveals his true power when he sleeps, boards the Infinity Train on a new mission with the Fire Hashira, Kyojuro Rengoku, to defeat a demon who has been tormenting the people and killing the demon slayers who oppose it!",False,"[16, 28, 14]",12.4499,4499,/h8Rb9gBr48ODIwYUttZNYeMWeUU.jpg,2020-10-16,8.206,/xPpXYnCWfjkt3zzE0dpCNME1pXF.jpg,劇場版「鬼滅の刃」無限列車編,ja
315162,False,Puss in Boots: The Last Wish,False,"Puss in Boots discovers that his passion for adventure has taken its toll: He has burned through eight of his nine lives, leaving him with only one life left. Puss sets out on an epic journey to find the mythical Last Wish and restore his nine lives.",False,"[16, 12, 14, 35, 10751]",19.6484,8820,/kuf6dutpsT0vSVehic3EZIqkOBt.jpg,2022-12-07,8.205,/jr8tSoJGj33XLgFBy6lmZhpGQNu.jpg,Puss in Boots: The Last Wish,en
37257,False,Witness for the Prosecution,False,An ailing barrister is thrust back into the courtroom in what becomes one of the most unusual and eventful murder cases of the lawyer's career when he finds himself defending a man being tried for the murder of a socialite.,False,"[18, 9648, 80]",7.2235,1689,/bCj4EfuehAlgBwVd3diyWyhuuau.jpg,1957-12-17,8.205,/evUB9YKE5IPPtQOchcEF6hS90BO.jpg,Witness for the Prosecution,en
11,False,Star Wars,False,Princess Leia is captured and held hostage by the evil Imperial forces in their effort to take over the galactic Empire. Venturesome Luke Skywalker and dashing captain Han Solo team together with the loveable robot duo R2-D2 and C-3PO to rescue the beautiful princess and restore peace and justice in the Empire.,False,"[12, 28, 878]",34.1918,22312,/6FfCtAuVAW8XJjZ7eWeLibRLWTw.jpg,1977-05-25,8.2,/yUiXA68FfQeA8cRBhd0Ao0jIRZt.jpg,Star Wars,en
283566,False,Evangelion: 3.0+1.0 Thrice Upon a Time,False,"In the aftermath of the Fourth Impact, stranded without their Evangelions, Shinji, Asuka and Rei find refuge in one of the rare pockets of humanity that still exist on the ruined planet Earth. There, each lives a life far different from their days as an Evangelion pilot. However, the danger to the world is far from over. A new impact is looming on the horizon—one that will prove to be the true end of Evangelion.",False,"[16, 28, 878, 18]",6.5123,944,/md5wZRRj8biHrGtyitgBZo7674t.jpg,2021-03-08,8.204,/1EAxNqdkVnp48a7NUuNBHGflowM.jpg,シン・エヴァンゲリオン劇場版:||,ja
694,False,The Shining,False,"Jack Torrance accepts a caretaker job at the Overlook Hotel, where he, along with his wife Wendy and their son Danny, must live isolated from the rest of the world for the winter. But they aren't prepared for the madness that lurks within.",False,"[27, 53]",20.6818,18905,/uAR0AWqhQL1hQa69UDEbb2rE5Wx.jpg,1980-05-23,8.204,/mmd1HnuvAzFc4iuVJcnBrhDNEKr.jpg,The Shining,en
1186532,False,The Forge,False,"19 year old Isaiah Wright lives for basketball and video games. A year out of high school, he has no job, no plans, and no idea how to be a man. At odds with his single mother Cynthia, Isaiah is given an ultimatum – to step up or move out. Feeling the pull from his friends and the push from his mom, Isaiah is hired by Moore Fitness, unaware of how the owner will personally impact his life. With the prayers of his mother and unexpected guidance from his new mentor, Isaiah is forced to deal with his past, sacrifice his selfishness and discover how God might have a greater purpose for his life.",False,"[18, 10751]",4.2682,336,/oranxontIQRmhuyQlkoAwxpeBYz.jpg,2024-08-22,8.2,/18X5mXS1SpQy5rygEcpbmzUdkVP.jpg,The Forge,en
50014,False,The Help,False,"Aibileen Clark is a middle-aged African-American maid who has spent her life raising white children and has recently lost her only son; Minny Jackson is an African-American maid who has often offended her employers despite her family's struggles with money and her desperate need for jobs; and Eugenia ""Skeeter"" Phelan is a young white woman who has recently moved back home after graduating college to find out her childhood maid has mysteriously disappeared. These three stories intertwine to explain how life in Jackson, Mississippi revolves around ""the help""; yet they are always kept at a certain distance because of racial lines.",False,[18],11.0172,9029,/3kmfoWWEc9Vtyuaf9v5VipRgdjx.jpg,2011-08-09,8.201,/wyvUmyzqGOBDyqLHRSukGDjI7bH.jpg,The Help,en
11324,False,Shutter Island,False,"World War II soldier-turned-U.S. Marshal Teddy Daniels investigates the disappearance of a patient from a hospital for the criminally insane, but his efforts are compromised by troubling visions and a mysterious doctor.",False,"[18, 53, 9648]",18.4182,25815,/nrmXQ0zcZUL8jFLrakWc90IR8z9.jpg,2010-02-14,8.198,/rbZvGN1A1QyZuoKzhCw8QPmf2q0.jpg,Shutter Island,en
354912,False,Coco,False,"Despite his family’s baffling generations-old ban on music, Miguel dreams of becoming an accomplished musician like his idol, Ernesto de la Cruz. Desperate to prove his talent, Miguel finds himself in the stunning and colorful Land of the Dead following a mysterious chain of events. Along the way, he meets charming trickster Hector, and together, they set off on an extraordinary journey to unlock the real story behind Miguel's family history.",False,"[10751, 16, 10402, 12]",22.8475,20960,/6Ryitt95xrO8KXuqRGm1fUuNwqF.jpg,2017-10-27,8.197,/g7CHF8gTLGooTbP4GznIGwaqAGL.jpg,Coco,en
618344,False,Justice League Dark: Apokolips War,False,"Earth is decimated after intergalactic tyrant Darkseid has devastated the Justice League in a poorly executed war by the DC Super Heroes. Now the remaining bastions of good – the Justice League, Teen Titans, Suicide Squad and assorted others – must regroup, strategize and take the war to Darkseid in order to save the planet and its surviving inhabitants.",False,"[16, 28, 12, 14]",4.4094,1569,/c01Y4suApJ1Wic2xLmaq1QYcfoZ.jpg,2020-05-05,8.197,/miChhr7EXynB2R5JLvMcz2oBgi2.jpg,Justice League Dark: Apokolips War,en
441130,False,Wolfwalkers,False,"In a time of superstition and magic, when wolves are seen as demonic and nature an evil to be tamed, a young apprentice hunter comes to Ireland with her father to wipe out the last pack. But when she saves a wild native girl, their friendship leads her to discover the world of the Wolfwalkers and transform her into the very thing her father is tasked to destroy.",False,"[16, 10751, 12, 14]",4.5171,1380,/vqGiNbdc2sDwsnivMMYzwAoSSu6.jpg,2020-10-26,8.192,/3zTbERSBLh7waK9811RTKGAcG86.jpg,Wolfwalkers,en
68718,False,Django Unchained,False,"With the help of a German bounty hunter, a freed slave sets out to rescue his wife from a brutal Mississippi plantation owner.",False,"[18, 37]",14.1919,28010,/mhf63wOnaLCnzxeHgngTH98WaVh.jpg,2012-12-25,8.191,/2oZklIzUbvZXXzIFzv7Hi68d6xf.jpg,Django Unchained,en
324786,False,Hacksaw Ridge,False,"WWII American Army Medic Desmond T. Doss, who served during the Battle of Okinawa, refuses to kill people and becomes the first Conscientious Objector in American history to receive the Congressional Medal of Honor.",False,"[18, 36, 10752]",17.6127,14840,/fnOMP6mjmOmZwmlC1n0K7ivrzt1.jpg,2016-10-07,8.189,/vDKRMZGFTKP9nQolzeSB1rB1w6p.jpg,Hacksaw Ridge,en
284,False,The Apartment,False,"Bud Baxter is a minor clerk in a huge New York insurance company, until he discovers a quick way to climb the corporate ladder. He lends out his apartment to the executives as a place to take their mistresses. Although he often has to deal with the aftermath of their visits, one night he's left with a major problem to solve.",False,"[35, 18, 10749]",4.9409,2648,/hhSRt1KKfRT0yEhEtRW3qp31JFU.jpg,1960-06-21,8.189,/vRTKNKNWLZ22fAgPa5kY8wT2b1F.jpg,The Apartment,en
568332,False,Taylor Swift: Reputation Stadium Tour,False,"Taylor Swift takes the stage in Dallas for the Reputation Stadium Tour and celebrates a monumental night of music, memories and visual magic.",False,[10402],1.8254,431,/u6oXUTtOuJRPdUgUuPAVVJPSKCo.jpg,2018-12-31,8.2,/4uMrZS7XEHRNKwHr5wSOxROanPF.jpg,Taylor Swift: Reputation Stadium Tour,en
290098,False,The Handmaiden,False,"1930s Korea, in the period of Japanese occupation, a new girl, Sook-hee, is hired as a handmaiden to a Japanese heiress, Hideko, who lives a secluded life on a large countryside estate with her domineering Uncle Kouzuki. But the maid has a secret. She is a pickpocket recruited by a swindler posing as a Japanese Count to help him seduce the Lady to steal her fortune.",False,"[53, 18, 10749]",21.2688,4317,/dLlH4aNHdnmf62umnInL8xPlPzw.jpg,2016-06-01,8.187,/3upEZ0ltY7WwOSFVXrtiP34D48p.jpg,아가씨,ko
313106,False,Doctor Who: The Day of the Doctor,False,"In 2013, something terrible is awakening in London's National Gallery; in 1562, a murderous plot is afoot in Elizabethan England; and somewhere in space an ancient battle reaches its devastating conclusion. All of reality is at stake as the Doctor's own dangerous past comes back to haunt him.",False,"[878, 12]",2.4929,771,/6c0CjymaupC5xerJCemuaSV4CLj.jpg,2013-11-23,8.2,/tbF57JNof8j3X14GhZtqafkrziU.jpg,Doctor Who: The Day of the Doctor,en
620683,False,My Mom Is a Character 3,False,Dona Hermínia will have to rediscover and reinvent herself because her children are forming new families. This supermom will have to deal with a new life scenario: Marcelina is pregnant and Juliano is getting married.,False,[35],0.9358,493,/zw77BFPGJ73Lig8GwRzYj1XHq53.jpg,2019-12-26,8.2,/19vTfircuojU00I6xtRdy3DrF1e.jpg,Minha Mãe é uma Peça 3: O Filme,pt
185,False,A Clockwork Orange,False,"In a near-future Britain, young Alexander DeLarge and his pals get their kicks beating and raping anyone they please. When not destroying the lives of others, Alex swoons to the music of Beethoven. The state, eager to crack down on juvenile crime, gives an incarcerated Alex the option to undergo an invasive procedure that'll rob him of all personal agency. In a time when conscience is a commodity, can Alex change his tune?",False,"[878, 80]",10.7934,13811,/4sHeTAp65WrSSuc05nRBKddhBxO.jpg,1971-10-28,8.177,/nLFxvLokHe3bQmrmAfljIfax2jQ.jpg,A Clockwork Orange,en
77,False,Memento,False,"Leonard Shelby is tracking down the man who raped and murdered his wife. The difficulty of locating his wife's killer, however, is compounded by the fact that he suffers from a rare, untreatable form of short-term memory loss. Although he can recall details of life before his accident, Leonard cannot remember what happened fifteen minutes ago, where he's going, or why.",False,"[9648, 53]",17.3468,16218,/fKTPH2WvH8nHTXeBYBVhawtRqtR.jpg,2000-10-11,8.2,/7Wev9JMo6R5XAfz2KDvXb7oPMmy.jpg,Memento,en
26451,False,Investigation of a Citizen Above Suspicion,False,"Rome, Italy. After committing a heinous crime, a senior police officer exposes evidence incriminating him because his moral commitment prevents him from circumventing the law and the social order it protects.",False,"[18, 53]",2.6245,871,/vPTZwlq1IC4o1DCsEZEl2uGljzm.jpg,1970-10-16,8.2,/7SUT9mYb7SD88Gz7rFeLbjC2YeG.jpg,Indagine su un cittadino al di sopra di ogni sospetto,it
5156,False,Bicycle Thieves,False,"Unemployed Antonio is elated when he finally finds work hanging posters around war-torn Rome. However on his first day, his bicycle—essential to his work—gets stolen. His job is doomed unless he can find the thief. With the help of his son, Antonio combs the city, becoming desperate for justice.",False,[18],3.1218,2653,/iPdVqIpmR3bRvOQJPrn4pr2KR3q.jpg,1948-07-21,8.2,/nd6ItWuWGmTKhHXuxVC8kp86CmQ.jpg,Ladri di biciclette,it
348,False,Alien,False,"During its return to the earth, commercial spaceship Nostromo intercepts a distress signal from a distant planet. When a three-member team of the crew discovers a chamber containing thousands of eggs on the planet, a creature inside one of the eggs attacks an explorer. The entire crew is unaware of the impending nightmare set to descend upon them when the alien parasite planted inside its unfortunate host is birthed.",False,"[27, 878]",24.3279,16354,/vfrQk5IPloGg1v9Rzbh2Eg3VGyM.jpg,1979-05-25,8.171,/cEobq5QrnOJjO6giDs8q4RxmMKh.jpg,Alien,en
629,False,The Usual Suspects,False,"Held in an L.A. interrogation room, Verbal Kint attempts to convince the feds that a mythic crime lord, Keyser Soze, not only exists, but was also responsible for drawing him and his four partners into a multi-million dollar heist that ended with an explosion in San Pedro harbor – leaving few survivors. Verbal lures his interrogators with an incredible story of the crime lord's almost supernatural prowess.",False,"[18, 80, 53]",14.2287,11403,/99X2SgyFunJFXGAYnDv3sb9pnUD.jpg,1995-07-19,8.169,/hy0Hx9fMPk2fmw26Li60z1S2giU.jpg,The Usual Suspects,en
537061,False,Steven Universe: The Movie,False,"Two years after bringing peace to the galaxy, Steven Universe sees his past come back to haunt him in the form of a deranged Gem who wants to destroy the Earth.",False,"[10770, 16, 10751, 12, 14]",3.3381,853,/8mRgpubxHqnqvENK4Bei30xMDvy.jpg,2019-10-07,8.2,/re3ZvlKJg04iLpLRf1xTKHS2wLU.jpg,Steven Universe: The Movie,en
522924,False,The Art of Racing in the Rain,False,"A family dog – with a near-human soul and a philosopher's mind – evaluates his life through the lessons learned by his human owner, a race-car driver.",False,"[18, 10749]",3.6493,1670,/mi5VN4ww0JZgRFJIaPxxTGKjUg7.jpg,2019-08-08,8.168,/96sS0woEzf0zFSWjHVblOhsBfGd.jpg,The Art of Racing in the Rain,en
18148,False,Tokyo Story,False,"The elderly Shukishi and his wife, Tomi, take the long journey from their small seaside village to visit their adult children in Tokyo. Their elder son, Koichi, a doctor, and their daughter, Shige, a hairdresser, don't have much time to spend with their aged parents, and so it falls to Noriko, the widow of their younger son who was killed in the war, to keep her in-laws company.",False,[18],5.256,1216,/g2YbTYKpY7N2yDSk7BfXZ18I5QV.jpg,1953-11-03,8.2,/jLq0ol1f0ZKXni9R9GsPBcyPrNN.jpg,東京物語,ja
489,False,Good Will Hunting,False,"Will Hunting is a headstrong, working-class genius who is failing the lessons of life. After one too many run-ins with the law, Will's last chance is a psychology professor, who might be the only man who can reach him.",False,[18],17.9887,13825,/z2FnLKpFi1HPO7BEJxdkv6hpJSU.jpg,1997-12-05,8.162,/xj1Sv1xm4Y0ydBueGuf10Y9qM0O.jpg,Good Will Hunting,en
1160164,False,TAYLOR SWIFT | THE ERAS TOUR,False,"A concert film documenting Taylor Swift's record-breaking Eras Tour (2023-2024). Filmed during the Los Angeles shows, the film captures the tour's ten acts, each representing a different musical era from Swift's career. The film showcases over 40 songs, elaborate stage productions, and Swift's performance.",False,[10402],3.5304,520,/jf3YO8hOqGHCupsREf5qymYq1n.jpg,2023-10-13,8.161,/wVJG3u5Ru9tInxYiTCrJr4MpJ7Z.jpg,TAYLOR SWIFT | THE ERAS TOUR,en
81481,False,Silenced,False,"Based on actual events that took place at Gwangju Inhwa School for the hearing-impaired, where young deaf students were the victims of repeated sexual assaults by faculty members over a period of five years in the early 2000s.",False,[18],5.2143,771,/mbMp0oIFmYnw0i5gzRoKt8cH5ve.jpg,2011-09-22,8.16,/e5MvOQIIouSgQcBHCMNA6Rsbwnd.jpg,도가니,ko
1422,False,The Departed,False,"To take down South Boston's Irish Mafia, the police send in one of their own to infiltrate the underworld, not realizing the syndicate has done likewise. While an undercover cop curries favor with the mob kingpin, a career criminal rises through the police ranks. But both sides soon discover there's a mole among them.",False,"[18, 53, 80]",12.3647,16178,/nT97ifVT2J1yMQmeq20Qblg61T.jpg,2006-10-04,8.16,/6WRrGYalXXveItfpnipYdayFkQB.jpg,The Departed,en
980477,False,Ne Zha 2,False,"After a catastrophic event leaves their bodies destroyed, Ne Zha and Ao Bing are granted a fragile second chance at life. As tensions rise between the dragon clans and celestial forces, the two must undergo a series of perilous trials that will test their bond, challenge their identities, and decide the fate of both mortals and immortals.",False,"[16, 28, 14, 12]",68.6073,689,/cb5NyNrqiCNNoDkA8FfxHAtypdG.jpg,2025-01-29,8.158,/zxi6WQPVc0uQAG5TtLsKvxYHApC.jpg,哪吒之魔童闹海,zh
361743,False,Top Gun: Maverick,False,"After more than thirty years of service as one of the Navy’s top aviators, and dodging the advancement in rank that would ground him, Pete “Maverick” Mitchell finds himself training a detachment of TOP GUN graduates for a specialized mission the likes of which no living pilot has ever seen.",False,"[28, 18]",37.182,10962,/n0YuM4f5lvGAP6MAW2kBIzugXnc.jpg,2022-05-21,8.158,/AaV1YIdWKnjAIAOe8UUKBFm327v.jpg,Top Gun: Maverick,en
111,False,Scarface,False,"After getting a green card in exchange for assassinating a Cuban government official, Tony Montana stakes a claim on the drug trade in Miami. Viciously murdering anyone who stands in his way, Tony eventually becomes the biggest drug lord in the state, controlling nearly all the cocaine that comes through Miami. But increased pressure from the police, wars with Colombian drug cartels and his own drug-fueled paranoia serve to fuel the flames of his eventual downfall.",False,"[28, 80, 18]",19.66,13008,/iQ5ztdjvteGeboxtmRdXEChJOHh.jpg,1983-12-09,8.156,/1qM2BYNE11Viby8ImC9LC00DgDr.jpg,Scarface,en
490,False,The Seventh Seal,False,"When disillusioned Swedish knight Antonius Block returns home from the Crusades to find his country in the grips of the Black Death, he challenges Death to a chess match for his life. Tormented by the belief that God does not exist, Block sets off on a journey, meeting up with traveling players Jof and his wife, Mia, and becoming determined to evade Death long enough to commit one redemptive act while he still lives.",False,"[14, 18]",3.8132,3333,/wcZ21zrOsy0b52AfAF50XpTiv75.jpg,1957-02-16,8.155,/6s2BqtDvp1BMiP70zCDU5OW6hMy.jpg,Det sjunde inseglet,sv
9702,False,Bound by Honor,False,"Based on the true life experiences of poet Jimmy Santiago Baca, the film focuses on half-brothers Paco and Cruz, and their bi-racial cousin Miklo. It opens in 1972, as the three are members of an East L.A. gang known as the ""Vatos Locos"", and the story focuses on how a violent crime and the influence of narcotics alter their lives. Miklo is incarcerated and sent to San Quentin, where he makes a ""home"" for himself. Cruz becomes an exceptional artist, but a heroin addiction overcomes him with tragic results. Paco becomes a cop and an enemy to his ""carnal"", Miklo.",False,"[80, 18, 53]",6.9444,1533,/gvP6R6juhe2IpCG7QGDgjyUvm0g.jpg,1993-02-05,8.155,/9xjUZjuYyehv2qnqMH0oR9nSTft.jpg,Bound by Honor,en
851644,False,20th Century Girl,False,"In 1999, a teen girl keeps close tabs on a boy in school on behalf of her deeply smitten best friend – then she gets swept up in a love story of her own.",False,"[10749, 18]",11.3984,814,/od22ftNnyag0TTxcnJhlsu3aLoU.jpg,2022-10-06,8.154,/37y53Jt8K6MvN6s4zJVFa61luO2.jpg,20세기 소녀,ko
37165,False,The Truman Show,False,"In a picture-perfect seaside town, an insurance salesman begins to realize that his entire existence may be staged and observed by a vast unseen audience as part of a long-running real-time reality TV show.",False,"[35, 18]",19.3544,20204,/vuza0WqY239yBXOadKlGwJsZJFE.jpg,1998-06-04,8.152,/aCHn2TXYJfzPXQKA6r9mKPbMlUB.jpg,The Truman Show,en
20941,False,Innocent Voices,False,"A young boy, attempting to have a normal childhood in 1980s El Salvador, is caught up in a dramatic fight for his life when he desperately tries to avoid the war that is raging all around him.",False,"[18, 10752]",3.6151,517,/hvwB4LdMCLzqXsk5ZjR77vzPkGk.jpg,2005-01-28,8.149,/oaUWMPGxpb4OsVCrppmlhQA2bwb.jpg,Voces inocentes,es
399106,False,Piper,False,"A mother bird tries to teach her little one how to find food by herself. In the process, she encounters a traumatic experience that she must overcome in order to survive.",False,"[10751, 16]",2.6957,1732,/5fu2d809jepLwEpES7wggiECLoQ.jpg,2016-06-16,8.148,/4GWYk5VP9qu1rNSeNAwNaBy9mwS.jpg,Piper,en
280,False,Terminator 2: Judgment Day,False,"Ten years after the events of the original, a reprogrammed T-800 is sent back in time to protect young John Connor from the shape-shifting T-1000. Together with his mother Sarah, he fights to stop Skynet from triggering a nuclear apocalypse.",False,"[28, 53, 878]",19.6638,14270,/jFTVD4XoWQTcg7wdyJKa8PEds5q.jpg,1991-07-03,8.148,/izkMjmhauFx9DjoBQqM5sM5WAwE.jpg,Terminator 2: Judgment Day,en
3780,False,Red Beard,False,"Aspiring to an easy job as personal physician to a wealthy family, Noboru Yasumoto is disappointed when his first post after medical school takes him to a small country clinic under the gruff doctor Red Beard. Yasumoto rebels in numerous ways, but Red Beard proves a wise and patient teacher. He gradually introduces his student to the unglamorous side of the profession, ultimately assigning him to care for a prostitute rescued from a local brothel.",False,[18],3.3937,407,/iYNH3Re0JSypoYaWvZtERUnNaJL.jpg,1965-03-04,8.1,/jJK3skg06c2iUXgpJg9DTxQhRb4.jpg,赤ひげ,ja
476292,False,Maquia: When the Promised Flower Blooms,False,"Fleeing the war, the immortal Machia, graced with eternal youth, finds a baby abandoned in the forest and decides to raise it as her own child, sparking a moving story between a mortal and a being who does not age.",False,"[16, 18, 14]",5.0382,703,/hL3NqRE2ccR4Y2sYSJTrmalRjrz.jpg,2018-02-24,8.1,/5nkKy7eEDsXqsxFLJy3GxZhE90J.jpg,さよならの朝に約束の花をかざろう,ja
426,False,Vertigo,False,"A retired San Francisco detective suffering from acrophobia investigates the strange activities of an old friend's wife, all the while becoming dangerously obsessed with her.",False,"[9648, 10749, 53]",6.4551,6321,/15uOEfqBNTVtDUT7hGBVCka0rZz.jpg,1958-05-09,8.141,/y26a4Lettw0PqluxwUl1dkNKssF.jpg,Vertigo,en
517814,False,Capernaum,False,"After running away from his negligent parents, committing a violent crime and being sentenced to five years in jail, a hardened, streetwise 12-year-old Lebanese boy sues his parents in protest of the life they have given him.",False,[18],4.4885,1971,/mFnfTVADj8yOxwzprYOmTPselk8.jpg,2018-09-20,8.14,/sEW8q9al73rtow257dXAusD9yS7.jpg,کفرناحوم,ar
289,False,Casablanca,False,"In Casablanca, Morocco in December 1941, a cynical American expatriate meets a former lover, with unforeseen complications.",False,"[18, 10749]",8.1356,6046,/lGCEKlJo2CnWydQj7aamY7s1S7Q.jpg,1942-11-26,8.14,/87wqeMeUeMRLjsE1IWNKJcPlpuC.jpg,Casablanca,en
592350,False,My Hero Academia: Heroes Rising,False,"Class 1-A visits Nabu Island where they finally get to do some real hero work. The place is so peaceful that it's more like a vacation... until they're attacked by a villain with an unfathomable Quirk! His power is eerily familiar, and it looks like Shigaraki had a hand in the plan. But with All Might retired and citizens' lives on the line, there's no time for questions. Deku and his friends are the next generation of heroes, and they're the island's only hope.",False,"[16, 28, 14, 12]",5.4426,1277,/kpWsIkfXrnQ1pmR79qAHHq7DPxc.jpg,2019-12-20,8.14,/9guoVF7zayiiUq5ulKQpt375VIy.jpg,僕のヒーローアカデミア THE MOVIE ヒーローズ：ライジング,ja
10098,False,The Kid,False,A tramp cares for a boy after he's abandoned as a newborn by his mother. Later the mother has a change of heart and aches to be reunited with her son.,False,"[35, 18]",2.9249,2368,/A9NWYyn7eX0H9XIjaOvfWJ9mCGA.jpg,1921-01-21,8.138,/mAhCW7QbpL5kwvCWGsfyY3ILoW6.jpg,The Kid,en
872,False,Singin' in the Rain,False,"In 1927 Hollywood, a silent film star falls for a chorus girl just as he and his paranoid screen partner struggle to make the difficult transition to talking pictures.",False,"[35, 10749]",7.2547,3499,/w03EiJVHP8Un77boQeE7hg9DVdU.jpg,1952-04-10,8.1,/6qOyw4yfzbzTp5YsCX26C28Do0S.jpg,Singin' in the Rain,en
666,False,Central Station,False,"An emotional journey of a former school teacher, who writes letters for illiterate people, and a young boy, whose mother has just died, as they search for the father he never knew.",False,[18],2.9426,1045,/zJvp7XjQ2LhPbDVYhFXyucs40vR.jpg,1998-04-03,8.131,/lrLIy9OFRQg4VkhrCyolfNXJEUH.jpg,Central do Brasil,pt
797,False,Persona,False,"A young nurse, Alma, is put in charge of Elisabeth Vogler: an actress who is seemingly healthy in all respects, but will not talk. As they spend time together, Alma speaks to Elisabeth constantly, never receiving any answer.",False,[18],3.1595,2401,/yPTntWP9Wvew8vHN0jB7Z1EvEUN.jpg,1966-10-18,8.1,/amr72SENYz7AM4Hq5WBXxFBJEY6.jpg,Persona,sv
693134,False,Dune: Part Two,False,"Follow the mythic journey of Paul Atreides as he unites with Chani and the Fremen while on a path of revenge against the conspirators who destroyed his family. Facing a choice between the love of his life and the fate of the known universe, Paul endeavors to prevent a terrible future only he can foresee.",False,"[878, 12]",25.7407,7957,/1pdfLvkbY9ohJlCjQH2CZjjYVvJ.jpg,2024-02-27,8.128,/eZ239CUp1d6OryZEBPnO2n87gMG.jpg,Dune: Part Two,en
475557,False,Joker,False,"During the 1980s, a failed stand-up comedian is driven insane and turns to a life of crime and chaos in Gotham City while becoming an infamous psychopathic crime figure.",False,"[80, 53, 18]",16.9846,27704,/udDclJoHjfjb8Ekgsd4FDteOkCU.jpg,2019-10-01,8.125,/hO7KbdvGOtDdeg0W4Y5nKEHeDDh.jpg,Joker,en
103,False,Taxi Driver,False,"Suffering from insomnia, disturbed loner Travis Bickle takes a job as a New York City cabbie, haunting the streets nightly, growing increasingly detached from reality as he dreams of cleaning up the filthy city.",False,"[80, 18]",12.5618,13415,/ekstpH614fwDX8DUln1a2Opz0N8.jpg,1976-02-09,8.1,/9uddYYTNcLWpzUkl5iw1RUYhLhY.jpg,Taxi Driver,en
606856,False,Togo,False,"The untold true story set in the winter of 1925 that takes you across the treacherous terrain of the Alaskan tundra for an exhilarating and uplifting adventure that will test the strength, courage and determination of one man, Leonhard Seppala, and his lead sled dog, Togo.",False,"[12, 10751]",4.6849,2254,/921q4gPNN4J6UxvKaw6SCNBe3F8.jpg,2019-12-20,8.123,/2Jr2OBzoLLOYqQWnyN4eicZv0sL.jpg,Togo,en
935,False,Dr. Strangelove or: How I Learned to Stop Worrying and Love the Bomb,False,"After the insane General Jack D. Ripper initiates a nuclear strike on the Soviet Union, a war room full of politicians, generals and a Russian diplomat all frantically try to stop it.",False,"[35, 10752]",6.2249,6141,/6x7MzQ6BOMlRzam1StcmPO9v61g.jpg,1964-01-29,8.121,/7i0L2ee4Iy0aXV6vR5u1ZmblOrx.jpg,Dr. Strangelove or: How I Learned to Stop Worrying and Love the Bomb,en
575813,False,Better Days,False,"A bullied teenage girl forms an unlikely friendship with a mysterious young man who protects her from her assailants, while she copes with the pressures of her final examinations.",False,"[18, 80, 10749]",6.0309,555,/csVZ2ZQCj98XdZoCuW1aixMYJ0W.jpg,2019-10-25,8.1,/putsivYODgbKrhvwl9n4OqhPOkO.jpg,少年的你,zh
600,False,Full Metal Jacket,False,A pragmatic U.S. Marine observes the dehumanizing effects the U.S.-Vietnam War has on his fellow recruits from their brutal boot camp training to the bloody street fighting in Hue.,False,"[18, 10752]",10.0792,11447,/kMKyx1k8hWWscYFnPbnxxN4Eqo4.jpg,1987-06-26,8.118,/3k2TRmqMjgt7tcwkYwZQdctnty3.jpg,Full Metal Jacket,en
458220,False,Palmer,False,"After 12 years in prison, former high school football star Eddie Palmer returns home to put his life back together—and forms an unlikely bond with Sam, an outcast boy from a troubled home. But Eddie's past threatens to ruin his new life and family.",False,[18],4.5421,1906,/xSDdRAjxKAGi8fUBLOqSrBhJmF0.jpg,2021-01-28,8.116,/mlBmnjDJfsAhvqRVc2aFOjsfh8M.jpg,Palmer,en
20914,False,My Friends,False,Four inseparable friends try to face their midlife crisis with daytrips and pranks at the expense of their families and the people around them.,False,[35],1.5284,747,/efQiC7hEXa6Vbn05FwNQoB8yGqX.jpg,1975-10-24,8.114,/3q6XHCXII7qRZOx5EqU5NfYkVx8.jpg,Amici miei,it
500,False,Reservoir Dogs,False,"A botched robbery indicates a police informant, and the pressure mounts in the aftermath at a warehouse. Crime begets violence as the survivors -- veteran Mr. White, newcomer Mr. Orange, psychopathic parolee Mr. Blonde, bickering weasel Mr. Pink and Nice Guy Eddie -- unravel.",False,"[80, 53]",10.808,15444,/xi8Iu6qyTfyZVDVy60raIOYJJmk.jpg,1992-09-02,8.114,/jwt159hXWA9Q5xpBo8hWb3zwLi7.jpg,Reservoir Dogs,en
1327819,False,Hoppers,False,"Scientists have discovered how to 'hop' human consciousness into lifelike robotic animals, allowing people to communicate with animals as animals. Animal lover Mabel seizes an opportunity to use the technology, uncovering mysteries within the animal world beyond anything she could have imagined.",False,"[12, 16, 35, 10751, 878]",128.7088,1242,/xjtWQ2CL1mpmMNwuU5HeS4Iuwuu.jpg,2026-03-04,8.122,/u53UYu5XG2hNgWGvs3xGhAVzypl.jpg,Hoppers,en
1297842,False,GOAT,False,"A small goat with big dreams gets a once-in-a-lifetime shot to join the pros and play roarball, a high-intensity, co-ed, full-contact sport dominated by the fastest, fiercest animals in the world.",False,"[16, 35, 10751]",117.9018,686,/wfuqMlaExcoYiUEvKfVpUTt1v4u.jpg,2026-02-11,8.103,/tq3h43fZy0H80vzf47MAY7R9Mxo.jpg,GOAT,en
10681,False,WALL·E,False,"After hundreds of years doing what he was built for, WALL•E— a robot designed to clean up the earth—discovers a new purpose in life when he meets a sleek search robot named EVE. EVE comes to realize that WALL•E has inadvertently stumbled upon the key to the planet's future, and races back to space to report to the humans. Meanwhile, WALL•E chases EVE across the galaxy and sets into motion one of the most imaginative adventures ever brought to the big screen.",False,"[16, 10751, 878]",25.4919,20259,/hbhFnRzzg6ZDmm8YAmxBnQpQIPh.jpg,2008-06-26,8.112,/nYs4ZwnJBK4AgljhvzwNz7fpr3E.jpg,WALL·E,en
1103621,False,How to Make Millions Before Grandma Dies,False,"M, a university dropout low on money and luck, volunteers to take care of his terminally ill grandmother, in the hope of pocketing an inheritance.",False,[18],7.1722,395,/9Xa0Grd2jq2lM2gqcoTB4F9TjMd.jpg,2024-04-04,8.111,/3kvS6Ws5usxSk1wIbKZ7YPug2V2.jpg,หลานม่า,th
406997,False,Wonder,False,"The story of August Pullman – a boy with facial differences – who enters fifth grade, attending a mainstream elementary school for the first time.",False,"[10751, 18]",11.387,8247,/sONh3LYGFcVDTy8pm1tbSOB13Li.jpg,2017-11-13,8.107,/b7xQ5fuyVO4c24igizCfPgF6n7q.jpg,Wonder,en
38288,False,"“The Shorts” by Aldo, Giovanni and Giacomo",False,"I Corti (""Shorts"") by Aldo, Giovanni & Giacomo was the first stage show of the comedy trio, with the participation of Marina Massironi. It was recorded live at the Teatro Nuovo in Ferrara on 28 and 29 March 1996. Produced by Agidi, with the theatre direction of Arturo Brachetti.",False,[35],0.5208,360,/y3hEulMYSTQuvmI5jBTyWrcvJQX.jpg,1996-03-29,8.1,/mFVGzW8a2Z37NphnuB6liChiuRv.jpg,"“I Corti” di Aldo, Giovanni e Giacomo",it
146233,False,Prisoners,False,"Keller Dover is facing every parent’s worst nightmare. His six-year-old daughter, Anna, is missing, together with her young friend, Joy, and as minutes turn to hours, panic sets in. The only lead is a dilapidated RV that had earlier been parked on their street.",False,"[18, 53, 80]",15.1066,13055,/jsS3a3ep2KyBVmmiwaz3LvK49b1.jpg,2013-09-19,8.104,/n1ItmvzsDV5yLgDodSCLZpFlsP6.jpg,Prisoners,en
46738,False,Incendies,False,"A mother's last wishes send twins Jeanne and Simon on a journey to Middle East in search of their tangled roots. Adapted from Wajdi Mouawad's acclaimed play, Incendies tells the powerful and moving tale of two young adults' voyage to the core of deep-rooted hatred, never-ending wars and enduring love.",False,"[18, 10752, 9648]",7.8675,3268,/yH6DAQVgbyj72S66gN4WWVoTjuf.jpg,2010-09-17,8.103,/f3ATwil5vmUeTsogBaMEKbBYBth.jpg,Incendies,fr
812225,False,Black Clover: Sword of the Wizard King,False,"As a lionhearted boy who can't wield magic strives for the title of Wizard King, four banished Wizard Kings of yore return to crush the Clover Kingdom.",False,"[16, 14, 28, 12]",6.5216,383,/9YEGawvjaRgnyW6QVcUhFJPFDco.jpg,2023-06-16,8.098,/rogeBJK44LtWynOqzMFmEF30T80.jpg,映画 ブラッククローバー 魔法帝の剣,ja
810693,False,Jujutsu Kaisen 0,False,"Yuta Okkotsu is a nervous high school student who is suffering from a serious problem—his childhood friend Rika has turned into a curse and won't leave him alone. Since Rika is no ordinary curse, his plight is noticed by Satoru Gojo, a teacher at Jujutsu High, a school where fledgling exorcists learn how to combat curses. Gojo convinces Yuta to enroll, but can he learn enough in time to confront the curse that haunts him?",False,"[16, 28, 14]",14.8343,1740,/23oJaeBh0FDk2mQ2P240PU9Xxfh.jpg,2021-12-24,8.098,/rcEDPOOOUTLFxLLQJggfLffbofe.jpg,劇場版 呪術廻戦 0,ja
149871,False,The Tale of The Princess Kaguya,False,"Found inside a shining stalk of bamboo by an old bamboo cutter and his wife, a tiny girl grows rapidly into an exquisite young lady. The mysterious young princess enthrals all who encounter her. But, ultimately, she must confront her fate.",False,"[16, 18, 14]",4.0046,1984,/cQidJuA546OSSXKWXoiCeINDxuj.jpg,2013-11-23,8.096,/lMaWlYThCSnsmW3usxWTpSuyZp1.jpg,かぐや姫の物語,ja
422,False,8½,False,"Guido Anselmi, a film director, finds himself creatively barren at the peak of his career. Urged by his doctors to rest, Anselmi heads for a luxurious resort, but a sorry group gathers—his producer, staff, actors, wife, mistress, and relatives—each one begging him to get on with the show. In retreat from their dependency, he fantasizes about past women and dreams of his childhood.",False,[18],3.6067,2523,/23VIf7zNxAgaXwIlvzd3IvOd9sY.jpg,1963-02-14,8.096,/y2FNZLHynsevBnVTocGW6c3pQpr.jpg,8½,it
531428,False,Portrait of a Lady on Fire,False,"On an isolated island in Brittany at the end of the eighteenth century, a female painter is obliged to paint a wedding portrait of a young woman.",False,"[18, 10749]",10.993,2924,/2LquGwEhbg3soxSCs9VNyh5VJd9.jpg,2019-09-06,8.096,/foFq1RZWQIgFuCQ0nyYccywjFyX.jpg,Portrait de la jeune fille en feu,fr
1398,False,Stalker,False,"Near a gray and unnamed city is the Zone, a place guarded by barbed wire and soldiers, and where the normal laws of physics are victim to frequent anomalies. A stalker guides two men into the Zone, specifically to an area in which deep-seated desires are granted.",False,"[878, 18]",6.2497,2496,/1qhOyf5C4s9ZdvY8d5JDx9DFMeT.jpg,1979-05-25,8.095,/6yrbWzzrPp7pwz6zHdifspJk8t3.jpg,Сталкер,ru
103663,False,The Hunt,False,"A teacher lives a lonely life, all the while struggling over his son’s custody. His life slowly gets better as he finds love and receives good news from his son, but his new luck is about to be brutally shattered by an innocent little lie.",False,[18],6.757,4753,/jkixsXzRh28q3PCqFoWcf7unghT.jpg,2012-10-25,8.094,/jmVWlCZ8hRtmrQGbKXXFHsrSohp.jpg,Jagten,da
100,False,"Lock, Stock and Two Smoking Barrels",False,A card shark and his unwillingly-enlisted friends need to make a lot of cash quick after losing a sketchy poker match. To do this they decide to pull a heist on a small-time gang who happen to be operating out of the flat next door.,False,"[35, 80]",3.9181,7194,/6pJB2t3MbQUy9m5pFIBHXLqnqNd.jpg,1998-08-28,8.094,/cXQH2u7wUIX1eoIdEj51kHXoWhX.jpg,"Lock, Stock and Two Smoking Barrels",en
600354,False,The Father,False,"A man refuses all assistance from his daughter as he ages and, as he tries to make sense of his changing circumstances, he begins to doubt his loved ones, his own mind and even the fabric of his reality.",False,[18],4.1905,3626,/pr3bEQ517uMb5loLvjFQi8uLAsp.jpg,2020-12-23,8.093,/h3weAFgg06GqchI2xDfufBgSFTj.jpg,The Father,en
508442,False,Soul,False,"Joe Gardner is a middle school teacher with a love for jazz music. After a successful audition at the Half Note Club, he suddenly gets into an accident that separates his soul from his body and is transported to the You Seminar, a center in which souls develop and gain passions before being transported to a newborn child. Joe must enlist help from the other souls-in-training, like 22, a soul who has spent eons in the You Seminar, in order to get back to Earth.",False,"[16, 10751, 18, 10402, 14]",14.292,11402,/6jmppcaubzLF8wkXM36ganVISCo.jpg,2020-12-25,8.093,/rQaHA74pevnGsxcKGaoZVGWe9TC.jpg,Soul,en
996,False,Double Indemnity,False,"An insurance representative is seduced by a dissatisfied housewife into a scheme of insurance fraud and murder that arouses the suspicion of his colleague, a claims investigator.",False,"[80, 53]",3.1334,2029,/rVNYZZgfhwqVMMWlBmxOfWqnwCj.jpg,1944-07-06,8.092,/byQdu1nzQLI9t1VeoP1xuQfru3L.jpg,Double Indemnity,en
655,False,"Paris, Texas",False,"A man wanders out of the desert not knowing who he is. His brother finds him, and helps to pull his memory back of the life he led before he walked out on his family and disappeared four years earlier.",False,[18],4.7501,2214,/sP27Qm4THyRZyHjHYMfIDtJP6YE.jpg,1984-07-16,8.092,/fWrq3u16gaBJ6nYNWcR3XaOhQPq.jpg,"Paris, Texas",en
398818,False,Call Me by Your Name,False,"In the summer of 1983, a 17-year-old Elio spends his days in his family's villa in Italy. One day Oliver, a graduate student, arrives to assist Elio's father, a professor of Greco-Roman culture. Soon, Elio and Oliver discover a summer that will alter their lives forever.",False,"[10749, 18]",9.4297,12740,/mZ4gBdfkhP9tvLH1DO4m4HYtiyi.jpg,2017-10-01,8.1,/fwf4L3r2ZU9ptOB9nOo5nuVLo1i.jpg,Call Me by Your Name,en
843,False,In the Mood for Love,False,"In 1960s Hong Kong, two neighbors form an intimate bond after making a discovery about their spouses in this visually stunning tale of unrequited love.",False,"[18, 10749]",9.9415,3248,/iYypPT4bhqXfq1b6EnmxvRt6b2Y.jpg,2000-09-29,8.091,/ffQFnAUm2Uu4RU0nijpjPRf9TBT.jpg,花樣年華,cn
38,False,Eternal Sunshine of the Spotless Mind,False,"Joel Barish, heartbroken that his girlfriend underwent a procedure to erase him from her memory, decides to do the same. However, as he watches his memories of her fade away, he realises that he still loves her, and may be too late to correct his mistake.",False,"[878, 18, 10749]",13.1891,16326,/5MwkWH9tYHv3mV9OdYTMR5qreIz.jpg,2004-03-19,8.091,/W1ffLQGHoxfAOq0ZYdPtJlvAdb.jpg,Eternal Sunshine of the Spotless Mind,en
761898,False,Sword Art Online the Movie - Progressive - Aria of a Starless Night,False,"Asuna Yuuki had never played online games until accidentally putting on the NerveGear for Sword Art Online, the world’s first VRMMORPG. She soon finds herself and other players trapped inside a game, where if a player dies in the game, they die in the real world. As she continues to live on in this world where death is always a step away, a solitary swordsman named Kirito appears before her.",False,"[16, 28, 14, 878]",3.9481,332,/yD9RhgIVydQNBK7OLEbCWYcWMUd.jpg,2021-10-30,7.858,/vMNdZ1IWSEVhCgA9Td7htExVMCr.jpg,劇場版 ソードアート・オンライン-プログレッシブ- 星なき夜のアリア,ja
316029,False,The Greatest Showman,False,"The story of American showman P.T. Barnum, founder of the circus that became the famous traveling Ringling Bros. and Barnum & Bailey Circus.",False,[18],9.5253,10049,/b9CeobiihCx1uG1tpw8hXmpi7nm.jpg,2017-12-20,7.857,/lrNKm3HNvGdZoAfiBKu7b04FLHN.jpg,The Greatest Showman,en
33602,False,Temple Grandin,False,"A biopic of Temple Grandin, an autistic American who has become one of the leading scientists in humane livestock handling.",False,"[18, 36]",2.0195,551,/gQhQ6yEkUkDDo1zugpq46PJN8xZ.jpg,2010-02-06,7.856,/aCURY1tNUkvrNnjw5qYJXTUp7z.jpg,Temple Grandin,en
3112,False,The Night of the Hunter,False,"In Depression-era West Virginia, a serial-killing preacher hunts two young children who know the whereabouts of a stash of money.",False,"[80, 18, 53]",3.4016,1829,/rBka0nFWiHxabHRLr0KfIA8Yiaq.jpg,1955-07-26,7.857,/7cVEnb4Pth3STa7YfVOk9RtzDLB.jpg,The Night of the Hunter,en
774531,False,Young Woman and the Sea,False,"This is the extraordinary true story of Trudy Ederle, the first woman to successfully swim the English Channel. Through the steadfast support of her older sister and supportive trainers, she overcame adversity and the animosity of a patriarchal society to rise through the ranks of the Olympic swimming team and complete the 21-mile trek from France to England.",False,"[36, 18]",2.1656,429,/bZlecCuBVvKuarNGvchBwaOsQ3c.jpg,2024-05-31,7.855,/fpo2qM5b4gTF5EHuYGlxsDIlZOj.jpg,Young Woman and the Sea,en
581528,False,"The Gangster, the Cop, the Devil",False,"After barely surviving a brutal attack by a sadistic serial killer, crime boss Jang Dong-su is left humiliated. Determined to catch the killer known as K, he forms an uneasy alliance with Jung Tae-seok, a relentless and incorruptible detective who often disrupts his illegal business. However, while Jang Dong-su wants K dead, Jung Tae-suk is determined to bring him to justice. With a deal in place—whoever finds K first will decide his fate—the hunt begins, blurring the lines between crime and law.",False,"[28, 80, 53]",14.8356,1461,/oHlM4abRm6BzrRcz9Nup1uidw9H.jpg,2019-05-15,7.855,/jJJQ1PPXUEchqyZ9YyWzgSNU39Z.jpg,악인전,ko
381341,False,Perfect Strangers,False,"During a dinner, a group of friends decide to share whatever message or phone call they will receive during the evening, with unforeseen consequences.",False,[18],2.4115,4631,/3wknM629Vryofb1HNo2YnLQnQyn.jpg,2016-02-11,7.854,/1YhiocGm8aOwILGX7mwlkdbr0ph.jpg,Perfetti sconosciuti,it
331482,False,Little Women,False,Four sisters come of age in America in the aftermath of the Civil War.,False,"[18, 10749]",12.1108,6830,/yn5ihODtZ7ofn8pDYfxCmxh8AXI.jpg,2019-12-25,7.9,/lqxxwTRk0l7CubY6JkJdhnwJEkn.jpg,Little Women,en
32085,False,Vincent,False,Young Vincent Malloy dreams of being just like Vincent Price and loses himself in macabre daydreams that annoy his mother.,False,"[16, 14]",0.9195,914,/sH8CMLnuXbQv9T61mUCPHxZotDJ.jpg,1982-10-01,7.9,/7OY9BSM5CYQiHvonQhlQiJGaEnL.jpg,Vincent,en
3034,False,Young Frankenstein,False,"A young neurosurgeon inherits the castle of his grandfather, the famous Dr. Victor von Frankenstein. In the castle he finds a funny hunchback, a pretty lab assistant and the elderly housekeeper. Young Frankenstein believes that the work of his grandfather was delusional, but when he discovers the book where the mad doctor described his reanimation experiment, he suddenly changes his mind.",False,[35],4.3666,3389,/3BvvVKPg9yucChlSvQtJxAbLmj9.jpg,1974-12-15,7.854,/wKSJLUgJtCMSZOIU1By8g5FSaHk.jpg,Young Frankenstein,en
522212,False,Just Mercy,False,"The powerful true story of Harvard-educated lawyer Bryan Stevenson, who goes to Alabama to defend the disenfranchised and wrongly condemned — including Walter McMillian, a man sentenced to death despite evidence proving his innocence. Bryan fights tirelessly for Walter with the system stacked against them.",False,"[18, 80, 36]",4.6402,2485,/2bDZl3PzFLFWe4gaFUQnnaslqT3.jpg,2019-12-25,7.854,/wfabrzHzfYTdCj3iSCY7OEQbND0.jpg,Just Mercy,en
777,False,Grand Illusion,False,"A group of French soldiers, including the patrician Captain de Boeldieu and the working-class Lieutenant Maréchal, grapple with their own class differences after being captured and held in a World War I German prison camp. When the men are transferred to a high-security fortress, they must concoct a plan to escape beneath the watchful eye of aristocratic German officer von Rauffenstein, who has formed an unexpected bond with de Boeldieu.",False,"[18, 36, 10752]",1.5858,776,/lWg41zE0FVixkNsFgxnlRyvDYv9.jpg,1937-06-04,7.854,/9eHg5qX7LkjW2Zrejvap2RmFGlD.jpg,La Grande Illusion,fr
453,False,A Beautiful Mind,False,"From the heights of notoriety to the depths of depravity, John Forbes Nash Jr. experiences it all. As a brilliant but socially awkward mathematician, he made a groundbreaking discovery early in his career and stands on the brink of international acclaim. But as the handsome and arrogant Nash accepts secret work in cryptography, he becomes entangled in a mysterious conspiracy. His life takes a nightmarish turn and he soon finds himself on a painful and harrowing journey of self-discovery.",False,"[18, 10749]",8.6748,11072,/rEIg5yJdNOt9fmX4P8gU9LeNoTQ.jpg,2001-12-14,7.855,/vVBcIN68kFq681b4lObiNJhEVro.jpg,A Beautiful Mind,en
1214484,False,Let Go,False,A jaded mother makes a last-ditch effort to keep her family together by taking them on a trip to their teenage daughter’s pole dancing competition.,False,[18],1.6267,361,/hIJRqqAaMUtQ13mZL6lCE6myhXH.jpg,2024-11-01,7.853,/pAT3Ie1lxxGBJn0USyxcUgBjw76.jpg,Släpp taget,sv
16804,False,Departures,False,"Daigo, a cellist, is laid off from his orchestra and moves with his wife back to his small hometown where the living is cheaper. Thinking he’s applying for a job at a travel agency he finds he’s being interviewed for work with departures of a more permanent nature – as an undertaker’s assistant.",False,[18],2.4218,927,/mms4nMZuPYOyEengRxCaEk7SXMd.jpg,2008-09-13,7.9,/AoWW2J4PoDe0IPuCVQOk50QFS4D.jpg,おくりびと,ja
944401,False,Dogman,False,"A boy, bruised by life, finds his salvation through the love of his dogs.",False,"[28, 18, 80]",2.8099,1378,/5RuUD7J4vO0El7TRL9guZIik0I0.jpg,2023-09-27,7.851,/nvW0QfRJ7ga9TK8DKwBfAPA8ywP.jpg,Dogman,fr
968,False,Dog Day Afternoon,False,"Based on the true story of would-be Brooklyn bank robbers John Wojtowicz and Salvatore Naturile. Sonny and Sal attempt a bank heist which quickly turns sour and escalates into a hostage situation and stand-off with the police. As Sonny's motives for the robbery are slowly revealed and things become more complicated, the heist turns into a media circus.",False,"[80, 18, 53]",4.0419,3365,/mavrhr0ig2aCRR8d48yaxtD5aMQ.jpg,1975-09-21,7.8,/m10uqk0HI5JcITAbxNJIIiGA8HP.jpg,Dog Day Afternoon,en
501929,False,The Mitchells vs. the Machines,False,"A quirky, dysfunctional family's road trip is upended when they find themselves in the middle of the robot apocalypse and suddenly become humanity's unlikeliest last hope.",False,"[16, 12, 35]",6.0228,3349,/mI2Di7HmskQQ34kz0iau6J1vr70.jpg,2021-04-22,7.845,/vsZLf5uog08pAnfsMuDWrsLWUUF.jpg,The Mitchells vs. the Machines,en
16,False,Dancer in the Dark,False,"Selma, a Czech immigrant on the verge of blindness, struggles to make ends meet for herself and her son, who has inherited the same genetic disorder and will suffer the same fate without an expensive operation. When life gets too difficult, Selma learns to cope through her love of musicals, dreaming up little numbers to the rhythmic beats of her surroundings.",False,"[18, 80]",2.7889,2002,/pWzOfTJRZHPNO1VNrMnNFqRcJwg.jpg,2000-09-01,7.845,/vxvzf0cGtFY2Vpw5ULWumCIW6Ri.jpg,Dancer in the Dark,en
59440,False,Warrior,False,"The youngest son of an alcoholic former boxer returns home, where he's trained by his father for competition in a mixed martial arts tournament – a path that puts the fighter on a collision course with his estranged, older brother.",False,"[18, 28]",6.4014,5012,/iM8n4nZJPR2abpnyZ36FUgHiRjr.jpg,2011-09-09,7.844,/zb7b40ieuRGiIc9ebIEapneaCsl.jpg,Warrior,en
293299,False,Feast,False,"This Oscar-winning animated short film tells the story of one man's love life as seen through the eyes of his best friend and dog, Winston, and revealed bite by bite through the meals they share.",False,"[16, 35, 18, 10751]",1.513,902,/6hAgSxgd2YIK5pYhwowtnlGpwbe.jpg,2014-10-25,7.838,/2xyyn4Rc9kbkaojG9am1FInCmxr.jpg,Feast,en
554590,False,Tod@s Caen,False,A pair of seducers try to prove who has the best techniques while trying not to fall in love with each other.,False,[35],0.8392,484,/3FldRByUqkzOPOZzsPO1PRFzbaQ.jpg,2019-08-30,7.837,/9Ef8abhHjuqyCNlhscEohNXsLJj.jpg,Tod@s Caen,es
505192,False,Shoplifters,False,"In the outskirts of Tokyo, a poor but close-knit group living on the fringes of society survives through shoplifting and odd jobs. When Osamu and his son take in a neglected young girl, their already fragile existence begins to unravel. As the family grows attached to her, buried secrets surface, forcing them to confront the true meaning of love, belonging, and what makes a family.",False,"[18, 80, 53]",6.0551,2298,/4nfRUOv3LX5zLn98WS1WqVBk9E9.jpg,2018-06-02,7.837,/k49RhOmaKfoybjR3vBSaOJrIGmc.jpg,万引き家族,ja
505192,False,Shoplifters,False,"In the outskirts of Tokyo, a poor but close-knit group living on the fringes of society survives through shoplifting and odd jobs. When Osamu and his son take in a neglected young girl, their already fragile existence begins to unravel. As the family grows attached to her, buried secrets surface, forcing them to confront the true meaning of love, belonging, and what makes a family.",False,"[18, 80, 53]",6.0551,2298,/4nfRUOv3LX5zLn98WS1WqVBk9E9.jpg,2018-06-02,7.837,/k49RhOmaKfoybjR3vBSaOJrIGmc.jpg,万引き家族,ja
698508,False,Redeeming Love,False,"A young couple's relationship clashes with the harsh realities of the California Gold Rush of 1850. Angel, experiencing love for the first time and facing demons unsurmountable, runs from the new life she doesn't believe she deserves. When Michael sets out to find her, Angel discovers that she indeed has the power to choose the life she wants.",False,"[10749, 18, 37]",11.6585,745,/2iu0lBF7sfAioLfSnSJtdKxlms6.jpg,2022-01-21,7.839,/lD8dFIk9wDEvOwZw0RB47e346io.jpg,Redeeming Love,en
235,False,Stand by Me,False,"After learning that a boy their age has been accidentally killed near their rural homes, four boys decide to go see the body. Gordie, Vern, Chris, and Teddy encounter a mean junk man and a marsh full of leeches, but they also learn more about one another and their very different home lives. Just a lark at first, the boys' adventure evolves into a defining event in their lives.",False,"[80, 18]",9.2076,6511,/vz0w9BSehcqjDcJOjRaCk7fgJe7.jpg,1986-08-08,7.837,/yjGllQUm28R4X9xD9T5xMszirgw.jpg,Stand by Me,en
438695,False,Sing 2,False,"Buster and his new cast now have their sights set on debuting a new show at the Crystal Tower Theater in glamorous Redshore City. But with no connections, he and his singers must sneak into the Crystal Entertainment offices, run by the ruthless wolf mogul Jimmy Crystal, where the gang pitches the ridiculous idea of casting the lion rock legend Clay Calloway in their show. Buster must embark on a quest to find the now-isolated Clay and persuade him to return to the stage.",False,"[16, 35, 10751, 10402]",13.0176,4767,/aWeKITRFbbwY8txG5uCj4rMCfSP.jpg,2021-12-01,7.8,/ztiFxuG0gC6wQ8y7JZFYbCQyN4Y.jpg,Sing 2,en
16859,False,Kiki's Delivery Service,False,"A young witch, on her mandatory year of independent life, finds fitting into a new community difficult while she supports herself by running an air courier service.",False,"[16, 10751, 14]",9.9014,4565,/Aufa4YdZIv4AXpR9rznwVA5SEfd.jpg,1989-07-29,7.835,/h5pAEVma835u8xoE60kmLVopLct.jpg,魔女の宅急便,ja
379170,False,Sherlock: The Abominable Bride,False,Sherlock Holmes and Dr. Watson find themselves in 1890s London in this holiday special.,False,"[80, 18, 9648, 53, 10770]",3.1566,2338,/hibE8cyZs2Bm0o4WaWd1pppvjO2.jpg,2016-01-01,7.8,/gGeoc8rFfPRIakXNttoFU85YVwv.jpg,Sherlock: The Abominable Bride,en
116322,False,The Legend of La Llorona,False,"Based on a famous Mexican legend, a group of kids must stop the ghost of a woman whose guilt over the drowning of her own children leads her to abduct youngsters who wander the woods at night.",False,"[16, 10751, 14, 27]",3.9248,302,/vBiqoYfDIWKKzZTiQScqgCO09UD.jpg,2011-10-21,7.834,/ve2kf4Zq1KjlepBikR01pTX7Pmr.jpg,La Leyenda de la Llorona,es
32480,False,The Marquis of Grillo,False,"In 18th-century Rome, impish aristocrat Onofrio del Grillo amuses himself by playing pranks on all sorts of people — his reactionary family and fellow nobles, the poors, the French occupiers trying to modernize society, and even the Pope himself.",False,[35],0.6994,497,/ew6UD5tZhADSctIhkbN9RSoyBVv.jpg,1981-12-23,7.834,/1an0AhEZ6hRkfmjRsemYvBfRKyh.jpg,Il marchese del Grillo,it
550205,False,Wish Dragon,False,Determined teen Din is longing to reconnect with his childhood best friend when he meets a wish-granting dragon who shows him the magic of possibilities.,False,"[16, 10751, 35, 14, 10749, 12]",5.7724,1474,/lnPf6hzANL6pVQTxUlsNYSuhT5l.jpg,2021-01-15,7.8,/4kIRrW1AlHP5Idne8CPHeQt8nR5.jpg,Wish Dragon,en
178682,False,The Wizards Return: Alex vs. Alex,False,"While trying to prove to her family she can be mature and responsible, teen wizard Alex Russo conjures up a spell to rid herself of her bad qualities, unintentionally creating a Good and Evil Alex. When Evil Alex gets involved in a plan to take over the world by a dark wizard, Good Alex must find a way to save her family, humankind, and ultimately herself in an epic Good vs. Evil battle.",False,"[10751, 35, 10770, 14]",1.4779,1072,/iWL88DymJrzO6hYI1ykUeUohqef.jpg,2013-06-01,7.833,/g6sOVAuxEpdzFdIgUU2fYMntHGm.jpg,The Wizards Return: Alex vs. Alex,en
9479,False,The Nightmare Before Christmas,False,"Tired of scaring humans every October 31 with the same old bag of tricks, Jack Skellington, the spindly king of Halloween Town, kidnaps Santa Claus and plans to deliver shrunken heads and other ghoulish gifts to children on Christmas morning. But as Christmas approaches, Jack's rag-doll girlfriend, Sally, tries to foil his misguided plans.",False,"[14, 16, 10751]",9.5034,10319,/oQffRNjK8e19rF7xVYEN8ew0j7b.jpg,1993-10-09,7.831,/dSfrsjhqC6lYe7LYDYnzWeXZmEl.jpg,The Nightmare Before Christmas,en
3083,False,Mr. Smith Goes to Washington,False,"After the death of a United States Senator, idealistic Jefferson Smith is appointed as his replacement in Washington. Soon, the naive and earnest new senator has to battle political corruption.",False,"[35, 18]",2.4387,1194,/nDjg1fbNyq15excNDl3acd2IqAk.jpg,1939-10-19,7.8,/4HagjGPF6dMGYlmx7mEfjLV2kQ0.jpg,Mr. Smith Goes to Washington,en
2440,False,Joint Security Area,False,"Two North Korean soldiers are killed in the border area between North and South Korea, prompting an investigation by a neutral body. The sergeant is the shooter, but the lead investigator, a Swiss-Korean woman, receives differing accounts from the two sides.",False,"[18, 53, 28]",3.5748,826,/etoPOj0bXzfw0LBNslCxqO7MHuv.jpg,2000-09-09,7.8,/z7w6ACQJTeGYASr1plSwfRe6Ytk.jpg,공동경비구역 JSA,ko
266856,False,The Theory of Everything,False,"The Theory of Everything is the extraordinary story of one of the world’s greatest living minds, the renowned astrophysicist Stephen Hawking, who falls deeply in love with fellow Cambridge student Jane Wilde.",False,"[18, 10749]",4.2202,11112,/7kwcLFNt887saoQAL7EY0XnW7VI.jpg,2014-11-07,7.831,/dh2QT3TPtAQf057yeLpNMuaJlmp.jpg,The Theory of Everything,en
16761,False,A Movie of Eggs,False,"A small egg named Toto decides that he wants to fulfill his purpose in life and become a chicken instead of dying in a frying pan; so he starts a quest to return to the farms along with his new friend, the noisy egg Willy and a crazy bacon stripe. The three friends will face lot of obstacles in their quest.",False,"[16, 35, 10751]",2.4262,319,/eHqGqr5xBat3P2b9YdRbKMLli4J.jpg,2006-04-21,7.829,/bdo313RjHEymI0W5tKYBKE54Las.jpg,Una película de huevos,es
93,False,Anatomy of a Murder,False,"Semi-retired Michigan lawyer Paul Biegler takes the case of Army Lt. Manion, who murdered a local innkeeper after his wife claimed that he raped her. Over the course of an extensive trial, Biegler parries with District Attorney Lodwick and out-of-town prosecutor Claude Dancer to set his client free, but his case rests on the victim's mysterious business partner, who's hiding a dark secret.",False,"[80, 18, 9648]",2.9528,1159,/b2G1QSAwtBv9luhEwErIgSRaU92.jpg,1959-07-01,7.828,/xfEU7DOlQPwz8Y0TBhKmpETuNIc.jpg,Anatomy of a Murder,en
445030,False,No Game No Life: Zero,False,"Six thousand years before Sora and Shiro were even a blink in the history of Disboard, war consumed the land, tearing apart the heavens, destroying stars, and even threatening to wipe out the human race. Amid the chaos and destruction, a young man named Riku leads humanity toward the tomorrow his heart believes in. One day, in the ruins of an Elf city, he meets Schwi, a female exiled ""Ex Machina"" android who asks him to teach her what it means to have a human heart.",False,"[12, 16, 18, 14, 10749]",3.6607,436,/cCBB6BGRj5nCTaEgogDtkHfjOLK.jpg,2017-07-15,7.8,/zmJtqKaByFqYrxipeXyoAUSTD1w.jpg,No Game No Life: Zero,ja
406785,False,Inner Workings,False,"This is the story of the internal struggle between a man's Brain—a pragmatic protector who calculates his every move, and his Heart—a free-spirited adventurer who wants to let loose.",False,"[16, 10751, 35]",0.817,306,/vUZqG2SvTkAlMVlzARXaMNCYMuk.jpg,2016-11-23,7.828,/bAqEMKPKkYjH3JeW4jeda2AogpR.jpg,Inner Workings,en
11953,False,Kagemusha,False,"Akira Kurosawa's lauded feudal epic presents the tale of a petty thief who is recruited to impersonate Shingen, an aging warlord, in order to avoid attacks by competing clans. When Shingen dies, his generals reluctantly agree to have the impostor take over as the powerful ruler. He soon begins to appreciate life as Shingen, but his commitment to the role is tested when he must lead his troops into battle against the forces of a rival warlord.",False,"[28, 18, 36, 10752]",3.3623,735,/fJgqj9s8HNZz9zwX6femVJn8HEB.jpg,1980-04-26,7.8,/7qsKE8GsgjreeQ2mTLd5oKZ7Tbf.jpg,影武者,ja
10315,False,Fantastic Mr. Fox,False,"The Fantastic Mr. Fox, bored with his current life, plans a heist against the three local farmers. The farmers, tired of sharing their chickens with the sly fox, seek revenge against him and his family.",False,"[12, 16, 35, 10751]",7.4763,6091,/euZyZb6iGreujYKrGyZHRddhUYh.jpg,2009-10-14,7.824,/xRxSLhhjPG2D8l0BXi0KdN4IvPt.jpg,Fantastic Mr. Fox,en
502,False,Fail Safe,False,Because of a technical defect an American bomber team mistakenly orders the destruction of Moscow. The President of the United States has but little time to prevent an atomic catastrophe from occurring.,False,"[53, 18, 10752]",2.0435,468,/qrsj5hort5xkLOKw9NyraGMnlVP.jpg,1964-10-07,7.824,/p8TUKej4ka8FYAirpOoCy77t6yd.jpg,Fail Safe,en
24167,False,Two Women,False,A young widow flees from Rome during WWII and takes her lonely twelve-year-old-daughter to her rural hometown but the horrors of war soon catch up with them.,False,"[18, 10752]",1.8503,576,/biWDAUQD58enMEcyO2BqIVSycF4.jpg,1960-12-22,7.823,/3TcUsPiVU0fSLX0Mk7lc3DDuzkY.jpg,La ciociara,it
107,False,Snatch,False,"Unscrupulous boxing promoters, violent bookies, a Russian gangster, incompetent amateur robbers, and supposedly Jewish jewellers fight to track down a priceless stolen diamond.",False,"[80, 35]",10.174,9965,/kJZoAHq1SLDdWjeNGtlHAnGpmFV.jpg,2000-09-01,7.823,/gTghF8ardwJ48XLHkiapWk3ZmSo.jpg,Snatch,en
22,False,Pirates of the Caribbean: The Curse of the Black Pearl,False,"When wily pirate Captain Barbossa seizes Jack Sparrow’s beloved ship, the Black Pearl, and kidnaps the governor’s daughter, Elizabeth Swann, blacksmith Will Turner reluctantly teams up with the unpredictable pirate Jack to rescue her—only to uncover a terrifying curse that turns Barbossa’s crew into the undead.",False,"[12, 14, 28]",37.7828,22217,/kvDwL2gTf6yxujbsWbsGQB3Z9Wa.jpg,2003-07-09,7.823,/zXMGAtDqJ58P8G3W4bwKyYffPhn.jpg,Pirates of the Caribbean: The Curse of the Black Pearl,en
826,False,The Bridge on the River Kwai,False,"The classic story of English POWs in Burma forced to build a bridge to aid the war effort of their Japanese captors. British and American intelligence officers conspire to blow up the structure, but Col. Nicholson, the commander who supervised the bridge's construction, has acquired a sense of pride in his creation and tries to foil their plans.",False,"[18, 36, 10752]",3.6759,2367,/7paXMt2e3Tr5dLmEZOGgFEn2Vo7.jpg,1957-10-11,7.8,/dRHfCeAoJ6SsMffQ6lavNU9E55z.jpg,The Bridge on the River Kwai,en
31411,False,The Cameraman,False,A photographer takes up newsreel shooting to impress a secretary.,False,"[35, 10749, 18]",0.9291,434,/oz7dVRzxN95IIpa7hsG5XS3nO2L.jpg,1928-09-10,7.821,/7Za5Riy12u1CUDXeqMUlDBweYAE.jpg,The Cameraman,en
714888,False,Argentina 1985,False,"In the 1980s, a team of lawyers takes on the heads of Argentina's bloody military dictatorship in a battle against odds and a race against time.",False,"[18, 36, 80]",1.5425,738,/nmh7vD2eDVRqFJoCpEzVcfGcPPf.jpg,2022-09-29,7.82,/gh1Rghpf3BIISHSAw9GsObG4TN3.jpg,Argentina 1985,es
263115,False,Logan,False,"In the near future, a weary Logan cares for an ailing Professor X in a hideout on the Mexican border. But Logan's attempts to hide from the world and his legacy are upended when a young mutant arrives, pursued by dark forces.",False,"[28, 18, 878]",14.8942,20387,/fnbjcRDYn6YviCcePDnGdyAkYsB.jpg,2017-02-28,7.82,/4DZxWNSAyksN6N3JkvpJ53Yq6zU.jpg,Logan,en
805,False,Rosemary's Baby,False,"A young couple, Rosemary and Guy, moves into an infamous New York apartment building, known by frightening legends and mysterious events, with the purpose of starting a family.",False,"[18, 27, 53]",5.9839,4362,/uYgvlHceRFjAFbsNeMInYcLZLUb.jpg,1968-06-12,7.818,/qszuXKhzYR24oRpsmh7eZaPbvL8.jpg,Rosemary's Baby,en
86000,False,Always,False,A former boxer turned parking lot attendant finds hope in the love of the blind telemarketer who walks into his booth one day.,False,"[10749, 18]",3.0639,310,/7PaCGnjY87sc9088zxFf34Tamcz.jpg,2011-10-20,7.818,/3GkiDyH2Mm8F8T4jIRcohSNIJNW.jpg,오직 그대만,ko
3078,False,It Happened One Night,False,A runaway heiress makes a deal with the rogue reporter trailing her but the mismatched pair end up stuck with each other when their bus leaves them behind.,False,"[35, 10749]",2.4731,1400,/2PNUGWAflH6UUumas0POMmokHlc.jpg,1934-02-22,7.818,/hmiC0MsI0PDd1TJXC62xyw0tX0s.jpg,It Happened One Night,en
531,False,The Wrong Trousers,False,"Wallace rents out Gromit's former bedroom to a penguin, who takes up an interest in the techno trousers created by Wallace. However, Gromit later learns that the penguin is a wanted criminal.",False,"[16, 35, 10751]",1.8861,1159,/mV8SDTjkxrDxu0a0egvFz1lRPU7.jpg,1993-12-17,7.8,/9AbessEz2YKjmPtYKATDeYRW3Px.jpg,The Wrong Trousers,en
12,False,Finding Nemo,False,"Nemo, an adventurous young clownfish, is unexpectedly taken from his Great Barrier Reef home to a dentist's office aquarium. It's up to his worrisome father Marlin and a friendly but forgetful fish Dory to bring Nemo home -- meeting vegetarian sharks, surfer dude turtles, hypnotic jellyfish, hungry seagulls, and more along the way.",False,"[16, 10751, 12]",20.5902,20540,/5lc6nQc0VhWFYFbNv016xze8Jvy.jpg,2003-05-30,7.819,/eCynaAOgYYiw5yN5lBwz3IxqvaW.jpg,Finding Nemo,en
285700,False,The Fool,False,"The Fool is a movie about a simple plumber. An honest man, he is up against an entire system of corrupted bureaucrats. At stake are the lives of 800 inhabitants of an old dorm that is at risk of collapsing within the span of the night.",False,[18],1.9802,317,/jJOuPUrkpUDETHqfZU0hXWvuWU0.jpg,2014-08-09,7.817,/c4ewJ2mW1EDf12p8VYV0cZghW3V.jpg,Дурак,ru
14574,False,The Boy in the Striped Pyjamas,False,"When his family moves from their home in Berlin to a strange new house in Poland, young Bruno befriends Shmuel, a boy who lives on the other side of the fence where everyone seems to be wearing striped pajamas. Unaware of Shmuel's fate as a Jewish prisoner or the role his own Nazi father plays in his imprisonment, Bruno embarks on a dangerous journey inside the camp's walls.",False,"[18, 10752, 36]",8.9339,7657,/2C8QCXdMlojTxZjfBlINr4FWcb6.jpg,2008-05-07,7.817,/A63giQFJP4ABqNk4sLzegVeqVdl.jpg,The Boy in the Striped Pyjamas,en
314365,False,Spotlight,False,"The true story of how the Boston Globe uncovered the massive scandal of child molestation and cover-up within the local Catholic Archdiocese, shaking the entire Catholic Church to its core.",False,"[18, 36]",6.4995,8790,/8DPGG400FgaFWaqcv11n8mRd2NG.jpg,2015-11-06,7.814,/8FbbcmwmpGd7brfiC7f7lWFNGdi.jpg,Spotlight,en
631,False,Sunrise: A Song of Two Humans,False,"A married farmer falls under the spell of a slatternly woman from the city, who tries to convince him to drown his wife.",False,"[18, 10749]",2.1529,900,/5V9jDm4u2QemGHbqjUyP5HmFmzf.jpg,1927-11-04,7.814,/hKrrCigPFmhv1bg5IJl9nzjEaN4.jpg,Sunrise: A Song of Two Humans,en
552532,False,Charm City Kings,False,"Mouse desperately wants to join The Midnight Clique, the infamous Baltimore dirt bike riders who rule the summertime streets. When Midnight’s leader, Blax, takes 14-year-old Mouse under his wing, Mouse soon finds himself torn between the straight-and-narrow and a road filled with fast money and violence.",False,[18],2.6192,498,/j732HPX0HSPcYvKURAIIS5Ppvk1.jpg,2020-01-27,7.813,/4FbTBvNO3VTFbFFghipK7Jqz7I6.jpg,Charm City Kings,en
650031,False,The Shadow in My Eye,False,"On March 21st, 1945, the British Royal Air Force set out on a mission to bomb Gestapo's headquarters in Copenhagen. The raid had fatal consequences as some of the bombers accidentally targeted a school and more than 120 people were killed, 86 of whom were children.",False,"[10752, 18, 36]",1.9407,547,/jCKvbH3a4V5IPoRAG85eDaniNqO.jpg,2021-10-28,7.812,/6LtEzA3Umx9mc0lq1g8xOfluGPx.jpg,Skyggen i mit øje,da
4977,False,Paprika,False,"When a machine that allows therapists to enter their patient's dreams is stolen, all hell breaks loose. Only a young female therapist can stop it and recover it before damage is done: Paprika.",False,"[878, 53, 16]",7.5081,2859,/bLUUr474Go1DfeN1HLjE3rnZXBq.jpg,2006-10-01,7.812,/6oXn0037WWw4fTCc3Qczof71lSp.jpg,パプリカ,ja
594634,False,Close to the Horizon,False,Jessica knows exactly what her life is supposed to look like and where it takes her. But then she meets Danny. He has a complicated past and could confuse all their plans. Jessica has to decide.,False,"[10749, 18]",1.4549,506,/c8K79975Xtoy0i715QLZVpIoPDe.jpg,2019-10-10,7.811,/eTHuVXsUMGGSCCvYdMxpS6KNurZ.jpg,Dem Horizont so nah,de
83564,False,La luna,False,"A young boy comes of age in the most peculiar of circumstances. Tonight is the very first time his Papa and Grandpa are taking him to work. In an old wooden boat they row far out to sea, and with no land in sight, they stop and wait. A big surprise awaits the boy as he discovers his family's most unusual line of work. Should he follow the example of his Papa, or his Grandpa? Will he be able to find his own way in the midst of their conflicting opinions and timeworn traditions?",False,"[16, 10751, 14]",1.2503,845,/9euW64JUgFlA7fxN8lAmwK6gUaQ.jpg,2012-02-10,7.811,/yJAQSaH6L2TIpF23ojGiBxtbVJJ.jpg,La luna,en
562,False,Die Hard,False,"High above the city of L.A. a team of terrorists has seized a building, taken hostages, and declared war. One man has manages to escape... An off-duty cop hiding somewhere inside. He's alone, tired... and the only chance anyone has got.",False,"[28, 53]",12.6957,12272,/7Bjd8kfmDSOzpmhySpEhkUyK2oH.jpg,1988-07-15,7.811,/bvk2AAH64lP2YZs02Q3jskfHT8j.jpg,Die Hard,en
80,False,Before Sunset,False,"Nine years later, Jesse travels across Europe giving readings from a book he wrote about the night he spent in Vienna with Celine. After his reading in Paris, Celine finds him, and they spend part of the day together before Jesse has to again leave for a flight. They are both in relationships now, and Jesse has a son, but as their strong feelings for each other start to return, both confess a longing for more.",False,"[18, 10749]",3.9409,3787,/4sW5XH9ZfYXpvFzev00S1IGAEbg.jpg,2004-06-16,7.809,/vMI8oOEQbhaCQnBFM9mXvJGyEKc.jpg,Before Sunset,en
779047,False,Us Again,False,"In a vibrant city pulsating with rhythm and movement, an elderly man and his young-at-heart wife rekindle their youthful passion for life and each other on one magical night.",False,"[16, 18, 10751, 10749]",0.9563,348,/zKnenwvQB6xA4mxc8zxL2S8qVbR.jpg,2021-03-03,7.8,/9B4hHMsnjxo8NnTcKIfg3cjJzMi.jpg,Us Again,en
200727,False,"Love, Rosie",False,"Since the moment they met at age 5, Rosie and Alex have been best friends, facing the highs and lows of growing up side by side. A fleeting shared moment, one missed opportunity, and the decisions that follow send their lives in completely different directions. As each navigates the complexities of life, love, and everything in between, they always find their way back to each other - but is it just friendship, or something more?",False,"[10749, 18, 35]",5.4427,6498,/2HOd431LX9ggqSpBIJ7qyYhATyo.jpg,2014-10-16,7.81,/rpsHpJj7FgnNBXhaO2KFthPwqH6.jpg,"Love, Rosie",en
25606,False,Fantozzi: White Collar Blues,False,"A good-natured but unlucky Italian is constantly going on a difficult situations, but never lose his mood.",False,[35],1.0885,877,/elGj4wK8fz5NT0weWitmfGizpr8.jpg,1975-03-27,7.8,/mrLqmBNmj5U0QCjcOQ4esB6IBF9.jpg,Fantozzi,it
301,False,Rio Bravo,False,"A small-town sheriff in the American West enlists the help of a disabled man, a drunk, and a young gunfighter in his efforts to hold in jail the brother of the local bad guy.",False,"[37, 18]",4.9152,1265,/4gI4KKmoi0d3yfsF71YU3S0I5t8.jpg,1959-03-08,7.81,/38uM6QuI06znUCELfOSiVQy05CX.jpg,Rio Bravo,en
152742,False,The Best Offer,False,"Virgil Oldman is a world renowned antiques expert and auctioneer. An eccentric genius, he leads a solitary life, going to extreme lengths to keep his distance from the messiness of human relationships. When appointed by the beautiful but emotionally damaged Claire to oversee the valuation and sale of her family’s priceless art collection, Virgil allows himself to form an attachment to her – and soon he is engulfed by a passion which will rock his bland existence to the core.",False,"[18, 10749, 80]",2.6204,3064,/ibDGPgUZn6vxHiSgt2xeQyFp8Np.jpg,2013-01-01,7.8,/4EdN5rIT43xcqi4IVRrhxiDOz6z.jpg,La migliore offerta,it
5801,False,Pather Panchali,False,"Impoverished priest Harihar Ray, dreaming of a better life for himself and his family, leaves his rural Bengal village in search of work. Alone, his wife, Sarbojaya, looks after her rebellious daughter, Durga, and her young son, Apu, as well as Harihar's elderly aunt Indir. The children enjoy the small pleasures of their difficult life, while their parents suffer the daily indignities heaped upon them.",False,"[18, 36]",1.9182,488,/frZj5djlU9hFEjMcL21RJZVuG5O.jpg,1955-08-26,7.809,/wadoNHCMPElgYuOqLxqDQqXpTMx.jpg,পথের পাঁচালী,bn
1081676,False,Forgotten Love,False,A once-respected surgeon who's lost his family and his memory gets a chance at redemption when he reconnects with someone from his forgotten past.,False,"[18, 10749]",2.3086,358,/1THDAakV8hmbRC9YIqJ9SngVinr.jpg,2023-09-26,7.807,/j1bOCozOQOxJpk0iAQbJDS2w8OJ.jpg,Znachor,pl
538362,False,On My Skin,False,"The incredible true story behind the most controversial Italian court cases in recent years. Stefano Cucchi was arrested for a minor crime and mysteriously found dead during his detention. In one week's time, a family is changed forever.",False,[18],1.2914,1888,/rwPgE6fLxuJmPWi8fFjgENJMAjr.jpg,2018-09-12,8.019,/lpuehRS74pgVYIQ6ZQ2fIAaoAvo.jpg,Sulla mia pelle,it
11878,False,Yojimbo,False,"A nameless ronin, or samurai with no master, enters a small village in feudal Japan where two rival businessmen are struggling for control of the local gambling trade. Taking the name Sanjuro Kuwabatake, the ronin convinces both silk merchant Tazaemon and sake merchant Tokuemon to hire him as a personal bodyguard, then artfully sets in motion a full-scale gang war between the two ambitious and unscrupulous men.",False,"[18, 53]",4.0238,1683,/tN7kYPjRhDolpui9sc9Eq9n5b2O.jpg,1961-04-25,8.079,/5BBwSVytssbFuSPZE4DtJVhROjN.jpg,用心棒,ja
705,False,All About Eve,False,"From the moment she glimpses her idol at the stage door, Eve Harrington is determined to take the reins of power away from the great actress Margo Channing. Eve maneuvers her way into Margo's Broadway role, becomes a sensation and even causes turmoil in the lives of Margo's director boyfriend, her playwright and his wife. Only the cynical drama critic sees through Eve, admiring her audacity and perfect pattern of deceit.",False,[18],3.1522,1696,/blBzZaatPWVuWpXEnPscMA4Xp6m.jpg,1950-11-09,8.081,/zAL3LOswagN9onjN8DPcNFTqKuD.jpg,All About Eve,en
387,False,Das Boot,False,"A German submarine hunts allied ships during the Second World War, but it soon becomes the hunted. The crew tries to survive below the surface, while stretching both the boat and themselves to their limits.",False,"[18, 36, 10752]",6.5002,2509,/u8FhQPncOAkwcei2OI9orPWhV6K.jpg,1981-09-17,8.081,/zGgIlpKE2xP18bhCGsnn79vh80j.jpg,Das Boot,de
411088,False,The Invisible Guest,False,"Barcelona, Spain. Adrián Doria, a young and successful businessman accused of murder, meets one night with Virginia Goodman, an expert interrogation lawyer, in order to devise a defense strategy.",False,"[18, 9648, 53]",9.3565,4976,/fptnZJbLzKUHeNlYrAynbyoL5YJ.jpg,2017-01-06,8.078,/1ZSWFzAP4AZuFCigZZoib2RdcUO.jpg,Contratiempo,es
12445,False,Harry Potter and the Deathly Hallows: Part 2,False,"Harry, Ron and Hermione continue their quest to vanquish the evil Voldemort once and for all. Just as things begin to look hopeless for the young wizards, Harry discovers a trio of magical objects that endow him with powers to rival Voldemort's formidable skills.",False,"[12, 14]",21.4892,21967,/c54HpQmuwXjHq2C9wmoACjxoom3.jpg,2011-07-12,8.08,/cbcpDn6XJaIGoOil1bKuskU8ds4.jpg,Harry Potter and the Deathly Hallows: Part 2,en
803796,False,KPop Demon Hunters,False,"When K-pop superstars Rumi, Mira and Zoey aren't selling out stadiums, they're using their secret powers to protect their fans from supernatural threats.",False,"[14, 10402, 35, 16]",37.391,2799,/zT7Lhw3BhJbMkRqm9Zlx2YGMsY0.jpg,2025-06-20,8.023,/w3Bi0wygeFQctn6AqFTwhGNXRwL.jpg,KPop Demon Hunters,en
938,False,For a Few Dollars More,False,"Two bounty hunters both pursue the brutal and sadistic bandit, El Indio, who has a large bounty on his head.",False,[37],9.0105,4447,/ooqASvA7qxlTVKL3KwOzBwy57Dh.jpg,1965-12-18,8.0,/x0bQvdpr88xVhMrVM93tEIKSM2q.jpg,Per qualche dollaro in più,it
11645,False,Ran,False,Shakespeare's King Lear is reimagined as a singular historical epic set in sixteenth-century Japan where an aging warlord divides his kingdom between his three sons.,False,"[28, 18, 36]",6.5313,1813,/dGgiXMWDcS5aJTBEFu7bmaQPNox.jpg,1985-06-01,8.02,/3ssNAWypRl47iriwBFNx7RUEUub.jpg,乱,ja
664767,False,Mortal Kombat Legends: Scorpion's Revenge,False,"After the vicious slaughter of his family by stone-cold mercenary Sub-Zero, Hanzo Hasashi is exiled to the torturous Netherrealm. There, in exchange for his servitude to the sinister Quan Chi, he’s given a chance to avenge his family – and is resurrected as Scorpion, a lost soul bent on revenge. Back on Earthrealm, Lord Raiden gathers a team of elite warriors – Shaolin monk Liu Kang, Special Forces officer Sonya Blade, and action star Johnny Cage – an unlikely band of heroes with one chance to save humanity. To do this, they must defeat Shang Tsung's horde of Outworld gladiators and reign over the Mortal Kombat tournament.",False,"[16, 28, 14]",21.0384,1479,/iBvo3qOPcmhlqAaJcXcQHtx2qLk.jpg,2020-04-12,8.091,/vw3zNfzvnVNF7nIjpiEgcdznfeC.jpg,Mortal Kombat Legends: Scorpion's Revenge,en
791373,False,Zack Snyder's Justice League,False,"Determined to ensure Superman's ultimate sacrifice was not in vain, Bruce Wayne aligns forces with Diana Prince with plans to recruit a team of metahumans to protect the world from an approaching threat of catastrophic proportions.",False,"[28, 12, 14]",15.9,10810,/tnAuB8q5vv7Ax9UAEje5Xi4BXik.jpg,2021-03-18,8.089,/13Nz8EchKRdCgJcKdEoJAnpiVn2.jpg,Zack Snyder's Justice League,en
755812,False,"Miraculous World: New York, United HeroeZ",False,"Marinette's class is headed to New York, the city of superheroes, for French-American Friendship Week.",False,"[16, 10751, 28, 12, 10770]",3.66,1126,/9YbyvcrHmY2SVbdfXpb8mC4Fy0g.jpg,2020-09-25,8.089,/2BZ7PC9aISswNXV2tugmjGiriaB.jpg,"Miraculous World : New York, les héros unis",fr
823219,False,Flow,False,"A solitary cat, displaced by a great flood, finds refuge on a boat with various species and must navigate the challenges of adapting to a transformed world together.",False,"[12, 16, 10751, 14]",16.509,2814,/zME0Ul0w48MKkYBnFRn40M5qgLh.jpg,2024-08-29,8.086,/4XPNNt0zfZKBqxxVWaQALd57UHl.jpg,Straume,lv
24382,False,Big Deal on Madonna Street,False,"Best friends Peppe and Mario are thieves, but they're not very good at it. Still, Peppe thinks that he's finally devised a master heist that will make them rich. With the help of some fellow criminals, he plans to dig a tunnel from a rented apartment to the pawnshop next door, where they can rob the safe. But his plan is far from foolproof, and the fact that no one in the group has any experience digging tunnels proves to be the least of their problems.",False,"[35, 80]",1.2808,778,/f5OxD8Nl0pR3DcYHtYhHRfpsmjl.jpg,1958-07-26,8.087,/ryoWP1kvNcwPif6uNbuZwQfrJPy.jpg,I soliti ignoti,it
19,False,Metropolis,False,"In a futuristic city sharply divided between the rich and the poor, the son of the city's mastermind meets a prophet who predicts the coming of a savior to mediate their differences.",False,"[18, 878]",5.3176,3088,/kr9wXRN23zLuWJIelahas1mtnYj.jpg,1927-01-10,8.086,/eeMoFKxjjiCi6iep2GEZtSAMYIr.jpg,Metropolis,de
406,False,La Haine,False,"After a chaotic night of rioting in a marginal suburb of Paris, three young friends, Vinz, Hubert and Saïd, wander around unoccupied waiting for news about the state of health of a mutual friend who has been seriously injured when confronting the police.",False,[18],7.3501,4544,/8rgPyWjYZhsphSSxbXguMnhN7H0.jpg,1995-05-31,8.085,/k61xLJgPo7ScxHLLiBzTM9IDaB7.jpg,La Haine,fr
610892,False,Violet Evergarden: Eternity and the Auto Memory Doll,False,"Violet Evergarden, a former soldier returned from war, comes to teach at a women's academy and changes a young girl's life.",False,"[18, 14, 16]",3.5893,459,/3BV1M10SuSi5jOJbSDQQtjX96ov.jpg,2019-09-06,8.1,/ldOF0T4x0YuST0OeJr9ctWMXuTL.jpg,ヴァイオレット・エヴァーガーデン 外伝 - 永遠と自動手記人形 -,ja
470044,False,The Hate U Give,False,"Raised in a poverty-stricken slum, a 16-year-old girl named Starr now attends a suburban prep school. After she witnesses a police officer shoot her unarmed best friend, she's torn between her two very different worlds as she tries to speak her truth.",False,"[80, 18]",3.4282,2222,/2icwBom0t5nmOuZI9FVXF3gkMK0.jpg,2018-10-19,8.081,/kH8xW7K2Gp1KOXoeewcLPkfqZ8K.jpg,The Hate U Give,en
555604,False,Guillermo del Toro's Pinocchio,False,"During the rise of fascism in Mussolini's Italy, a wooden boy brought magically to life struggles to live up to his father's expectations.",False,"[16, 14, 12, 18]",5.2951,3325,/vx1u0uwxdlhV2MUzj4VlcMB0N6m.jpg,2022-11-09,8.019,/qXOxYzPSPY9viZTgs7O6vNBOB7Y.jpg,Guillermo del Toro's Pinocchio,en
310569,False,The Second Mother,False,"After leaving her daughter Jessica in a small town in Pernambuco to be raised by relatives, Val spends the next 13 years working as a nanny to Fabinho in São Paulo. She has financial stability but has to live with the guilt of having not raised Jessica herself. As Fabinho’s university entrance exams approach, Jessica reappears in her life and seems to want to give her mother a second chance. However, Jessica has not been raised to be a servant and her very existence will turn Val’s routine on its head. With precision and humour, the subtle and powerful forces that keep rigid class structures in place and how the youth may just be the ones to shake it all up.",False,[18],1.9662,781,/u1tDQun2iJAzersd94S8P47WEOL.jpg,2015-06-04,8.033,/9h5BsxRmxLAvASADo2VcTlTUdb0.jpg,Que Horas Ela Volta?,pt
872585,False,Oppenheimer,False,The story of J. Robert Oppenheimer's role in the development of the atomic bomb during World War II.,False,"[18, 36]",28.6351,11765,/8Gxv8gSFCU0XGDykEGv7zR1n2ua.jpg,2023-07-19,8.032,/neeNHeXjMF5fXoCJRsOmkNGC7q.jpg,Oppenheimer,en
24428,False,The Avengers,False,"When an unexpected enemy emerges and threatens global safety and security, Nick Fury, director of the international peacekeeping agency known as S.H.I.E.L.D., finds himself in need of a team to pull the world back from the brink of disaster. Spanning the globe, a daring recruitment effort begins!",False,"[878, 28, 12]",57.9491,38017,/RYMX2wcKCBAr24UyPD7xwmjaTn.jpg,2012-04-25,8.03,/9BBTo63ANSmhC4e6r62OJFuK2GL.jpg,The Avengers,en
120467,False,The Grand Budapest Hotel,False,"The Grand Budapest Hotel tells of a legendary concierge at a famous European hotel between the wars and his friendship with a young employee who becomes his trusted protégé. The story involves the theft and recovery of a priceless Renaissance painting, the battle for an enormous family fortune and the slow and then sudden upheavals that transformed Europe during the first half of the 20th century.",False,"[35, 18]",12.2912,16081,/eWdyYQreja6JGCzqHWXpWHDrrPo.jpg,2014-02-26,8.028,/9udCLTxTFl28RxnK8Q05E154ZGa.jpg,The Grand Budapest Hotel,en
106646,False,The Wolf of Wall Street,False,"A New York stockbroker refuses to cooperate in a large securities fraud case involving corruption on Wall Street, corporate banking world and mob infiltration. Based on Jordan Belfort's autobiography.",False,"[80, 18, 35]",21.1041,25908,/kW9LmvYHAaS9iA0tHmZVq8hQYoq.jpg,2013-12-25,8.028,/7Nwnmyzrtd0FkcRyPqmdzTPppQa.jpg,The Wolf of Wall Street,en
550776,False,Believe Me: The Abduction of Lisa McVey,False,"On the night she plans on taking her own life, 17-year-old 'Lisa McVey' is kidnapped and finds herself fighting to stay alive and is raped. She manages to talk her attacker into releasing her, but when she returns home, no one believes her story except for one detective, who suspects she was abducted by a serial killer. Based on horrifying true events.",False,"[18, 10770, 80]",4.5407,687,/qbJEzCzEKDHPZDiRvSSBiYEKaAH.jpg,2018-09-30,8.026,/gPW90IPq6Go8hlT0n7Es3cFl7ly.jpg,Believe Me: The Abduction of Lisa McVey,en
31414,False,Satantango,False,"Inhabitants of a small village in Hungary deal with the effects of the fall of Communism. The town's source of revenue, a factory, has closed, and the locals, who include a doctor and three couples, await a cash payment offered in the wake of the shuttering. Irimias, a villager thought to be dead, returns and, unbeknownst to the locals, is a police informant. In a scheme, he persuades the villagers to form a commune with him.",False,[18],1.8117,306,/y38z0v4HJ12MHiKddLEoFlvPiBt.jpg,1994-02-08,8.0,/5a4Gmk2HNeefI4Rmwdmbyoy79oy.jpg,Sátántangó,hu
26022,False,My Name Is Khan,False,"Rizwan Khan, a Muslim from the Borivali section of Mumbai, has Asperger's syndrome. He marries a Hindu single mother, Mandira, in San Francisco. After 9/11, Rizwan is detained by authorities at LAX who treat him as a terrorist because of his condition and his race.",False,"[18, 10749]",3.6673,1444,/5Y36lCiNyyV71mjq6LavgiggbhT.jpg,2010-02-10,8.024,/zGCnIADWwpjGllYv8DgT8HIuIQl.jpg,My Name Is Khan,hi
279,False,Amadeus,False,Disciplined Italian composer Antonio Salieri becomes consumed by jealousy and resentment towards the hedonistic and remarkably talented young Salzburger composer Wolfgang Amadeus Mozart.,False,"[36, 10402, 18]",7.8108,4749,/gQRfiyfGvr1az0quaYyMram3Aqt.jpg,1984-09-19,8.024,/4i3Amppd6eW5Qkhjv4gdHk3CCoE.jpg,Amadeus,en
337404,False,Cruella,False,"In 1970s London amidst the punk rock revolution, a young grifter named Estella is determined to make a name for herself with her designs. She befriends a pair of young thieves who appreciate her appetite for mischief, and together they are able to build a life for themselves on the London streets. One day, Estella’s flair for fashion catches the eye of the Baroness von Hellman, a fashion legend who is devastatingly chic and terrifyingly haute. But their relationship sets in motion a course of events and revelations that will cause Estella to embrace her wicked side and become the raucous, fashionable and revenge-bent Cruella.",False,"[35, 80, 18]",14.141,10048,/hjS9mH8KvRiGHgjk6VUZH7OT0Ng.jpg,2021-05-26,7.971,/6MKr3KgOLmzOP6MSuZERO41Lpkt.jpg,Cruella,en
11104,False,Chungking Express,False,"Two melancholic Hong Kong policemen fall in love: one with a mysterious underworld figure, the other with a beautiful and ethereal server at a late-night restaurant.",False,"[18, 35, 10749]",10.7426,2190,/43I9DcNoCzpyzK8JCkJYpHqHqGG.jpg,1994-07-14,7.969,/vuglA60RqvpHK9rIcG8sXaiWw1L.jpg,重慶森林,cn
10515,False,Castle in the Sky,False,A young boy and a girl with a magic crystal must race against pirates and foreign agents in a search for a legendary floating castle.,False,"[12, 14, 16, 28, 10751]",7.3087,4676,/41XxSsJc5OrulP0m7TrrUeO2hoz.jpg,1986-08-02,8.0,/z6OZ2Q4FYELeGoBj9tVDWCvevkj.jpg,天空の城ラピュタ,ja
962,False,The Gold Rush,False,A gold prospector in Alaska struggles to survive the elements and win the heart of a dance hall girl.,False,"[12, 35, 18]",2.1669,1831,/eQRFo1qwRREYwj47Yoe1PisgOle.jpg,1925-07-13,7.968,/8ZsEc2b9iCMWaFjUw3a0kPZZLXu.jpg,The Gold Rush,en
329,False,Jurassic Park,False,"A wealthy entrepreneur secretly creates a theme park featuring living dinosaurs drawn from prehistoric DNA. Before opening day, he invites a team of experts and his two eager grandchildren to experience the park and help calm anxious investors. However, the park is anything but amusing as the security systems go off-line and the dinosaurs escape.",False,"[12, 878]",8.2928,17847,/maFjKnJ62hDQ9E66dKqDZgbUy0H.jpg,1993-06-11,7.969,/jzt9HuhIAdH9qp0K2MA1m5V8sgq.jpg,Jurassic Park,en
63193,False,Front of the Class,False,A boy with Tourette's syndrome overcomes criticism and discrimination to achieve his dream of becoming a teacher.,False,[18],1.7738,308,/w7UolFxzPi7ZA7LkglRotQ84g1g.jpg,2008-12-07,8.0,/yGmSkfaYDp1JzrtXRcPq0Qcy6DL.jpg,Front of the Class,en
213,False,North by Northwest,False,"Advertising man Roger Thornhill is mistaken for a spy, triggering a deadly cross-country chase.",False,"[53, 12]",4.9508,4509,/kNOFPQrel9YFCVzI0DF8FnCEpCw.jpg,1959-08-06,7.966,/OR8oloCZ3klJtB7Y0i8pSqWw5a.jpg,North by Northwest,en
698687,False,Transformers One,False,"The untold origin story of Optimus Prime and Megatron, better known as sworn enemies, but once were friends bonded like brothers who changed the fate of Cybertron forever.",False,"[16, 878, 12, 10751]",11.9779,1619,/iRCgqpdVE4wyLQvGYU3ZP7pAtUc.jpg,2024-09-11,7.967,/cMfokHWle5lfCreoV08cbmkKv6G.jpg,Transformers One,en
838240,False,Robot Dreams,False,A lonely dog's friendship with his robot companion takes a sad turn when an unexpected malfunction forces him to abandon Robot at the beach. Will Dog ever meet Robot again?,False,"[16, 18, 35, 878]",6.3901,795,/ds402Qq09ybgBcXKiQNTZfzsP5o.jpg,2023-12-06,7.964,/hIeEpk2w1dnC9ly9ZJwwbunH2Cx.jpg,Robot Dreams,es
455661,False,In a Heartbeat,False,A closeted boy runs the risk of being outed by his own heart after it pops out of his chest to chase down the boy of his dreams.,False,"[16, 35, 10749]",0.5788,1025,/wJUJROdLOtOzMixkjkx1aaZGSLl.jpg,2017-06-01,8.0,/4datX8btikWEikf7esqEe6fhw.jpg,In a Heartbeat,en
1607,False,A Bronx Tale,False,"Set in the Bronx during the tumultuous 1960s, an adolescent boy is torn between his honest, working-class father and a violent yet charismatic crime boss. Complicating matters is the youngster's growing attraction - forbidden in his neighborhood - for a beautiful black girl.",False,"[18, 80]",7.3322,2859,/17nf7LPFCYQQ6m952CThjrSK3Fi.jpg,1993-10-01,7.88,/ggzzn1Hf4zBz1VVywpQhGtDxKtA.jpg,A Bronx Tale,en
503314,False,Dragon Ball Super: Broly,False,"Earth is peaceful following the Tournament of Power. Realizing that the universes still hold many more strong people yet to see, Goku spends all his days training to reach even greater heights. Then one day, Goku and Vegeta are faced by a Saiyan called 'Broly' who they've never seen before. The Saiyans were supposed to have been almost completely wiped out in the destruction of Planet Vegeta, so what's this one doing on Earth? This encounter between the three Saiyans who have followed completely different destinies turns into a stupendous battle, with even Frieza (back from Hell) getting caught up in the mix.",False,"[28, 878, 16]",2.2684,3142,/5vx8zZ7fDsA8KMO6fiVs3pZmNWQ.jpg,2018-12-14,7.92,/Dnk4iSqqNkZBJBPeFdAegTaxD5.jpg,ドラゴンボール超 ブロリー,ja
10404,False,Raise the Red Lantern,False,"In 1920s China, 19-year-old Songlian becomes a concubine of a powerful lord and is forced to compete with his three wives for the privileges gained.",False,[18],4.9419,799,/j6MGZpg55cTqlHHwahBtzI2qQg1.jpg,1991-12-18,7.919,/9UCHfC9tYojD4mMVBm0boyzYEQq.jpg,大红灯笼高高挂,zh
961,False,The General,False,"During America’s Civil War, Union spies steal engineer Johnny Gray's beloved locomotive, 'The General'—with Johnnie's lady love aboard an attached boxcar—and he single-handedly must do all in his power to both get The General back and to rescue Annabelle.",False,"[28, 12, 35, 10752, 10749, 18]",2.8825,1404,/nIp4gIXogCjfB1QABNsWwa9gSca.jpg,1926-12-25,7.9,/mzox4HbcV9W42MH2dB1QsdDVGo3.jpg,The General,en
930094,False,"Red, White & Royal Blue",False,"After an altercation between Alex, the president's son, and Britain's Prince Henry at a royal event becomes tabloid fodder, their long-running feud now threatens to drive a wedge in U.S./British relations. When the rivals are forced into a staged truce, their icy relationship begins to thaw and the friction between them sparks something deeper than they ever expected.",False,"[35, 10749]",7.4529,1549,/ta3ReqbdEcLJM3mcHMzbYFZI8v7.jpg,2023-07-27,7.919,/7QDWTqSGqI2Q5dOBtvT64MOhmwJ.jpg,"Red, White & Royal Blue",en
296096,False,Me Before You,False,"Lou Clark, a directionless 26-year-old from the English countryside, takes a job at the local castle as a caregiver and companion to a wealthy young banker, Will Traynor. Wheelchair-bound from an accident two years prior, the once adventurous Will has all but given up — that is until Lou determines to show him that life is worth living.",False,"[18, 10749]",13.0912,13219,/Ia3dzj5LnCj1ZBdlVeJrbKJQxG.jpg,2016-06-01,7.918,/3WK7p9EdZmmvB1IbB2Vw9Rf4lXH.jpg,Me Before You,en
142061,False,"Batman: The Dark Knight Returns, Part 2",False,Batman has stopped the reign of terror that The Mutants had cast upon his city.  Now an old foe wants a reunion and the government wants The Man of Steel to put a stop to Batman.,False,"[878, 28, 16, 9648]",3.4757,1598,/d1TqoVkyL4x0dlu9w3F9Ah4LjNv.jpg,2013-01-03,7.9,/zHqptza1ttGa7hkYNEXP7ECIyA9.jpg,"Batman: The Dark Knight Returns, Part 2",en
11010,False,The Postman,False,Simple Italian postman learns to love poetry while delivering mail to a famous poet; he uses this to woo local beauty Beatrice.,False,"[35, 18, 10749]",1.6905,1216,/cUaCpjVDefYShKyLmkcDsiPaBHn.jpg,1994-09-22,7.917,/32pvxFiXNo2TdNpBiuHN8k2Mr4K.jpg,Il postino,it
3777,False,Throne of Blood,False,"Returning to their lord's castle, samurai warriors Washizu and Miki are waylaid by a spirit who predicts their futures. When the first part of the spirit's prophecy comes true, Washizu's scheming wife, Asaji, presses him to speed up the rest of the spirit's prophecy by murdering his lord and usurping his place. Director Akira Kurosawa's resetting of William Shakespeare's ""Macbeth"" in feudal Japan is one of his most acclaimed films.",False,"[18, 36]",3.8101,979,/zaZFMNxJST0TtPd68yF7fNt1he8.jpg,1957-01-15,7.9,/rohRr9XqTRF8YwLMGAnTprg3GnL.jpg,蜘蛛巣城,ja
770,False,Gone with the Wind,False,The spoiled daughter of a Georgia plantation owner conducts a tumultuous romance with a cynical profiteer during the American Civil War and Reconstruction Era.,False,"[18, 10752, 10749]",12.0786,4374,/lNz2Ow0wGCAvzckW7EOjE03KcYv.jpg,1939-12-15,7.9,/4FHcxMtVruMr7ltU2cItWssLjTP.jpg,Gone with the Wind,en
491480,False,The Boy Who Harnessed the Wind,False,"Against all the odds, a thirteen year old boy in Malawi invents an unconventional way to save his family and village from famine.",False,"[18, 36]",4.4117,1867,/yOr7RxHw15MMXNxGMXSmngDqHyI.jpg,2019-02-14,7.879,/lB8mrGjgOxVuiGzBNbHfUrFw02d.jpg,The Boy Who Harnessed the Wind,en
488623,False,Forgotten,False,"Jin-seok, 21-year-old, moves into a new house with his family. He suffers from a slight schizophrenia but he carries an ordinary life under the warm care of the family. His older brother Yu-seok is a decent college student, a mentor, and role model for Jin-seok.  One night, his beloved brother is kidnapped by unidentified assailants before Jin-seok's eye. Jin-seok can’t recognize their faces, but can remember only the VIN that matches with no car. After long silence of 19 days, suddenly Yu-seok returns home, but remembers nothing which had happened in the meantime. And soon Jin-seok feels Yu-seok is a total stranger.",False,"[53, 9648, 80]",4.5903,1329,/cBgj41y1RvmW1zJCEX0uNWL0UjW.jpg,2017-11-29,7.885,/tGFII2hY0O0qXPAPGE1fBDOONQJ.jpg,기억의 밤,ko
404378,False,A Street Cat Named Bob,False,"James Bowen, a homeless busker and recovering drug addict, has his life transformed when he meets a stray ginger cat.",False,"[10751, 18]",1.4492,1549,/nBYG0D2FcbL1m926sIj7RN4m0sb.jpg,2016-11-04,7.885,/3YDuN1mhQpYtCym4QatX0gkHahL.jpg,A Street Cat Named Bob,en
20271,False,Divorce Italian Style,False,"Ferdinando Cefalù is desperate to marry his cousin, Angela, but he is married to Rosalia and divorce is illegal in Italy. To get around the law, he tries to trick his wife into having an affair so he can catch her and murder her, as he knows he would be given a light sentence for killing an adulterous woman. He persuades a painter to lure his wife into an affair, but Rosalia proves to be more faithful than he expected.",False,"[35, 80]",1.4156,531,/vZbdSpUFyFiDBBTY0AiSrN9f303.jpg,1961-12-20,7.885,/u2nPH7STKcz8ddpvxo8Ler1SvPc.jpg,Divorzio all'italiana,it
610150,False,Dragon Ball Super: Super Hero,False,"The Red Ribbon Army, an evil organization that was once destroyed by Goku in the past, has been reformed by a group of people who have created new and mightier Androids, Gamma 1 and Gamma 2, and seek vengeance against Goku and his family.",False,"[16, 878, 28]",7.3505,3022,/pi0iZOEHeA3ih4p1IwAG4x2DZNH.jpg,2022-06-11,7.885,/uR0FopHrAjDlG5q6PZB07a1JOva.jpg,ドラゴンボール超 スーパーヒーロー,ja
2011,False,Persepolis,False,"In 1970s Iran, Marjane 'Marji' Satrapi watches events through her young eyes and her idealistic family of a long dream being fulfilled of the hated Shah's defeat in the Iranian Revolution of 1979. However as Marji grows up, she witnesses first hand how the new Iran, now ruled by Islamic fundamentalists, has become a repressive tyranny on its own.",False,"[16, 18]",3.3706,2142,/aU8i2QAdTyRR1nYb36Gq51xXP8p.jpg,2007-06-27,7.883,/6kqybERm5qi2jGpu8I7DaQPxpSU.jpg,Persepolis,fr
920394,False,My Father's Violin,False,"Through their shared grief and connection to music, an orphaned girl bonds with her emotionally aloof, successful violinist uncle.",False,"[18, 10402]",0.8491,339,/bwvoSRyXRRqtpvoHYhySQk2U4EM.jpg,2022-01-21,7.882,/ljJaDl3RdcNdSuQVa2ScdNZOF1L.jpg,Babamın Kemanı,tr
505262,False,My Hero Academia: Two Heroes,False,"All Might and Deku accept an invitation to go abroad to a floating and mobile manmade city, called 'I-Island', where they research quirks as well as hero supplemental items at the special 'I-Expo' convention that is currently being held on the island. During that time, suddenly, despite an iron wall of security surrounding the island, the system is breached by a villain, and the only ones able to stop him are the students of Class 1-A.",False,"[16, 28, 12, 14]",4.3826,1107,/hC4nTxdhXqFWzgqynGvvXVMiMNp.jpg,2018-08-03,7.882,/b9qGMCOrMbxUjD6xDAYPoIPnYcC.jpg,僕のヒーローアカデミア THE MOVIE ～2人の英雄～,ja
183011,False,Justice League: The Flashpoint Paradox,False,The Flash finds himself in a war-torn alternate timeline and teams up with alternate versions of his fellow heroes to restore the timeline.,False,"[16, 28, 878]",3.571,1969,/hg6RYpSb3vU4i3yQDtE1YhSZNh5.jpg,2013-07-30,7.881,/35RYg50KXsenD4TrpZzzBm2X4cK.jpg,Justice League: The Flashpoint Paradox,en
158445,False,Miracle in Cell No. 7,False,A story about a mentally ill man wrongfully imprisoned for murder and his relationship with his 6 year old daughter.,False,"[18, 35]",3.2531,493,/tVyADQAqmWzmvtLMmUunyGU2YFN.jpg,2013-01-23,7.9,/6MZdEVe0COl9sB1sCIPOOFpngjO.jpg,7번방의 선물,ko
25364,False,Ace in the Hole,False,An arrogant reporter exploits a story about a man trapped in a cave to revitalize his career.,False,[18],1.5002,745,/gPVPzHEsJBX02HtBtIQgYnfeqNQ.jpg,1951-06-29,7.846,/zVJWPKbyv8ZPIbO6qcjE19dTgyn.jpg,Ace in the Hole,en
89,False,Indiana Jones and the Last Crusade,False,"In 1938, an art collector appeals to eminent archaeologist Dr. Indiana Jones to embark on a search for the Holy Grail. Indy learns that a medieval historian has vanished while searching for it, and the missing man is his own father, Dr. Henry Jones Sr.. He sets out to rescue his father by following clues in the old man's notebook, which his father had mailed to him before he went missing. Indy arrives in Venice, where he enlists the help of a beautiful academic, Dr. Elsa Schneider, along with Marcus Brody and Sallah. Together they must stop the Nazis from recovering the power of eternal life and taking over the world!",False,"[12, 28]",9.6703,11049,/sizg1AU8f8JDZX4QIgE4pjUMBvx.jpg,1989-05-24,7.851,/12fvZHskx57kQfNEUXJ3v0flWYQ.jpg,Indiana Jones and the Last Crusade,en
961323,False,Nimona,False,"A knight framed for a tragic crime teams with a scrappy, shape-shifting teen to prove his innocence.",False,"[16, 10751, 14, 878, 12]",4.5738,1391,/2NQljeavtfl22207D1kxLpa4LS3.jpg,2023-06-23,7.85,/sidvlo7V8VMyskNKGwua0Tarbol.jpg,Nimona,en
11656,False,The Virgin Spring,False,"Devout Christians Töre and Märeta send their only daughter, the virginal Karin, and their foster daughter, the unrepentant Ingeri, to deliver candles to a distant church. On their way through the woods, the girls encounter a group of savage goat herders who brutally rape and murder Karin as Ingeri remains hidden. When the killers unwittingly seek refuge in the farmhouse of Töre and Märeta, Töre plots a fitting revenge.",False,"[18, 36]",1.6316,674,/z70YM3Y4pNYZATMhFMKonngaeMC.jpg,1960-02-08,7.85,/pcBIabUibUmpOBggWckkjohXtiP.jpg,Jungfrukällan,sv
585,False,"Monsters, Inc.",False,"Lovable Sulley and his wisecracking sidekick Mike Wazowski are the top scare team at Monsters, Inc., the scream-processing factory in Monstropolis. When a little girl named Boo wanders into their world, it's the monsters who are scared silly, and it's up to Sulley and Mike to keep her out of sight and get her back home.",False,"[16, 35, 10751, 14]",21.9492,19747,/wFSpyMsp7H0ttERbxY7Trlv8xry.jpg,2001-11-01,7.849,/sDTnMOJ3H5wI38OxObmCtK7wfd5.jpg,"Monsters, Inc.",en
399174,False,Isle of Dogs,False,"In the future, an outbreak of canine flu leads the mayor of a Japanese city to banish all dogs to an island used as a garbage dump. The outcasts must soon embark on an epic journey when a 12-year-old boy arrives on the island to find his beloved pet.",False,"[12, 35, 16]",6.4676,5407,/c0nUX6Q1ZB0P2t1Jo6EeFSVnOGQ.jpg,2018-03-23,7.848,/goMGTcitprGu7YD6VZS4lUUwzRA.jpg,Isle of Dogs,en
33320,False,Millennium Actress,False,"Documentary filmmaker Genya Tachibana has tracked down the legendary actress Chiyoko Fujiwara, who mysteriously vanished at the height of her career. When he presents her with a key she had lost and thought was gone forever, the filmmaker could not have imagined that it would not only unlock the long-held secrets of Chiyoko’s life... but also his own.",False,"[16, 18, 10749]",3.9292,1044,/p44UXOFBCY5xbpCKEsWpi4filCD.jpg,2002-09-14,7.848,/jZW391Kknf4YiIaZ1XHyVjnJaKe.jpg,千年女優,ja
275,False,Fargo,False,"Jerry, a small-town Minnesota car salesman is bursting at the seams with debt... but he's got a plan. He's going to hire two thugs to kidnap his wife in a scheme to collect a hefty ransom from his wealthy father-in-law. It's going to be a snap and nobody's going to get hurt... until people start dying. Enter Police Chief Marge, a coffee-drinking, parka-wearing - and extremely pregnant - investigator who'll stop at nothing to get her man. And if you think her small-time investigative skills will give the crooks a run for their ransom... you betcha!",False,"[80, 18, 53]",7.3051,9081,/rt7cpEr1uP6RTZykBFhBTcRaKvG.jpg,1996-03-08,7.848,/747dgDfL5d8esobk7h4odaOFhUq.jpg,Fargo,en
435129,False,The Breadwinner,False,"A headstrong young girl in Afghanistan, ruled by the Taliban, disguises herself as a boy in order to provide for her family.",False,"[16, 10752, 18, 10751]",2.9747,922,/2d6qmkJz9AWqmk9wBWtd2uFX89t.jpg,2017-11-17,7.847,/fRtQdiESAdt9rjXCvZhvkmprvac.jpg,The Breadwinner,en
323272,False,War Room,False,"The family-friendly movie explores the transformational role prayer plays in the lives of the Jordan family. Tony and Elizabeth Jordan, a middle-class couple who seemingly have it all – great jobs, a beautiful daughter, their dream home. But appearances can be deceiving. In reality, the Jordan’s marriage has become a war zone and their daughter is collateral damage. With the help of Miss Clara, an older, wiser woman, Elizabeth discovers she can start fighting for her family instead of against them. Through a newly energized faith, Elizabeth and Tony’s real enemy doesn’t have a prayer.",False,[18],3.3866,578,/unxQeVUi5DH01r7ZNvAHwpvX7UK.jpg,2015-08-28,7.846,/oCCvZEbqCCcALQtah8HJm9Ja4HT.jpg,War Room,en
2062,False,Ratatouille,False,"Remy, a rat, possesses a palate far more refined than that of his fellow comrades. He dreams of becoming a chef, one who creates rather than scavenges. When fate deposits him in the sewers beneath one of Paris’s most famous restaurants, he finds himself ideally placed to fulfill his dream. Forming an unusual alliance with a hapless young kitchen worker, Remy begins a daring culinary double life.  As Remy pursues his vision, he must navigate the suspicions of the calculating Head Chef Skinner, the disapproval of Remy’s own colony, and the foreboding presence of renowned food critic Anton Ego, who strikes fear in the hearts of chefs all throughout France.",False,"[16, 35, 10751, 14]",19.5022,18457,/t3vaWRPSf6WjDSamIkKDs1iQWna.jpg,2007-06-28,7.841,/xgDj56UWyeWQcxQ44f5A3RTWuSs.jpg,Ratatouille,en
698948,False,Thirteen Lives,False,"Based on the true nail-biting mission that captivated the world. Twelve boys and the coach of a Thai soccer team explore the Tham Luang cave when an unexpected rainstorm traps them in a chamber inside the mountain. Entombed behind a maze of flooded cave tunnels, they face impossible odds. A team of world-class divers navigate through miles of dangerous cave networks to discover that finding the boys is only the beginning.",False,"[18, 53, 36]",4.057,1494,/yi5KcJqFxy0D6yP8nCfcF8gJGg5.jpg,2022-07-18,7.84,/tHR34A5n0my4maACNdLpWGd6QYq.jpg,Thirteen Lives,en
546554,False,Knives Out,False,"When renowned crime novelist Harlan Thrombey is found dead at his estate just after his 85th birthday, the inquisitive and debonair Detective Benoit Blanc is mysteriously enlisted to investigate. From Harlan's dysfunctional family to his devoted staff, Blanc sifts through a web of red herrings and self-serving lies to uncover the truth behind Harlan's untimely death.",False,"[35, 80, 9648]",13.7018,14000,/pThyQovXQrw2m0s9x82twj48Jq4.jpg,2019-11-27,7.8,/4HWAQu28e2yaWrtupFPGFkdNU7V.jpg,Knives Out,en
47931,False,Elite Squad: The Enemy Within,False,"After a bloody invasion of the BOPE in the High-Security Penitentiary Bangu 1 in Rio de Janeiro to control a rebellion of interns, the Lieutenant-Colonel Roberto Nascimento and the second in command Captain André Matias are accused by the Human Right Aids member Diogo Fraga of execution of prisoners. Matias is transferred to the corrupted Military Police and Nascimento is exonerated from the BOPE by the Governor.",False,"[18, 28, 80]",3.7999,2041,/c7yCrf3PTSdp6RMGktZQhzFcFFM.jpg,2010-10-08,7.8,/tmowA51oykuOdiyqRCP0jGYU1mB.jpg,Tropa de Elite 2,pt
581,False,Dances with Wolves,False,"Wounded Civil War soldier John Dunbar tries to commit suicide—and becomes a hero instead. As a reward, he's assigned to his dream post, a remote junction on the Western frontier, and soon makes unlikely friends with the local Sioux tribe.",False,"[12, 18, 37]",7.6135,4679,/hw0ZEHAaTqTxSXGVwUFX7uvanSA.jpg,1990-11-09,7.84,/ywWva4trKw7f3wtbz81Fe3FnrtC.jpg,Dances with Wolves,en
152601,False,Her,False,"In the not so distant future, Theodore, a lonely writer, purchases a newly developed operating system designed to meet the user's every need. To Theodore's surprise, a romantic relationship develops between him and his operating system. This unconventional love story blends science fiction and romance in a sweet tale that explores the nature of love and the ways that technology isolates and connects us all.",False,"[10749, 878, 18]",10.2467,15290,/eCOtqtfvn7mxGl6nfmq4b1exJRc.jpg,2013-12-18,7.838,/nG5zmbVeYlcDhckrPAe06fArywn.jpg,Her,en
23160,False,Werckmeister Harmonies,False,A naive young man witnesses an escalation of violence in his small hometown following the arrival of a mysterious circus attraction.,False,[18],1.7765,380,/ix3pquGqTkCW86UbVTdRcrhGEFm.jpg,2001-02-01,7.8,/pyCUjcPHZrMY125lWpWAxEexe7C.jpg,Werckmeister harmóniák,hu
115,False,The Big Lebowski,False,"Jeffrey 'The Dude' Lebowski, a Los Angeles slacker who only wants to bowl and drink White Russians, is mistaken for another Jeffrey Lebowski, a wheelchair-bound millionaire, and finds himself dragged into a strange series of events involving nihilists, adult film producers, ferrets, errant toes, and large sums of money.",False,"[35, 80]",10.5762,12169,/3bv6WAp6BSxxYvB5ozKFUYuRA8C.jpg,1998-03-06,7.839,/hXsy4XCCHrUk81XoRhcooyWejao.jpg,The Big Lebowski,en
677638,False,We Bare Bears: The Movie,False,"When Grizz, Panda, and Ice Bear's love of food trucks and viral videos get out of hand, the brothers are now chased away from their home and embark on a trip to Canada, where they can live in peace.",False,"[16, 12, 10751, 35, 10770]",5.7079,850,/khtIr0Gxtz52T10RRQZ42o1a5Ry.jpg,2020-06-30,7.838,/pO1SnM5a1fEsYrFaVZW78Wb0zRJ.jpg,We Bare Bears: The Movie,en
52345,False,Lisbela and the Prisoner,False,"Lisbela is a young woman who loves going to the movies. Leléu is a con man, going from town to town selling all sort of things and performing as master of ceremonies for some cheesy numbers, such as the woman who gets transformed into a gorilla. He gets involved with Linaura, a sexy and beautiful woman who happens to be the wife of the most frightening hitman of the place. The hitman finds out his wife's affair and goes after Leléu, who has to leave in a hurry. In another town, he meets and falls instantly in love with Lisbela, who is engaged to Douglas, a hillbilly who tries hard to pass for a cosmopolitan Rio de Janeiro dweller.",False,"[35, 10749]",0.0955,407,/raCdo5Hjpd3uXbpSd1JZ7tEyE31.jpg,2003-08-22,7.828,/eAOOeqa14oCxgdKxLvpDYxCJhqQ.jpg,Lisbela e o Prisioneiro,pt
45523,False,Louis C.K.: Hilarious,False,"In this unique and dynamic live concert experience, Louis C.K.'s exploration of life after 40 destroys politically correct images of modern life with thoughts we have all had...but would rarely admit to.",False,"[35, 10770]",0.6916,305,/8mJMrrT4tkfZLMFvKQ0Hq6jlXbp.jpg,2010-01-26,7.828,/pm5YOQhaNaJILOLfcEVxRBNxGVX.jpg,Louis C.K.: Hilarious,en
31442,False,Ivan's Childhood,False,"In WW2, twelve year old Soviet orphan Ivan Bondarev works for the Soviet army as a scout behind the German lines and strikes a friendship with three sympathetic Soviet officers.",False,"[18, 10752]",2.5835,834,/vmRWSLP1DE9WTta0hfzIafJ0dID.jpg,1962-05-09,7.827,/jOulpNwtoJP5fF1LJX1ojw6BxBq.jpg,Иваново детство,ru
6075,False,Carlito's Way,False,"Free after years in prison, Carlito Brigante intends to give up his criminal ways, but it's not long before the ex-con is sucked back into the New York City underworld.",False,"[80, 18, 53]",5.2305,3465,/g6D7mjQtndu768cusGmoEQY9fTB.jpg,1993-11-10,7.827,/tqlCsB6AFjQ9dpAOHkd3sEdFS13.jpg,Carlito's Way,en
391,False,A Fistful of Dollars,False,"The Man With No Name enters the Mexican village of San Miguel in the midst of a power struggle among the three Rojo brothers and sheriff John Baxter. When a regiment of Mexican soldiers bearing gold intended to pay for new weapons is waylaid by the Rojo brothers, the stranger inserts himself into the middle of the long-simmering battle, selling false information to both sides for his own benefit.",False,[37],8.4554,4703,/lBwOEpwVeUAmrmglcstnaGcJq3Y.jpg,1964-09-12,7.826,/9gMkOYzk7P9QXwndhLRAC8cMZcJ.jpg,Per un pugno di dollari,it
430424,False,See You Up There,False,"In November 1918, a few days before the Armistice, when Lieutenant Pradelle orders a senseless attack, he causes a useless disaster; but his outrageous act also binds the lives of two soldiers who have nothing more in common than the battlefield: Édouard saves Albert, although at a high cost. They become companions in misfortune who will attempt to survive in a changing world. Pradelle, in his own way, does the same.",False,"[18, 80, 10752]",1.4089,1356,/pkO5YoznMR9neuHVzhxHK9JJpAj.jpg,2017-10-25,7.825,/vGZTyglSEzL7evznmyIAoubsKiM.jpg,Au revoir là-haut,fr
27064,False,Mishima: A Life in Four Chapters,False,"A fictional account of the life of Japanese author Yukio Mishima, combining dramatizations of three of his novels and a depiction of the events of November 25th, 1970.",False,[18],2.8599,346,/4kIXsE4SwUjO0eUqpolsHNO5GLH.jpg,1985-09-20,7.825,/2ErRbysPsXusEzerMh2y3Hc5TuF.jpg,Mishima: A Life in Four Chapters,ja
11697,False,The Man Who Shot Liberty Valance,False,"Questions arise when Senator Stoddard attends the funeral of a local man named Tom Doniphon in a small Western town. Flashing back, we learn Doniphon saved Stoddard, then a lawyer, when he was roughed up by a crew of outlaws terrorizing the town, led by Liberty Valance. As the territory's safety hung in the balance, Doniphon and Stoddard, two of the only people standing up to him, proved to be very important, but different, foes to Valance.",False,[37],3.0808,1280,/4C1R0LEivLjbv3swAzJfzh0tzXl.jpg,1962-04-13,7.825,/h1vBJ0uN4QCbBb5WVKxmtfTrHoY.jpg,The Man Who Shot Liberty Valance,en
1280,False,3-Iron,False,A drifter lives in people's houses while they are away and repays them by doing chores for them. His life changes when he meets a beautiful woman who wants to escape her unhappy marriage.,False,"[18, 10749, 80]",2.6712,1263,/mejeTOe8aGWyAAjaGj7Mi66Vtfc.jpg,2004-10-15,7.825,/nqY8yuxLU4K9cSCQpsW4PGyotlN.jpg,빈집,ko
